pair,ts,net_frac,exit_type,mfe_frac,tp_frac,tsp,fold
NEARUSDT,2026-08-12 13:00:00+00:00,0.0005000000000000001,BE_STOP,0.0032661948829613933,0.006,2026-08-12 13:00:00+00:00,f1
SOLUSDT,2026-08-12 13:18:00+00:00,0.0005000000000000001,BE_STOP,0.003407088310162651,0.006,2026-08-12 13:18:00+00:00,f1
BTCUSDT,2026-08-12 13:33:00+00:00,0.0005000000000000001,BE_STOP,0.0030804732656138562,0.006,2026-08-12 13:33:00+00:00,f1
BTCUSDT,2026-08-12 13:43:00+00:00,0.0005000000000000001,BE_STOP,0.0035168341312421135,0.006,2026-08-12 13:43:00+00:00,f1
BTCUSDT,2026-08-12 13:45:00+00:00,0.0005000000000000001,BE_STOP,0.003695680673213227,0.006,2026-08-12 13:45:00+00:00,f1
ETHUSDT,2026-08-12 13:47:00+00:00,0.0005000000000000001,BE_STOP,0.003653997378768035,0.006,2026-08-12 13:47:00+00:00,f1
NEARUSDT,2026-08-12 13:56:00+00:00,0.004600000000000001,TP,0.007027747485762786,0.006,2026-08-12 13:56:00+00:00,f1
BTCUSDT,2026-08-12 14:02:00+00:00,0.004600000000000001,TP,0.0064114979008396645,0.006,2026-08-12 14:02:00+00:00,f1
BTCUSDT,2026-08-12 14:03:00+00:00,0.004600000000000001,TP,0.006119447999537425,0.006,2026-08-12 14:03:00+00:00,f1
BTCUSDT,2026-08-12 14:03:00+00:00,0.004600000000000001,TP,0.006141191141058317,0.006,2026-08-12 14:03:00+00:00,f1
SOLUSDT,2026-08-12 14:03:00+00:00,0.004600000000000001,TP,0.006058062993365022,0.006,2026-08-12 14:03:00+00:00,f1
BTCUSDT,2026-08-12 14:11:00+00:00,0.0005000000000000001,BE_STOP,0.005090424275048829,0.006,2026-08-12 14:11:00+00:00,f1
NEARUSDT,2026-08-12 14:31:00+00:00,0.004600000000000001,TP,0.0073398984647379106,0.006,2026-08-12 14:31:00+00:00,f1
SOLUSDT,2026-08-12 14:32:00+00:00,0.0005000000000000001,BE_STOP,0.003072540978202156,0.006,2026-08-12 14:32:00+00:00,f1
NEARUSDT,2026-08-12 14:35:00+00:00,-0.0264,MAE_KILL,0.0027203482045702883,0.006,2026-08-12 14:35:00+00:00,f1
NEARUSDT,2026-08-12 14:35:00+00:00,-0.0264,MAE_KILL,0.0,0.006,2026-08-12 14:35:00+00:00,f1
BTCUSDT,2026-08-12 14:59:00+00:00,0.004600000000000001,TP,0.006195539964292124,0.006,2026-08-12 14:59:00+00:00,f1
ETHUSDT,2026-08-12 15:02:00+00:00,0.0005000000000000001,BE_STOP,0.0032656388108204563,0.006,2026-08-12 15:02:00+00:00,f1
BTCUSDT,2026-08-12 15:18:00+00:00,0.0005000000000000001,BE_STOP,0.005422004853087243,0.006,2026-08-12 15:18:00+00:00,f1
BTCUSDT,2026-08-12 15:18:00+00:00,0.0005000000000000001,BE_STOP,0.0053610412144777745,0.006,2026-08-12 15:18:00+00:00,f1
BTCUSDT,2026-08-12 15:18:00+00:00,0.0005000000000000001,BE_STOP,0.005225018469905866,0.006,2026-08-12 15:18:00+00:00,f1
BTCUSDT,2026-08-12 15:43:00+00:00,0.0005000000000000001,BE_STOP,0.005756390315941642,0.006,2026-08-12 15:43:00+00:00,f1
NEARUSDT,2026-08-12 17:21:00+00:00,0.0005000000000000001,BE_STOP,0.003052689419378543,0.006,2026-08-12 17:21:00+00:00,f1
ETHUSDT,2026-08-12 20:27:00+00:00,0.0005000000000000001,BE_STOP,0.005381132635641702,0.006,2026-08-12 20:27:00+00:00,f1
ETHUSDT,2026-08-12 20:29:00+00:00,0.0005000000000000001,BE_STOP,0.005781725296505571,0.006,2026-08-12 20:29:00+00:00,f1
BTCUSDT,2026-08-12 20:38:00+00:00,0.0005000000000000001,BE_STOP,0.005840732432245664,0.006,2026-08-12 20:38:00+00:00,f1
ETHUSDT,2026-08-12 21:06:00+00:00,0.0005000000000000001,BE_STOP,0.003053475651850672,0.006,2026-08-12 21:06:00+00:00,f1
NEARUSDT,2026-08-12 21:59:00+00:00,0.004600000000000001,TP,0.008363569276182311,0.006,2026-08-12 21:59:00+00:00,f1
SOLUSDT,2026-08-13 04:22:00+00:00,0.0005000000000000001,BE_STOP,0.004555748670142777,0.006,2026-08-13 04:22:00+00:00,f1
ETHUSDT,2026-08-13 05:06:00+00:00,0.004600000000000001,TP,0.00749640310686628,0.006,2026-08-13 05:06:00+00:00,f1
BTCUSDT,2026-08-13 05:15:00+00:00,0.004600000000000001,TP,0.007321255099293538,0.006,2026-08-13 05:15:00+00:00,f1
BTCUSDT,2026-08-13 05:15:00+00:00,0.004600000000000001,TP,0.007378353994089106,0.006,2026-08-13 05:15:00+00:00,f1
ETHUSDT,2026-08-13 05:22:00+00:00,0.0005000000000000001,BE_STOP,0.003365064607127329,0.006,2026-08-13 05:22:00+00:00,f1
NEARUSDT,2026-08-13 08:48:00+00:00,0.0005000000000000001,BE_STOP,0.003481810541481587,0.006,2026-08-13 08:48:00+00:00,f1
NEARUSDT,2026-08-13 09:09:00+00:00,0.004600000000000001,TP,0.006370958047842255,0.006,2026-08-13 09:09:00+00:00,f1
NEARUSDT,2026-08-13 09:14:00+00:00,0.004600000000000001,TP,0.006494677972217297,0.006,2026-08-13 09:14:00+00:00,f1
ETHUSDT,2026-08-13 11:45:00+00:00,0.0005000000000000001,BE_STOP,0.004116690924157273,0.006,2026-08-13 11:45:00+00:00,f1
BTCUSDT,2026-08-13 11:47:00+00:00,0.0005000000000000001,BE_STOP,0.004037325205208372,0.006,2026-08-13 11:47:00+00:00,f1
NEARUSDT,2026-08-13 11:51:00+00:00,0.004600000000000001,TP,0.006876168647083573,0.006,2026-08-13 11:51:00+00:00,f1
ETHUSDT,2026-08-13 12:07:00+00:00,0.0005000000000000001,BE_STOP,0.0053266273005565185,0.006,2026-08-13 12:07:00+00:00,f1
BTCUSDT,2026-08-13 12:31:00+00:00,0.0005000000000000001,BE_STOP,0.003509540529125946,0.006,2026-08-13 12:31:00+00:00,f1
ETHUSDT,2026-08-13 12:32:00+00:00,0.0005000000000000001,BE_STOP,0.005240114271730466,0.006,2026-08-13 12:32:00+00:00,f1
NEARUSDT,2026-08-13 13:11:00+00:00,0.0005000000000000001,BE_STOP,0.00314275353559765,0.006,2026-08-13 13:11:00+00:00,f1
BTCUSDT,2026-08-13 13:15:00+00:00,0.0005000000000000001,BE_STOP,0.003031508505677049,0.006,2026-08-13 13:15:00+00:00,f1
ETHUSDT,2026-08-13 14:50:00+00:00,0.0005000000000000001,BE_STOP,0.0034437702671964846,0.006,2026-08-13 14:50:00+00:00,f1
BTCUSDT,2026-08-13 14:59:00+00:00,0.0005000000000000001,BE_STOP,0.0037719329901355707,0.006,2026-08-13 14:59:00+00:00,f1
NEARUSDT,2026-08-13 14:59:00+00:00,0.0005000000000000001,BE_STOP,0.0034994569808133387,0.006,2026-08-13 14:59:00+00:00,f1
NEARUSDT,2026-08-13 15:47:00+00:00,0.004600000000000001,TP,0.0064578429597440595,0.006,2026-08-13 15:47:00+00:00,f1
NEARUSDT,2026-08-13 15:47:00+00:00,0.004600000000000001,TP,0.0065178032589015816,0.006,2026-08-13 15:47:00+00:00,f1
NEARUSDT,2026-08-13 15:56:00+00:00,0.0005000000000000001,BE_STOP,0.0036443148688046676,0.006,2026-08-13 15:56:00+00:00,f1
NEARUSDT,2026-08-13 15:59:00+00:00,0.004600000000000001,TP,0.007032860434097281,0.006,2026-08-13 15:59:00+00:00,f1
BTCUSDT,2026-08-13 16:37:00+00:00,0.004600000000000001,TP,0.006449727936464031,0.006,2026-08-13 16:37:00+00:00,f1
BTCUSDT,2026-08-13 16:39:00+00:00,0.004600000000000001,TP,0.006829811006175849,0.006,2026-08-13 16:39:00+00:00,f1
BTCUSDT,2026-08-13 16:39:00+00:00,0.004600000000000001,TP,0.006023127294750014,0.006,2026-08-13 16:39:00+00:00,f1
BTCUSDT,2026-08-13 16:39:00+00:00,0.004600000000000001,TP,0.006211209506509257,0.006,2026-08-13 16:39:00+00:00,f1
BTCUSDT,2026-08-13 16:40:00+00:00,0.004600000000000001,TP,0.006974609393483494,0.006,2026-08-13 16:40:00+00:00,f1
NEARUSDT,2026-08-13 16:42:00+00:00,0.004600000000000001,TP,0.006844710627635579,0.006,2026-08-13 16:42:00+00:00,f1
XRPUSDT,2026-08-13 19:04:00+00:00,0.0005000000000000001,BE_STOP,0.0039749577660737395,0.006,2026-08-13 19:04:00+00:00,f1
BTCUSDT,2026-08-13 19:14:00+00:00,0.0005000000000000001,BE_STOP,0.003292186270761807,0.006,2026-08-13 19:14:00+00:00,f1
BTCUSDT,2026-08-14 07:03:00+00:00,0.0005000000000000001,BE_STOP,0.0030629885450884097,0.006,2026-08-14 07:03:00+00:00,f1
BTCUSDT,2026-08-14 08:47:00+00:00,0.0005000000000000001,BE_STOP,0.004678039415578515,0.006,2026-08-14 08:47:00+00:00,f1
BTCUSDT,2026-08-14 08:51:00+00:00,0.0005000000000000001,BE_STOP,0.005167753598461078,0.006,2026-08-14 08:51:00+00:00,f1
BTCUSDT,2026-08-14 08:53:00+00:00,0.0005000000000000001,BE_STOP,0.005341407332295497,0.006,2026-08-14 08:53:00+00:00,f1
BTCUSDT,2026-08-14 13:47:00+00:00,-0.02154785408396109,MAX_AGE,0.0009065049545184583,0.006,2026-08-14 13:47:00+00:00,f1
BTCUSDT,2026-08-14 16:00:00+00:00,0.0005000000000000001,BE_STOP,0.00335181844502345,0.006,2026-08-14 16:00:00+00:00,f1
ETHUSDT,2026-08-14 16:06:00+00:00,0.0005000000000000001,BE_STOP,0.004430771199453989,0.006,2026-08-14 16:06:00+00:00,f1
ETHUSDT,2026-08-14 16:47:00+00:00,0.0005000000000000001,BE_STOP,0.0035566944538959117,0.006,2026-08-14 16:47:00+00:00,f1
BTCUSDT,2026-08-14 17:56:00+00:00,0.0005000000000000001,BE_STOP,0.005037907511712483,0.006,2026-08-14 17:56:00+00:00,f1
SOLUSDT,2026-08-14 18:14:00+00:00,0.004600000000000001,TP,0.007669483667576146,0.006,2026-08-14 18:14:00+00:00,f1
ETHUSDT,2026-08-14 18:39:00+00:00,0.0005000000000000001,BE_STOP,0.003128691376943518,0.006,2026-08-14 18:39:00+00:00,f1
BTCUSDT,2026-08-14 19:28:00+00:00,0.0005000000000000001,BE_STOP,0.0031746031746031746,0.006,2026-08-14 19:28:00+00:00,f1
ETHUSDT,2026-08-15 05:07:00+00:00,-0.008436945280502726,MAX_AGE,0.0011701886533868526,0.006,2026-08-15 05:07:00+00:00,f1
BTCUSDT,2026-08-15 05:18:00+00:00,-0.013430863617867047,MAX_AGE,0.0012567690236955412,0.006,2026-08-15 05:18:00+00:00,f1
ETHUSDT,2026-08-15 05:40:00+00:00,0.0005000000000000001,BE_STOP,0.00468858223666682,0.006,2026-08-15 05:40:00+00:00,f1
BTCUSDT,2026-08-15 06:15:00+00:00,0.0005000000000000001,BE_STOP,0.0042238765871331066,0.006,2026-08-15 06:15:00+00:00,f1
SOLUSDT,2026-08-15 06:50:00+00:00,0.0005000000000000001,BE_STOP,0.003562536419981873,0.006,2026-08-15 06:50:00+00:00,f1
ETHUSDT,2026-08-15 16:42:00+00:00,-0.011725591374778738,MAX_AGE,0.00064367322855766,0.006,2026-08-15 16:42:00+00:00,f1
ETHUSDT,2026-08-15 19:14:00+00:00,-0.004091262403382052,MAX_AGE,0.0026012004725602922,0.006,2026-08-15 19:14:00+00:00,f1
SOLUSDT,2026-08-16 00:28:00+00:00,0.0005000000000000001,BE_STOP,0.003695119528507998,0.006,2026-08-16 00:28:00+00:00,f1
ETHUSDT,2026-08-16 13:47:00+00:00,-0.007918842022446564,MAX_AGE,0.0026920997843108774,0.006,2026-08-16 13:47:00+00:00,f1
ETHUSDT,2026-08-16 17:11:00+00:00,0.0005000000000000001,BE_STOP,0.004135082913986009,0.006,2026-08-16 17:11:00+00:00,f1
ETHUSDT,2026-08-16 17:35:00+00:00,0.0005000000000000001,BE_STOP,0.005261004267259065,0.006,2026-08-16 17:35:00+00:00,f1
ETHUSDT,2026-08-16 17:56:00+00:00,-0.005801295877914654,MAX_AGE,0.0021899910482118417,0.006,2026-08-16 17:56:00+00:00,f1
ETHUSDT,2026-08-16 18:04:00+00:00,0.0005000000000000001,BE_STOP,0.00588107050371963,0.006,2026-08-16 18:04:00+00:00,f1
NEARUSDT,2026-08-16 20:52:00+00:00,0.004600000000000001,TP,0.008261382694577359,0.006,2026-08-16 20:52:00+00:00,f1
BTCUSDT,2026-08-16 21:40:00+00:00,0.004600000000000001,TP,0.007846928716214521,0.006,2026-08-16 21:40:00+00:00,f1
BTCUSDT,2026-08-16 21:40:00+00:00,0.004600000000000001,TP,0.006915077275909343,0.006,2026-08-16 21:40:00+00:00,f1
ETHUSDT,2026-08-16 21:40:00+00:00,0.004600000000000001,TP,0.008254635601632854,0.006,2026-08-16 21:40:00+00:00,f1
BTCUSDT,2026-08-16 21:47:00+00:00,0.0005000000000000001,BE_STOP,0.004940320985969292,0.006,2026-08-16 21:47:00+00:00,f1
BTCUSDT,2026-08-16 21:50:00+00:00,0.0005000000000000001,BE_STOP,0.005323908091198078,0.006,2026-08-16 21:50:00+00:00,f1
BTCUSDT,2026-08-16 21:50:00+00:00,0.0005000000000000001,BE_STOP,0.005439084317703342,0.006,2026-08-16 21:50:00+00:00,f1
BTCUSDT,2026-08-16 21:50:00+00:00,0.0005000000000000001,BE_STOP,0.005304972459831875,0.006,2026-08-16 21:50:00+00:00,f1
BTCUSDT,2026-08-16 21:51:00+00:00,0.0005000000000000001,BE_STOP,0.005820710694346864,0.006,2026-08-16 21:51:00+00:00,f1
SOLUSDT,2026-08-16 22:05:00+00:00,0.0005000000000000001,BE_STOP,0.004310923692621712,0.006,2026-08-16 22:05:00+00:00,f1
SOLUSDT,2026-08-16 22:05:00+00:00,0.0005000000000000001,BE_STOP,0.00408355161528629,0.006,2026-08-16 22:05:00+00:00,f1
BTCUSDT,2026-08-16 22:49:00+00:00,0.0005000000000000001,BE_STOP,0.0030842841486246617,0.006,2026-08-16 22:49:00+00:00,f1
BTCUSDT,2026-08-16 22:51:00+00:00,0.0005000000000000001,BE_STOP,0.0037007598639239962,0.006,2026-08-16 22:51:00+00:00,f1
BTCUSDT,2026-08-16 22:53:00+00:00,0.0005000000000000001,BE_STOP,0.0037530222081632735,0.006,2026-08-16 22:53:00+00:00,f1
BTCUSDT,2026-08-16 22:57:00+00:00,0.0005000000000000001,BE_STOP,0.004109210287962617,0.006,2026-08-16 22:57:00+00:00,f1
XRPUSDT,2026-08-16 22:59:00+00:00,0.0005000000000000001,BE_STOP,0.0037197144867799703,0.006,2026-08-16 22:59:00+00:00,f1
ETHUSDT,2026-08-17 01:01:00+00:00,0.004600000000000001,TP,0.008107516666043998,0.006,2026-08-17 01:01:00+00:00,f1
ETHUSDT,2026-08-17 01:01:00+00:00,0.004600000000000001,TP,0.00832278970942302,0.006,2026-08-17 01:01:00+00:00,f1
ETHUSDT,2026-08-17 01:01:00+00:00,0.004600000000000001,TP,0.008085994417194663,0.006,2026-08-17 01:01:00+00:00,f1
ETHUSDT,2026-08-17 01:01:00+00:00,0.004600000000000001,TP,0.0074085136569469355,0.006,2026-08-17 01:01:00+00:00,f1
BTCUSDT,2026-08-17 01:15:00+00:00,0.0005000000000000001,BE_STOP,0.004014309120872636,0.006,2026-08-17 01:15:00+00:00,f1
ETHUSDT,2026-08-17 01:37:00+00:00,0.0005000000000000001,BE_STOP,0.0033703168732772066,0.006,2026-08-17 01:37:00+00:00,f1
BTCUSDT,2026-08-17 01:54:00+00:00,0.0005000000000000001,BE_STOP,0.003216577035195051,0.006,2026-08-17 01:54:00+00:00,f1
BTCUSDT,2026-08-17 02:52:00+00:00,0.004600000000000001,TP,0.0060164234242380005,0.006,2026-08-17 02:52:00+00:00,f1
BTCUSDT,2026-08-17 02:53:00+00:00,0.004600000000000001,TP,0.006536973617453115,0.006,2026-08-17 02:53:00+00:00,f1
BTCUSDT,2026-08-17 02:53:00+00:00,0.004600000000000001,TP,0.006329555361813472,0.006,2026-08-17 02:53:00+00:00,f1
BTCUSDT,2026-08-17 05:28:00+00:00,0.0005000000000000001,BE_STOP,0.0030156510871177343,0.006,2026-08-17 05:28:00+00:00,f1
SOLUSDT,2026-08-17 06:45:00+00:00,0.004600000000000001,TP,0.006559601900022742,0.006,2026-08-17 06:45:00+00:00,f1
NEARUSDT,2026-08-17 06:46:00+00:00,0.004600000000000001,TP,0.00706670727992693,0.006,2026-08-17 06:46:00+00:00,f1
ETHUSDT,2026-08-17 07:01:00+00:00,0.0005000000000000001,BE_STOP,0.005195296889131881,0.006,2026-08-17 07:01:00+00:00,f1
BTCUSDT,2026-08-17 07:17:00+00:00,0.0005000000000000001,BE_STOP,0.004462053617197032,0.006,2026-08-17 07:17:00+00:00,f1
BTCUSDT,2026-08-17 09:15:00+00:00,0.0005000000000000001,BE_STOP,0.003092343615428247,0.006,2026-08-17 09:15:00+00:00,f1
BTCUSDT,2026-08-17 13:02:00+00:00,0.0005000000000000001,BE_STOP,0.005775431777022045,0.006,2026-08-17 13:02:00+00:00,f1
BTCUSDT,2026-08-17 15:28:00+00:00,0.004600000000000001,TP,0.006925373134328404,0.006,2026-08-17 15:28:00+00:00,f1
SOLUSDT,2026-08-17 16:20:00+00:00,0.0005000000000000001,BE_STOP,0.004972761927373871,0.006,2026-08-17 16:20:00+00:00,f1
BTCUSDT,2026-08-17 17:23:00+00:00,0.004600000000000001,TP,0.0060347682636488495,0.006,2026-08-17 17:23:00+00:00,f1
SOLUSDT,2026-08-17 17:39:00+00:00,0.0005000000000000001,BE_STOP,0.003726577211256123,0.006,2026-08-17 17:39:00+00:00,f1
NEARUSDT,2026-08-17 17:46:00+00:00,-0.0264,MAE_KILL,0.0015732784702892021,0.006,2026-08-17 17:46:00+00:00,f1
BTCUSDT,2026-08-17 18:23:00+00:00,0.004600000000000001,TP,0.00610585454698414,0.006,2026-08-17 18:23:00+00:00,f1
BTCUSDT,2026-08-17 18:29:00+00:00,0.0005000000000000001,BE_STOP,0.0036398788986490654,0.006,2026-08-17 18:29:00+00:00,f1
BTCUSDT,2026-08-17 19:01:00+00:00,0.0005000000000000001,BE_STOP,0.005364893729644207,0.006,2026-08-17 19:01:00+00:00,f1
ETHUSDT,2026-08-18 02:30:00+00:00,0.004600000000000001,TP,0.006108815571449475,0.006,2026-08-18 02:30:00+00:00,f1
NEARUSDT,2026-08-18 02:49:00+00:00,0.0005000000000000001,BE_STOP,0.004174083849978465,0.006,2026-08-18 02:49:00+00:00,f1
ETHUSDT,2026-08-18 03:36:00+00:00,0.0005000000000000001,BE_STOP,0.0034153330478411165,0.006,2026-08-18 03:36:00+00:00,f1
NEARUSDT,2026-08-18 06:30:00+00:00,-0.0264,MAE_KILL,0.0,0.006,2026-08-18 06:30:00+00:00,f1
BTCUSDT,2026-08-18 14:26:00+00:00,0.004600000000000001,TP,0.006533959989386753,0.006,2026-08-18 14:26:00+00:00,f1
ETHUSDT,2026-08-18 14:26:00+00:00,0.004600000000000001,TP,0.006323719736108325,0.006,2026-08-18 14:26:00+00:00,f1
BTCUSDT,2026-08-18 14:27:00+00:00,0.004600000000000001,TP,0.0065240310077519835,0.006,2026-08-18 14:27:00+00:00,f1
BTCUSDT,2026-08-18 22:01:00+00:00,-0.028554714242977803,MAX_AGE,0.002711493294464376,0.006,2026-08-18 22:01:00+00:00,f1
BTCUSDT,2026-08-18 22:05:00+00:00,-0.028503875914720034,MAX_AGE,0.002767033005500675,0.006,2026-08-18 22:05:00+00:00,f1
BTCUSDT,2026-08-18 22:07:00+00:00,-0.028417050923664595,MAX_AGE,0.002859056622685737,0.006,2026-08-18 22:07:00+00:00,f1
ETHUSDT,2026-08-19 00:03:00+00:00,0.0005000000000000001,BE_STOP,0.003880976416007116,0.006,2026-08-19 00:03:00+00:00,f1
ETHUSDT,2026-08-19 00:03:00+00:00,0.0005000000000000001,BE_STOP,0.003980750117696239,0.006,2026-08-19 00:03:00+00:00,f1
ETHUSDT,2026-08-19 02:26:00+00:00,0.0005000000000000001,BE_STOP,0.0036277338686070623,0.006,2026-08-19 02:26:00+00:00,f1
BTCUSDT,2026-08-19 05:53:00+00:00,0.004600000000000001,TP,0.006165962648346717,0.006,2026-08-19 05:53:00+00:00,f1
BTCUSDT,2026-08-19 06:09:00+00:00,0.004600000000000001,TP,0.0062004048927901964,0.006,2026-08-19 06:09:00+00:00,f1
NEARUSDT,2026-08-19 06:48:00+00:00,0.004600000000000001,TP,0.006617968408566002,0.006,2026-08-19 06:48:00+00:00,f1
NEARUSDT,2026-08-19 06:56:00+00:00,0.004600000000000001,TP,0.008259330559522987,0.006,2026-08-19 06:56:00+00:00,f1
BTCUSDT,2026-08-19 12:38:00+00:00,0.004600000000000001,TP,0.006649043694604238,0.006,2026-08-19 12:38:00+00:00,f1
BTCUSDT,2026-08-19 12:41:00+00:00,0.004600000000000001,TP,0.006006519232980212,0.006,2026-08-19 12:41:00+00:00,f1
ETHUSDT,2026-08-19 12:47:00+00:00,0.004600000000000001,TP,0.006199666651089525,0.006,2026-08-19 12:47:00+00:00,f1
BTCUSDT,2026-08-19 13:03:00+00:00,-0.0214630918801097,MAX_AGE,0.0013292448031094592,0.006,2026-08-19 13:03:00+00:00,f1
XRPUSDT,2026-08-19 13:20:00+00:00,0.004600000000000001,TP,0.006233303650934968,0.006,2026-08-19 13:20:00+00:00,f1
BTCUSDT,2026-08-19 13:31:00+00:00,0.004600000000000001,TP,0.006000777878613939,0.006,2026-08-19 13:31:00+00:00,f1
BTCUSDT,2026-08-19 13:31:00+00:00,0.004600000000000001,TP,0.006535180644005677,0.006,2026-08-19 13:31:00+00:00,f1
BTCUSDT,2026-08-19 13:34:00+00:00,0.0005000000000000001,BE_STOP,0.003578247213155162,0.006,2026-08-19 13:34:00+00:00,f1
NEARUSDT,2026-08-19 13:44:00+00:00,0.0005000000000000001,BE_STOP,0.003150092649783882,0.006,2026-08-19 13:44:00+00:00,f1
BTCUSDT,2026-08-19 14:10:00+00:00,0.004600000000000001,TP,0.006532004358773901,0.006,2026-08-19 14:10:00+00:00,f1
NEARUSDT,2026-08-19 14:14:00+00:00,0.0005000000000000001,BE_STOP,0.003695719125346477,0.006,2026-08-19 14:14:00+00:00,f1
BTCUSDT,2026-08-19 14:17:00+00:00,0.004600000000000001,TP,0.006228354545622313,0.006,2026-08-19 14:17:00+00:00,f1
SOLUSDT,2026-08-19 14:44:00+00:00,0.004600000000000001,TP,0.006392705693583039,0.006,2026-08-19 14:44:00+00:00,f1
NEARUSDT,2026-08-19 14:47:00+00:00,0.0005000000000000001,BE_STOP,0.0031974420463628302,0.006,2026-08-19 14:47:00+00:00,f1
XRPUSDT,2026-08-19 14:52:00+00:00,0.004600000000000001,TP,0.006181318681318653,0.006,2026-08-19 14:52:00+00:00,f1
XRPUSDT,2026-08-19 14:54:00+00:00,0.004600000000000001,TP,0.007929515418502198,0.006,2026-08-19 14:54:00+00:00,f1
XRPUSDT,2026-08-19 14:54:00+00:00,0.004600000000000001,TP,0.007929515418502198,0.006,2026-08-19 14:54:00+00:00,f1
BTCUSDT,2026-08-19 14:55:00+00:00,0.004600000000000001,TP,0.00902632896124517,0.006,2026-08-19 14:55:00+00:00,f1
NEARUSDT,2026-08-19 14:55:00+00:00,0.004600000000000001,TP,0.006694098139163489,0.006,2026-08-19 14:55:00+00:00,f1
NEARUSDT,2026-08-19 15:00:00+00:00,0.004600000000000001,TP,0.006746810598626042,0.006,2026-08-19 15:00:00+00:00,f1
NEARUSDT,2026-08-19 15:02:00+00:00,0.0005000000000000001,BE_STOP,0.003975778335066334,0.006,2026-08-19 15:02:00+00:00,f1
ETHUSDT,2026-08-19 15:04:00+00:00,0.004600000000000001,TP,0.006776104728068946,0.006,2026-08-19 15:04:00+00:00,f1
BTCUSDT,2026-08-19 15:05:00+00:00,0.004600000000000001,TP,0.008067712295630684,0.006,2026-08-19 15:05:00+00:00,f1
BTCUSDT,2026-08-19 15:05:00+00:00,0.004600000000000001,TP,0.0077264737223994885,0.006,2026-08-19 15:05:00+00:00,f1
SOLUSDT,2026-08-19 15:05:00+00:00,0.004879527976102221,TP,0.0068466063572099715,0.00627952797610222,2026-08-19 15:05:00+00:00,f1
BTCUSDT,2026-08-19 15:14:00+00:00,-0.0414,MAE_KILL,0.0014835013126880475,0.006,2026-08-19 15:14:00+00:00,f1
BTCUSDT,2026-08-19 15:14:00+00:00,-0.0414,MAE_KILL,0.0002524851080542296,0.006,2026-08-19 15:14:00+00:00,f1
ETHUSDT,2026-08-19 15:18:00+00:00,0.0005000000000000001,BE_STOP,0.0035505430242271712,0.007012997345972673,2026-08-19 15:18:00+00:00,f1
BTCUSDT,2026-08-19 15:22:00+00:00,0.004600000000000001,TP,0.006821605012652039,0.006,2026-08-19 15:22:00+00:00,f1
BTCUSDT,2026-08-19 15:23:00+00:00,0.004600000000000001,TP,0.00744024776747433,0.006,2026-08-19 15:23:00+00:00,f1
ETHUSDT,2026-08-19 15:23:00+00:00,0.005121412963327725,TP,0.007655435707779431,0.006521412963327725,2026-08-19 15:23:00+00:00,f1
NEARUSDT,2026-08-19 15:23:00+00:00,0.004600000000000001,TP,0.00864535768645357,0.006,2026-08-19 15:23:00+00:00,f1
ETHUSDT,2026-08-19 15:24:00+00:00,0.005419711528242839,TP,0.00872372714919118,0.006819711528242838,2026-08-19 15:24:00+00:00,f1
NEARUSDT,2026-08-19 15:26:00+00:00,-0.0264,MAE_KILL,0.0025341492057605495,0.006,2026-08-19 15:26:00+00:00,f1
BTCUSDT,2026-08-19 15:26:00+00:00,0.004600000000000001,TP,0.0066337042228972725,0.006,2026-08-19 15:26:00+00:00,f1
BTCUSDT,2026-08-19 15:35:00+00:00,0.00977212520505511,TP,0.012317333006524806,0.01117212520505511,2026-08-19 15:35:00+00:00,f1
NEARUSDT,2026-08-19 15:40:00+00:00,0.006009111434876377,TP,0.007455120176537219,0.007409111434876377,2026-08-19 15:40:00+00:00,f1
NEARUSDT,2026-08-19 15:43:00+00:00,0.0005000000000000001,BE_STOP,0.005990865413132451,0.007334785150788448,2026-08-19 15:43:00+00:00,f1
BTCUSDT,2026-08-19 15:54:00+00:00,0.0005000000000000001,BE_STOP,0.009049375692778637,0.013106136835675991,2026-08-19 15:54:00+00:00,f1
XRPUSDT,2026-08-19 16:00:00+00:00,0.0005000000000000001,BE_STOP,0.005152707513584468,0.006,2026-08-19 16:00:00+00:00,f1
ETHUSDT,2026-08-19 16:01:00+00:00,0.004600000000000001,TP,0.006033551731586226,0.006,2026-08-19 16:01:00+00:00,f1
BTCUSDT,2026-08-19 16:05:00+00:00,0.0047900307363356815,TP,0.007922123479887746,0.006190030736335681,2026-08-19 16:05:00+00:00,f1
BTCUSDT,2026-08-19 16:05:00+00:00,0.004600000000000001,TP,0.007546590884185764,0.006,2026-08-19 16:05:00+00:00,f1
BTCUSDT,2026-08-19 16:09:00+00:00,0.0005000000000000001,BE_STOP,0.004938858131336525,0.006,2026-08-19 16:09:00+00:00,f1
BTCUSDT,2026-08-19 16:11:00+00:00,0.0005000000000000001,BE_STOP,0.006283617939685526,0.007037185125949582,2026-08-19 16:11:00+00:00,f1
ETHUSDT,2026-08-19 16:23:00+00:00,0.0005000000000000001,BE_STOP,0.003575047316802731,0.006,2026-08-19 16:23:00+00:00,f1
BTCUSDT,2026-08-19 16:39:00+00:00,0.0005000000000000001,BE_STOP,0.004388560301529595,0.006,2026-08-19 16:39:00+00:00,f1
ETHUSDT,2026-08-19 16:47:00+00:00,0.0005000000000000001,BE_STOP,0.010704419889502841,0.01102451109357185,2026-08-19 16:47:00+00:00,f1
NEARUSDT,2026-08-19 16:58:00+00:00,0.0005000000000000001,BE_STOP,0.0036255572065378864,0.006,2026-08-19 16:58:00+00:00,f1
SOLUSDT,2026-08-19 17:03:00+00:00,0.004600000000000001,TP,0.006193803752931866,0.006,2026-08-19 17:03:00+00:00,f1
BTCUSDT,2026-08-19 17:08:00+00:00,0.004600000000000001,TP,0.0062924609963598,0.006,2026-08-19 17:08:00+00:00,f1
BTCUSDT,2026-08-19 17:19:00+00:00,0.004600000000000001,TP,0.006422696743495467,0.006,2026-08-19 17:19:00+00:00,f1
BTCUSDT,2026-08-19 17:19:00+00:00,0.004600000000000001,TP,0.006496742130773688,0.006,2026-08-19 17:19:00+00:00,f1
BTCUSDT,2026-08-19 17:28:00+00:00,0.004600000000000001,TP,0.006731432538479324,0.006,2026-08-19 17:28:00+00:00,f1
BTCUSDT,2026-08-19 17:30:00+00:00,0.0005000000000000001,BE_STOP,0.0030943323004192416,0.006,2026-08-19 17:30:00+00:00,f1
NEARUSDT,2026-08-19 17:48:00+00:00,-0.0264,MAE_KILL,0.001866795134288873,0.006,2026-08-19 17:48:00+00:00,f1
SOLUSDT,2026-08-19 18:48:00+00:00,0.0005000000000000001,BE_STOP,0.0032441398151084877,0.006,2026-08-19 18:48:00+00:00,f1
ETHUSDT,2026-08-19 19:13:00+00:00,0.004600000000000001,TP,0.006722656885935073,0.006,2026-08-19 19:13:00+00:00,f1
BTCUSDT,2026-08-19 19:15:00+00:00,0.0005000000000000001,BE_STOP,0.0040934780184632,0.006,2026-08-19 19:15:00+00:00,f1
ETHUSDT,2026-08-19 20:07:00+00:00,0.004600000000000001,TP,0.008924406705442221,0.006,2026-08-19 20:07:00+00:00,f1
XRPUSDT,2026-08-19 20:15:00+00:00,0.004600000000000001,TP,0.007209737827715393,0.006,2026-08-19 20:15:00+00:00,f1
SOLUSDT,2026-08-19 20:50:00+00:00,0.0073632062052447775,TP,0.014358138912866369,0.008763206205244777,2026-08-19 20:50:00+00:00,f1
ETHUSDT,2026-08-19 20:50:00+00:00,-0.0414,MAE_KILL,0.001976856316296967,0.006,2026-08-19 20:50:00+00:00,f1
NEARUSDT,2026-08-19 20:50:00+00:00,-0.0264,MAE_KILL,0.00011949572802770985,0.006,2026-08-19 20:50:00+00:00,f1
SOLUSDT,2026-08-19 20:50:00+00:00,0.004600000000000001,TP,0.013877412142127982,0.006,2026-08-19 20:50:00+00:00,f1
BTCUSDT,2026-08-19 20:50:00+00:00,0.004600000000000001,TP,0.0093819024777845,0.006,2026-08-19 20:50:00+00:00,f1
BTCUSDT,2026-08-19 20:51:00+00:00,0.008266705073485219,TP,0.013274478003499917,0.009666705073485219,2026-08-19 20:51:00+00:00,f1
XRPUSDT,2026-08-19 20:54:00+00:00,0.004600000000000001,TP,0.007302601551802837,0.006,2026-08-19 20:54:00+00:00,f1
SOLUSDT,2026-08-19 21:04:00+00:00,-0.0414,MAE_KILL,0.0029435310056036717,0.006,2026-08-19 21:04:00+00:00,f1
NEARUSDT,2026-08-19 21:04:00+00:00,0.004600000000000001,TP,0.010231963257950154,0.006,2026-08-19 21:04:00+00:00,f1
BTCUSDT,2026-08-19 21:06:00+00:00,0.004600000000000001,TP,0.006494465158287167,0.006,2026-08-19 21:06:00+00:00,f1
BTCUSDT,2026-08-19 21:06:00+00:00,0.004600000000000001,TP,0.007561970777960148,0.006,2026-08-19 21:06:00+00:00,f1
BTCUSDT,2026-08-19 21:06:00+00:00,0.004600000000000001,TP,0.006829639796949568,0.006,2026-08-19 21:06:00+00:00,f1
BTCUSDT,2026-08-19 21:07:00+00:00,0.004600000000000001,TP,0.009100092357423312,0.006,2026-08-19 21:07:00+00:00,f1
BTCUSDT,2026-08-19 21:21:00+00:00,0.004600000000000001,TP,0.0060920919793233256,0.006,2026-08-19 21:21:00+00:00,f1
SOLUSDT,2026-08-19 21:22:00+00:00,0.008845021443532042,TP,0.010844775424714943,0.010245021443532043,2026-08-19 21:22:00+00:00,f1
BTCUSDT,2026-08-19 21:23:00+00:00,0.004600000000000001,TP,0.006485335118941019,0.006,2026-08-19 21:23:00+00:00,f1
BTCUSDT,2026-08-19 21:25:00+00:00,0.0005000000000000001,BE_STOP,0.004077108017448598,0.006,2026-08-19 21:25:00+00:00,f1
BTCUSDT,2026-08-19 21:29:00+00:00,0.0005000000000000001,BE_STOP,0.003064929010200602,0.006,2026-08-19 21:29:00+00:00,f1
BTCUSDT,2026-08-19 21:31:00+00:00,0.004600000000000001,TP,0.006043741470816599,0.006,2026-08-19 21:31:00+00:00,f1
ETHUSDT,2026-08-19 21:31:00+00:00,0.014543434026799003,TP,0.016974721511931364,0.015943434026799003,2026-08-19 21:31:00+00:00,f1
NEARUSDT,2026-08-19 21:33:00+00:00,0.004600000000000001,TP,0.006394884092725749,0.006,2026-08-19 21:33:00+00:00,f1
ETHUSDT,2026-08-19 21:45:00+00:00,0.005415537284950074,TP,0.008637476538152193,0.006815537284950073,2026-08-19 21:45:00+00:00,f1
ETHUSDT,2026-08-19 21:46:00+00:00,0.017096630483286378,TP,0.02121070003274078,0.018496630483286376,2026-08-19 21:46:00+00:00,f1
BTCUSDT,2026-08-19 21:47:00+00:00,0.004600000000000001,TP,0.006323931238381422,0.006,2026-08-19 21:47:00+00:00,f1
BTCUSDT,2026-08-19 21:48:00+00:00,0.0005000000000000001,BE_STOP,0.004030524197478444,0.006,2026-08-19 21:48:00+00:00,f1
SOLUSDT,2026-08-19 21:48:00+00:00,0.0005000000000000001,BE_STOP,0.005488423577160768,0.006,2026-08-19 21:48:00+00:00,f1
BTCUSDT,2026-08-19 21:52:00+00:00,0.0005000000000000001,BE_STOP,0.005653578350441503,0.006,2026-08-19 21:52:00+00:00,f1
BTCUSDT,2026-08-19 21:54:00+00:00,0.0005000000000000001,BE_STOP,0.0057257717157215065,0.006,2026-08-19 21:54:00+00:00,f1
XRPUSDT,2026-08-19 22:01:00+00:00,0.0005000000000000001,BE_STOP,0.004515672038250491,0.006,2026-08-19 22:01:00+00:00,f1
XRPUSDT,2026-08-19 22:06:00+00:00,0.004600000000000001,TP,0.006030507272082423,0.006,2026-08-19 22:06:00+00:00,f1
BTCUSDT,2026-08-19 22:25:00+00:00,0.004600000000000001,TP,0.006257966153815204,0.006,2026-08-19 22:25:00+00:00,f1
BTCUSDT,2026-08-19 22:32:00+00:00,0.004600000000000001,TP,0.006649957844274117,0.006,2026-08-19 22:32:00+00:00,f1
SOLUSDT,2026-08-19 22:33:00+00:00,0.004600000000000001,TP,0.007411217356743743,0.006,2026-08-19 22:33:00+00:00,f1
BTCUSDT,2026-08-20 03:16:00+00:00,0.0005000000000000001,BE_STOP,0.0030651318817131582,0.006,2026-08-20 03:16:00+00:00,f1
BTCUSDT,2026-08-20 07:11:00+00:00,0.0005000000000000001,BE_STOP,0.0030579374541451843,0.006,2026-08-20 07:11:00+00:00,f1
BTCUSDT,2026-08-20 07:11:00+00:00,0.0005000000000000001,BE_STOP,0.0036101807671132737,0.006,2026-08-20 07:11:00+00:00,f1
BTCUSDT,2026-08-20 07:11:00+00:00,0.0005000000000000001,BE_STOP,0.0038462200347622153,0.006,2026-08-20 07:11:00+00:00,f1
BTCUSDT,2026-08-20 07:13:00+00:00,0.0005000000000000001,BE_STOP,0.00408237035676999,0.006,2026-08-20 07:13:00+00:00,f1
BTCUSDT,2026-08-20 07:13:00+00:00,0.0005000000000000001,BE_STOP,0.003998841081924649,0.006,2026-08-20 07:13:00+00:00,f1
SOLUSDT,2026-08-20 08:07:00+00:00,0.004600000000000001,TP,0.007122656331831928,0.006,2026-08-20 08:07:00+00:00,f1
ETHUSDT,2026-08-20 08:07:00+00:00,0.0005000000000000001,BE_STOP,0.005623105691345138,0.006,2026-08-20 08:07:00+00:00,f1
NEARUSDT,2026-08-20 08:09:00+00:00,0.004600000000000001,TP,0.00620226267731001,0.006,2026-08-20 08:09:00+00:00,f1
BTCUSDT,2026-08-20 08:09:00+00:00,0.004600000000000001,TP,0.008447021324776522,0.006,2026-08-20 08:09:00+00:00,f1
BTCUSDT,2026-08-20 08:10:00+00:00,-0.0414,MAE_KILL,0.0010415765067284376,0.006,2026-08-20 08:10:00+00:00,f1
ETHUSDT,2026-08-20 08:16:00+00:00,0.0005000000000000001,BE_STOP,0.005909926389756152,0.006,2026-08-20 08:16:00+00:00,f1
BTCUSDT,2026-08-20 08:17:00+00:00,0.004600000000000001,TP,0.007632405334234577,0.006,2026-08-20 08:17:00+00:00,f1
BTCUSDT,2026-08-20 08:19:00+00:00,0.0005000000000000001,BE_STOP,0.0039059102145724426,0.006,2026-08-20 08:19:00+00:00,f1
BTCUSDT,2026-08-20 08:31:00+00:00,0.0005000000000000001,BE_STOP,0.0035732107589909697,0.006,2026-08-20 08:31:00+00:00,f1
BTCUSDT,2026-08-20 08:34:00+00:00,0.0005000000000000001,BE_STOP,0.0033314606741572626,0.006,2026-08-20 08:34:00+00:00,f1
SOLUSDT,2026-08-20 08:37:00+00:00,0.004600000000000001,TP,0.0061120348603864606,0.006,2026-08-20 08:37:00+00:00,f1
BTCUSDT,2026-08-20 08:40:00+00:00,0.004600000000000001,TP,0.006698244573747598,0.006,2026-08-20 08:40:00+00:00,f1
BTCUSDT,2026-08-20 08:42:00+00:00,0.0005000000000000001,BE_STOP,0.0042781408310136005,0.006399829547206794,2026-08-20 08:42:00+00:00,f1
BTCUSDT,2026-08-20 08:47:00+00:00,0.005167838339266931,TP,0.00719129519129515,0.00656783833926693,2026-08-20 08:47:00+00:00,f1
SOLUSDT,2026-08-20 08:49:00+00:00,0.0005000000000000001,BE_STOP,0.0036625857170566726,0.006,2026-08-20 08:49:00+00:00,f1
BTCUSDT,2026-08-20 09:06:00+00:00,-0.0414,MAE_KILL,0.0019891257263641433,0.006,2026-08-20 09:06:00+00:00,f1
BTCUSDT,2026-08-20 09:06:00+00:00,-0.0414,MAE_KILL,0.002087788464461947,0.006,2026-08-20 09:06:00+00:00,f1
BTCUSDT,2026-08-20 09:09:00+00:00,0.004600000000000001,TP,0.006904284940343614,0.006,2026-08-20 09:09:00+00:00,f1
BTCUSDT,2026-08-20 09:16:00+00:00,0.0005000000000000001,BE_STOP,0.0032241869805321177,0.006,2026-08-20 09:16:00+00:00,f1
BTCUSDT,2026-08-20 09:19:00+00:00,0.004600000000000001,TP,0.00611542195433692,0.006,2026-08-20 09:19:00+00:00,f1
ETHUSDT,2026-08-20 09:29:00+00:00,0.0005000000000000001,BE_STOP,0.004617483471508004,0.006,2026-08-20 09:29:00+00:00,f1
BTCUSDT,2026-08-20 09:52:00+00:00,0.0005000000000000001,BE_STOP,0.005619192907478597,0.006,2026-08-20 09:52:00+00:00,f1
XRPUSDT,2026-08-20 09:52:00+00:00,0.004600000000000001,TP,0.007796933206272302,0.006,2026-08-20 09:52:00+00:00,f1
SOLUSDT,2026-08-20 09:59:00+00:00,0.0005000000000000001,BE_STOP,0.004288556986345235,0.006,2026-08-20 09:59:00+00:00,f1
BTCUSDT,2026-08-20 10:15:00+00:00,-0.0414,MAE_KILL,0.0025256695034380724,0.006,2026-08-20 10:15:00+00:00,f1
BTCUSDT,2026-08-20 10:15:00+00:00,-0.0414,MAE_KILL,0.0022219445390003274,0.006,2026-08-20 10:15:00+00:00,f1
BTCUSDT,2026-08-20 10:15:00+00:00,0.004600000000000001,TP,0.008357747792260211,0.006,2026-08-20 10:15:00+00:00,f1
NEARUSDT,2026-08-20 11:11:00+00:00,0.004600000000000001,TP,0.006103125712982063,0.006,2026-08-20 11:11:00+00:00,f1
BTCUSDT,2026-08-20 12:10:00+00:00,0.0005000000000000001,BE_STOP,0.0031512517123336663,0.006,2026-08-20 12:10:00+00:00,f1
ETHUSDT,2026-08-20 12:11:00+00:00,0.0005000000000000001,BE_STOP,0.0048681345694620674,0.006,2026-08-20 12:11:00+00:00,f1
NEARUSDT,2026-08-20 12:32:00+00:00,-0.0264,MAE_KILL,0.0010763652843869197,0.006,2026-08-20 12:32:00+00:00,f1
ETHUSDT,2026-08-20 13:36:00+00:00,0.004600000000000001,TP,0.0074605515086158675,0.006,2026-08-20 13:36:00+00:00,f1
SOLUSDT,2026-08-21 00:18:00+00:00,0.004600000000000001,TP,0.006772908366533852,0.006,2026-08-21 00:18:00+00:00,f1
ETHUSDT,2026-08-21 00:18:00+00:00,0.004600000000000001,TP,0.00857756768371295,0.006,2026-08-21 00:18:00+00:00,f1
BTCUSDT,2026-08-21 00:18:00+00:00,0.004600000000000001,TP,0.011235878161416607,0.006,2026-08-21 00:18:00+00:00,f1
BTCUSDT,2026-08-21 00:18:00+00:00,0.004600000000000001,TP,0.008669356214972728,0.006,2026-08-21 00:18:00+00:00,f1
BTCUSDT,2026-08-21 00:18:00+00:00,0.004600000000000001,TP,0.008154587842623084,0.006,2026-08-21 00:18:00+00:00,f1
BTCUSDT,2026-08-21 00:18:00+00:00,0.004600000000000001,TP,0.008103690119474429,0.006,2026-08-21 00:18:00+00:00,f1
BTCUSDT,2026-08-21 00:18:00+00:00,0.004600000000000001,TP,0.00734770788054956,0.006,2026-08-21 00:18:00+00:00,f1
BTCUSDT,2026-08-21 00:34:00+00:00,0.0005000000000000001,BE_STOP,0.0037452675288019216,0.006,2026-08-21 00:34:00+00:00,f1
BTCUSDT,2026-08-21 00:35:00+00:00,0.0005000000000000001,BE_STOP,0.004943950894706945,0.006,2026-08-21 00:35:00+00:00,f1
SOLUSDT,2026-08-21 00:49:00+00:00,0.0005000000000000001,BE_STOP,0.004298904289830141,0.006,2026-08-21 00:49:00+00:00,f1
XRPUSDT,2026-08-21 01:05:00+00:00,0.0005000000000000001,BE_STOP,0.004723665564478039,0.006,2026-08-21 01:05:00+00:00,f1
XRPUSDT,2026-08-21 01:05:00+00:00,0.0005000000000000001,BE_STOP,0.004961020552799411,0.006,2026-08-21 01:05:00+00:00,f1
XRPUSDT,2026-08-21 01:06:00+00:00,0.0005000000000000001,BE_STOP,0.005832282471626792,0.006,2026-08-21 01:06:00+00:00,f1
BTCUSDT,2026-08-21 01:16:00+00:00,0.004600000000000001,TP,0.00709976162275618,0.006,2026-08-21 01:16:00+00:00,f1
BTCUSDT,2026-08-21 01:18:00+00:00,0.004600000000000001,TP,0.013638413442592394,0.006,2026-08-21 01:18:00+00:00,f1
BTCUSDT,2026-08-21 01:18:00+00:00,0.004600000000000001,TP,0.014323851855867088,0.006,2026-08-21 01:18:00+00:00,f1
BTCUSDT,2026-08-21 01:18:00+00:00,0.004600000000000001,TP,0.013617823423306384,0.006,2026-08-21 01:18:00+00:00,f1
ETHUSDT,2026-08-21 01:18:00+00:00,0.004600000000000001,TP,0.009718347113079326,0.006,2026-08-21 01:18:00+00:00,f1
ETHUSDT,2026-08-21 01:18:00+00:00,0.004600000000000001,TP,0.006232622207861908,0.006,2026-08-21 01:18:00+00:00,f1
SOLUSDT,2026-08-21 01:20:00+00:00,0.0005000000000000001,BE_STOP,0.005201809913904952,0.006,2026-08-21 01:20:00+00:00,f1
BTCUSDT,2026-08-21 01:31:00+00:00,0.004600000000000001,TP,0.00831735910732666,0.006,2026-08-21 01:31:00+00:00,f1
BTCUSDT,2026-08-21 01:34:00+00:00,0.0005000000000000001,BE_STOP,0.0047371155277773705,0.006,2026-08-21 01:34:00+00:00,f1
SOLUSDT,2026-08-21 01:47:00+00:00,0.004600000000000001,TP,0.0063795493738799435,0.006,2026-08-21 01:47:00+00:00,f1
NEARUSDT,2026-08-21 01:47:00+00:00,0.0005000000000000001,BE_STOP,0.00583139896959745,0.006,2026-08-21 01:47:00+00:00,f1
BTCUSDT,2026-08-21 01:47:00+00:00,0.004600000000000001,TP,0.012481298793755431,0.006,2026-08-21 01:47:00+00:00,f1
BTCUSDT,2026-08-21 01:47:00+00:00,0.004600000000000001,TP,0.013260961854981124,0.006,2026-08-21 01:47:00+00:00,f1
XRPUSDT,2026-08-21 01:47:00+00:00,0.004600000000000001,TP,0.008556981719175339,0.006,2026-08-21 01:47:00+00:00,f1
BTCUSDT,2026-08-21 01:54:00+00:00,0.0005000000000000001,BE_STOP,0.0032143288462788645,0.006,2026-08-21 01:54:00+00:00,f1
XRPUSDT,2026-08-21 02:40:00+00:00,0.0005000000000000001,BE_STOP,0.004170528266913864,0.006,2026-08-21 02:40:00+00:00,f1
BTCUSDT,2026-08-21 03:04:00+00:00,0.004600000000000001,TP,0.006303785481364213,0.006,2026-08-21 03:04:00+00:00,f1
ETHUSDT,2026-08-21 03:11:00+00:00,0.0005000000000000001,BE_STOP,0.003735990037359993,0.006,2026-08-21 03:11:00+00:00,f1
XRPUSDT,2026-08-21 03:27:00+00:00,0.004600000000000001,TP,0.007641837128521649,0.006,2026-08-21 03:27:00+00:00,f1
NEARUSDT,2026-08-21 03:37:00+00:00,0.004600000000000001,TP,0.006420635363742988,0.006,2026-08-21 03:37:00+00:00,f1
XRPUSDT,2026-08-21 03:39:00+00:00,-0.0414,MAE_KILL,0.0013463213748317374,0.006,2026-08-21 03:39:00+00:00,f1
XRPUSDT,2026-08-21 03:44:00+00:00,0.0005000000000000001,BE_STOP,0.0032824427480915804,0.006,2026-08-21 03:44:00+00:00,f1
XRPUSDT,2026-08-21 03:51:00+00:00,0.004600000000000001,TP,0.00757286009332213,0.006,2026-08-21 03:51:00+00:00,f1
XRPUSDT,2026-08-21 03:59:00+00:00,0.0005000000000000001,BE_STOP,0.005183321899534962,0.006,2026-08-21 03:59:00+00:00,f1
BTCUSDT,2026-08-21 05:23:00+00:00,0.0005000000000000001,BE_STOP,0.0030897995417794055,0.006,2026-08-21 05:23:00+00:00,f1
ETHUSDT,2026-08-21 05:24:00+00:00,0.0005000000000000001,BE_STOP,0.004140927584784761,0.006,2026-08-21 05:24:00+00:00,f1
XRPUSDT,2026-08-21 05:48:00+00:00,0.0005000000000000001,BE_STOP,0.003440893102921066,0.006,2026-08-21 05:48:00+00:00,f1
BTCUSDT,2026-08-21 06:11:00+00:00,0.0005000000000000001,BE_STOP,0.003504957048658654,0.006,2026-08-21 06:11:00+00:00,f1
BTCUSDT,2026-08-21 06:42:00+00:00,0.0005000000000000001,BE_STOP,0.0037825855224951585,0.006,2026-08-21 06:42:00+00:00,f1
BTCUSDT,2026-08-21 06:42:00+00:00,0.0005000000000000001,BE_STOP,0.0033967895501339678,0.006,2026-08-21 06:42:00+00:00,f1
BTCUSDT,2026-08-21 06:43:00+00:00,0.0005000000000000001,BE_STOP,0.004888401626723992,0.006,2026-08-21 06:43:00+00:00,f1
BTCUSDT,2026-08-21 06:43:00+00:00,0.0005000000000000001,BE_STOP,0.005631864665229479,0.006,2026-08-21 06:43:00+00:00,f1
SOLUSDT,2026-08-21 06:48:00+00:00,0.0005000000000000001,BE_STOP,0.005110581453356228,0.006,2026-08-21 06:48:00+00:00,f1
XRPUSDT,2026-08-21 07:01:00+00:00,0.0005000000000000001,BE_STOP,0.0036863528146840775,0.006,2026-08-21 07:01:00+00:00,f1
BTCUSDT,2026-08-21 07:05:00+00:00,0.0005000000000000001,BE_STOP,0.003025406539003717,0.006,2026-08-21 07:05:00+00:00,f1
BTCUSDT,2026-08-21 07:10:00+00:00,-0.0414,MAE_KILL,0.0,0.006,2026-08-21 07:10:00+00:00,f1
ETHUSDT,2026-08-21 07:15:00+00:00,0.004600000000000001,TP,0.008241202642577838,0.006,2026-08-21 07:15:00+00:00,f1
BTCUSDT,2026-08-21 07:15:00+00:00,0.004600000000000001,TP,0.011000010578204784,0.006,2026-08-21 07:15:00+00:00,f1
NEARUSDT,2026-08-21 07:16:00+00:00,0.004600000000000001,TP,0.007679411605645985,0.006,2026-08-21 07:16:00+00:00,f1
ETHUSDT,2026-08-21 07:18:00+00:00,0.0005000000000000001,BE_STOP,0.005282332275469398,0.006,2026-08-21 07:18:00+00:00,f1
SOLUSDT,2026-08-21 07:21:00+00:00,0.0005000000000000001,BE_STOP,0.004759701196536019,0.006,2026-08-21 07:21:00+00:00,f1
BTCUSDT,2026-08-21 07:42:00+00:00,0.004600000000000001,TP,0.006300367838597277,0.006,2026-08-21 07:42:00+00:00,f1
BTCUSDT,2026-08-21 07:43:00+00:00,0.004600000000000001,TP,0.006247077208844268,0.006,2026-08-21 07:43:00+00:00,f1
BTCUSDT,2026-08-21 07:44:00+00:00,0.0005000000000000001,BE_STOP,0.00338045241634429,0.006,2026-08-21 07:44:00+00:00,f1
BTCUSDT,2026-08-21 07:46:00+00:00,0.0005000000000000001,BE_STOP,0.004968810834571867,0.006,2026-08-21 07:46:00+00:00,f1
BTCUSDT,2026-08-21 08:05:00+00:00,0.0005000000000000001,BE_STOP,0.003285986717503287,0.006,2026-08-21 08:05:00+00:00,f1
BTCUSDT,2026-08-21 08:06:00+00:00,0.0005000000000000001,BE_STOP,0.003777991662002594,0.006,2026-08-21 08:06:00+00:00,f1
XRPUSDT,2026-08-21 08:10:00+00:00,-0.0414,MAE_KILL,0.0004658023445384162,0.006,2026-08-21 08:10:00+00:00,f1
BTCUSDT,2026-08-21 08:13:00+00:00,0.004600000000000001,TP,0.006409502835751064,0.006,2026-08-21 08:13:00+00:00,f1
NEARUSDT,2026-08-21 08:13:00+00:00,0.0005000000000000001,BE_STOP,0.005859579365909856,0.006,2026-08-21 08:13:00+00:00,f1
BTCUSDT,2026-08-21 08:14:00+00:00,0.004600000000000001,TP,0.00740831557337493,0.006,2026-08-21 08:14:00+00:00,f1
BTCUSDT,2026-08-21 08:14:00+00:00,0.004600000000000001,TP,0.00702216427640164,0.006,2026-08-21 08:14:00+00:00,f1
XRPUSDT,2026-08-21 08:17:00+00:00,0.005740734451284253,TP,0.007875185735512586,0.007140734451284252,2026-08-21 08:17:00+00:00,f1
SOLUSDT,2026-08-21 08:25:00+00:00,0.004600000000000001,TP,0.006811854166895928,0.006,2026-08-21 08:25:00+00:00,f1
BTCUSDT,2026-08-21 08:27:00+00:00,0.0005000000000000001,BE_STOP,0.0037516642014230675,0.006,2026-08-21 08:27:00+00:00,f1
BTCUSDT,2026-08-21 08:31:00+00:00,0.004600000000000001,TP,0.00620311129875613,0.006,2026-08-21 08:31:00+00:00,f1
BTCUSDT,2026-08-21 08:31:00+00:00,0.004600000000000001,TP,0.006115540591446075,0.006,2026-08-21 08:31:00+00:00,f1
XRPUSDT,2026-08-21 08:33:00+00:00,-0.0414,MAE_KILL,0.0014479500076207993,0.006,2026-08-21 08:33:00+00:00,f1
BTCUSDT,2026-08-21 08:33:00+00:00,0.004600000000000001,TP,0.006547171697111648,0.006,2026-08-21 08:33:00+00:00,f1
BTCUSDT,2026-08-21 08:35:00+00:00,-0.0414,MAE_KILL,0.00035533981884373764,0.006,2026-08-21 08:35:00+00:00,f1
BTCUSDT,2026-08-21 08:35:00+00:00,0.004600000000000001,TP,0.0071840384670247455,0.006,2026-08-21 08:35:00+00:00,f1
SOLUSDT,2026-08-21 08:38:00+00:00,0.004600000000000001,TP,0.006121313299944273,0.006,2026-08-21 08:38:00+00:00,f1
XRPUSDT,2026-08-21 08:43:00+00:00,0.0005000000000000001,BE_STOP,0.004042928550426227,0.006208258075355976,2026-08-21 08:43:00+00:00,f1
ETHUSDT,2026-08-21 08:46:00+00:00,0.004600000000000001,TP,0.008296531410077896,0.006,2026-08-21 08:46:00+00:00,f1
ETHUSDT,2026-08-21 08:46:00+00:00,0.004600000000000001,TP,0.007346532187772306,0.006,2026-08-21 08:46:00+00:00,f1
BTCUSDT,2026-08-21 08:47:00+00:00,0.004600000000000001,TP,0.007613892321863006,0.006,2026-08-21 08:47:00+00:00,f1
SOLUSDT,2026-08-21 08:47:00+00:00,0.004600000000000001,TP,0.007722972312438205,0.006,2026-08-21 08:47:00+00:00,f1
BTCUSDT,2026-08-21 08:51:00+00:00,-0.0414,MAE_KILL,0.00012354157838318492,0.006,2026-08-21 08:51:00+00:00,f1
BTCUSDT,2026-08-21 08:51:00+00:00,0.004600000000000001,TP,0.006092334539482163,0.006,2026-08-21 08:51:00+00:00,f1
NEARUSDT,2026-08-21 08:57:00+00:00,0.004600000000000001,TP,0.006299049979347371,0.006,2026-08-21 08:57:00+00:00,f1
BTCUSDT,2026-08-21 08:57:00+00:00,0.004600000000000001,TP,0.006013157995122447,0.006,2026-08-21 08:57:00+00:00,f1
XRPUSDT,2026-08-21 09:00:00+00:00,0.005135773300627145,TP,0.0066096702349307404,0.006535773300627145,2026-08-21 09:00:00+00:00,f1
ETHUSDT,2026-08-21 09:01:00+00:00,0.0005000000000000001,BE_STOP,0.005942529538109091,0.006,2026-08-21 09:01:00+00:00,f1
ETHUSDT,2026-08-21 09:07:00+00:00,0.00569296984239893,TP,0.011980083111826476,0.0070929698423989294,2026-08-21 09:07:00+00:00,f1
BTCUSDT,2026-08-21 09:18:00+00:00,0.0005000000000000001,BE_STOP,0.005144235154757379,0.00930191069756074,2026-08-21 09:18:00+00:00,f1
XRPUSDT,2026-08-21 09:18:00+00:00,0.0005000000000000001,BE_STOP,0.008281421766214795,0.012186567554834353,2026-08-21 09:18:00+00:00,f1
ETHUSDT,2026-08-21 09:32:00+00:00,0.0005000000000000001,BE_STOP,0.004345010549184304,0.006063915821388988,2026-08-21 09:32:00+00:00,f1
BTCUSDT,2026-08-21 09:37:00+00:00,0.0005000000000000001,BE_STOP,0.007447257140586526,0.008845297927824056,2026-08-21 09:37:00+00:00,f1
BTCUSDT,2026-08-21 09:44:00+00:00,0.004600000000000001,TP,0.006239227763921427,0.006,2026-08-21 09:44:00+00:00,f1
BTCUSDT,2026-08-21 09:44:00+00:00,0.004600000000000001,TP,0.006543017804768103,0.006,2026-08-21 09:44:00+00:00,f1
BTCUSDT,2026-08-21 11:19:00+00:00,0.004600000000000001,TP,0.006114505200865676,0.006,2026-08-21 11:19:00+00:00,f1
BTCUSDT,2026-08-21 11:23:00+00:00,0.0005000000000000001,BE_STOP,0.0064732745867369535,0.007063558426522343,2026-08-21 11:23:00+00:00,f1
BTCUSDT,2026-08-21 11:32:00+00:00,0.004600000000000001,TP,0.009671429641317793,0.006,2026-08-21 11:32:00+00:00,f1
SOLUSDT,2026-08-21 11:34:00+00:00,0.0067596708957899645,TP,0.011283078684337892,0.008159670895789964,2026-08-21 11:34:00+00:00,f1
SOLUSDT,2026-08-21 11:34:00+00:00,0.004600000000000001,TP,0.010531534012668719,0.006,2026-08-21 11:34:00+00:00,f1
SOLUSDT,2026-08-21 11:35:00+00:00,0.0005000000000000001,BE_STOP,0.0036274488052714282,0.006,2026-08-21 11:35:00+00:00,f1
BTCUSDT,2026-08-21 11:52:00+00:00,0.0005000000000000001,BE_STOP,0.0042781429921520744,0.006,2026-08-21 11:52:00+00:00,f1
BTCUSDT,2026-08-21 11:53:00+00:00,0.0005000000000000001,BE_STOP,0.005712846700736807,0.006,2026-08-21 11:53:00+00:00,f1
XRPUSDT,2026-08-21 11:59:00+00:00,0.004600000000000001,TP,0.007255936675461756,0.006,2026-08-21 11:59:00+00:00,f1
SOLUSDT,2026-08-21 12:03:00+00:00,0.0005000000000000001,BE_STOP,0.0032116594312041093,0.006,2026-08-21 12:03:00+00:00,f1
BTCUSDT,2026-08-21 12:05:00+00:00,0.0005000000000000001,BE_STOP,0.0037944266836059943,0.006,2026-08-21 12:05:00+00:00,f1
BTCUSDT,2026-08-21 12:06:00+00:00,0.0005000000000000001,BE_STOP,0.004910973171029772,0.006,2026-08-21 12:06:00+00:00,f1
ETHUSDT,2026-08-21 12:39:00+00:00,0.004600000000000001,TP,0.006944649290996825,0.006,2026-08-21 12:39:00+00:00,f1
ETHUSDT,2026-08-21 12:53:00+00:00,0.0005000000000000001,BE_STOP,0.004113468047317327,0.006,2026-08-21 12:53:00+00:00,f1
NEARUSDT,2026-08-21 13:31:00+00:00,0.0046961313012895715,TP,0.011989768730683132,0.006096131301289571,2026-08-21 13:31:00+00:00,f1
XRPUSDT,2026-08-21 13:31:00+00:00,0.0005000000000000001,BE_STOP,0.004179577718527079,0.007823840064237862,2026-08-21 13:31:00+00:00,f1
BTCUSDT,2026-08-21 13:35:00+00:00,0.004600000000000001,TP,0.006992114333052888,0.006,2026-08-21 13:35:00+00:00,f1
SOLUSDT,2026-08-21 13:35:00+00:00,0.004600000000000001,TP,0.006421043308830023,0.006,2026-08-21 13:35:00+00:00,f1
XRPUSDT,2026-08-21 13:37:00+00:00,0.0049656977942692,TP,0.007142857142857157,0.006365697794269199,2026-08-21 13:37:00+00:00,f1
NEARUSDT,2026-08-21 13:37:00+00:00,0.0005000000000000001,BE_STOP,0.0038169990860706985,0.006,2026-08-21 13:37:00+00:00,f1
XRPUSDT,2026-08-21 13:37:00+00:00,0.005936269766770164,TP,0.007942811755361325,0.007336269766770163,2026-08-21 13:37:00+00:00,f1
XRPUSDT,2026-08-21 13:48:00+00:00,0.006504721326110329,TP,0.00823746626899592,0.007904721326110328,2026-08-21 13:48:00+00:00,f1
BTCUSDT,2026-08-21 13:51:00+00:00,0.004600000000000001,TP,0.0066138885183568375,0.006,2026-08-21 13:51:00+00:00,f1
ETHUSDT,2026-08-21 13:53:00+00:00,0.0005000000000000001,BE_STOP,0.005190954459084102,0.006,2026-08-21 13:53:00+00:00,f1
BTCUSDT,2026-08-21 13:54:00+00:00,0.0005000000000000001,BE_STOP,0.0059520805103335595,0.006,2026-08-21 13:54:00+00:00,f1
NEARUSDT,2026-08-21 14:03:00+00:00,0.0005000000000000001,BE_STOP,0.004399448743771851,0.006,2026-08-21 14:03:00+00:00,f1
ETHUSDT,2026-08-21 14:23:00+00:00,0.0005000000000000001,BE_STOP,0.0039954745992959555,0.006,2026-08-21 14:23:00+00:00,f1
SOLUSDT,2026-08-21 14:36:00+00:00,0.004600000000000001,TP,0.008002902151329542,0.006,2026-08-21 14:36:00+00:00,f1
NEARUSDT,2026-08-21 14:54:00+00:00,0.0005000000000000001,BE_STOP,0.004362222105429113,0.006,2026-08-21 14:54:00+00:00,f1
BTCUSDT,2026-08-21 15:14:00+00:00,0.004600000000000001,TP,0.006503665266985498,0.006,2026-08-21 15:14:00+00:00,f1
BTCUSDT,2026-08-21 15:14:00+00:00,0.004600000000000001,TP,0.0063044344509592225,0.006,2026-08-21 15:14:00+00:00,f1
BTCUSDT,2026-08-21 15:15:00+00:00,0.004600000000000001,TP,0.00626395435375841,0.006,2026-08-21 15:15:00+00:00,f1
XRPUSDT,2026-08-21 15:18:00+00:00,0.0005000000000000001,BE_STOP,0.003839317454674617,0.006,2026-08-21 15:18:00+00:00,f1
BTCUSDT,2026-08-21 15:29:00+00:00,0.0005000000000000001,BE_STOP,0.0030615572820590167,0.006,2026-08-21 15:29:00+00:00,f1
NEARUSDT,2026-08-21 15:39:00+00:00,0.0005000000000000001,BE_STOP,0.005019607843137282,0.006,2026-08-21 15:39:00+00:00,f1
BTCUSDT,2026-08-21 21:24:00+00:00,0.004600000000000001,TP,0.0061561147388421176,0.006,2026-08-21 21:24:00+00:00,f1
BTCUSDT,2026-08-21 21:27:00+00:00,0.004600000000000001,TP,0.007564849849192311,0.006,2026-08-21 21:27:00+00:00,f1
BTCUSDT,2026-08-21 21:27:00+00:00,0.004600000000000001,TP,0.007149790295131527,0.006,2026-08-21 21:27:00+00:00,f1
NEARUSDT,2026-08-21 21:28:00+00:00,0.0005000000000000001,BE_STOP,0.0041303350160624116,0.006812503186986895,2026-08-21 21:28:00+00:00,f1
ETHUSDT,2026-08-21 21:33:00+00:00,0.004600000000000001,TP,0.007150688465383163,0.006,2026-08-21 21:33:00+00:00,f1
BTCUSDT,2026-08-21 21:36:00+00:00,0.0005000000000000001,BE_STOP,0.003970360440679235,0.006,2026-08-21 21:36:00+00:00,f2
BTCUSDT,2026-08-21 21:36:00+00:00,0.0005000000000000001,BE_STOP,0.003485171401138514,0.006,2026-08-21 21:36:00+00:00,f2
BTCUSDT,2026-08-21 21:37:00+00:00,0.0005000000000000001,BE_STOP,0.005441626134152519,0.006,2026-08-21 21:37:00+00:00,f2
BTCUSDT,2026-08-21 21:47:00+00:00,0.0005000000000000001,BE_STOP,0.0036370339930177045,0.006,2026-08-21 21:47:00+00:00,f2
NEARUSDT,2026-08-21 21:52:00+00:00,0.0055460239699063945,TP,0.007246376811594198,0.006946023969906394,2026-08-21 21:52:00+00:00,f2
ETHUSDT,2026-08-21 21:52:00+00:00,0.004974969826343102,TP,0.008328215995793748,0.006374969826343101,2026-08-21 21:52:00+00:00,f2
BTCUSDT,2026-08-21 21:52:00+00:00,0.004600000000000001,TP,0.00657795271151557,0.006,2026-08-21 21:52:00+00:00,f2
NEARUSDT,2026-08-21 21:52:00+00:00,0.004600000000000001,TP,0.008893886730729954,0.006,2026-08-21 21:52:00+00:00,f2
BTCUSDT,2026-08-21 21:55:00+00:00,0.004600000000000001,TP,0.006066224657464105,0.006,2026-08-21 21:55:00+00:00,f2
BTCUSDT,2026-08-21 21:57:00+00:00,0.0005000000000000001,BE_STOP,0.0033437181584809817,0.006,2026-08-21 21:57:00+00:00,f2
SOLUSDT,2026-08-21 22:03:00+00:00,0.004600000000000001,TP,0.007301373811124961,0.006,2026-08-21 22:03:00+00:00,f2
XRPUSDT,2026-08-21 22:04:00+00:00,0.004600000000000001,TP,0.006878456956460107,0.006,2026-08-21 22:04:00+00:00,f2
BTCUSDT,2026-08-21 22:21:00+00:00,0.0005000000000000001,BE_STOP,0.004097545552365571,0.006,2026-08-21 22:21:00+00:00,f2
BTCUSDT,2026-08-21 22:21:00+00:00,0.0005000000000000001,BE_STOP,0.004885442809442324,0.006,2026-08-21 22:21:00+00:00,f2
XRPUSDT,2026-08-21 22:32:00+00:00,0.007017350293268333,TP,0.008603203469259269,0.008417350293268332,2026-08-21 22:32:00+00:00,f2
NEARUSDT,2026-08-21 22:46:00+00:00,0.0005000000000000001,BE_STOP,0.00383683360258484,0.006,2026-08-21 22:46:00+00:00,f2
ETHUSDT,2026-08-21 23:24:00+00:00,0.0005000000000000001,BE_STOP,0.004629392303536807,0.006,2026-08-21 23:24:00+00:00,f2
BTCUSDT,2026-08-21 23:44:00+00:00,0.0005000000000000001,BE_STOP,0.0037660554906333034,0.006,2026-08-21 23:44:00+00:00,f2
NEARUSDT,2026-08-21 23:52:00+00:00,0.0005000000000000001,BE_STOP,0.003931178843110246,0.006,2026-08-21 23:52:00+00:00,f2
BTCUSDT,2026-08-22 00:06:00+00:00,0.004600000000000001,TP,0.006575871012252266,0.006,2026-08-22 00:06:00+00:00,f2
BTCUSDT,2026-08-22 00:06:00+00:00,0.004600000000000001,TP,0.0064667068732877,0.006,2026-08-22 00:06:00+00:00,f2
BTCUSDT,2026-08-22 00:56:00+00:00,0.0005000000000000001,BE_STOP,0.004469318162872982,0.006,2026-08-22 00:56:00+00:00,f2
ETHUSDT,2026-08-22 01:08:00+00:00,0.0005000000000000001,BE_STOP,0.003919575240356888,0.006,2026-08-22 01:08:00+00:00,f2
BTCUSDT,2026-08-22 03:03:00+00:00,0.004600000000000001,TP,0.006146897923580812,0.006,2026-08-22 03:03:00+00:00,f2
NEARUSDT,2026-08-22 03:13:00+00:00,0.004600000000000001,TP,0.0074088328682767645,0.006,2026-08-22 03:13:00+00:00,f2
XRPUSDT,2026-08-22 03:17:00+00:00,0.004600000000000001,TP,0.008560762100926794,0.006,2026-08-22 03:17:00+00:00,f2
ETHUSDT,2026-08-22 03:28:00+00:00,0.0005000000000000001,BE_STOP,0.0033362061775418085,0.006,2026-08-22 03:28:00+00:00,f2
BTCUSDT,2026-08-22 03:33:00+00:00,0.0005000000000000001,BE_STOP,0.0033915697085975622,0.006,2026-08-22 03:33:00+00:00,f2
BTCUSDT,2026-08-22 03:33:00+00:00,0.0005000000000000001,BE_STOP,0.0031310417332225163,0.006,2026-08-22 03:33:00+00:00,f2
XRPUSDT,2026-08-22 04:17:00+00:00,0.006782385443890727,TP,0.009875292777109473,0.008182385443890727,2026-08-22 04:17:00+00:00,f2
NEARUSDT,2026-08-22 04:26:00+00:00,0.004600000000000001,TP,0.007907945828203294,0.006,2026-08-22 04:26:00+00:00,f2
XRPUSDT,2026-08-22 04:31:00+00:00,0.0059216862825948674,TP,0.009223818786471832,0.007321686282594867,2026-08-22 04:31:00+00:00,f2
NEARUSDT,2026-08-22 04:49:00+00:00,0.0005000000000000001,BE_STOP,0.0030432136335970554,0.006,2026-08-22 04:49:00+00:00,f2
SOLUSDT,2026-08-22 05:09:00+00:00,-0.0414,MAE_KILL,0.0019772713655155216,0.011883029990042319,2026-08-22 05:09:00+00:00,f2
ETHUSDT,2026-08-22 05:10:00+00:00,-0.0414,MAE_KILL,0.00046920774863084175,0.006,2026-08-22 05:10:00+00:00,f2
BTCUSDT,2026-08-22 05:10:00+00:00,0.004600000000000001,TP,0.01602206325330208,0.006,2026-08-22 05:10:00+00:00,f2
SOLUSDT,2026-08-22 05:16:00+00:00,0.026461054641450273,TP,0.02938947188624257,0.02786105464145027,2026-08-22 05:16:00+00:00,f2
BTCUSDT,2026-08-22 05:16:00+00:00,0.004600000000000001,TP,0.009514019198508281,0.006,2026-08-22 05:16:00+00:00,f2
BTCUSDT,2026-08-22 05:17:00+00:00,0.0005000000000000001,BE_STOP,0.004696444120880018,0.006,2026-08-22 05:17:00+00:00,f2
BTCUSDT,2026-08-22 05:26:00+00:00,0.0005000000000000001,BE_STOP,0.00622349414362216,0.007205948596328521,2026-08-22 05:26:00+00:00,f2
BTCUSDT,2026-08-22 05:33:00+00:00,0.0005000000000000001,BE_STOP,0.004375701711561024,0.006,2026-08-22 05:33:00+00:00,f2
BTCUSDT,2026-08-22 05:47:00+00:00,0.0005000000000000001,BE_STOP,0.00375371974210651,0.006,2026-08-22 05:47:00+00:00,f2
BTCUSDT,2026-08-22 07:10:00+00:00,0.0005000000000000001,BE_STOP,0.003877176629377262,0.006,2026-08-22 07:10:00+00:00,f2
BTCUSDT,2026-08-22 08:44:00+00:00,0.0005000000000000001,BE_STOP,0.004582797380889282,0.006,2026-08-22 08:44:00+00:00,f2
BTCUSDT,2026-08-22 09:59:00+00:00,0.0005000000000000001,BE_STOP,0.004363664648612285,0.006,2026-08-22 09:59:00+00:00,f2
SOLUSDT,2026-08-22 10:02:00+00:00,0.004600000000000001,TP,0.006272630457933958,0.006,2026-08-22 10:02:00+00:00,f2
BTCUSDT,2026-08-22 10:17:00+00:00,0.0005000000000000001,BE_STOP,0.003281979798400213,0.006,2026-08-22 10:17:00+00:00,f2
BTCUSDT,2026-08-22 10:28:00+00:00,0.0005000000000000001,BE_STOP,0.003920174773916266,0.006,2026-08-22 10:28:00+00:00,f2
BTCUSDT,2026-08-22 10:31:00+00:00,0.0005000000000000001,BE_STOP,0.006741879365409121,0.007880085017674987,2026-08-22 10:31:00+00:00,f2
NEARUSDT,2026-08-22 11:05:00+00:00,0.0005000000000000001,BE_STOP,0.005523394763396869,0.0073321548067949915,2026-08-22 11:05:00+00:00,f2
NEARUSDT,2026-08-22 11:05:00+00:00,0.0005000000000000001,BE_STOP,0.005945745076179794,0.007183430785915262,2026-08-22 11:05:00+00:00,f2
NEARUSDT,2026-08-22 11:12:00+00:00,0.0005000000000000001,BE_STOP,0.003978990927900717,0.006,2026-08-22 11:12:00+00:00,f2
NEARUSDT,2026-08-22 11:24:00+00:00,0.004600000000000001,TP,0.006373824826047703,0.006,2026-08-22 11:24:00+00:00,f2
ETHUSDT,2026-08-22 11:44:00+00:00,0.004600000000000001,TP,0.006314697645472378,0.006,2026-08-22 11:44:00+00:00,f2
XRPUSDT,2026-08-22 12:02:00+00:00,0.004600000000000001,TP,0.012159075641542392,0.006,2026-08-22 12:02:00+00:00,f2
SOLUSDT,2026-08-22 12:10:00+00:00,0.0005000000000000001,BE_STOP,0.02549408801809873,0.036121935007835886,2026-08-22 12:10:00+00:00,f2
BTCUSDT,2026-08-22 16:54:00+00:00,0.0005000000000000001,BE_STOP,0.004681704948953277,0.006,2026-08-22 16:54:00+00:00,f2
BTCUSDT,2026-08-22 16:54:00+00:00,0.0005000000000000001,BE_STOP,0.004299209437541681,0.006,2026-08-22 16:54:00+00:00,f2
NEARUSDT,2026-08-22 18:41:00+00:00,-0.0264,MAE_KILL,0.0022698479729730747,0.006,2026-08-22 18:41:00+00:00,f2
BTCUSDT,2026-08-22 21:09:00+00:00,0.0005000000000000001,BE_STOP,0.003250329757668452,0.006,2026-08-22 21:09:00+00:00,f2
ETHUSDT,2026-08-22 21:20:00+00:00,0.0005000000000000001,BE_STOP,0.004557388418288982,0.006,2026-08-22 21:20:00+00:00,f2
ETHUSDT,2026-08-22 21:56:00+00:00,0.004600000000000001,TP,0.007492757276818785,0.006,2026-08-22 21:56:00+00:00,f2
BTCUSDT,2026-08-22 22:06:00+00:00,0.0005000000000000001,BE_STOP,0.004923407184441138,0.006,2026-08-22 22:06:00+00:00,f2
BTCUSDT,2026-08-23 01:57:00+00:00,0.0005000000000000001,BE_STOP,0.004555181941234259,0.006,2026-08-23 01:57:00+00:00,f2
BTCUSDT,2026-08-23 04:08:00+00:00,0.004600000000000001,TP,0.006246105091592773,0.006,2026-08-23 04:08:00+00:00,f2
BTCUSDT,2026-08-23 05:08:00+00:00,0.004600000000000001,TP,0.007976493073387637,0.006,2026-08-23 05:08:00+00:00,f2
BTCUSDT,2026-08-23 05:08:00+00:00,0.004600000000000001,TP,0.007620382931070512,0.006,2026-08-23 05:08:00+00:00,f2
BTCUSDT,2026-08-23 05:08:00+00:00,0.004600000000000001,TP,0.006860860295390634,0.006,2026-08-23 05:08:00+00:00,f2
BTCUSDT,2026-08-23 05:14:00+00:00,-0.0414,MAE_KILL,0.0013206040723041659,0.006,2026-08-23 05:14:00+00:00,f2
BTCUSDT,2026-08-23 05:14:00+00:00,0.004600000000000001,TP,0.01074944588466569,0.006,2026-08-23 05:14:00+00:00,f2
BTCUSDT,2026-08-23 05:14:00+00:00,0.004600000000000001,TP,0.007645772499312472,0.006,2026-08-23 05:14:00+00:00,f2
BTCUSDT,2026-08-23 05:14:00+00:00,0.004600000000000001,TP,0.007997790463125735,0.006,2026-08-23 05:14:00+00:00,f2
XRPUSDT,2026-08-23 05:15:00+00:00,0.0005000000000000001,BE_STOP,0.005272528074500165,0.0061431310404194035,2026-08-23 05:15:00+00:00,f2
BTCUSDT,2026-08-23 05:17:00+00:00,-0.0414,MAE_KILL,0.0015465280001628068,0.006,2026-08-23 05:17:00+00:00,f2
BTCUSDT,2026-08-23 05:17:00+00:00,0.004600000000000001,TP,0.006322070418866649,0.006,2026-08-23 05:17:00+00:00,f2
BTCUSDT,2026-08-23 06:14:00+00:00,0.0005000000000000001,BE_STOP,0.003546942157659751,0.006,2026-08-23 06:14:00+00:00,f2
BTCUSDT,2026-08-23 06:14:00+00:00,0.0005000000000000001,BE_STOP,0.0040949181016379675,0.006,2026-08-23 06:14:00+00:00,f2
XRPUSDT,2026-08-23 06:23:00+00:00,0.0005000000000000001,BE_STOP,0.004670650456762083,0.006,2026-08-23 06:23:00+00:00,f2
ETHUSDT,2026-08-23 06:33:00+00:00,0.004600000000000001,TP,0.006145476526294718,0.006,2026-08-23 06:33:00+00:00,f2
XRPUSDT,2026-08-23 06:38:00+00:00,0.0005000000000000001,BE_STOP,0.0052953717075854756,0.006,2026-08-23 06:38:00+00:00,f2
XRPUSDT,2026-08-23 07:17:00+00:00,0.004600000000000001,TP,0.008831382214006922,0.006,2026-08-23 07:17:00+00:00,f2
ETHUSDT,2026-08-23 07:22:00+00:00,0.0005000000000000001,BE_STOP,0.0032063088102333385,0.006,2026-08-23 07:22:00+00:00,f2
NEARUSDT,2026-08-23 07:29:00+00:00,0.0005000000000000001,BE_STOP,0.003721080731273206,0.006,2026-08-23 07:29:00+00:00,f2
SOLUSDT,2026-08-23 08:11:00+00:00,0.0005000000000000001,BE_STOP,0.0037545718385534,0.006,2026-08-23 08:11:00+00:00,f2
SOLUSDT,2026-08-23 08:47:00+00:00,0.0005000000000000001,BE_STOP,0.004692718232874774,0.006,2026-08-23 08:47:00+00:00,f2
BTCUSDT,2026-08-23 08:57:00+00:00,0.0005000000000000001,BE_STOP,0.004316567496967267,0.006,2026-08-23 08:57:00+00:00,f2
BTCUSDT,2026-08-23 08:57:00+00:00,0.0005000000000000001,BE_STOP,0.004365250405803177,0.006,2026-08-23 08:57:00+00:00,f2
XRPUSDT,2026-08-23 09:35:00+00:00,0.004600000000000001,TP,0.006301239921403947,0.006,2026-08-23 09:35:00+00:00,f2
ETHUSDT,2026-08-23 09:37:00+00:00,0.0005000000000000001,BE_STOP,0.0034442454988560405,0.006,2026-08-23 09:37:00+00:00,f2
BTCUSDT,2026-08-23 10:06:00+00:00,0.004600000000000001,TP,0.006643672702035855,0.006,2026-08-23 10:06:00+00:00,f2
BTCUSDT,2026-08-23 11:20:00+00:00,0.004600000000000001,TP,0.009151374078425747,0.006,2026-08-23 11:20:00+00:00,f2
BTCUSDT,2026-08-23 11:20:00+00:00,0.004600000000000001,TP,0.0067185585021774085,0.006,2026-08-23 11:20:00+00:00,f2
ETHUSDT,2026-08-23 13:18:00+00:00,-0.0414,MAE_KILL,0.00045712931257079446,0.006,2026-08-23 13:18:00+00:00,f2
BTCUSDT,2026-08-23 13:19:00+00:00,0.004600000000000001,TP,0.007313632554084627,0.006,2026-08-23 13:19:00+00:00,f2
BTCUSDT,2026-08-23 13:19:00+00:00,0.004600000000000001,TP,0.006694215090011253,0.006,2026-08-23 13:19:00+00:00,f2
SOLUSDT,2026-08-23 14:06:00+00:00,0.0005000000000000001,BE_STOP,0.003158844765342981,0.006,2026-08-23 14:06:00+00:00,f2
XRPUSDT,2026-08-23 14:11:00+00:00,0.004600000000000001,TP,0.007351493272070808,0.006,2026-08-23 14:11:00+00:00,f2
NEARUSDT,2026-08-23 14:16:00+00:00,0.0005000000000000001,BE_STOP,0.003991511721907851,0.006,2026-08-23 14:16:00+00:00,f2
ETHUSDT,2026-08-23 14:42:00+00:00,0.004600000000000001,TP,0.00891304077083057,0.006,2026-08-23 14:42:00+00:00,f2
NEARUSDT,2026-08-23 17:14:00+00:00,-0.0264,MAE_KILL,0.00314936238318963,0.009788837833651708,2026-08-23 17:14:00+00:00,f2
XRPUSDT,2026-08-23 17:22:00+00:00,0.004600000000000001,TP,0.009193729744030705,0.006,2026-08-23 17:22:00+00:00,f2
BTCUSDT,2026-08-23 21:16:00+00:00,0.004600000000000001,TP,0.007824796975618968,0.006,2026-08-23 21:16:00+00:00,f2
BTCUSDT,2026-08-23 21:22:00+00:00,0.004600000000000001,TP,0.006163403726163098,0.006,2026-08-23 21:22:00+00:00,f2
ETHUSDT,2026-08-23 21:25:00+00:00,0.0005000000000000001,BE_STOP,0.0041816736428826155,0.006,2026-08-23 21:25:00+00:00,f2
ETHUSDT,2026-08-23 21:29:00+00:00,0.0047317683051642705,TP,0.00640929367878843,0.00613176830516427,2026-08-23 21:29:00+00:00,f2
BTCUSDT,2026-08-23 22:10:00+00:00,-0.01262776486572086,MAX_AGE,0.0026129423333550706,0.006,2026-08-23 22:10:00+00:00,f2
ETHUSDT,2026-08-23 23:03:00+00:00,0.004600000000000001,TP,0.006928875458946594,0.006,2026-08-23 23:03:00+00:00,f2
ETHUSDT,2026-08-23 23:07:00+00:00,0.0005000000000000001,BE_STOP,0.0030923076294623645,0.006,2026-08-23 23:07:00+00:00,f2
BTCUSDT,2026-08-24 00:49:00+00:00,0.0005000000000000001,BE_STOP,0.0034181959162574308,0.006,2026-08-24 00:49:00+00:00,f2
NEARUSDT,2026-08-24 00:52:00+00:00,0.0005000000000000001,BE_STOP,0.0057217669592203035,0.00893870228108696,2026-08-24 00:52:00+00:00,f2
XRPUSDT,2026-08-24 01:15:00+00:00,0.004600000000000001,TP,0.006292255171028901,0.006,2026-08-24 01:15:00+00:00,f2
BTCUSDT,2026-08-24 01:33:00+00:00,0.0005000000000000001,BE_STOP,0.0030775193798449237,0.006,2026-08-24 01:33:00+00:00,f2
ETHUSDT,2026-08-24 01:51:00+00:00,0.004600000000000001,TP,0.006186712869506891,0.006,2026-08-24 01:51:00+00:00,f2
BTCUSDT,2026-08-24 02:05:00+00:00,0.0005000000000000001,BE_STOP,0.004005532560831595,0.006,2026-08-24 02:05:00+00:00,f2
NEARUSDT,2026-08-24 02:37:00+00:00,-0.0264,MAE_KILL,0.003387944983818734,0.011644706426259787,2026-08-24 02:37:00+00:00,f2
BTCUSDT,2026-08-24 03:33:00+00:00,-0.021503773716845965,MAX_AGE,0.0018143236209171253,0.006,2026-08-24 03:33:00+00:00,f2
XRPUSDT,2026-08-24 03:38:00+00:00,0.0005000000000000001,BE_STOP,0.0038084874863981415,0.006,2026-08-24 03:38:00+00:00,f2
BTCUSDT,2026-08-24 05:04:00+00:00,0.0005000000000000001,BE_STOP,0.005470990514008458,0.006,2026-08-24 05:04:00+00:00,f2
SOLUSDT,2026-08-24 05:15:00+00:00,0.004600000000000001,TP,0.0065080074012634145,0.006,2026-08-24 05:15:00+00:00,f2
BTCUSDT,2026-08-24 06:33:00+00:00,0.0005000000000000001,BE_STOP,0.004279101129423359,0.006,2026-08-24 06:33:00+00:00,f2
XRPUSDT,2026-08-24 06:49:00+00:00,0.0005000000000000001,BE_STOP,0.005817099567099527,0.006,2026-08-24 06:49:00+00:00,f2
BTCUSDT,2026-08-24 07:21:00+00:00,0.0005000000000000001,BE_STOP,0.004144769971722598,0.006,2026-08-24 07:21:00+00:00,f2
BTCUSDT,2026-08-24 07:21:00+00:00,0.0005000000000000001,BE_STOP,0.004019019658725493,0.006,2026-08-24 07:21:00+00:00,f2
BTCUSDT,2026-08-24 10:41:00+00:00,0.0005000000000000001,BE_STOP,0.004747212542431835,0.006,2026-08-24 10:41:00+00:00,f2
BTCUSDT,2026-08-24 10:43:00+00:00,0.0005000000000000001,BE_STOP,0.005432400517715171,0.006,2026-08-24 10:43:00+00:00,f2
ETHUSDT,2026-08-24 11:07:00+00:00,0.0005000000000000001,BE_STOP,0.005377150758924312,0.006,2026-08-24 11:07:00+00:00,f2
BTCUSDT,2026-08-24 11:07:00+00:00,0.0005000000000000001,BE_STOP,0.003822531571279274,0.006,2026-08-24 11:07:00+00:00,f2
BTCUSDT,2026-08-24 11:36:00+00:00,0.004600000000000001,TP,0.006017103674978888,0.006,2026-08-24 11:36:00+00:00,f2
BTCUSDT,2026-08-24 11:36:00+00:00,0.004600000000000001,TP,0.006076529341212939,0.006,2026-08-24 11:36:00+00:00,f2
BTCUSDT,2026-08-24 11:37:00+00:00,0.004600000000000001,TP,0.006707928450474947,0.006,2026-08-24 11:37:00+00:00,f2
BTCUSDT,2026-08-24 11:40:00+00:00,0.004600000000000001,TP,0.007035696605782856,0.006,2026-08-24 11:40:00+00:00,f2
NEARUSDT,2026-08-24 11:44:00+00:00,0.004600000000000001,TP,0.006351126568879452,0.006,2026-08-24 11:44:00+00:00,f2
SOLUSDT,2026-08-24 12:17:00+00:00,0.0005000000000000001,BE_STOP,0.0054029478314196735,0.006,2026-08-24 12:17:00+00:00,f2
SOLUSDT,2026-08-24 12:17:00+00:00,0.0005000000000000001,BE_STOP,0.005466040767994694,0.006,2026-08-24 12:17:00+00:00,f2
BTCUSDT,2026-08-24 12:34:00+00:00,0.0005000000000000001,BE_STOP,0.0033202597044917114,0.006,2026-08-24 12:34:00+00:00,f2
BTCUSDT,2026-08-24 12:34:00+00:00,0.0005000000000000001,BE_STOP,0.0038130301279131174,0.006,2026-08-24 12:34:00+00:00,f2
BTCUSDT,2026-08-24 12:41:00+00:00,0.004600000000000001,TP,0.0061464071630561315,0.006,2026-08-24 12:41:00+00:00,f2
BTCUSDT,2026-08-24 12:42:00+00:00,0.004600000000000001,TP,0.006341434149541981,0.006,2026-08-24 12:42:00+00:00,f2
BTCUSDT,2026-08-24 12:50:00+00:00,0.004600000000000001,TP,0.006709280236672106,0.006,2026-08-24 12:50:00+00:00,f2
BTCUSDT,2026-08-24 12:51:00+00:00,-0.0414,MAE_KILL,0.0022117551763223466,0.006,2026-08-24 12:51:00+00:00,f2
BTCUSDT,2026-08-24 12:51:00+00:00,0.004600000000000001,TP,0.007116533231668573,0.006,2026-08-24 12:51:00+00:00,f2
ETHUSDT,2026-08-24 12:51:00+00:00,0.004600000000000001,TP,0.007849054791285639,0.006,2026-08-24 12:51:00+00:00,f2
SOLUSDT,2026-08-24 12:53:00+00:00,0.0005000000000000001,BE_STOP,0.004000374060951207,0.006,2026-08-24 12:53:00+00:00,f2
NEARUSDT,2026-08-24 13:01:00+00:00,0.0005000000000000001,BE_STOP,0.0034278901087982047,0.006,2026-08-24 13:01:00+00:00,f2
BTCUSDT,2026-08-24 13:01:00+00:00,0.0005000000000000001,BE_STOP,0.004179511275814814,0.006,2026-08-24 13:01:00+00:00,f2
BTCUSDT,2026-08-24 13:15:00+00:00,0.0005000000000000001,BE_STOP,0.004236285831021581,0.006,2026-08-24 13:15:00+00:00,f2
BTCUSDT,2026-08-24 13:16:00+00:00,0.0005000000000000001,BE_STOP,0.004728132387706929,0.006,2026-08-24 13:16:00+00:00,f2
BTCUSDT,2026-08-24 13:16:00+00:00,0.0005000000000000001,BE_STOP,0.005197551263302503,0.006,2026-08-24 13:16:00+00:00,f2
BTCUSDT,2026-08-24 13:16:00+00:00,0.0005000000000000001,BE_STOP,0.005621549865604715,0.006,2026-08-24 13:16:00+00:00,f2
BTCUSDT,2026-08-24 13:33:00+00:00,0.004600000000000001,TP,0.006188615428627052,0.006,2026-08-24 13:33:00+00:00,f2
BTCUSDT,2026-08-24 13:40:00+00:00,0.004600000000000001,TP,0.006122842297188091,0.006,2026-08-24 13:40:00+00:00,f2
BTCUSDT,2026-08-24 13:40:00+00:00,0.004600000000000001,TP,0.007517150041656396,0.006,2026-08-24 13:40:00+00:00,f2
BTCUSDT,2026-08-24 13:40:00+00:00,0.004600000000000001,TP,0.007046945858985115,0.006,2026-08-24 13:40:00+00:00,f2
BTCUSDT,2026-08-24 13:42:00+00:00,0.004600000000000001,TP,0.007608155841450605,0.006,2026-08-24 13:42:00+00:00,f2
BTCUSDT,2026-08-24 13:45:00+00:00,0.004600000000000001,TP,0.007091178110937581,0.006,2026-08-24 13:45:00+00:00,f2
SOLUSDT,2026-08-24 13:46:00+00:00,0.004600000000000001,TP,0.007570891554086009,0.006,2026-08-24 13:46:00+00:00,f2
SOLUSDT,2026-08-24 13:47:00+00:00,0.0005000000000000001,BE_STOP,0.004835916712421321,0.006,2026-08-24 13:47:00+00:00,f2
BTCUSDT,2026-08-24 13:48:00+00:00,0.0005000000000000001,BE_STOP,0.005929078558054155,0.006,2026-08-24 13:48:00+00:00,f2
BTCUSDT,2026-08-24 13:54:00+00:00,0.0005000000000000001,BE_STOP,0.003014496161277387,0.006,2026-08-24 13:54:00+00:00,f2
BTCUSDT,2026-08-24 13:55:00+00:00,0.0005000000000000001,BE_STOP,0.003586202316472174,0.006,2026-08-24 13:55:00+00:00,f2
BTCUSDT,2026-08-24 14:15:00+00:00,0.004600000000000001,TP,0.00638835183317381,0.006,2026-08-24 14:15:00+00:00,f2
BTCUSDT,2026-08-24 14:23:00+00:00,-0.0414,MAE_KILL,9.151200049155017e-05,0.006,2026-08-24 14:23:00+00:00,f2
ETHUSDT,2026-08-24 14:23:00+00:00,0.004600000000000001,TP,0.006575724385143969,0.006,2026-08-24 14:23:00+00:00,f2
NEARUSDT,2026-08-24 14:26:00+00:00,0.004600000000000001,TP,0.006363636363636336,0.006,2026-08-24 14:26:00+00:00,f2
BTCUSDT,2026-08-24 14:32:00+00:00,0.004600000000000001,TP,0.006154297388595623,0.006,2026-08-24 14:32:00+00:00,f2
NEARUSDT,2026-08-24 14:33:00+00:00,-0.0264,MAE_KILL,0.0,0.006,2026-08-24 14:33:00+00:00,f2
SOLUSDT,2026-08-24 14:33:00+00:00,0.004600000000000001,TP,0.0078027889486603635,0.006,2026-08-24 14:33:00+00:00,f2
SOLUSDT,2026-08-24 14:43:00+00:00,0.0005000000000000001,BE_STOP,0.0039028035831058924,0.006,2026-08-24 14:43:00+00:00,f2
SOLUSDT,2026-08-24 14:43:00+00:00,0.0005000000000000001,BE_STOP,0.003475752733912906,0.006,2026-08-24 14:43:00+00:00,f2
BTCUSDT,2026-08-24 14:48:00+00:00,0.0005000000000000001,BE_STOP,0.0038900421463168786,0.006,2026-08-24 14:48:00+00:00,f2
SOLUSDT,2026-08-24 14:50:00+00:00,0.0005000000000000001,BE_STOP,0.0039204675443521905,0.006,2026-08-24 14:50:00+00:00,f2
SOLUSDT,2026-08-24 15:22:00+00:00,0.004600000000000001,TP,0.007894545492318305,0.006,2026-08-24 15:22:00+00:00,f2
ETHUSDT,2026-08-24 15:30:00+00:00,0.0005000000000000001,BE_STOP,0.004860493905535805,0.006,2026-08-24 15:30:00+00:00,f2
BTCUSDT,2026-08-24 15:38:00+00:00,0.0005000000000000001,BE_STOP,0.004845249808062155,0.006,2026-08-24 15:38:00+00:00,f2
ETHUSDT,2026-08-24 15:43:00+00:00,0.004600000000000001,TP,0.010474851994442057,0.006,2026-08-24 15:43:00+00:00,f2
ETHUSDT,2026-08-24 15:43:00+00:00,0.004600000000000001,TP,0.008473426791028613,0.006,2026-08-24 15:43:00+00:00,f2
BTCUSDT,2026-08-24 15:57:00+00:00,0.004600000000000001,TP,0.006140938707979703,0.006,2026-08-24 15:57:00+00:00,f2
BTCUSDT,2026-08-24 15:57:00+00:00,0.004600000000000001,TP,0.008349786942549932,0.006,2026-08-24 15:57:00+00:00,f2
BTCUSDT,2026-08-24 16:56:00+00:00,0.0005000000000000001,BE_STOP,0.0031752775996872935,0.006,2026-08-24 16:56:00+00:00,f2
BTCUSDT,2026-08-24 17:02:00+00:00,0.004600000000000001,TP,0.006145324201594938,0.006,2026-08-24 17:02:00+00:00,f2
BTCUSDT,2026-08-24 17:05:00+00:00,0.0005000000000000001,BE_STOP,0.004655500561346347,0.006,2026-08-24 17:05:00+00:00,f2
BTCUSDT,2026-08-24 17:22:00+00:00,0.004600000000000001,TP,0.00604439059260134,0.006,2026-08-24 17:22:00+00:00,f2
BTCUSDT,2026-08-24 17:27:00+00:00,0.0005000000000000001,BE_STOP,0.004756059946410198,0.006,2026-08-24 17:27:00+00:00,f2
BTCUSDT,2026-08-24 17:37:00+00:00,0.0005000000000000001,BE_STOP,0.0035935765295883673,0.006,2026-08-24 17:37:00+00:00,f2
NEARUSDT,2026-08-24 19:21:00+00:00,0.0005000000000000001,BE_STOP,0.004781736850223706,0.006,2026-08-24 19:21:00+00:00,f2
SOLUSDT,2026-08-24 22:37:00+00:00,-0.0414,MAE_KILL,0.0019000570017099734,0.006,2026-08-24 22:37:00+00:00,f2
SOLUSDT,2026-08-24 23:43:00+00:00,-0.0414,MAE_KILL,0.0023064042210357576,0.006,2026-08-24 23:43:00+00:00,f2
NEARUSDT,2026-08-25 00:00:00+00:00,0.004600000000000001,TP,0.006074333367651503,0.006,2026-08-25 00:00:00+00:00,f2
BTCUSDT,2026-08-25 00:44:00+00:00,0.004600000000000001,TP,0.00607986769883233,0.006,2026-08-25 00:44:00+00:00,f2
BTCUSDT,2026-08-25 00:45:00+00:00,0.004600000000000001,TP,0.00730837066920757,0.006,2026-08-25 00:45:00+00:00,f2
NEARUSDT,2026-08-25 00:47:00+00:00,0.004600000000000001,TP,0.00831505381829311,0.006,2026-08-25 00:47:00+00:00,f2
SOLUSDT,2026-08-25 01:05:00+00:00,0.0005000000000000001,BE_STOP,0.003931873670173752,0.007717510214887317,2026-08-25 01:05:00+00:00,f2
ETHUSDT,2026-08-25 01:33:00+00:00,0.0005000000000000001,BE_STOP,0.004336732647051722,0.006,2026-08-25 01:33:00+00:00,f2
BTCUSDT,2026-08-25 02:17:00+00:00,0.004600000000000001,TP,0.013702562868185858,0.006,2026-08-25 02:17:00+00:00,f2
BTCUSDT,2026-08-25 02:17:00+00:00,0.004600000000000001,TP,0.012804871938755097,0.006,2026-08-25 02:17:00+00:00,f2
BTCUSDT,2026-08-25 02:17:00+00:00,0.004600000000000001,TP,0.013271929824561476,0.006,2026-08-25 02:17:00+00:00,f2
ETHUSDT,2026-08-25 02:17:00+00:00,0.004600000000000001,TP,0.007334786930451863,0.006,2026-08-25 02:17:00+00:00,f2
XRPUSDT,2026-08-25 02:28:00+00:00,0.004600000000000001,TP,0.009314529353886514,0.006,2026-08-25 02:28:00+00:00,f2
BTCUSDT,2026-08-25 02:33:00+00:00,0.0005000000000000001,BE_STOP,0.003302786377708942,0.006,2026-08-25 02:33:00+00:00,f2
BTCUSDT,2026-08-25 02:41:00+00:00,0.004600000000000001,TP,0.006826247510682674,0.006,2026-08-25 02:41:00+00:00,f2
BTCUSDT,2026-08-25 02:44:00+00:00,0.0005000000000000001,BE_STOP,0.00537839954567553,0.006,2026-08-25 02:44:00+00:00,f2
ETHUSDT,2026-08-25 02:44:00+00:00,0.0005000000000000001,BE_STOP,0.004908482222636869,0.006,2026-08-25 02:44:00+00:00,f2
BTCUSDT,2026-08-25 03:52:00+00:00,0.0005000000000000001,BE_STOP,0.003910302252111006,0.006,2026-08-25 03:52:00+00:00,f2
BTCUSDT,2026-08-25 04:00:00+00:00,0.0005000000000000001,BE_STOP,0.003545822023811704,0.006,2026-08-25 04:00:00+00:00,f2
BTCUSDT,2026-08-25 04:03:00+00:00,0.0005000000000000001,BE_STOP,0.004172434151447877,0.006,2026-08-25 04:03:00+00:00,f2
BTCUSDT,2026-08-25 04:09:00+00:00,0.0005000000000000001,BE_STOP,0.0030068013349203943,0.006,2026-08-25 04:09:00+00:00,f2
BTCUSDT,2026-08-25 04:33:00+00:00,0.0005000000000000001,BE_STOP,0.0037312644149773504,0.006,2026-08-25 04:33:00+00:00,f2
SOLUSDT,2026-08-25 05:00:00+00:00,0.0005000000000000001,BE_STOP,0.005770767364091108,0.006,2026-08-25 05:00:00+00:00,f2
BTCUSDT,2026-08-25 05:32:00+00:00,0.004600000000000001,TP,0.006141730518498004,0.006,2026-08-25 05:32:00+00:00,f2
NEARUSDT,2026-08-25 06:41:00+00:00,0.004600000000000001,TP,0.007534766118836984,0.006,2026-08-25 06:41:00+00:00,f2
NEARUSDT,2026-08-25 06:49:00+00:00,-0.0264,MAE_KILL,0.002246181491464374,0.006126727420527956,2026-08-25 06:49:00+00:00,f2
BTCUSDT,2026-08-25 07:49:00+00:00,0.004600000000000001,TP,0.010827518462912225,0.006,2026-08-25 07:49:00+00:00,f2
BTCUSDT,2026-08-25 07:49:00+00:00,0.004600000000000001,TP,0.010724323411315994,0.006,2026-08-25 07:49:00+00:00,f2
BTCUSDT,2026-08-25 09:51:00+00:00,0.004600000000000001,TP,0.007425491177056926,0.006,2026-08-25 09:51:00+00:00,f2
BTCUSDT,2026-08-25 09:52:00+00:00,0.004600000000000001,TP,0.006853152827192507,0.006,2026-08-25 09:52:00+00:00,f2
SOLUSDT,2026-08-25 12:03:00+00:00,-0.0414,MAE_KILL,0.0011436279397103242,0.006,2026-08-25 12:03:00+00:00,f2
BTCUSDT,2026-08-25 12:07:00+00:00,0.004600000000000001,TP,0.006516566729138146,0.006,2026-08-25 12:07:00+00:00,f2
BTCUSDT,2026-08-25 12:12:00+00:00,0.0005000000000000001,BE_STOP,0.005301097533364354,0.006,2026-08-25 12:12:00+00:00,f2
BTCUSDT,2026-08-25 12:12:00+00:00,0.0005000000000000001,BE_STOP,0.005137508365371673,0.006,2026-08-25 12:12:00+00:00,f2
ETHUSDT,2026-08-25 12:24:00+00:00,0.0005000000000000001,BE_STOP,0.003115100744545558,0.006,2026-08-25 12:24:00+00:00,f2
BTCUSDT,2026-08-25 12:28:00+00:00,0.0005000000000000001,BE_STOP,0.0035940886499592805,0.006,2026-08-25 12:28:00+00:00,f2
NEARUSDT,2026-08-25 13:02:00+00:00,0.0005000000000000001,BE_STOP,0.0030087669243139634,0.006,2026-08-25 13:02:00+00:00,f2
BTCUSDT,2026-08-25 13:24:00+00:00,0.0005000000000000001,BE_STOP,0.003380445462231207,0.006,2026-08-25 13:24:00+00:00,f2
BTCUSDT,2026-08-25 13:51:00+00:00,0.004600000000000001,TP,0.006039057835690383,0.006,2026-08-25 13:51:00+00:00,f2
BTCUSDT,2026-08-25 13:51:00+00:00,0.004600000000000001,TP,0.008259749629117845,0.006,2026-08-25 13:51:00+00:00,f2
BTCUSDT,2026-08-25 13:51:00+00:00,0.004600000000000001,TP,0.008220698835612845,0.006,2026-08-25 13:51:00+00:00,f2
BTCUSDT,2026-08-25 13:54:00+00:00,0.0005000000000000001,BE_STOP,0.0035490498857821797,0.006,2026-08-25 13:54:00+00:00,f2
NEARUSDT,2026-08-25 14:06:00+00:00,0.00519306017368331,TP,0.009089476172962798,0.0065930601736833095,2026-08-25 14:06:00+00:00,f2
BTCUSDT,2026-08-25 14:25:00+00:00,0.004600000000000001,TP,0.006280360155281322,0.006,2026-08-25 14:25:00+00:00,f2
BTCUSDT,2026-08-25 14:35:00+00:00,0.0005000000000000001,BE_STOP,0.003439976830744287,0.006,2026-08-25 14:35:00+00:00,f2
ETHUSDT,2026-08-25 14:39:00+00:00,0.0005000000000000001,BE_STOP,0.004448938321536906,0.006,2026-08-25 14:39:00+00:00,f2
SOLUSDT,2026-08-25 14:59:00+00:00,0.0005000000000000001,BE_STOP,0.003255600346991913,0.006,2026-08-25 14:59:00+00:00,f2
NEARUSDT,2026-08-25 15:07:00+00:00,0.0005000000000000001,BE_STOP,0.0049504950495049835,0.006,2026-08-25 15:07:00+00:00,f2
BTCUSDT,2026-08-25 15:48:00+00:00,0.0005000000000000001,BE_STOP,0.003348071922293484,0.006,2026-08-25 15:48:00+00:00,f2
BTCUSDT,2026-08-25 16:08:00+00:00,0.0005000000000000001,BE_STOP,0.0037150280709238323,0.006,2026-08-25 16:08:00+00:00,f2
SOLUSDT,2026-08-25 17:18:00+00:00,0.0005000000000000001,BE_STOP,0.005355025957568582,0.006,2026-08-25 17:18:00+00:00,f2
NEARUSDT,2026-08-25 17:32:00+00:00,0.0005000000000000001,BE_STOP,0.005717916137230063,0.006,2026-08-25 17:32:00+00:00,f2
XRPUSDT,2026-08-25 18:27:00+00:00,0.0005000000000000001,BE_STOP,0.0034538805363674013,0.006,2026-08-25 18:27:00+00:00,f2
ETHUSDT,2026-08-25 18:31:00+00:00,0.0005000000000000001,BE_STOP,0.0039480464676546504,0.006,2026-08-25 18:31:00+00:00,f2
BTCUSDT,2026-08-25 20:51:00+00:00,0.0005000000000000001,BE_STOP,0.0030534214780703972,0.006,2026-08-25 20:51:00+00:00,f2
SOLUSDT,2026-08-25 21:07:00+00:00,0.004600000000000001,TP,0.008209756702052973,0.006,2026-08-25 21:07:00+00:00,f2
ETHUSDT,2026-08-25 21:07:00+00:00,0.004600000000000001,TP,0.0067297288435686714,0.006,2026-08-25 21:07:00+00:00,f2
BTCUSDT,2026-08-25 21:08:00+00:00,-0.0414,MAE_KILL,0.00029479786610742457,0.006,2026-08-25 21:08:00+00:00,f2
XRPUSDT,2026-08-25 21:08:00+00:00,-0.0414,MAE_KILL,0.0025011829919556793,0.006,2026-08-25 21:08:00+00:00,f2
BTCUSDT,2026-08-25 21:11:00+00:00,0.0005000000000000001,BE_STOP,0.004271612079269281,0.006,2026-08-25 21:11:00+00:00,f2
BTCUSDT,2026-08-25 21:13:00+00:00,0.0005000000000000001,BE_STOP,0.005770390587465702,0.006,2026-08-25 21:13:00+00:00,f2
ETHUSDT,2026-08-25 21:26:00+00:00,0.0005000000000000001,BE_STOP,0.003418697932736787,0.006,2026-08-25 21:26:00+00:00,f2
XRPUSDT,2026-08-25 21:29:00+00:00,0.0005000000000000001,BE_STOP,0.007816316560820782,0.008286890721115048,2026-08-25 21:29:00+00:00,f2
BTCUSDT,2026-08-25 22:08:00+00:00,0.004600000000000001,TP,0.00677266020289907,0.006,2026-08-25 22:08:00+00:00,f2
BTCUSDT,2026-08-25 22:08:00+00:00,0.004600000000000001,TP,0.006125406276946903,0.006,2026-08-25 22:08:00+00:00,f2
ETHUSDT,2026-08-25 23:10:00+00:00,0.0005000000000000001,BE_STOP,0.0033374183006536244,0.006,2026-08-25 23:10:00+00:00,f2
BTCUSDT,2026-08-26 00:09:00+00:00,0.004600000000000001,TP,0.006950471231291622,0.006,2026-08-26 00:09:00+00:00,f2
BTCUSDT,2026-08-26 03:07:00+00:00,0.0005000000000000001,BE_STOP,0.004144106912633938,0.006,2026-08-26 03:07:00+00:00,f2
BTCUSDT,2026-08-26 05:24:00+00:00,0.0005000000000000001,BE_STOP,0.005522016573641971,0.006,2026-08-26 05:24:00+00:00,f2
SOLUSDT,2026-08-26 10:16:00+00:00,0.0005000000000000001,BE_STOP,0.005826755297050343,0.006,2026-08-26 10:16:00+00:00,f2
ETHUSDT,2026-08-26 10:39:00+00:00,0.004600000000000001,TP,0.00790052520536882,0.006,2026-08-26 10:39:00+00:00,f2
BTCUSDT,2026-08-26 15:04:00+00:00,0.004600000000000001,TP,0.006313411099255868,0.006,2026-08-26 15:04:00+00:00,f2
BTCUSDT,2026-08-26 15:10:00+00:00,0.0005000000000000001,BE_STOP,0.005550428139260627,0.006,2026-08-26 15:10:00+00:00,f2
SOLUSDT,2026-08-26 22:15:00+00:00,0.004600000000000001,TP,0.0073046760071830644,0.006,2026-08-26 22:15:00+00:00,f2
SOLUSDT,2026-08-26 22:15:00+00:00,0.004600000000000001,TP,0.007141190671819763,0.006,2026-08-26 22:15:00+00:00,f2
BTCUSDT,2026-08-26 22:30:00+00:00,0.0005000000000000001,BE_STOP,0.0036728575950854925,0.006,2026-08-26 22:30:00+00:00,f2
SOLUSDT,2026-08-26 23:06:00+00:00,0.0005000000000000001,BE_STOP,0.004931775439158047,0.006287977957779038,2026-08-26 23:06:00+00:00,f2
BTCUSDT,2026-08-26 23:46:00+00:00,0.004600000000000001,TP,0.006048879215654404,0.006,2026-08-26 23:46:00+00:00,f2
BTCUSDT,2026-08-27 00:04:00+00:00,0.0005000000000000001,BE_STOP,0.0045100451004510414,0.006,2026-08-27 00:04:00+00:00,f2
BTCUSDT,2026-08-27 01:25:00+00:00,0.0005000000000000001,BE_STOP,0.0046375121230754,0.006,2026-08-27 01:25:00+00:00,f2
SOLUSDT,2026-08-27 01:29:00+00:00,0.004600000000000001,TP,0.00611663169563319,0.006,2026-08-27 01:29:00+00:00,f2
NEARUSDT,2026-08-27 04:36:00+00:00,-0.0264,MAE_KILL,0.0006317119393557012,0.006,2026-08-27 04:36:00+00:00,f2
BTCUSDT,2026-08-27 08:04:00+00:00,0.004600000000000001,TP,0.006751340199918584,0.006,2026-08-27 08:04:00+00:00,f2
ETHUSDT,2026-08-27 08:04:00+00:00,0.004600000000000001,TP,0.006738851517440726,0.006,2026-08-27 08:04:00+00:00,f2
ETHUSDT,2026-08-27 08:05:00+00:00,0.0005000000000000001,BE_STOP,0.0036419711272179054,0.006,2026-08-27 08:05:00+00:00,f2
ETHUSDT,2026-08-27 08:09:00+00:00,-0.0414,MAE_KILL,0.002786914264308142,0.006,2026-08-27 08:09:00+00:00,f2
SOLUSDT,2026-08-27 08:09:00+00:00,0.004600000000000001,TP,0.012912133321665771,0.006,2026-08-27 08:09:00+00:00,f2
BTCUSDT,2026-08-27 08:10:00+00:00,0.004600000000000001,TP,0.007288809948506576,0.006,2026-08-27 08:10:00+00:00,f2
SOLUSDT,2026-08-27 08:25:00+00:00,0.006042294059953992,TP,0.007758863457598215,0.007442294059953992,2026-08-27 08:25:00+00:00,f2
ETHUSDT,2026-08-27 08:29:00+00:00,-0.0414,MAE_KILL,0.0022940109488752145,0.006,2026-08-27 08:29:00+00:00,f2
ETHUSDT,2026-08-27 08:30:00+00:00,-0.0414,MAE_KILL,0.0016358023426002438,0.006,2026-08-27 08:30:00+00:00,f2
ETHUSDT,2026-08-27 08:30:00+00:00,0.004600000000000001,TP,0.008445470858768183,0.006,2026-08-27 08:30:00+00:00,f2
BTCUSDT,2026-08-27 08:39:00+00:00,0.0005000000000000001,BE_STOP,0.0031027071433865233,0.006,2026-08-27 08:39:00+00:00,f2
BTCUSDT,2026-08-27 08:43:00+00:00,0.004600000000000001,TP,0.006240799224932999,0.006,2026-08-27 08:43:00+00:00,f2
SOLUSDT,2026-08-27 08:45:00+00:00,0.004600000000000001,TP,0.009551594981561228,0.006,2026-08-27 08:45:00+00:00,f2
SOLUSDT,2026-08-27 08:48:00+00:00,0.004600000000000001,TP,0.0065929432508576805,0.006,2026-08-27 08:48:00+00:00,f2
NEARUSDT,2026-08-27 08:51:00+00:00,0.0005000000000000001,BE_STOP,0.0038673748259681648,0.006,2026-08-27 08:51:00+00:00,f2
BTCUSDT,2026-08-27 08:55:00+00:00,0.0005000000000000001,BE_STOP,0.004516727714274556,0.006,2026-08-27 08:55:00+00:00,f2
SOLUSDT,2026-08-27 09:01:00+00:00,0.0005000000000000001,BE_STOP,0.0033437125748503353,0.006,2026-08-27 09:01:00+00:00,f2
XRPUSDT,2026-08-27 09:25:00+00:00,0.004600000000000001,TP,0.007374939121964755,0.006,2026-08-27 09:25:00+00:00,f2
BTCUSDT,2026-08-27 09:26:00+00:00,0.004600000000000001,TP,0.0076235999483655935,0.006,2026-08-27 09:26:00+00:00,f2
BTCUSDT,2026-08-27 09:26:00+00:00,0.004600000000000001,TP,0.00636236304897759,0.006,2026-08-27 09:26:00+00:00,f2
BTCUSDT,2026-08-27 09:26:00+00:00,0.004600000000000001,TP,0.007344594543800659,0.006,2026-08-27 09:26:00+00:00,f2
BTCUSDT,2026-08-27 10:28:00+00:00,0.0005000000000000001,BE_STOP,0.005452643409413581,0.006,2026-08-27 10:28:00+00:00,f2
BTCUSDT,2026-08-27 10:29:00+00:00,0.0005000000000000001,BE_STOP,0.005670909188954607,0.006,2026-08-27 10:29:00+00:00,f2
BTCUSDT,2026-08-27 10:41:00+00:00,0.0005000000000000001,BE_STOP,0.0035361345213405404,0.006,2026-08-27 10:41:00+00:00,f2
BTCUSDT,2026-08-27 10:41:00+00:00,0.0005000000000000001,BE_STOP,0.003159220172764465,0.006,2026-08-27 10:41:00+00:00,f2
ETHUSDT,2026-08-27 11:34:00+00:00,0.0005000000000000001,BE_STOP,0.003750354089282221,0.006,2026-08-27 11:34:00+00:00,f2
SOLUSDT,2026-08-27 11:52:00+00:00,0.0005000000000000001,BE_STOP,0.0036833477967408235,0.006,2026-08-27 11:52:00+00:00,f2
BTCUSDT,2026-08-27 11:54:00+00:00,0.0005000000000000001,BE_STOP,0.0056191566614845305,0.006,2026-08-27 11:54:00+00:00,f2
XRPUSDT,2026-08-27 12:31:00+00:00,0.004600000000000001,TP,0.006103549880735183,0.006,2026-08-27 12:31:00+00:00,f2
SOLUSDT,2026-08-27 12:52:00+00:00,0.0005000000000000001,BE_STOP,0.003459146616072958,0.006,2026-08-27 12:52:00+00:00,f2
SOLUSDT,2026-08-27 13:10:00+00:00,0.0005000000000000001,BE_STOP,0.00310208145836124,0.006,2026-08-27 13:10:00+00:00,f2
BTCUSDT,2026-08-27 13:43:00+00:00,0.0005000000000000001,BE_STOP,0.0037086509986768686,0.006,2026-08-27 13:43:00+00:00,f2
BTCUSDT,2026-08-27 13:52:00+00:00,0.0005000000000000001,BE_STOP,0.005105007751488319,0.006,2026-08-27 13:52:00+00:00,f2
XRPUSDT,2026-08-27 13:56:00+00:00,0.004600000000000001,TP,0.006799383148745142,0.006,2026-08-27 13:56:00+00:00,f2
SOLUSDT,2026-08-27 13:57:00+00:00,0.004600000000000001,TP,0.007257100574876208,0.006,2026-08-27 13:57:00+00:00,f2
SOLUSDT,2026-08-27 13:57:00+00:00,0.004600000000000001,TP,0.010862735391001403,0.006,2026-08-27 13:57:00+00:00,f2
ETHUSDT,2026-08-27 14:07:00+00:00,0.0005000000000000001,BE_STOP,0.0034265103697025076,0.006,2026-08-27 14:07:00+00:00,f2
BTCUSDT,2026-08-27 14:07:00+00:00,0.0005000000000000001,BE_STOP,0.003850810054389546,0.006,2026-08-27 14:07:00+00:00,f2
BTCUSDT,2026-08-27 14:09:00+00:00,0.0005000000000000001,BE_STOP,0.00516507707292989,0.006,2026-08-27 14:09:00+00:00,f2
XRPUSDT,2026-08-27 14:19:00+00:00,0.004600000000000001,TP,0.006094182825484863,0.006,2026-08-27 14:19:00+00:00,f2
NEARUSDT,2026-08-27 14:20:00+00:00,0.004600000000000001,TP,0.006154809096599224,0.006,2026-08-27 14:20:00+00:00,f2
SOLUSDT,2026-08-27 14:25:00+00:00,0.0005000000000000001,BE_STOP,0.004821418442398144,0.006,2026-08-27 14:25:00+00:00,f2
BTCUSDT,2026-08-27 14:35:00+00:00,0.004600000000000001,TP,0.006620983599133007,0.006,2026-08-27 14:35:00+00:00,f2
BTCUSDT,2026-08-27 14:36:00+00:00,0.004600000000000001,TP,0.006168664539338929,0.006,2026-08-27 14:36:00+00:00,f2
BTCUSDT,2026-08-27 14:41:00+00:00,0.004600000000000001,TP,0.006175455135807434,0.006,2026-08-27 14:41:00+00:00,f2
XRPUSDT,2026-08-27 14:42:00+00:00,0.004600000000000001,TP,0.006502395619438632,0.006,2026-08-27 14:42:00+00:00,f2
BTCUSDT,2026-08-27 15:13:00+00:00,0.004600000000000001,TP,0.007426110018200248,0.006,2026-08-27 15:13:00+00:00,f2
BTCUSDT,2026-08-27 15:13:00+00:00,0.004600000000000001,TP,0.006430515537920103,0.006,2026-08-27 15:13:00+00:00,f2
BTCUSDT,2026-08-27 15:22:00+00:00,0.0005000000000000001,BE_STOP,0.005596503897009388,0.006,2026-08-27 15:22:00+00:00,f2
BTCUSDT,2026-08-27 15:22:00+00:00,0.0005000000000000001,BE_STOP,0.005738001935081418,0.006,2026-08-27 15:22:00+00:00,f2
BTCUSDT,2026-08-27 15:22:00+00:00,0.0005000000000000001,BE_STOP,0.005571464143426295,0.006,2026-08-27 15:22:00+00:00,f2
XRPUSDT,2026-08-27 15:36:00+00:00,0.0005000000000000001,BE_STOP,0.003633621280680009,0.006,2026-08-27 15:36:00+00:00,f2
NEARUSDT,2026-08-27 15:38:00+00:00,0.0005000000000000001,BE_STOP,0.0036399563205242146,0.006,2026-08-27 15:38:00+00:00,f2
BTCUSDT,2026-08-27 16:11:00+00:00,0.0005000000000000001,BE_STOP,0.0035280189620137577,0.006,2026-08-27 16:11:00+00:00,f2
SOLUSDT,2026-08-27 16:21:00+00:00,0.0005000000000000001,BE_STOP,0.0037700721433558404,0.006,2026-08-27 16:21:00+00:00,f2
SOLUSDT,2026-08-27 16:21:00+00:00,0.0005000000000000001,BE_STOP,0.0037700721433558404,0.006,2026-08-27 16:21:00+00:00,f2
SOLUSDT,2026-08-27 16:22:00+00:00,0.004600000000000001,TP,0.00998069155931989,0.006,2026-08-27 16:22:00+00:00,f2
ETHUSDT,2026-08-27 16:46:00+00:00,0.0005000000000000001,BE_STOP,0.00322489907333669,0.006,2026-08-27 16:46:00+00:00,f2
BTCUSDT,2026-08-27 17:22:00+00:00,0.0005000000000000001,BE_STOP,0.003057864880595516,0.006,2026-08-27 17:22:00+00:00,f2
BTCUSDT,2026-08-27 17:42:00+00:00,0.0005000000000000001,BE_STOP,0.004889832678951998,0.006,2026-08-27 17:42:00+00:00,f2
BTCUSDT,2026-08-27 17:42:00+00:00,0.0005000000000000001,BE_STOP,0.004706209934752064,0.006,2026-08-27 17:42:00+00:00,f2
ETHUSDT,2026-08-27 18:13:00+00:00,0.004600000000000001,TP,0.010490704489322699,0.006,2026-08-27 18:13:00+00:00,f2
BTCUSDT,2026-08-27 18:13:00+00:00,0.004600000000000001,TP,0.007140150926989881,0.006,2026-08-27 18:13:00+00:00,f2
BTCUSDT,2026-08-27 18:13:00+00:00,0.004600000000000001,TP,0.006336604614271435,0.006,2026-08-27 18:13:00+00:00,f2
BTCUSDT,2026-08-27 18:27:00+00:00,0.0005000000000000001,BE_STOP,0.004161721160934118,0.006,2026-08-27 18:27:00+00:00,f2
BTCUSDT,2026-08-28 01:18:00+00:00,-0.0414,MAE_KILL,0.0014832199496938345,0.006,2026-08-28 01:18:00+00:00,f2
BTCUSDT,2026-08-28 01:30:00+00:00,0.004600000000000001,TP,0.006008268805583959,0.006,2026-08-28 01:30:00+00:00,f2
ETHUSDT,2026-08-28 01:34:00+00:00,0.0005000000000000001,BE_STOP,0.003531945896290694,0.006,2026-08-28 01:34:00+00:00,f2
BTCUSDT,2026-08-28 01:35:00+00:00,0.0005000000000000001,BE_STOP,0.005200884952476374,0.006,2026-08-28 01:35:00+00:00,f2
BTCUSDT,2026-08-28 02:53:00+00:00,0.0005000000000000001,BE_STOP,0.0032634265979278607,0.006,2026-08-28 02:53:00+00:00,f2
ETHUSDT,2026-08-28 04:09:00+00:00,0.004600000000000001,TP,0.006118638964167332,0.006,2026-08-28 04:09:00+00:00,f2
ETHUSDT,2026-08-28 04:12:00+00:00,0.0005000000000000001,BE_STOP,0.005982950598495684,0.006,2026-08-28 04:12:00+00:00,f2
BTCUSDT,2026-08-28 04:13:00+00:00,0.0005000000000000001,BE_STOP,0.003911951669558381,0.006,2026-08-28 04:13:00+00:00,f2
XRPUSDT,2026-08-28 09:35:00+00:00,-0.0414,MAE_KILL,0.0022448979591837286,0.006,2026-08-28 09:35:00+00:00,f2
BTCUSDT,2026-08-28 10:03:00+00:00,0.004600000000000001,TP,0.0061670204366496865,0.006,2026-08-28 10:03:00+00:00,f2
ETHUSDT,2026-08-28 10:12:00+00:00,0.0005000000000000001,BE_STOP,0.0033977814013639467,0.006,2026-08-28 10:12:00+00:00,f2
BTCUSDT,2026-08-28 14:05:00+00:00,0.004600000000000001,TP,0.0064108231264509066,0.006,2026-08-28 14:05:00+00:00,f2
BTCUSDT,2026-08-28 14:05:00+00:00,0.004600000000000001,TP,0.006373175574293163,0.006,2026-08-28 14:05:00+00:00,f2
ETHUSDT,2026-08-28 14:13:00+00:00,0.004600000000000001,TP,0.006984617738111199,0.006,2026-08-28 14:13:00+00:00,f2
SOLUSDT,2026-08-28 14:14:00+00:00,0.0005000000000000001,BE_STOP,0.0037242693406984734,0.006615424166644932,2026-08-28 14:14:00+00:00,f2
SOLUSDT,2026-08-28 14:17:00+00:00,0.0005000000000000001,BE_STOP,0.004452137121977095,0.008132259105863614,2026-08-28 14:17:00+00:00,f2
BTCUSDT,2026-08-28 14:18:00+00:00,0.0005000000000000001,BE_STOP,0.004122626535023825,0.006,2026-08-28 14:18:00+00:00,f2
NEARUSDT,2026-08-28 14:34:00+00:00,0.004600000000000001,TP,0.007567158531971251,0.006,2026-08-28 14:34:00+00:00,f2
BTCUSDT,2026-08-28 15:02:00+00:00,0.0005000000000000001,BE_STOP,0.004936624416277482,0.006,2026-08-28 15:02:00+00:00,f2
BTCUSDT,2026-08-28 15:58:00+00:00,0.004600000000000001,TP,0.006046104242301187,0.006,2026-08-28 15:58:00+00:00,f2
BTCUSDT,2026-08-28 16:01:00+00:00,0.004600000000000001,TP,0.006374478660073785,0.006,2026-08-28 16:01:00+00:00,f2
XRPUSDT,2026-08-28 16:02:00+00:00,0.004600000000000001,TP,0.006060173962640933,0.006,2026-08-28 16:02:00+00:00,f2
ETHUSDT,2026-08-28 16:03:00+00:00,-0.0414,MAE_KILL,0.001273391217126916,0.006,2026-08-28 16:03:00+00:00,f2
BTCUSDT,2026-08-28 16:12:00+00:00,-0.0414,MAE_KILL,0.0003279129083038553,0.006,2026-08-28 16:12:00+00:00,f2
BTCUSDT,2026-08-28 16:14:00+00:00,-0.0414,MAE_KILL,0.0005589770103738102,0.006,2026-08-28 16:14:00+00:00,f2
BTCUSDT,2026-08-28 16:16:00+00:00,0.004600000000000001,TP,0.006399310312188658,0.006,2026-08-28 16:16:00+00:00,f2
BTCUSDT,2026-08-28 16:17:00+00:00,0.004600000000000001,TP,0.006946364744318547,0.006,2026-08-28 16:17:00+00:00,f2
BTCUSDT,2026-08-28 16:17:00+00:00,0.004600000000000001,TP,0.00686753744241855,0.006,2026-08-28 16:17:00+00:00,f2
ETHUSDT,2026-08-28 16:23:00+00:00,0.004600000000000001,TP,0.006406879739314744,0.006,2026-08-28 16:23:00+00:00,f2
NEARUSDT,2026-08-29 08:12:00+00:00,-0.0264,MAE_KILL,0.0006019481230163625,0.006,2026-08-29 08:12:00+00:00,f2
NEARUSDT,2026-08-29 08:43:00+00:00,-0.0264,MAE_KILL,0.001149802890932978,0.006,2026-08-29 08:43:00+00:00,f2
BTCUSDT,2026-08-29 14:43:00+00:00,0.004600000000000001,TP,0.006053164142257779,0.006,2026-08-29 14:43:00+00:00,f2
BTCUSDT,2026-08-29 15:02:00+00:00,0.0005000000000000001,BE_STOP,0.004509229266286221,0.006,2026-08-29 15:02:00+00:00,f2
BTCUSDT,2026-08-29 15:02:00+00:00,0.0005000000000000001,BE_STOP,0.00457766802458399,0.006,2026-08-29 15:02:00+00:00,f2
BTCUSDT,2026-08-29 15:02:00+00:00,0.0005000000000000001,BE_STOP,0.004621577044067605,0.006,2026-08-29 15:02:00+00:00,f2
SOLUSDT,2026-08-29 15:06:00+00:00,0.0005000000000000001,BE_STOP,0.005597032714513223,0.006,2026-08-29 15:06:00+00:00,f2
SOLUSDT,2026-08-29 19:16:00+00:00,0.004600000000000001,TP,0.006801944499938061,0.006,2026-08-29 19:16:00+00:00,f2
BTCUSDT,2026-08-30 04:19:00+00:00,-0.02347674655309041,MAX_AGE,0.001189344971386864,0.006,2026-08-30 04:19:00+00:00,f2
BTCUSDT,2026-08-30 04:22:00+00:00,-0.02364170319348779,MAX_AGE,0.001514088916718775,0.006,2026-08-30 04:22:00+00:00,f2
BTCUSDT,2026-08-30 12:32:00+00:00,0.004600000000000001,TP,0.006275565165054723,0.006,2026-08-30 12:32:00+00:00,f2
SOLUSDT,2026-08-30 12:59:00+00:00,0.004600000000000001,TP,0.006761754831857141,0.006,2026-08-30 12:59:00+00:00,f2
NEARUSDT,2026-08-30 13:06:00+00:00,0.0005000000000000001,BE_STOP,0.0030323987870405056,0.006,2026-08-30 13:06:00+00:00,f2
BTCUSDT,2026-08-30 15:02:00+00:00,-0.011063720645724865,MAX_AGE,0.00046317389914392006,0.006,2026-08-30 15:02:00+00:00,f2
ETHUSDT,2026-08-30 15:09:00+00:00,0.004600000000000001,TP,0.006051363584743455,0.006,2026-08-30 15:09:00+00:00,f2
SOLUSDT,2026-08-30 15:15:00+00:00,0.004600000000000001,TP,0.0063789868667916754,0.006,2026-08-30 15:15:00+00:00,f2
SOLUSDT,2026-08-30 17:24:00+00:00,0.004600000000000001,TP,0.011329099035521126,0.006,2026-08-30 17:24:00+00:00,f2
NEARUSDT,2026-08-30 18:52:00+00:00,-0.0264,MAE_KILL,0.0017127870256383297,0.006,2026-08-30 18:52:00+00:00,f2
NEARUSDT,2026-08-30 18:57:00+00:00,0.004600000000000001,TP,0.008157289270027105,0.006,2026-08-30 18:57:00+00:00,f2
BTCUSDT,2026-08-30 20:43:00+00:00,0.004600000000000001,TP,0.006039046255905365,0.006,2026-08-30 20:43:00+00:00,f2
NEARUSDT,2026-08-30 20:46:00+00:00,0.0005000000000000001,BE_STOP,0.005482514504710692,0.006,2026-08-30 20:46:00+00:00,f2
BTCUSDT,2026-08-30 21:01:00+00:00,0.004600000000000001,TP,0.007484950189121407,0.006,2026-08-30 21:01:00+00:00,f2
XRPUSDT,2026-08-30 21:01:00+00:00,0.004600000000000001,TP,0.0089535133586419,0.006,2026-08-30 21:01:00+00:00,f2
ETHUSDT,2026-08-30 22:32:00+00:00,0.0005000000000000001,BE_STOP,0.003707079914919514,0.006,2026-08-30 22:32:00+00:00,f2
BTCUSDT,2026-08-30 23:19:00+00:00,0.0005000000000000001,BE_STOP,0.003639318415486976,0.006,2026-08-30 23:19:00+00:00,f2
BTCUSDT,2026-08-30 23:20:00+00:00,0.0005000000000000001,BE_STOP,0.0041652217371791886,0.006,2026-08-30 23:20:00+00:00,f2
ETHUSDT,2026-08-30 23:23:00+00:00,0.004600000000000001,TP,0.008662786672259934,0.006,2026-08-30 23:23:00+00:00,f2
ETHUSDT,2026-08-30 23:23:00+00:00,0.004600000000000001,TP,0.011195879136503582,0.006,2026-08-30 23:23:00+00:00,f2
BTCUSDT,2026-08-30 23:26:00+00:00,0.0005000000000000001,BE_STOP,0.0046381821091375,0.006,2026-08-30 23:26:00+00:00,f2
NEARUSDT,2026-08-30 23:28:00+00:00,0.004600000000000001,TP,0.009598698481561849,0.006,2026-08-30 23:28:00+00:00,f2
ETHUSDT,2026-08-30 23:29:00+00:00,0.004600000000000001,TP,0.009186061736881843,0.006,2026-08-30 23:29:00+00:00,f2
ETHUSDT,2026-08-30 23:29:00+00:00,0.004600000000000001,TP,0.009003589158041638,0.006,2026-08-30 23:29:00+00:00,f2
BTCUSDT,2026-08-30 23:30:00+00:00,0.004600000000000001,TP,0.006483480578387971,0.006,2026-08-30 23:30:00+00:00,f2
BTCUSDT,2026-08-30 23:31:00+00:00,0.0005000000000000001,BE_STOP,0.004092112344282099,0.006,2026-08-30 23:31:00+00:00,f2
BTCUSDT,2026-08-30 23:37:00+00:00,0.0005000000000000001,BE_STOP,0.0037532525830942646,0.006,2026-08-30 23:37:00+00:00,f2
BTCUSDT,2026-08-30 23:41:00+00:00,0.004600000000000001,TP,0.0063126152042635,0.006,2026-08-30 23:41:00+00:00,f2
ETHUSDT,2026-08-30 23:43:00+00:00,0.0005000000000000001,BE_STOP,0.0036005392512702835,0.006,2026-08-30 23:43:00+00:00,f2
BTCUSDT,2026-08-30 23:46:00+00:00,0.004600000000000001,TP,0.006916090433063217,0.006,2026-08-30 23:46:00+00:00,f2
BTCUSDT,2026-08-30 23:47:00+00:00,0.004600000000000001,TP,0.00732804014289553,0.006,2026-08-30 23:47:00+00:00,f2
BTCUSDT,2026-08-30 23:47:00+00:00,0.004600000000000001,TP,0.006400907365758569,0.006,2026-08-30 23:47:00+00:00,f2
NEARUSDT,2026-08-31 00:16:00+00:00,0.004600000000000001,TP,0.00824492936843848,0.006,2026-08-31 00:16:00+00:00,f2
ETHUSDT,2026-08-31 00:23:00+00:00,0.004600000000000001,TP,0.006480473744977348,0.006,2026-08-31 00:23:00+00:00,f2
BTCUSDT,2026-08-31 00:35:00+00:00,0.004600000000000001,TP,0.006998595125472051,0.006,2026-08-31 00:35:00+00:00,f2
SOLUSDT,2026-08-31 00:36:00+00:00,0.004600000000000001,TP,0.006872447376688687,0.006,2026-08-31 00:36:00+00:00,f2
NEARUSDT,2026-08-31 00:38:00+00:00,-0.0264,MAE_KILL,0.000497210098889632,0.007039863622372858,2026-08-31 00:38:00+00:00,f2
BTCUSDT,2026-08-31 00:47:00+00:00,0.0005000000000000001,BE_STOP,0.0043003983039958515,0.006,2026-08-31 00:47:00+00:00,f3
NEARUSDT,2026-08-31 00:54:00+00:00,0.004600000000000001,TP,0.006768371293511048,0.006,2026-08-31 00:54:00+00:00,f3
BTCUSDT,2026-08-31 01:04:00+00:00,0.0005000000000000001,BE_STOP,0.005859008047932463,0.006,2026-08-31 01:04:00+00:00,f3
ETHUSDT,2026-08-31 02:06:00+00:00,0.0005000000000000001,BE_STOP,0.005210808398451085,0.006,2026-08-31 02:06:00+00:00,f3
SOLUSDT,2026-08-31 02:35:00+00:00,0.0005000000000000001,BE_STOP,0.005800349987219601,0.006,2026-08-31 02:35:00+00:00,f3
ETHUSDT,2026-08-31 03:09:00+00:00,0.0005000000000000001,BE_STOP,0.005781136763640143,0.006,2026-08-31 03:09:00+00:00,f3
NEARUSDT,2026-08-31 03:19:00+00:00,0.004600000000000001,TP,0.0064384767774597305,0.006,2026-08-31 03:19:00+00:00,f3
ETHUSDT,2026-08-31 04:02:00+00:00,0.0005000000000000001,BE_STOP,0.004113385278802949,0.006,2026-08-31 04:02:00+00:00,f3
SOLUSDT,2026-08-31 05:25:00+00:00,0.004600000000000001,TP,0.007157664176477484,0.006,2026-08-31 05:25:00+00:00,f3
SOLUSDT,2026-08-31 05:25:00+00:00,0.004600000000000001,TP,0.007285707300376554,0.006,2026-08-31 05:25:00+00:00,f3
BTCUSDT,2026-08-31 07:29:00+00:00,0.0005000000000000001,BE_STOP,0.003066851993005351,0.006,2026-08-31 07:29:00+00:00,f3
BTCUSDT,2026-08-31 07:31:00+00:00,0.0005000000000000001,BE_STOP,0.0036364242298394063,0.006,2026-08-31 07:31:00+00:00,f3
BTCUSDT,2026-08-31 07:31:00+00:00,0.0005000000000000001,BE_STOP,0.0035939733015463338,0.006,2026-08-31 07:31:00+00:00,f3
BTCUSDT,2026-08-31 08:03:00+00:00,0.0005000000000000001,BE_STOP,0.004028943767895872,0.006,2026-08-31 08:03:00+00:00,f3
XRPUSDT,2026-08-31 08:03:00+00:00,0.0005000000000000001,BE_STOP,0.003946502959877109,0.006,2026-08-31 08:03:00+00:00,f3
ETHUSDT,2026-08-31 08:09:00+00:00,0.0005000000000000001,BE_STOP,0.003052478038547192,0.006,2026-08-31 08:09:00+00:00,f3
SOLUSDT,2026-08-31 08:09:00+00:00,0.0005000000000000001,BE_STOP,0.0036679931115674055,0.006,2026-08-31 08:09:00+00:00,f3
BTCUSDT,2026-08-31 08:44:00+00:00,0.0005000000000000001,BE_STOP,0.003407202960071446,0.006,2026-08-31 08:44:00+00:00,f3
BTCUSDT,2026-08-31 08:44:00+00:00,0.0005000000000000001,BE_STOP,0.0031813863325699915,0.006,2026-08-31 08:44:00+00:00,f3
BTCUSDT,2026-08-31 09:08:00+00:00,0.004600000000000001,TP,0.006082537038716422,0.006,2026-08-31 09:08:00+00:00,f3
BTCUSDT,2026-08-31 09:09:00+00:00,0.004600000000000001,TP,0.006093238944111115,0.006,2026-08-31 09:09:00+00:00,f3
NEARUSDT,2026-08-31 09:11:00+00:00,0.0005000000000000001,BE_STOP,0.0037378114842903064,0.006,2026-08-31 09:11:00+00:00,f3
SOLUSDT,2026-08-31 10:12:00+00:00,0.0005000000000000001,BE_STOP,0.004532132528483519,0.006,2026-08-31 10:12:00+00:00,f3
BTCUSDT,2026-08-31 12:30:00+00:00,0.004600000000000001,TP,0.006191421515189839,0.006,2026-08-31 12:30:00+00:00,f3
BTCUSDT,2026-08-31 12:59:00+00:00,0.0005000000000000001,BE_STOP,0.0044363581346268015,0.006,2026-08-31 12:59:00+00:00,f3
BTCUSDT,2026-08-31 13:00:00+00:00,0.0005000000000000001,BE_STOP,0.004969647729122199,0.006,2026-08-31 13:00:00+00:00,f3
SOLUSDT,2026-08-31 13:38:00+00:00,0.0005000000000000001,BE_STOP,0.0036515896586980868,0.006,2026-08-31 13:38:00+00:00,f3
ETHUSDT,2026-08-31 14:04:00+00:00,0.0005000000000000001,BE_STOP,0.004628873055301317,0.006,2026-08-31 14:04:00+00:00,f3
ETHUSDT,2026-08-31 14:41:00+00:00,0.004600000000000001,TP,0.006955636955637015,0.006,2026-08-31 14:41:00+00:00,f3
SOLUSDT,2026-08-31 14:41:00+00:00,0.004600000000000001,TP,0.009940590582290389,0.006,2026-08-31 14:41:00+00:00,f3
ETHUSDT,2026-08-31 15:47:00+00:00,0.0005000000000000001,BE_STOP,0.0037262200332930768,0.006,2026-08-31 15:47:00+00:00,f3
BTCUSDT,2026-08-31 15:53:00+00:00,0.0005000000000000001,BE_STOP,0.0036297733175975557,0.006,2026-08-31 15:53:00+00:00,f3
SOLUSDT,2026-08-31 16:42:00+00:00,0.0005000000000000001,BE_STOP,0.004850452482090217,0.006,2026-08-31 16:42:00+00:00,f3
XRPUSDT,2026-08-31 16:49:00+00:00,0.0005000000000000001,BE_STOP,0.0031279551902232998,0.006,2026-08-31 16:49:00+00:00,f3
BTCUSDT,2026-08-31 16:57:00+00:00,0.0005000000000000001,BE_STOP,0.003725920854722024,0.006,2026-08-31 16:57:00+00:00,f3
BTCUSDT,2026-08-31 16:57:00+00:00,0.0005000000000000001,BE_STOP,0.0035381994496133076,0.006,2026-08-31 16:57:00+00:00,f3
BTCUSDT,2026-08-31 17:46:00+00:00,0.0005000000000000001,BE_STOP,0.0035862829441310772,0.006,2026-08-31 17:46:00+00:00,f3
BTCUSDT,2026-08-31 18:01:00+00:00,0.0005000000000000001,BE_STOP,0.004085030663150128,0.006,2026-08-31 18:01:00+00:00,f3
BTCUSDT,2026-08-31 18:01:00+00:00,0.0005000000000000001,BE_STOP,0.004162885114539719,0.006,2026-08-31 18:01:00+00:00,f3
SOLUSDT,2026-08-31 18:24:00+00:00,0.0005000000000000001,BE_STOP,0.005042503863987689,0.006,2026-08-31 18:24:00+00:00,f3
NEARUSDT,2026-08-31 18:42:00+00:00,0.0005000000000000001,BE_STOP,0.004109077325364236,0.006,2026-08-31 18:42:00+00:00,f3
BTCUSDT,2026-08-31 18:53:00+00:00,0.0005000000000000001,BE_STOP,0.004376609047443987,0.006,2026-08-31 18:53:00+00:00,f3
NEARUSDT,2026-08-31 19:49:00+00:00,0.0005000000000000001,BE_STOP,0.005345306820611508,0.006,2026-08-31 19:49:00+00:00,f3
SOLUSDT,2026-08-31 21:30:00+00:00,0.0005000000000000001,BE_STOP,0.00578185077043156,0.006,2026-08-31 21:30:00+00:00,f3
NEARUSDT,2026-08-31 22:57:00+00:00,-0.0264,MAE_KILL,0.0013952989159600386,0.006,2026-08-31 22:57:00+00:00,f3
BTCUSDT,2026-08-31 23:19:00+00:00,0.0005000000000000001,BE_STOP,0.0033312642777555586,0.006,2026-08-31 23:19:00+00:00,f3
ETHUSDT,2026-09-01 01:28:00+00:00,0.0005000000000000001,BE_STOP,0.003116086390249364,0.006,2026-09-01 01:28:00+00:00,f3
BTCUSDT,2026-09-01 01:35:00+00:00,0.0005000000000000001,BE_STOP,0.0030684294121239397,0.006,2026-09-01 01:35:00+00:00,f3
BTCUSDT,2026-09-01 02:24:00+00:00,0.0005000000000000001,BE_STOP,0.003233208043864493,0.006,2026-09-01 02:24:00+00:00,f3
ETHUSDT,2026-09-01 02:27:00+00:00,0.0005000000000000001,BE_STOP,0.004160578015911674,0.006,2026-09-01 02:27:00+00:00,f3
NEARUSDT,2026-09-01 03:46:00+00:00,-0.0264,MAE_KILL,0.0,0.006,2026-09-01 03:46:00+00:00,f3
BTCUSDT,2026-09-01 05:12:00+00:00,0.0005000000000000001,BE_STOP,0.003018890938753181,0.006,2026-09-01 05:12:00+00:00,f3
BTCUSDT,2026-09-01 06:02:00+00:00,0.0005000000000000001,BE_STOP,0.0032124200061815177,0.006,2026-09-01 06:02:00+00:00,f3
BTCUSDT,2026-09-01 06:16:00+00:00,0.0005000000000000001,BE_STOP,0.00453196921863172,0.006,2026-09-01 06:16:00+00:00,f3
BTCUSDT,2026-09-01 08:06:00+00:00,0.004600000000000001,TP,0.007190406370745592,0.006,2026-09-01 08:06:00+00:00,f3
BTCUSDT,2026-09-01 08:26:00+00:00,0.004600000000000001,TP,0.006234964271409766,0.006,2026-09-01 08:26:00+00:00,f3
BTCUSDT,2026-09-01 10:31:00+00:00,0.0005000000000000001,BE_STOP,0.005936653528101231,0.006,2026-09-01 10:31:00+00:00,f3
NEARUSDT,2026-09-01 10:44:00+00:00,0.0005000000000000001,BE_STOP,0.00346056505345806,0.006,2026-09-01 10:44:00+00:00,f3
BTCUSDT,2026-09-01 12:42:00+00:00,0.0005000000000000001,BE_STOP,0.0032084628499515176,0.006,2026-09-01 12:42:00+00:00,f3
ETHUSDT,2026-09-01 13:06:00+00:00,0.004600000000000001,TP,0.008424368888343232,0.006,2026-09-01 13:06:00+00:00,f3
XRPUSDT,2026-09-01 13:07:00+00:00,0.0005000000000000001,BE_STOP,0.0041865589423430325,0.006,2026-09-01 13:07:00+00:00,f3
BTCUSDT,2026-09-01 13:43:00+00:00,0.0005000000000000001,BE_STOP,0.0032051323291186567,0.006,2026-09-01 13:43:00+00:00,f3
BTCUSDT,2026-09-01 13:44:00+00:00,0.0005000000000000001,BE_STOP,0.004491162240826528,0.006,2026-09-01 13:44:00+00:00,f3
BTCUSDT,2026-09-01 13:58:00+00:00,0.0005000000000000001,BE_STOP,0.0039628880541912204,0.006,2026-09-01 13:58:00+00:00,f3
XRPUSDT,2026-09-01 14:01:00+00:00,0.004600000000000001,TP,0.006719742896793585,0.006,2026-09-01 14:01:00+00:00,f3
BTCUSDT,2026-09-01 14:12:00+00:00,0.0005000000000000001,BE_STOP,0.0032828890447496816,0.006,2026-09-01 14:12:00+00:00,f3
XRPUSDT,2026-09-01 14:19:00+00:00,0.0005000000000000001,BE_STOP,0.005310249508983678,0.006,2026-09-01 14:19:00+00:00,f3
NEARUSDT,2026-09-01 14:23:00+00:00,0.004600000000000001,TP,0.008799248603490168,0.006,2026-09-01 14:23:00+00:00,f3
NEARUSDT,2026-09-01 16:17:00+00:00,-0.0264,MAE_KILL,0.0020123687052126314,0.006,2026-09-01 16:17:00+00:00,f3
BTCUSDT,2026-09-01 16:40:00+00:00,0.0005000000000000001,BE_STOP,0.0039152188178026,0.006,2026-09-01 16:40:00+00:00,f3
BTCUSDT,2026-09-01 16:41:00+00:00,0.0005000000000000001,BE_STOP,0.0043259696061010945,0.006,2026-09-01 16:41:00+00:00,f3
SOLUSDT,2026-09-01 16:46:00+00:00,0.0005000000000000001,BE_STOP,0.004273335179836211,0.006,2026-09-01 16:46:00+00:00,f3
NEARUSDT,2026-09-01 17:06:00+00:00,0.004614731142100191,TP,0.006317505604238939,0.006014731142100191,2026-09-01 17:06:00+00:00,f3
BTCUSDT,2026-09-01 18:19:00+00:00,0.004600000000000001,TP,0.006095004676061788,0.006,2026-09-01 18:19:00+00:00,f3
BTCUSDT,2026-09-01 18:27:00+00:00,0.004600000000000001,TP,0.006615073998147699,0.006,2026-09-01 18:27:00+00:00,f3
BTCUSDT,2026-09-01 18:27:00+00:00,0.004600000000000001,TP,0.007357496902106567,0.006,2026-09-01 18:27:00+00:00,f3
BTCUSDT,2026-09-01 18:28:00+00:00,0.004600000000000001,TP,0.006787157387171045,0.006,2026-09-01 18:28:00+00:00,f3
SOLUSDT,2026-09-01 18:28:00+00:00,0.004600000000000001,TP,0.00693051432239417,0.006,2026-09-01 18:28:00+00:00,f3
ETHUSDT,2026-09-01 18:37:00+00:00,0.004600000000000001,TP,0.006706155248115153,0.006,2026-09-01 18:37:00+00:00,f3
SOLUSDT,2026-09-01 18:40:00+00:00,0.0005000000000000001,BE_STOP,0.004463969389924209,0.006,2026-09-01 18:40:00+00:00,f3
BTCUSDT,2026-09-01 18:45:00+00:00,0.004600000000000001,TP,0.00785710666723813,0.006,2026-09-01 18:45:00+00:00,f3
SOLUSDT,2026-09-01 18:49:00+00:00,0.0005000000000000001,BE_STOP,0.0036300585068087922,0.006,2026-09-01 18:49:00+00:00,f3
SOLUSDT,2026-09-01 18:49:00+00:00,0.0005000000000000001,BE_STOP,0.004992101745716665,0.006,2026-09-01 18:49:00+00:00,f3
NEARUSDT,2026-09-01 19:04:00+00:00,0.004600000000000001,TP,0.007432998324958118,0.006,2026-09-01 19:04:00+00:00,f3
BTCUSDT,2026-09-01 19:23:00+00:00,0.004600000000000001,TP,0.006466167368804323,0.006,2026-09-01 19:23:00+00:00,f3
BTCUSDT,2026-09-01 19:29:00+00:00,0.0005000000000000001,BE_STOP,0.0030254521341351722,0.006,2026-09-01 19:29:00+00:00,f3
BTCUSDT,2026-09-01 23:52:00+00:00,0.0005000000000000001,BE_STOP,0.003760750080827713,0.006,2026-09-01 23:52:00+00:00,f3
BTCUSDT,2026-09-01 23:54:00+00:00,0.0005000000000000001,BE_STOP,0.004019139746278022,0.006,2026-09-01 23:54:00+00:00,f3
NEARUSDT,2026-09-02 00:07:00+00:00,0.0005000000000000001,BE_STOP,0.004657563247591786,0.006,2026-09-02 00:07:00+00:00,f3
BTCUSDT,2026-09-02 01:14:00+00:00,0.0005000000000000001,BE_STOP,0.003747254167205065,0.006,2026-09-02 01:14:00+00:00,f3
NEARUSDT,2026-09-02 01:25:00+00:00,0.0005000000000000001,BE_STOP,0.0032815105707676554,0.006,2026-09-02 01:25:00+00:00,f3
SOLUSDT,2026-09-02 01:40:00+00:00,0.004600000000000001,TP,0.0068421581432733585,0.006,2026-09-02 01:40:00+00:00,f3
SOLUSDT,2026-09-02 01:50:00+00:00,0.004600000000000001,TP,0.006900656773034953,0.006,2026-09-02 01:50:00+00:00,f3
XRPUSDT,2026-09-02 03:30:00+00:00,0.0005000000000000001,BE_STOP,0.003845300598979421,0.006,2026-09-02 03:30:00+00:00,f3
ETHUSDT,2026-09-02 09:23:00+00:00,-0.0414,MAE_KILL,0.00048358432703207087,0.006,2026-09-02 09:23:00+00:00,f3
BTCUSDT,2026-09-02 09:48:00+00:00,0.0005000000000000001,BE_STOP,0.0036104376841062536,0.006,2026-09-02 09:48:00+00:00,f3
SOLUSDT,2026-09-02 09:49:00+00:00,0.0005000000000000001,BE_STOP,0.005815602836879413,0.006,2026-09-02 09:49:00+00:00,f3
ETHUSDT,2026-09-02 10:32:00+00:00,-0.0414,MAE_KILL,0.0014552845528454988,0.006,2026-09-02 10:32:00+00:00,f3
ETHUSDT,2026-09-02 10:33:00+00:00,0.004600000000000001,TP,0.006265722243524602,0.006,2026-09-02 10:33:00+00:00,f3
NEARUSDT,2026-09-02 10:50:00+00:00,0.004600000000000001,TP,0.006800130562506776,0.006,2026-09-02 10:50:00+00:00,f3
BTCUSDT,2026-09-02 10:54:00+00:00,0.0005000000000000001,BE_STOP,0.003761309740851096,0.006,2026-09-02 10:54:00+00:00,f3
BTCUSDT,2026-09-02 10:54:00+00:00,0.0005000000000000001,BE_STOP,0.004268831910171503,0.006,2026-09-02 10:54:00+00:00,f3
BTCUSDT,2026-09-02 10:55:00+00:00,0.0005000000000000001,BE_STOP,0.004687473477909465,0.006,2026-09-02 10:55:00+00:00,f3
SOLUSDT,2026-09-02 11:28:00+00:00,0.0005000000000000001,BE_STOP,0.0031030774745250374,0.006,2026-09-02 11:28:00+00:00,f3
SOLUSDT,2026-09-02 11:33:00+00:00,0.0005000000000000001,BE_STOP,0.005496526358806668,0.006,2026-09-02 11:33:00+00:00,f3
NEARUSDT,2026-09-02 11:39:00+00:00,0.004600000000000001,TP,0.0064970221981591825,0.006,2026-09-02 11:39:00+00:00,f3
SOLUSDT,2026-09-02 12:31:00+00:00,0.0005000000000000001,BE_STOP,0.003537711803927252,0.006,2026-09-02 12:31:00+00:00,f3
BTCUSDT,2026-09-02 12:46:00+00:00,0.0005000000000000001,BE_STOP,0.005451984812234753,0.006,2026-09-02 12:46:00+00:00,f3
BTCUSDT,2026-09-02 12:50:00+00:00,0.0005000000000000001,BE_STOP,0.00574472529768122,0.006,2026-09-02 12:50:00+00:00,f3
BTCUSDT,2026-09-02 12:50:00+00:00,0.0005000000000000001,BE_STOP,0.005739472845869902,0.006,2026-09-02 12:50:00+00:00,f3
XRPUSDT,2026-09-02 13:01:00+00:00,0.0005000000000000001,BE_STOP,0.003028238322355972,0.006,2026-09-02 13:01:00+00:00,f3
BTCUSDT,2026-09-02 13:45:00+00:00,0.004600000000000001,TP,0.0062794817835234926,0.006,2026-09-02 13:45:00+00:00,f3
BTCUSDT,2026-09-02 18:43:00+00:00,-0.02447668000176955,MAX_AGE,0.0014700212982449855,0.006,2026-09-02 18:43:00+00:00,f3
BTCUSDT,2026-09-02 23:09:00+00:00,0.0005000000000000001,BE_STOP,0.004171367649646633,0.006,2026-09-02 23:09:00+00:00,f3
BTCUSDT,2026-09-03 01:47:00+00:00,0.0005000000000000001,BE_STOP,0.004551079779961994,0.006,2026-09-03 01:47:00+00:00,f3
BTCUSDT,2026-09-03 02:34:00+00:00,0.004600000000000001,TP,0.006764435514837891,0.006,2026-09-03 02:34:00+00:00,f3
BTCUSDT,2026-09-03 03:05:00+00:00,0.0005000000000000001,BE_STOP,0.004163384138911772,0.006,2026-09-03 03:05:00+00:00,f3
BTCUSDT,2026-09-03 05:23:00+00:00,0.004600000000000001,TP,0.006554810937729259,0.006,2026-09-03 05:23:00+00:00,f3
BTCUSDT,2026-09-03 05:31:00+00:00,0.0005000000000000001,BE_STOP,0.0030707977994770875,0.006,2026-09-03 05:31:00+00:00,f3
BTCUSDT,2026-09-03 07:16:00+00:00,0.0005000000000000001,BE_STOP,0.004196632671286362,0.006,2026-09-03 07:16:00+00:00,f3
NEARUSDT,2026-09-03 07:40:00+00:00,0.0005000000000000001,BE_STOP,0.0048051536593092655,0.006,2026-09-03 07:40:00+00:00,f3
XRPUSDT,2026-09-03 08:10:00+00:00,0.0005000000000000001,BE_STOP,0.003930989298973627,0.006,2026-09-03 08:10:00+00:00,f3
NEARUSDT,2026-09-03 12:17:00+00:00,0.0005000000000000001,BE_STOP,0.0036336826583811188,0.006,2026-09-03 12:17:00+00:00,f3
SOLUSDT,2026-09-03 12:54:00+00:00,-0.0414,MAE_KILL,0.0005735589331803575,0.006,2026-09-03 12:54:00+00:00,f3
BTCUSDT,2026-09-03 12:55:00+00:00,0.004600000000000001,TP,0.006140578585211679,0.006,2026-09-03 12:55:00+00:00,f3
ETHUSDT,2026-09-03 13:35:00+00:00,0.0005000000000000001,BE_STOP,0.004342321760681658,0.006,2026-09-03 13:35:00+00:00,f3
ETHUSDT,2026-09-03 13:48:00+00:00,0.0005000000000000001,BE_STOP,0.004214415610657192,0.006,2026-09-03 13:48:00+00:00,f3
BTCUSDT,2026-09-03 13:54:00+00:00,0.0005000000000000001,BE_STOP,0.004091402205058447,0.006,2026-09-03 13:54:00+00:00,f3
BTCUSDT,2026-09-03 14:23:00+00:00,0.004600000000000001,TP,0.0063632336346339,0.006,2026-09-03 14:23:00+00:00,f3
BTCUSDT,2026-09-03 14:30:00+00:00,-0.0414,MAE_KILL,0.001597171246745356,0.006,2026-09-03 14:30:00+00:00,f3
BTCUSDT,2026-09-03 14:30:00+00:00,-0.0414,MAE_KILL,0.0013026674038452645,0.006,2026-09-03 14:30:00+00:00,f3
BTCUSDT,2026-09-03 14:32:00+00:00,-0.0414,MAE_KILL,0.0023243088308100446,0.006,2026-09-03 14:32:00+00:00,f3
NEARUSDT,2026-09-03 14:32:00+00:00,0.004600000000000001,TP,0.0066736183524505445,0.006,2026-09-03 14:32:00+00:00,f3
BTCUSDT,2026-09-03 14:48:00+00:00,-0.0414,MAE_KILL,0.0,0.006,2026-09-03 14:48:00+00:00,f3
BTCUSDT,2026-09-03 14:48:00+00:00,0.004600000000000001,TP,0.007556201127409218,0.006,2026-09-03 14:48:00+00:00,f3
ETHUSDT,2026-09-03 14:48:00+00:00,0.004600000000000001,TP,0.00970217617002216,0.006,2026-09-03 14:48:00+00:00,f3
BTCUSDT,2026-09-03 14:48:00+00:00,0.004600000000000001,TP,0.007843171697831565,0.006,2026-09-03 14:48:00+00:00,f3
BTCUSDT,2026-09-03 14:48:00+00:00,0.004600000000000001,TP,0.009364185383727994,0.006,2026-09-03 14:48:00+00:00,f3
BTCUSDT,2026-09-03 14:49:00+00:00,-0.0414,MAE_KILL,0.0023106796116504854,0.006,2026-09-03 14:49:00+00:00,f3
SOLUSDT,2026-09-03 14:59:00+00:00,-0.0414,MAE_KILL,0.00148929199058759,0.006,2026-09-03 14:59:00+00:00,f3
ETHUSDT,2026-09-03 15:00:00+00:00,0.004600000000000001,TP,0.009302400762942331,0.006,2026-09-03 15:00:00+00:00,f3
ETHUSDT,2026-09-03 15:00:00+00:00,0.004600000000000001,TP,0.007734579258255088,0.006,2026-09-03 15:00:00+00:00,f3
SOLUSDT,2026-09-03 15:01:00+00:00,-0.0414,MAE_KILL,0.0024746862275331497,0.006,2026-09-03 15:01:00+00:00,f3
BTCUSDT,2026-09-03 15:01:00+00:00,0.004600000000000001,TP,0.0069209194348683455,0.006,2026-09-03 15:01:00+00:00,f3
BTCUSDT,2026-09-03 15:01:00+00:00,0.004600000000000001,TP,0.007459199326105152,0.006,2026-09-03 15:01:00+00:00,f3
NEARUSDT,2026-09-03 15:04:00+00:00,0.004600000000000001,TP,0.006938376933751384,0.006,2026-09-03 15:04:00+00:00,f3
BTCUSDT,2026-09-03 15:45:00+00:00,0.0005000000000000001,BE_STOP,0.0031306911802965556,0.006,2026-09-03 15:45:00+00:00,f3
BTCUSDT,2026-09-03 15:46:00+00:00,0.0005000000000000001,BE_STOP,0.003432776446940058,0.006,2026-09-03 15:46:00+00:00,f3
BTCUSDT,2026-09-03 15:47:00+00:00,0.0005000000000000001,BE_STOP,0.004093522289296961,0.006,2026-09-03 15:47:00+00:00,f3
SOLUSDT,2026-09-03 15:50:00+00:00,0.0005000000000000001,BE_STOP,0.004587684275184222,0.006,2026-09-03 15:50:00+00:00,f3
SOLUSDT,2026-09-03 15:50:00+00:00,0.0005000000000000001,BE_STOP,0.0047882701774250355,0.006,2026-09-03 15:50:00+00:00,f3
BTCUSDT,2026-09-03 15:51:00+00:00,0.004600000000000001,TP,0.006499345470081685,0.006,2026-09-03 15:51:00+00:00,f3
BTCUSDT,2026-09-03 15:51:00+00:00,0.004600000000000001,TP,0.006278132702540009,0.006,2026-09-03 15:51:00+00:00,f3
ETHUSDT,2026-09-03 15:52:00+00:00,0.004600000000000001,TP,0.0067778811004937526,0.006,2026-09-03 15:52:00+00:00,f3
BTCUSDT,2026-09-03 15:52:00+00:00,0.004600000000000001,TP,0.00878967579227468,0.006,2026-09-03 15:52:00+00:00,f3
NEARUSDT,2026-09-03 15:52:00+00:00,0.004600000000000001,TP,0.006895502712569111,0.006,2026-09-03 15:52:00+00:00,f3
BTCUSDT,2026-09-03 16:33:00+00:00,0.0005000000000000001,BE_STOP,0.004681381934065391,0.006,2026-09-03 16:33:00+00:00,f3
XRPUSDT,2026-09-03 18:08:00+00:00,0.0005000000000000001,BE_STOP,0.003346537358284474,0.006,2026-09-03 18:08:00+00:00,f3
BTCUSDT,2026-09-03 18:26:00+00:00,0.0005000000000000001,BE_STOP,0.0055894943727804874,0.006,2026-09-03 18:26:00+00:00,f3
SOLUSDT,2026-09-03 19:04:00+00:00,0.004600000000000001,TP,0.006316571711667048,0.006,2026-09-03 19:04:00+00:00,f3
BTCUSDT,2026-09-03 19:05:00+00:00,0.004600000000000001,TP,0.006090279583514556,0.006,2026-09-03 19:05:00+00:00,f3
SOLUSDT,2026-09-03 19:05:00+00:00,0.004600000000000001,TP,0.008675281637161834,0.006,2026-09-03 19:05:00+00:00,f3
BTCUSDT,2026-09-03 19:06:00+00:00,0.0005000000000000001,BE_STOP,0.005825020236031451,0.006,2026-09-03 19:06:00+00:00,f3
BTCUSDT,2026-09-03 19:06:00+00:00,0.0005000000000000001,BE_STOP,0.005624309433097586,0.006,2026-09-03 19:06:00+00:00,f3
NEARUSDT,2026-09-03 19:19:00+00:00,0.0005000000000000001,BE_STOP,0.0035633626097866422,0.006,2026-09-03 19:19:00+00:00,f3
XRPUSDT,2026-09-03 19:48:00+00:00,0.0005000000000000001,BE_STOP,0.005877930421707293,0.006,2026-09-03 19:48:00+00:00,f3
BTCUSDT,2026-09-03 19:52:00+00:00,0.004600000000000001,TP,0.006334476100405988,0.006,2026-09-03 19:52:00+00:00,f3
NEARUSDT,2026-09-03 20:02:00+00:00,0.0005000000000000001,BE_STOP,0.003740585351058915,0.006,2026-09-03 20:02:00+00:00,f3
ETHUSDT,2026-09-03 20:39:00+00:00,0.0005000000000000001,BE_STOP,0.003287795702352866,0.006,2026-09-03 20:39:00+00:00,f3
ETHUSDT,2026-09-03 20:39:00+00:00,0.0005000000000000001,BE_STOP,0.0033910597161231795,0.006,2026-09-03 20:39:00+00:00,f3
BTCUSDT,2026-09-03 21:32:00+00:00,0.004600000000000001,TP,0.0062091828155740655,0.006,2026-09-03 21:32:00+00:00,f3
BTCUSDT,2026-09-03 21:34:00+00:00,0.004600000000000001,TP,0.009071435406815896,0.006,2026-09-03 21:34:00+00:00,f3
BTCUSDT,2026-09-03 21:34:00+00:00,0.004600000000000001,TP,0.008863495303304318,0.006,2026-09-03 21:34:00+00:00,f3
NEARUSDT,2026-09-03 21:36:00+00:00,0.0005000000000000001,BE_STOP,0.003928481490808375,0.006,2026-09-03 21:36:00+00:00,f3
XRPUSDT,2026-09-03 22:04:00+00:00,0.0005000000000000001,BE_STOP,0.003968797043930496,0.006,2026-09-03 22:04:00+00:00,f3
XRPUSDT,2026-09-03 22:05:00+00:00,0.0005000000000000001,BE_STOP,0.005601858177346622,0.006,2026-09-03 22:05:00+00:00,f3
SOLUSDT,2026-09-03 22:16:00+00:00,0.0005000000000000001,BE_STOP,0.0038564083031803575,0.006,2026-09-03 22:16:00+00:00,f3
SOLUSDT,2026-09-03 22:32:00+00:00,0.004600000000000001,TP,0.007044340154650592,0.006,2026-09-03 22:32:00+00:00,f3
BTCUSDT,2026-09-03 22:32:00+00:00,0.004600000000000001,TP,0.006959250417702091,0.006,2026-09-03 22:32:00+00:00,f3
ETHUSDT,2026-09-03 22:32:00+00:00,0.004600000000000001,TP,0.006188899086229506,0.006,2026-09-03 22:32:00+00:00,f3
BTCUSDT,2026-09-03 23:18:00+00:00,0.0005000000000000001,BE_STOP,0.005967433597855881,0.006,2026-09-03 23:18:00+00:00,f3
NEARUSDT,2026-09-04 00:32:00+00:00,0.0005000000000000001,BE_STOP,0.0030287474332648954,0.006,2026-09-04 00:32:00+00:00,f3
ETHUSDT,2026-09-04 00:36:00+00:00,0.004600000000000001,TP,0.006226201296491196,0.006,2026-09-04 00:36:00+00:00,f3
XRPUSDT,2026-09-04 01:06:00+00:00,0.0005000000000000001,BE_STOP,0.004500450045004466,0.006377780635206378,2026-09-04 01:06:00+00:00,f3
XRPUSDT,2026-09-04 01:34:00+00:00,0.004600000000000001,TP,0.006855480922373811,0.006,2026-09-04 01:34:00+00:00,f3
BTCUSDT,2026-09-04 01:51:00+00:00,0.0005000000000000001,BE_STOP,0.0031520191812652145,0.006,2026-09-04 01:51:00+00:00,f3
BTCUSDT,2026-09-04 01:58:00+00:00,0.0005000000000000001,BE_STOP,0.004589910088062694,0.006,2026-09-04 01:58:00+00:00,f3
BTCUSDT,2026-09-04 04:38:00+00:00,0.0005000000000000001,BE_STOP,0.0037656759073316282,0.006,2026-09-04 04:38:00+00:00,f3
BTCUSDT,2026-09-04 04:44:00+00:00,0.0005000000000000001,BE_STOP,0.005128718846774258,0.006,2026-09-04 04:44:00+00:00,f3
BTCUSDT,2026-09-04 06:39:00+00:00,0.0005000000000000001,BE_STOP,0.0032621501480096155,0.006,2026-09-04 06:39:00+00:00,f3
BTCUSDT,2026-09-04 07:08:00+00:00,0.0005000000000000001,BE_STOP,0.005704649517740532,0.006,2026-09-04 07:08:00+00:00,f3
BTCUSDT,2026-09-04 08:06:00+00:00,0.0005000000000000001,BE_STOP,0.0033998181146867954,0.006,2026-09-04 08:06:00+00:00,f3
ETHUSDT,2026-09-04 08:46:00+00:00,0.004600000000000001,TP,0.008218024018248081,0.006,2026-09-04 08:46:00+00:00,f3
BTCUSDT,2026-09-04 09:24:00+00:00,0.0005000000000000001,BE_STOP,0.005116987086347029,0.006,2026-09-04 09:24:00+00:00,f3
SOLUSDT,2026-09-04 10:32:00+00:00,0.0005000000000000001,BE_STOP,0.004884192714092007,0.006,2026-09-04 10:32:00+00:00,f3
BTCUSDT,2026-09-04 12:02:00+00:00,0.0005000000000000001,BE_STOP,0.004136121842844609,0.006,2026-09-04 12:02:00+00:00,f3
ETHUSDT,2026-09-04 12:30:00+00:00,0.004600000000000001,TP,0.013021963014733084,0.006,2026-09-04 12:30:00+00:00,f3
SOLUSDT,2026-09-04 12:30:00+00:00,0.004600000000000001,TP,0.02409952766857586,0.006,2026-09-04 12:30:00+00:00,f3
NEARUSDT,2026-09-04 12:30:00+00:00,0.004600000000000001,TP,0.029576338928856877,0.006,2026-09-04 12:30:00+00:00,f3
BTCUSDT,2026-09-04 12:30:00+00:00,0.004600000000000001,TP,0.012853796687732302,0.006,2026-09-04 12:30:00+00:00,f3
ETHUSDT,2026-09-04 12:39:00+00:00,0.0005000000000000001,BE_STOP,0.006100816294925686,0.00829464165636664,2026-09-04 12:39:00+00:00,f3
SOLUSDT,2026-09-04 12:40:00+00:00,0.0005000000000000001,BE_STOP,0.006708504652672602,0.009770190856535807,2026-09-04 12:40:00+00:00,f3
BTCUSDT,2026-09-04 12:45:00+00:00,0.004600000000000001,TP,0.007129647471590305,0.006,2026-09-04 12:45:00+00:00,f3
BTCUSDT,2026-09-04 12:45:00+00:00,0.004600000000000001,TP,0.007386743890768759,0.006,2026-09-04 12:45:00+00:00,f3
ETHUSDT,2026-09-04 12:49:00+00:00,0.0005000000000000001,BE_STOP,0.00612000604646793,0.009934416833927009,2026-09-04 12:49:00+00:00,f3
ETHUSDT,2026-09-04 12:58:00+00:00,0.0005000000000000001,BE_STOP,0.0030054277127348947,0.006,2026-09-04 12:58:00+00:00,f3
BTCUSDT,2026-09-04 13:17:00+00:00,0.0005000000000000001,BE_STOP,0.0032950277439572954,0.006,2026-09-04 13:17:00+00:00,f3
BTCUSDT,2026-09-04 13:21:00+00:00,0.0005000000000000001,BE_STOP,0.004160182761219059,0.006,2026-09-04 13:21:00+00:00,f3
BTCUSDT,2026-09-04 13:35:00+00:00,0.004600000000000001,TP,0.006912054653455326,0.006,2026-09-04 13:35:00+00:00,f3
BTCUSDT,2026-09-04 13:38:00+00:00,0.0005000000000000001,BE_STOP,0.005191669638435493,0.006,2026-09-04 13:38:00+00:00,f3
SOLUSDT,2026-09-04 13:38:00+00:00,0.0005000000000000001,BE_STOP,0.003915303214099091,0.006,2026-09-04 13:38:00+00:00,f3
SOLUSDT,2026-09-04 13:47:00+00:00,0.004600000000000001,TP,0.006449389523434434,0.006,2026-09-04 13:47:00+00:00,f3
ETHUSDT,2026-09-04 13:53:00+00:00,0.0005000000000000001,BE_STOP,0.005202489033969193,0.006,2026-09-04 13:53:00+00:00,f3
SOLUSDT,2026-09-04 13:54:00+00:00,0.0005000000000000001,BE_STOP,0.005993386607881047,0.006,2026-09-04 13:54:00+00:00,f3
SOLUSDT,2026-09-04 13:54:00+00:00,0.0005000000000000001,BE_STOP,0.005835006100680949,0.006,2026-09-04 13:54:00+00:00,f3
SOLUSDT,2026-09-04 14:19:00+00:00,0.004600000000000001,TP,0.007271188775409846,0.006,2026-09-04 14:19:00+00:00,f3
NEARUSDT,2026-09-04 14:20:00+00:00,-0.0264,MAE_KILL,0.0020756340808991,0.006,2026-09-04 14:20:00+00:00,f3
BTCUSDT,2026-09-04 14:23:00+00:00,0.0005000000000000001,BE_STOP,0.0035264743952500093,0.006,2026-09-04 14:23:00+00:00,f3
SOLUSDT,2026-09-04 14:43:00+00:00,0.004600000000000001,TP,0.007615867873088632,0.006,2026-09-04 14:43:00+00:00,f3
ETHUSDT,2026-09-04 14:45:00+00:00,0.0005000000000000001,BE_STOP,0.004346920182537912,0.006,2026-09-04 14:45:00+00:00,f3
BTCUSDT,2026-09-04 14:47:00+00:00,0.004600000000000001,TP,0.006000757193336699,0.006,2026-09-04 14:47:00+00:00,f3
BTCUSDT,2026-09-04 14:56:00+00:00,0.0005000000000000001,BE_STOP,0.004964179935701049,0.006,2026-09-04 14:56:00+00:00,f3
BTCUSDT,2026-09-05 16:55:00+00:00,0.004600000000000001,TP,0.0063891825914864685,0.006,2026-09-05 16:55:00+00:00,f3
ETHUSDT,2026-09-05 17:01:00+00:00,0.0005000000000000001,BE_STOP,0.004082408823505671,0.006,2026-09-05 17:01:00+00:00,f3
ETHUSDT,2026-09-05 17:28:00+00:00,0.0005000000000000001,BE_STOP,0.0031745518220309484,0.006,2026-09-05 17:28:00+00:00,f3
BTCUSDT,2026-09-05 21:35:00+00:00,-0.026779390191178844,MAX_AGE,0.0,0.006,2026-09-05 21:35:00+00:00,f3
BTCUSDT,2026-09-05 21:37:00+00:00,-0.025362935239409332,MAX_AGE,0.00018224159609384316,0.006,2026-09-05 21:37:00+00:00,f3
BTCUSDT,2026-09-05 21:50:00+00:00,0.0005000000000000001,BE_STOP,0.0043100646509698,0.006,2026-09-05 21:50:00+00:00,f3
BTCUSDT,2026-09-06 00:32:00+00:00,-0.01817047451323531,MAX_AGE,0.0018977083510244997,0.006,2026-09-06 00:32:00+00:00,f3
BTCUSDT,2026-09-06 00:36:00+00:00,-0.018995123907763596,MAX_AGE,0.0016228213715363865,0.006,2026-09-06 00:36:00+00:00,f3
SOLUSDT,2026-09-06 01:21:00+00:00,0.0005000000000000001,BE_STOP,0.0033383004663944307,0.006,2026-09-06 01:21:00+00:00,f3
SOLUSDT,2026-09-06 02:40:00+00:00,-0.0414,MAE_KILL,0.001986985246634572,0.006,2026-09-06 02:40:00+00:00,f3
NEARUSDT,2026-09-06 02:48:00+00:00,0.0005000000000000001,BE_STOP,0.004671847625892701,0.006,2026-09-06 02:48:00+00:00,f3
BTCUSDT,2026-09-06 04:05:00+00:00,0.0005000000000000001,BE_STOP,0.0035925832641005707,0.006,2026-09-06 04:05:00+00:00,f3
BTCUSDT,2026-09-06 04:07:00+00:00,0.0005000000000000001,BE_STOP,0.003629054490955006,0.006,2026-09-06 04:07:00+00:00,f3
ETHUSDT,2026-09-06 04:28:00+00:00,0.0005000000000000001,BE_STOP,0.003400301716912902,0.006,2026-09-06 04:28:00+00:00,f3
BTCUSDT,2026-09-06 06:54:00+00:00,0.0005000000000000001,BE_STOP,0.003077754928600769,0.006,2026-09-06 06:54:00+00:00,f3
ETHUSDT,2026-09-06 07:13:00+00:00,0.004600000000000001,TP,0.00804323840286546,0.006,2026-09-06 07:13:00+00:00,f3
BTCUSDT,2026-09-06 07:15:00+00:00,0.0005000000000000001,BE_STOP,0.0030405502831786727,0.006,2026-09-06 07:15:00+00:00,f3
BTCUSDT,2026-09-06 07:17:00+00:00,0.0005000000000000001,BE_STOP,0.004686608117445526,0.006,2026-09-06 07:17:00+00:00,f3
BTCUSDT,2026-09-06 07:23:00+00:00,0.0005000000000000001,BE_STOP,0.005505734619088678,0.006,2026-09-06 07:23:00+00:00,f3
SOLUSDT,2026-09-06 07:42:00+00:00,0.0005000000000000001,BE_STOP,0.0030530140191360063,0.006,2026-09-06 07:42:00+00:00,f3
ETHUSDT,2026-09-06 13:37:00+00:00,0.0005000000000000001,BE_STOP,0.003907659011662859,0.006,2026-09-06 13:37:00+00:00,f3
NEARUSDT,2026-09-06 13:39:00+00:00,0.004600000000000001,TP,0.006778392315049594,0.006,2026-09-06 13:39:00+00:00,f3
BTCUSDT,2026-09-06 14:32:00+00:00,0.004600000000000001,TP,0.00609718582730758,0.006,2026-09-06 14:32:00+00:00,f3
BTCUSDT,2026-09-06 14:32:00+00:00,0.004600000000000001,TP,0.007796469527962627,0.006,2026-09-06 14:32:00+00:00,f3
BTCUSDT,2026-09-06 14:50:00+00:00,-0.011981560859515428,MAX_AGE,0.0010757899063504957,0.006,2026-09-06 14:50:00+00:00,f3
BTCUSDT,2026-09-06 14:56:00+00:00,-0.009570530850120286,MAX_AGE,0.0021373368807804014,0.006,2026-09-06 14:56:00+00:00,f3
NEARUSDT,2026-09-06 15:01:00+00:00,0.0064074763664283135,TP,0.010119247564662509,0.007807476366428313,2026-09-06 15:01:00+00:00,f3
BTCUSDT,2026-09-06 19:36:00+00:00,0.0005000000000000001,BE_STOP,0.0037795552430341917,0.006,2026-09-06 19:36:00+00:00,f3
SOLUSDT,2026-09-06 22:18:00+00:00,0.004600000000000001,TP,0.006460658191394651,0.006,2026-09-06 22:18:00+00:00,f3
BTCUSDT,2026-09-06 23:03:00+00:00,0.004600000000000001,TP,0.006442325401329957,0.006,2026-09-06 23:03:00+00:00,f3
BTCUSDT,2026-09-06 23:38:00+00:00,0.004600000000000001,TP,0.006604275564180412,0.006,2026-09-06 23:38:00+00:00,f3
BTCUSDT,2026-09-06 23:38:00+00:00,0.004600000000000001,TP,0.0063951152284854144,0.006,2026-09-06 23:38:00+00:00,f3
BTCUSDT,2026-09-06 23:56:00+00:00,0.0005000000000000001,BE_STOP,0.004459375537781127,0.006,2026-09-06 23:56:00+00:00,f3
NEARUSDT,2026-09-07 00:07:00+00:00,0.0005000000000000001,BE_STOP,0.0032046014790468483,0.006,2026-09-07 00:07:00+00:00,f3
XRPUSDT,2026-09-07 01:29:00+00:00,0.0005000000000000001,BE_STOP,0.0034766567333616464,0.006,2026-09-07 01:29:00+00:00,f3
ETHUSDT,2026-09-07 01:44:00+00:00,0.004600000000000001,TP,0.006131112711415907,0.006,2026-09-07 01:44:00+00:00,f3
ETHUSDT,2026-09-07 01:44:00+00:00,0.004600000000000001,TP,0.006004560123195009,0.006,2026-09-07 01:44:00+00:00,f3
SOLUSDT,2026-09-07 04:01:00+00:00,0.0005000000000000001,BE_STOP,0.0035618029961048277,0.006,2026-09-07 04:01:00+00:00,f3
BTCUSDT,2026-09-07 04:21:00+00:00,0.0005000000000000001,BE_STOP,0.0037133597010268644,0.006,2026-09-07 04:21:00+00:00,f3
ETHUSDT,2026-09-07 05:04:00+00:00,0.0005000000000000001,BE_STOP,0.004932739008179923,0.006,2026-09-07 05:04:00+00:00,f3
BTCUSDT,2026-09-07 05:05:00+00:00,0.0005000000000000001,BE_STOP,0.0044617532699279695,0.006,2026-09-07 05:05:00+00:00,f3
ETHUSDT,2026-09-07 05:25:00+00:00,0.004600000000000001,TP,0.006173729220716855,0.006,2026-09-07 05:25:00+00:00,f3
ETHUSDT,2026-09-07 05:51:00+00:00,0.0005000000000000001,BE_STOP,0.004838064774090328,0.006,2026-09-07 05:51:00+00:00,f3
BTCUSDT,2026-09-07 07:31:00+00:00,0.0005000000000000001,BE_STOP,0.0030129451098693224,0.006,2026-09-07 07:31:00+00:00,f3
BTCUSDT,2026-09-07 07:33:00+00:00,0.004600000000000001,TP,0.00809358941104375,0.006,2026-09-07 07:33:00+00:00,f3
BTCUSDT,2026-09-07 07:40:00+00:00,0.004600000000000001,TP,0.006324811028520122,0.006,2026-09-07 07:40:00+00:00,f3
BTCUSDT,2026-09-07 07:41:00+00:00,0.004600000000000001,TP,0.007688825740906062,0.006,2026-09-07 07:41:00+00:00,f3
BTCUSDT,2026-09-07 07:41:00+00:00,0.004600000000000001,TP,0.006462066048282358,0.006,2026-09-07 07:41:00+00:00,f3
BTCUSDT,2026-09-07 07:41:00+00:00,0.004600000000000001,TP,0.007098310722827412,0.006,2026-09-07 07:41:00+00:00,f3
ETHUSDT,2026-09-07 07:43:00+00:00,0.0005000000000000001,BE_STOP,0.005224420849420945,0.006,2026-09-07 07:43:00+00:00,f3
SOLUSDT,2026-09-07 14:35:00+00:00,0.0005000000000000001,BE_STOP,0.0034976762014279055,0.006,2026-09-07 14:35:00+00:00,f3
SOLUSDT,2026-09-07 14:50:00+00:00,0.0005000000000000001,BE_STOP,0.004977314930030536,0.006,2026-09-07 14:50:00+00:00,f3
BTCUSDT,2026-09-07 14:52:00+00:00,0.0005000000000000001,BE_STOP,0.003673546676765764,0.006,2026-09-07 14:52:00+00:00,f3
BTCUSDT,2026-09-07 14:53:00+00:00,0.0005000000000000001,BE_STOP,0.004134927074119509,0.006,2026-09-07 14:53:00+00:00,f3
BTCUSDT,2026-09-07 14:53:00+00:00,0.0005000000000000001,BE_STOP,0.004648605292297211,0.006,2026-09-07 14:53:00+00:00,f3
BTCUSDT,2026-09-07 15:19:00+00:00,0.0005000000000000001,BE_STOP,0.0035977275113566773,0.006,2026-09-07 15:19:00+00:00,f3
NEARUSDT,2026-09-07 15:28:00+00:00,0.004600000000000001,TP,0.006103025905851213,0.006,2026-09-07 15:28:00+00:00,f3
SOLUSDT,2026-09-07 15:33:00+00:00,0.004600000000000001,TP,0.00696011136178187,0.006,2026-09-07 15:33:00+00:00,f3
XRPUSDT,2026-09-07 15:40:00+00:00,0.004600000000000001,TP,0.00829486439699947,0.006,2026-09-07 15:40:00+00:00,f3
NEARUSDT,2026-09-07 15:43:00+00:00,-0.0264,MAE_KILL,0.0019488222335199042,0.006,2026-09-07 15:43:00+00:00,f3
NEARUSDT,2026-09-07 15:49:00+00:00,0.0005000000000000001,BE_STOP,0.004630431019560296,0.006,2026-09-07 15:49:00+00:00,f3
SOLUSDT,2026-09-07 15:59:00+00:00,0.0005000000000000001,BE_STOP,0.004394881028440957,0.006,2026-09-07 15:59:00+00:00,f3
ETHUSDT,2026-09-07 18:31:00+00:00,0.0005000000000000001,BE_STOP,0.0059265701183300115,0.006,2026-09-07 18:31:00+00:00,f3
NEARUSDT,2026-09-07 22:36:00+00:00,0.004600000000000001,TP,0.009378407851690328,0.006,2026-09-07 22:36:00+00:00,f3
NEARUSDT,2026-09-07 22:40:00+00:00,0.004600000000000001,TP,0.006230256230256129,0.006,2026-09-07 22:40:00+00:00,f3
BTCUSDT,2026-09-07 23:03:00+00:00,0.0005000000000000001,BE_STOP,0.004570511037499684,0.006,2026-09-07 23:03:00+00:00,f3
NEARUSDT,2026-09-07 23:08:00+00:00,0.004600000000000001,TP,0.006278887241649841,0.006,2026-09-07 23:08:00+00:00,f3
BTCUSDT,2026-09-08 01:34:00+00:00,0.0005000000000000001,BE_STOP,0.003419138079118844,0.006,2026-09-08 01:34:00+00:00,f3
BTCUSDT,2026-09-08 02:30:00+00:00,0.0005000000000000001,BE_STOP,0.0049237165335214075,0.006,2026-09-08 02:30:00+00:00,f3
NEARUSDT,2026-09-08 02:47:00+00:00,0.004600000000000001,TP,0.006097037355088111,0.006,2026-09-08 02:47:00+00:00,f3
NEARUSDT,2026-09-08 02:59:00+00:00,-0.0264,MAE_KILL,0.00012716174974575662,0.006,2026-09-08 02:59:00+00:00,f3
BTCUSDT,2026-09-08 05:00:00+00:00,0.004600000000000001,TP,0.0075078472742809675,0.006,2026-09-08 05:00:00+00:00,f3
BTCUSDT,2026-09-08 05:19:00+00:00,0.0005000000000000001,BE_STOP,0.004954316110462545,0.006,2026-09-08 05:19:00+00:00,f3
ETHUSDT,2026-09-08 06:09:00+00:00,0.0005000000000000001,BE_STOP,0.0035756516685700513,0.006,2026-09-08 06:09:00+00:00,f3
ETHUSDT,2026-09-08 06:22:00+00:00,0.004600000000000001,TP,0.007031628207197147,0.006,2026-09-08 06:22:00+00:00,f3
XRPUSDT,2026-09-08 06:24:00+00:00,0.0005000000000000001,BE_STOP,0.004901960784313666,0.006,2026-09-08 06:24:00+00:00,f3
BTCUSDT,2026-09-08 06:53:00+00:00,0.004600000000000001,TP,0.0060835439501124,0.006,2026-09-08 06:53:00+00:00,f3
BTCUSDT,2026-09-08 07:54:00+00:00,0.0005000000000000001,BE_STOP,0.003352803142376093,0.006,2026-09-08 07:54:00+00:00,f3
BTCUSDT,2026-09-08 07:56:00+00:00,0.0005000000000000001,BE_STOP,0.0037873090092316935,0.006,2026-09-08 07:56:00+00:00,f3
NEARUSDT,2026-09-08 08:48:00+00:00,0.0005000000000000001,BE_STOP,0.004833002502804718,0.006,2026-09-08 08:48:00+00:00,f3
SOLUSDT,2026-09-08 09:41:00+00:00,0.004600000000000001,TP,0.006086787690515438,0.006,2026-09-08 09:41:00+00:00,f3
XRPUSDT,2026-09-08 10:20:00+00:00,0.004600000000000001,TP,0.006888633754305434,0.006,2026-09-08 10:20:00+00:00,f3
BTCUSDT,2026-09-08 10:27:00+00:00,0.0005000000000000001,BE_STOP,0.0035182858108510867,0.006,2026-09-08 10:27:00+00:00,f3
ETHUSDT,2026-09-08 13:39:00+00:00,0.004600000000000001,TP,0.007698894881878499,0.006,2026-09-08 13:39:00+00:00,f3
BTCUSDT,2026-09-08 13:39:00+00:00,0.004600000000000001,TP,0.0060056071065924645,0.006,2026-09-08 13:39:00+00:00,f3
XRPUSDT,2026-09-08 16:01:00+00:00,-0.0414,MAE_KILL,0.0025243418680130246,0.006,2026-09-08 16:01:00+00:00,f3
SOLUSDT,2026-09-08 16:40:00+00:00,0.004600000000000001,TP,0.007218030659810705,0.006,2026-09-08 16:40:00+00:00,f3
BTCUSDT,2026-09-08 23:40:00+00:00,-0.02501888066177688,MAX_AGE,0.002877344924057159,0.006,2026-09-08 23:40:00+00:00,f3
NEARUSDT,2026-09-09 00:03:00+00:00,0.004600000000000001,TP,0.006737787759685595,0.006,2026-09-09 00:03:00+00:00,f3
ETHUSDT,2026-09-09 01:17:00+00:00,0.0005000000000000001,BE_STOP,0.004079565596601153,0.006,2026-09-09 01:17:00+00:00,f3
ETHUSDT,2026-09-09 05:01:00+00:00,0.0005000000000000001,BE_STOP,0.0045570834665814245,0.006,2026-09-09 05:01:00+00:00,f3
BTCUSDT,2026-09-09 05:06:00+00:00,-0.00892220273183316,MAX_AGE,0.0025170206305350717,0.006,2026-09-09 05:06:00+00:00,f3
BTCUSDT,2026-09-09 05:14:00+00:00,0.004600000000000001,TP,0.006549525632109697,0.006,2026-09-09 05:14:00+00:00,f3
BTCUSDT,2026-09-09 05:26:00+00:00,-0.010257318249583444,MAX_AGE,0.00017539244058581075,0.006,2026-09-09 05:26:00+00:00,f3
SOLUSDT,2026-09-09 05:27:00+00:00,0.0005000000000000001,BE_STOP,0.00390433890045385,0.006,2026-09-09 05:27:00+00:00,f3
BTCUSDT,2026-09-09 05:31:00+00:00,0.0005000000000000001,BE_STOP,0.0054939832328954625,0.006,2026-09-09 05:31:00+00:00,f3
XRPUSDT,2026-09-09 05:46:00+00:00,0.004600000000000001,TP,0.006009363426734638,0.006,2026-09-09 05:46:00+00:00,f3
ETHUSDT,2026-09-09 06:15:00+00:00,0.0005000000000000001,BE_STOP,0.005519257496126201,0.006,2026-09-09 06:15:00+00:00,f3
NEARUSDT,2026-09-09 06:19:00+00:00,0.004600000000000001,TP,0.008736587641545423,0.006,2026-09-09 06:19:00+00:00,f3
XRPUSDT,2026-09-09 06:33:00+00:00,0.0005000000000000001,BE_STOP,0.0047442963789855,0.006,2026-09-09 06:33:00+00:00,f3
SOLUSDT,2026-09-09 07:14:00+00:00,0.0005000000000000001,BE_STOP,0.004912502030946811,0.006,2026-09-09 07:14:00+00:00,f3
BTCUSDT,2026-09-09 07:33:00+00:00,0.0005000000000000001,BE_STOP,0.0037700723788131195,0.006,2026-09-09 07:33:00+00:00,f3
BTCUSDT,2026-09-09 08:28:00+00:00,0.004600000000000001,TP,0.006942224367536177,0.006,2026-09-09 08:28:00+00:00,f3
BTCUSDT,2026-09-09 08:36:00+00:00,0.004600000000000001,TP,0.0065211299252456575,0.006,2026-09-09 08:36:00+00:00,f3
ETHUSDT,2026-09-09 08:44:00+00:00,0.0005000000000000001,BE_STOP,0.004003772939111586,0.006,2026-09-09 08:44:00+00:00,f3
XRPUSDT,2026-09-09 08:59:00+00:00,0.0005000000000000001,BE_STOP,0.003541420734671122,0.006,2026-09-09 08:59:00+00:00,f3
SOLUSDT,2026-09-09 09:35:00+00:00,0.004600000000000001,TP,0.0065708418891170664,0.006,2026-09-09 09:35:00+00:00,f3
ETHUSDT,2026-09-09 10:52:00+00:00,0.004600000000000001,TP,0.006503101386714205,0.006,2026-09-09 10:52:00+00:00,f3
BTCUSDT,2026-09-09 10:53:00+00:00,0.004600000000000001,TP,0.006173726676752359,0.006,2026-09-09 10:53:00+00:00,f3
NEARUSDT,2026-09-09 11:02:00+00:00,0.0005000000000000001,BE_STOP,0.004817374136229018,0.006,2026-09-09 11:02:00+00:00,f3
SOLUSDT,2026-09-09 11:09:00+00:00,0.0005000000000000001,BE_STOP,0.003059609296579485,0.006,2026-09-09 11:09:00+00:00,f3
BTCUSDT,2026-09-09 11:11:00+00:00,0.0005000000000000001,BE_STOP,0.0032205119892202497,0.006,2026-09-09 11:11:00+00:00,f3
NEARUSDT,2026-09-09 11:16:00+00:00,0.004600000000000001,TP,0.006280308450592271,0.006,2026-09-09 11:16:00+00:00,f3
BTCUSDT,2026-09-09 15:02:00+00:00,0.0005000000000000001,BE_STOP,0.0033257946962326314,0.006,2026-09-09 15:02:00+00:00,f3
BTCUSDT,2026-09-09 15:02:00+00:00,0.0005000000000000001,BE_STOP,0.0032322350753319876,0.006,2026-09-09 15:02:00+00:00,f3
BTCUSDT,2026-09-09 15:08:00+00:00,0.0005000000000000001,BE_STOP,0.0030216127301804277,0.006,2026-09-09 15:08:00+00:00,f3
XRPUSDT,2026-09-09 15:08:00+00:00,0.0005000000000000001,BE_STOP,0.003528332510055829,0.006,2026-09-09 15:08:00+00:00,f3
BTCUSDT,2026-09-09 15:11:00+00:00,0.004600000000000001,TP,0.007594243188263202,0.006,2026-09-09 15:11:00+00:00,f3
NEARUSDT,2026-09-09 15:11:00+00:00,0.00718138911236263,TP,0.014979121173811406,0.00858138911236263,2026-09-09 15:11:00+00:00,f3
BTCUSDT,2026-09-09 15:16:00+00:00,0.0005000000000000001,BE_STOP,0.0046998518179332096,0.006,2026-09-09 15:16:00+00:00,f3
SOLUSDT,2026-09-09 15:22:00+00:00,0.004600000000000001,TP,0.006762739736691097,0.006,2026-09-09 15:22:00+00:00,f3
BTCUSDT,2026-09-09 15:22:00+00:00,0.004600000000000001,TP,0.006475917601900282,0.006,2026-09-09 15:22:00+00:00,f3
BTCUSDT,2026-09-09 15:24:00+00:00,0.004600000000000001,TP,0.006051681949785507,0.006,2026-09-09 15:24:00+00:00,f3
BTCUSDT,2026-09-09 15:28:00+00:00,0.0005000000000000001,BE_STOP,0.004026931299658572,0.006,2026-09-09 15:28:00+00:00,f3
ETHUSDT,2026-09-09 15:31:00+00:00,0.0005000000000000001,BE_STOP,0.005582047233946631,0.006,2026-09-09 15:31:00+00:00,f3
XRPUSDT,2026-09-09 19:50:00+00:00,0.004600000000000001,TP,0.008069653854321566,0.006,2026-09-09 19:50:00+00:00,f3
BTCUSDT,2026-09-09 20:01:00+00:00,0.0005000000000000001,BE_STOP,0.003000641991885009,0.006,2026-09-09 20:01:00+00:00,f3
ETHUSDT,2026-09-09 20:29:00+00:00,0.004600000000000001,TP,0.008080203501421525,0.006,2026-09-09 20:29:00+00:00,f3
BTCUSDT,2026-09-09 20:30:00+00:00,0.0005000000000000001,BE_STOP,0.0034685660402948063,0.006,2026-09-09 20:30:00+00:00,f3
BTCUSDT,2026-09-09 20:31:00+00:00,0.0005000000000000001,BE_STOP,0.0044277197754439765,0.006,2026-09-09 20:31:00+00:00,f3
BTCUSDT,2026-09-09 20:31:00+00:00,0.0005000000000000001,BE_STOP,0.005058504930764907,0.006,2026-09-09 20:31:00+00:00,f3
BTCUSDT,2026-09-09 20:31:00+00:00,0.0005000000000000001,BE_STOP,0.00441881184195554,0.006,2026-09-09 20:31:00+00:00,f3
BTCUSDT,2026-09-09 23:04:00+00:00,0.0005000000000000001,BE_STOP,0.005735827045115384,0.006,2026-09-09 23:04:00+00:00,f3
BTCUSDT,2026-09-10 00:17:00+00:00,0.0005000000000000001,BE_STOP,0.003384365588313668,0.006,2026-09-10 00:17:00+00:00,f3
XRPUSDT,2026-09-10 01:04:00+00:00,0.0005000000000000001,BE_STOP,0.005384836300976495,0.006,2026-09-10 01:04:00+00:00,f3
ETHUSDT,2026-09-10 01:12:00+00:00,0.0005000000000000001,BE_STOP,0.003884682845418847,0.006,2026-09-10 01:12:00+00:00,f3
ETHUSDT,2026-09-10 01:13:00+00:00,0.0005000000000000001,BE_STOP,0.00470678855938221,0.006,2026-09-10 01:13:00+00:00,f3
BTCUSDT,2026-09-10 01:42:00+00:00,0.0005000000000000001,BE_STOP,0.004275743271390745,0.006,2026-09-10 01:42:00+00:00,f3
NEARUSDT,2026-09-10 01:46:00+00:00,0.0005000000000000001,BE_STOP,0.0037243185724810134,0.006,2026-09-10 01:46:00+00:00,f3
BTCUSDT,2026-09-10 03:07:00+00:00,0.0005000000000000001,BE_STOP,0.0033603266799716864,0.006,2026-09-10 03:07:00+00:00,f3
BTCUSDT,2026-09-10 03:07:00+00:00,0.0005000000000000001,BE_STOP,0.0031731918937976385,0.006,2026-09-10 03:07:00+00:00,f3
NEARUSDT,2026-09-10 03:25:00+00:00,0.0005000000000000001,BE_STOP,0.005769766423938545,0.006,2026-09-10 03:25:00+00:00,f3
ETHUSDT,2026-09-10 06:04:00+00:00,0.0005000000000000001,BE_STOP,0.0031109351390225496,0.006,2026-09-10 06:04:00+00:00,f3
BTCUSDT,2026-09-10 06:47:00+00:00,0.0005000000000000001,BE_STOP,0.0038124576836323157,0.006,2026-09-10 06:47:00+00:00,f3
ETHUSDT,2026-09-10 07:46:00+00:00,0.0005000000000000001,BE_STOP,0.0038142465952893593,0.006,2026-09-10 07:46:00+00:00,f3
NEARUSDT,2026-09-10 09:40:00+00:00,0.004969230404420052,TP,0.008382438376628764,0.006369230404420051,2026-09-10 09:40:00+00:00,f3
NEARUSDT,2026-09-10 09:42:00+00:00,0.004600000000000001,TP,0.007929221267005961,0.006,2026-09-10 09:42:00+00:00,f3
BTCUSDT,2026-09-10 11:13:00+00:00,0.0005000000000000001,BE_STOP,0.00365486479309404,0.006,2026-09-10 11:13:00+00:00,f3
ETHUSDT,2026-09-10 12:30:00+00:00,0.004600000000000001,TP,0.007485005607658954,0.006,2026-09-10 12:30:00+00:00,f3
ETHUSDT,2026-09-10 12:30:00+00:00,0.004600000000000001,TP,0.007271204971569497,0.006,2026-09-10 12:30:00+00:00,f3
NEARUSDT,2026-09-10 12:33:00+00:00,0.0005000000000000001,BE_STOP,0.003859721934011241,0.006,2026-09-10 12:33:00+00:00,f3
BTCUSDT,2026-09-10 12:38:00+00:00,0.004600000000000001,TP,0.008265952051814688,0.006,2026-09-10 12:38:00+00:00,f3
BTCUSDT,2026-09-10 12:46:00+00:00,0.004600000000000001,TP,0.006765994288446455,0.006,2026-09-10 12:46:00+00:00,f3
BTCUSDT,2026-09-10 12:47:00+00:00,0.004600000000000001,TP,0.006015273632034563,0.006,2026-09-10 12:47:00+00:00,f3
NEARUSDT,2026-09-10 12:53:00+00:00,0.0005000000000000001,BE_STOP,0.00365024058403846,0.006257555286923137,2026-09-10 12:53:00+00:00,f3
SOLUSDT,2026-09-10 12:57:00+00:00,0.0005000000000000001,BE_STOP,0.0030277646013947617,0.006,2026-09-10 12:57:00+00:00,f3
BTCUSDT,2026-09-10 12:58:00+00:00,0.0005000000000000001,BE_STOP,0.0033137937803639087,0.006,2026-09-10 12:58:00+00:00,f3
BTCUSDT,2026-09-10 13:01:00+00:00,0.0005000000000000001,BE_STOP,0.004553557864722808,0.006,2026-09-10 13:01:00+00:00,f3
BTCUSDT,2026-09-10 13:22:00+00:00,0.0005000000000000001,BE_STOP,0.0032831484965336224,0.006,2026-09-10 13:22:00+00:00,f3
SOLUSDT,2026-09-10 13:51:00+00:00,0.0005000000000000001,BE_STOP,0.0031585406335188273,0.006,2026-09-10 13:51:00+00:00,f3
ETHUSDT,2026-09-10 14:02:00+00:00,0.004600000000000001,TP,0.0061648467654141035,0.006,2026-09-10 14:02:00+00:00,f3
BTCUSDT,2026-09-10 17:38:00+00:00,0.0005000000000000001,BE_STOP,0.0032509887561343914,0.006,2026-09-10 17:38:00+00:00,f3
XRPUSDT,2026-09-10 23:08:00+00:00,-0.0414,MAE_KILL,0.002587508085962803,0.006,2026-09-10 23:08:00+00:00,f3
BTCUSDT,2026-09-10 23:14:00+00:00,-0.0414,MAE_KILL,0.0006040292897696252,0.006,2026-09-10 23:14:00+00:00,f3
BTCUSDT,2026-09-10 23:14:00+00:00,-0.0414,MAE_KILL,0.0003000397960732973,0.006,2026-09-10 23:14:00+00:00,f3
BTCUSDT,2026-09-10 23:17:00+00:00,0.0005000000000000001,BE_STOP,0.003245296407216909,0.006,2026-09-10 23:17:00+00:00,f3
BTCUSDT,2026-09-10 23:37:00+00:00,0.0005000000000000001,BE_STOP,0.005964266434253231,0.006,2026-09-10 23:37:00+00:00,f3
BTCUSDT,2026-09-10 23:37:00+00:00,0.0005000000000000001,BE_STOP,0.005970731707317073,0.006,2026-09-10 23:37:00+00:00,f3
BTCUSDT,2026-09-11 01:15:00+00:00,0.0005000000000000001,BE_STOP,0.0031952212417056783,0.006,2026-09-11 01:15:00+00:00,f3
BTCUSDT,2026-09-11 01:22:00+00:00,0.0005000000000000001,BE_STOP,0.003410967492189407,0.006,2026-09-11 01:22:00+00:00,f3
NEARUSDT,2026-09-11 01:25:00+00:00,0.0005000000000000001,BE_STOP,0.003704608369972361,0.006,2026-09-11 01:25:00+00:00,f3
ETHUSDT,2026-09-11 01:36:00+00:00,0.0005000000000000001,BE_STOP,0.0037116560667852304,0.006,2026-09-11 01:36:00+00:00,f3
SOLUSDT,2026-09-11 04:27:00+00:00,0.004600000000000001,TP,0.0062172511084240675,0.006,2026-09-11 04:27:00+00:00,f3
BTCUSDT,2026-09-11 06:24:00+00:00,0.0005000000000000001,BE_STOP,0.0036563403145230614,0.006,2026-09-11 06:24:00+00:00,f3
SOLUSDT,2026-09-11 11:18:00+00:00,0.0005000000000000001,BE_STOP,0.0038127408246443587,0.006,2026-09-11 11:18:00+00:00,f3
ETHUSDT,2026-09-11 12:09:00+00:00,0.004600000000000001,TP,0.0064774930438945486,0.006,2026-09-11 12:09:00+00:00,f3
BTCUSDT,2026-09-11 12:12:00+00:00,-0.018651925358287115,EOD,0.0028208366481462053,0.006,2026-09-11 12:12:00+00:00,f3
BTCUSDT,2026-09-11 12:12:00+00:00,-0.019390531970549504,EOD,0.0018030088427822596,0.006,2026-09-11 12:12:00+00:00,f3
BTCUSDT,2026-09-11 12:12:00+00:00,-0.00659898191990048,EOD,0.00136243832510563,0.006,2026-09-11 12:12:00+00:00,f3
BTCUSDT,2026-09-11 12:12:00+00:00,-0.00579558718545388,EOD,0.0019198066359272146,0.006,2026-09-11 12:12:00+00:00,f3
BTCUSDT,2026-09-11 12:12:00+00:00,-0.005380222819422415,EOD,0.001900748819370119,0.006,2026-09-11 12:12:00+00:00,f3
BTCUSDT,2026-09-11 12:12:00+00:00,-0.00582442648861069,EOD,0.0014591471428515874,0.006,2026-09-11 12:12:00+00:00,f3
ETHUSDT,2026-09-11 12:12:00+00:00,9.880462185722928e-05,EOD,0.0023622464148838557,0.006,2026-09-11 12:12:00+00:00,f3
SOLUSDT,2026-09-11 12:13:00+00:00,-0.0014907075186454378,EOD,0.00022172949002222908,0.006,2026-09-11 12:13:00+00:00,f3
