pair,ts,net_frac,exit_type,mfe_frac,tp_frac,tsp,fold
NEARUSDT,2026-08-12 13:00:00+00:00,0.0005000000000000001,BE_STOP,0.0032661948829613933,0.006,2026-08-12 13:00:00+00:00,f1
SOLUSDT,2026-08-12 13:18:00+00:00,0.0005000000000000001,BE_STOP,0.003407088310162651,0.006,2026-08-12 13:18:00+00:00,f1
BTCUSDT,2026-08-12 13:33:00+00:00,0.0005000000000000001,BE_STOP,0.0030804732656138562,0.006,2026-08-12 13:33:00+00:00,f1
BTCUSDT,2026-08-12 13:42:00+00:00,0.0010000000000000002,FLOOR40,0.003695680673213227,0.006,2026-08-12 13:42:00+00:00,f1
ETHUSDT,2026-08-12 13:43:00+00:00,0.0010000000000000002,FLOOR40,0.003653997378768035,0.006,2026-08-12 13:43:00+00:00,f1
BTCUSDT,2026-08-12 13:43:00+00:00,0.0005000000000000001,BE_STOP,0.0035168341312421135,0.006,2026-08-12 13:43:00+00:00,f1
BTCUSDT,2026-08-12 14:02:00+00:00,0.004600000000000001,TP,0.0064114979008396645,0.006,2026-08-12 14:02:00+00:00,f1
ETHUSDT,2026-08-12 14:02:00+00:00,0.004600000000000001,TP,0.0060076460950300664,0.006,2026-08-12 14:02:00+00:00,f1
BTCUSDT,2026-08-12 14:03:00+00:00,0.004600000000000001,TP,0.006119447999537425,0.006,2026-08-12 14:03:00+00:00,f1
BTCUSDT,2026-08-12 14:03:00+00:00,0.004600000000000001,TP,0.006141191141058317,0.006,2026-08-12 14:03:00+00:00,f1
ETHUSDT,2026-08-12 14:03:00+00:00,0.004600000000000001,TP,0.006565677788049416,0.006,2026-08-12 14:03:00+00:00,f1
NEARUSDT,2026-08-12 14:31:00+00:00,0.004600000000000001,TP,0.0073398984647379106,0.006,2026-08-12 14:31:00+00:00,f1
SOLUSDT,2026-08-12 14:32:00+00:00,0.0005000000000000001,BE_STOP,0.003072540978202156,0.006,2026-08-12 14:32:00+00:00,f1
BTCUSDT,2026-08-12 14:32:00+00:00,0.0010000000000000002,FLOOR40,0.0037543497428592504,0.006,2026-08-12 14:32:00+00:00,f1
NEARUSDT,2026-08-12 14:35:00+00:00,-0.0264,MAE_KILL,0.0027203482045702883,0.006,2026-08-12 14:35:00+00:00,f1
NEARUSDT,2026-08-12 14:35:00+00:00,-0.0264,MAE_KILL,0.0,0.006,2026-08-12 14:35:00+00:00,f1
ETHUSDT,2026-08-12 15:02:00+00:00,0.0005000000000000001,BE_STOP,0.0032656388108204563,0.006,2026-08-12 15:02:00+00:00,f1
BTCUSDT,2026-08-12 15:05:00+00:00,0.0010000000000000002,FLOOR40,0.004384605582152034,0.006,2026-08-12 15:05:00+00:00,f1
BTCUSDT,2026-08-12 15:07:00+00:00,0.0010000000000000002,FLOOR40,0.005422004853087243,0.006,2026-08-12 15:07:00+00:00,f1
BTCUSDT,2026-08-12 15:07:00+00:00,0.0010000000000000002,FLOOR40,0.0053610412144777745,0.006,2026-08-12 15:07:00+00:00,f1
BTCUSDT,2026-08-12 15:07:00+00:00,0.0010000000000000002,FLOOR40,0.005225018469905866,0.006,2026-08-12 15:07:00+00:00,f1
BTCUSDT,2026-08-12 15:18:00+00:00,0.0010000000000000002,FLOOR40,0.005840732432245664,0.006,2026-08-12 15:18:00+00:00,f1
BTCUSDT,2026-08-12 15:18:00+00:00,0.0010000000000000002,FLOOR40,0.005756390315941642,0.006,2026-08-12 15:18:00+00:00,f1
SOLUSDT,2026-08-12 15:22:00+00:00,0.0005000000000000001,BE_STOP,0.0030283394385008954,0.006,2026-08-12 15:22:00+00:00,f1
NEARUSDT,2026-08-12 17:21:00+00:00,0.0005000000000000001,BE_STOP,0.003052689419378543,0.006,2026-08-12 17:21:00+00:00,f1
XRPUSDT,2026-08-12 17:33:00+00:00,0.0010000000000000002,FLOOR40,0.004157181035336021,0.006,2026-08-12 17:33:00+00:00,f1
ETHUSDT,2026-08-12 20:24:00+00:00,0.0010000000000000002,FLOOR40,0.005381132635641702,0.006,2026-08-12 20:24:00+00:00,f1
ETHUSDT,2026-08-12 21:06:00+00:00,0.0005000000000000001,BE_STOP,0.003053475651850672,0.006,2026-08-12 21:06:00+00:00,f1
NEARUSDT,2026-08-12 21:59:00+00:00,0.004600000000000001,TP,0.008363569276182311,0.006,2026-08-12 21:59:00+00:00,f1
SOLUSDT,2026-08-13 04:23:00+00:00,0.0010000000000000002,FLOOR40,0.005774098291499715,0.006,2026-08-13 04:23:00+00:00,f1
BTCUSDT,2026-08-13 05:01:00+00:00,0.0010000000000000002,FLOOR40,0.003931435265147588,0.006,2026-08-13 05:01:00+00:00,f1
ETHUSDT,2026-08-13 05:19:00+00:00,0.0010000000000000002,FLOOR40,0.00368319259345364,0.006,2026-08-13 05:19:00+00:00,f1
ETHUSDT,2026-08-13 05:22:00+00:00,0.0005000000000000001,BE_STOP,0.003365064607127329,0.006,2026-08-13 05:22:00+00:00,f1
ETHUSDT,2026-08-13 06:02:00+00:00,0.0010000000000000002,FLOOR40,0.004718503197685101,0.006,2026-08-13 06:02:00+00:00,f1
NEARUSDT,2026-08-13 09:14:00+00:00,0.004600000000000001,TP,0.006494677972217297,0.006,2026-08-13 09:14:00+00:00,f1
ETHUSDT,2026-08-13 09:14:00+00:00,0.004600000000000001,TP,0.006333861595351299,0.006,2026-08-13 09:14:00+00:00,f1
ETHUSDT,2026-08-13 11:38:00+00:00,0.0010000000000000002,FLOOR40,0.004116690924157273,0.006,2026-08-13 11:38:00+00:00,f1
BTCUSDT,2026-08-13 11:39:00+00:00,0.0010000000000000002,FLOOR40,0.004073351786612984,0.006,2026-08-13 11:39:00+00:00,f1
BTCUSDT,2026-08-13 11:47:00+00:00,0.0010000000000000002,FLOOR40,0.0044835576684242005,0.006,2026-08-13 11:47:00+00:00,f1
BTCUSDT,2026-08-13 12:08:00+00:00,0.0010000000000000002,FLOOR40,0.005224827828884509,0.006,2026-08-13 12:08:00+00:00,f1
ETHUSDT,2026-08-13 12:31:00+00:00,0.0010000000000000002,FLOOR40,0.0038889420165120316,0.006,2026-08-13 12:31:00+00:00,f1
SOLUSDT,2026-08-13 12:32:00+00:00,0.0010000000000000002,FLOOR40,0.004785827604442025,0.006,2026-08-13 12:32:00+00:00,f1
ETHUSDT,2026-08-13 12:32:00+00:00,0.0010000000000000002,FLOOR40,0.005240114271730466,0.006,2026-08-13 12:32:00+00:00,f1
NEARUSDT,2026-08-13 13:11:00+00:00,0.0005000000000000001,BE_STOP,0.00314275353559765,0.006,2026-08-13 13:11:00+00:00,f1
BTCUSDT,2026-08-13 13:15:00+00:00,0.0005000000000000001,BE_STOP,0.003031508505677049,0.006,2026-08-13 13:15:00+00:00,f1
BTCUSDT,2026-08-13 13:19:00+00:00,0.0005000000000000001,BE_STOP,0.0033359861842042946,0.006,2026-08-13 13:19:00+00:00,f1
ETHUSDT,2026-08-13 14:50:00+00:00,0.0005000000000000001,BE_STOP,0.0034437702671964846,0.006,2026-08-13 14:50:00+00:00,f1
BTCUSDT,2026-08-13 14:53:00+00:00,0.0010000000000000002,FLOOR40,0.0037719329901355707,0.006,2026-08-13 14:53:00+00:00,f1
NEARUSDT,2026-08-13 14:59:00+00:00,0.0005000000000000001,BE_STOP,0.0034994569808133387,0.006,2026-08-13 14:59:00+00:00,f1
ETHUSDT,2026-08-13 15:29:00+00:00,0.004600000000000001,TP,0.006122104017663852,0.006,2026-08-13 15:29:00+00:00,f1
ETHUSDT,2026-08-13 15:32:00+00:00,0.0010000000000000002,FLOOR40,0.004260160880609629,0.006,2026-08-13 15:32:00+00:00,f1
NEARUSDT,2026-08-13 15:47:00+00:00,0.004600000000000001,TP,0.0064578429597440595,0.006,2026-08-13 15:47:00+00:00,f1
NEARUSDT,2026-08-13 15:55:00+00:00,0.0010000000000000002,FLOOR40,0.0036443148688046676,0.006,2026-08-13 15:55:00+00:00,f1
BTCUSDT,2026-08-13 16:18:00+00:00,0.0010000000000000002,FLOOR40,0.003836471955232775,0.006,2026-08-13 16:18:00+00:00,f1
BTCUSDT,2026-08-13 16:18:00+00:00,0.0010000000000000002,FLOOR40,0.0038349056603773812,0.006,2026-08-13 16:18:00+00:00,f1
BTCUSDT,2026-08-13 16:22:00+00:00,0.0010000000000000002,FLOOR40,0.004315526939040409,0.006,2026-08-13 16:22:00+00:00,f1
BTCUSDT,2026-08-13 16:39:00+00:00,0.004600000000000001,TP,0.006829811006175849,0.006,2026-08-13 16:39:00+00:00,f1
BTCUSDT,2026-08-13 16:39:00+00:00,0.004600000000000001,TP,0.006472838826943874,0.006,2026-08-13 16:39:00+00:00,f1
ETHUSDT,2026-08-13 16:39:00+00:00,0.004600000000000001,TP,0.008185393855639465,0.006,2026-08-13 16:39:00+00:00,f1
BTCUSDT,2026-08-13 16:40:00+00:00,0.004600000000000001,TP,0.006974609393483494,0.006,2026-08-13 16:40:00+00:00,f1
ETHUSDT,2026-08-13 19:15:00+00:00,0.0010000000000000002,FLOOR40,0.004640149504130481,0.006,2026-08-13 19:15:00+00:00,f1
BTCUSDT,2026-08-13 22:48:00+00:00,0.0010000000000000002,FLOOR40,0.003916383168073068,0.006,2026-08-13 22:48:00+00:00,f1
ETHUSDT,2026-08-14 00:01:00+00:00,0.0005000000000000001,BE_STOP,0.0030698875785996837,0.006,2026-08-14 00:01:00+00:00,f1
BTCUSDT,2026-08-14 07:03:00+00:00,0.0005000000000000001,BE_STOP,0.0030629885450884097,0.006,2026-08-14 07:03:00+00:00,f1
BTCUSDT,2026-08-14 08:38:00+00:00,0.0010000000000000002,FLOOR40,0.004678039415578515,0.006,2026-08-14 08:38:00+00:00,f1
BTCUSDT,2026-08-14 08:47:00+00:00,0.0010000000000000002,FLOOR40,0.005167753598461078,0.006,2026-08-14 08:47:00+00:00,f1
BTCUSDT,2026-08-14 08:49:00+00:00,0.0010000000000000002,FLOOR40,0.005341407332295497,0.006,2026-08-14 08:49:00+00:00,f1
ETHUSDT,2026-08-14 11:40:00+00:00,0.0005000000000000001,BE_STOP,0.0030133333333333817,0.006,2026-08-14 11:40:00+00:00,f1
ETHUSDT,2026-08-14 11:40:00+00:00,0.0005000000000000001,BE_STOP,0.0030293818034422223,0.006,2026-08-14 11:40:00+00:00,f1
BTCUSDT,2026-08-14 13:26:00+00:00,0.0010000000000000002,FLOOR40,0.004153187372400877,0.006,2026-08-14 13:26:00+00:00,f1
BTCUSDT,2026-08-14 13:26:00+00:00,0.0010000000000000002,FLOOR40,0.004411418462732751,0.006,2026-08-14 13:26:00+00:00,f1
BTCUSDT,2026-08-14 13:46:00+00:00,-0.022037532246144177,MAX_AGE,0.0006265634790054131,0.006,2026-08-14 13:46:00+00:00,f1
BTCUSDT,2026-08-14 16:00:00+00:00,0.0005000000000000001,BE_STOP,0.00335181844502345,0.006,2026-08-14 16:00:00+00:00,f1
BTCUSDT,2026-08-14 16:35:00+00:00,0.004600000000000001,TP,0.006127121033740563,0.006,2026-08-14 16:35:00+00:00,f1
NEARUSDT,2026-08-14 16:42:00+00:00,0.0010000000000000002,FLOOR40,0.004323308270676633,0.006,2026-08-14 16:42:00+00:00,f1
ETHUSDT,2026-08-14 16:47:00+00:00,0.0005000000000000001,BE_STOP,0.0035566944538959117,0.006,2026-08-14 16:47:00+00:00,f1
NEARUSDT,2026-08-14 17:28:00+00:00,0.0005000000000000001,BE_STOP,0.003307951566595843,0.006,2026-08-14 17:28:00+00:00,f1
SOLUSDT,2026-08-14 18:14:00+00:00,0.004600000000000001,TP,0.007669483667576146,0.006,2026-08-14 18:14:00+00:00,f1
BTCUSDT,2026-08-14 19:28:00+00:00,0.0005000000000000001,BE_STOP,0.0031746031746031746,0.006,2026-08-14 19:28:00+00:00,f1
BTCUSDT,2026-08-15 03:36:00+00:00,0.0010000000000000002,FLOOR40,0.0042238765871331066,0.006,2026-08-15 03:36:00+00:00,f1
BTCUSDT,2026-08-15 05:20:00+00:00,-0.013389112758701105,MAX_AGE,0.0012990814085798849,0.006,2026-08-15 05:20:00+00:00,f1
ETHUSDT,2026-08-15 09:46:00+00:00,0.0010000000000000002,FLOOR40,0.0045443445207734795,0.006,2026-08-15 09:46:00+00:00,f1
BTCUSDT,2026-08-15 16:24:00+00:00,-0.008430037432666827,MAX_AGE,0.0015048624687929704,0.006,2026-08-15 16:24:00+00:00,f1
ETHUSDT,2026-08-15 16:42:00+00:00,-0.011725591374778738,MAX_AGE,0.00064367322855766,0.006,2026-08-15 16:42:00+00:00,f1
NEARUSDT,2026-08-15 16:50:00+00:00,0.0005000000000000001,BE_STOP,0.0031059683313033526,0.006,2026-08-15 16:50:00+00:00,f1
ETHUSDT,2026-08-15 17:23:00+00:00,0.0005000000000000001,BE_STOP,0.003266843665036845,0.006,2026-08-15 17:23:00+00:00,f1
BTCUSDT,2026-08-16 00:01:00+00:00,-0.007986338547255403,MAX_AGE,0.002131893792927453,0.006,2026-08-16 00:01:00+00:00,f1
NEARUSDT,2026-08-16 00:41:00+00:00,0.0010000000000000002,FLOOR40,0.004082390053813285,0.006,2026-08-16 00:41:00+00:00,f1
ETHUSDT,2026-08-16 01:45:00+00:00,0.0010000000000000002,FLOOR40,0.0040129731566069,0.006,2026-08-16 01:45:00+00:00,f1
ETHUSDT,2026-08-16 01:45:00+00:00,0.0005000000000000001,BE_STOP,0.003568678473752703,0.006,2026-08-16 01:45:00+00:00,f1
ETHUSDT,2026-08-16 13:47:00+00:00,-0.007918842022446564,MAX_AGE,0.0026920997843108774,0.006,2026-08-16 13:47:00+00:00,f1
SOLUSDT,2026-08-16 16:40:00+00:00,0.0010000000000000002,FLOOR40,0.0036201135097861893,0.006,2026-08-16 16:40:00+00:00,f1
BTCUSDT,2026-08-16 16:42:00+00:00,-8.787798689774995e-05,MAX_AGE,0.002820508356270477,0.006,2026-08-16 16:42:00+00:00,f1
BTCUSDT,2026-08-16 17:11:00+00:00,0.0010000000000000002,FLOOR40,0.004939180197598953,0.006,2026-08-16 17:11:00+00:00,f1
BTCUSDT,2026-08-16 17:20:00+00:00,0.0010000000000000002,FLOOR40,0.005092223175802263,0.006,2026-08-16 17:20:00+00:00,f1
BTCUSDT,2026-08-16 17:29:00+00:00,-0.0015757026920501425,MAX_AGE,0.002903051686666721,0.006,2026-08-16 17:29:00+00:00,f1
ETHUSDT,2026-08-16 17:35:00+00:00,0.0010000000000000002,FLOOR40,0.00588107050371963,0.006,2026-08-16 17:35:00+00:00,f1
SOLUSDT,2026-08-16 18:13:00+00:00,0.004600000000000001,TP,0.00601611364359156,0.006,2026-08-16 18:13:00+00:00,f1
BTCUSDT,2026-08-16 21:40:00+00:00,0.004600000000000001,TP,0.007846928716214521,0.006,2026-08-16 21:40:00+00:00,f1
BTCUSDT,2026-08-16 21:40:00+00:00,0.004600000000000001,TP,0.007330147964498652,0.006,2026-08-16 21:40:00+00:00,f1
BTCUSDT,2026-08-16 21:40:00+00:00,0.004600000000000001,TP,0.006915077275909343,0.006,2026-08-16 21:40:00+00:00,f1
BTCUSDT,2026-08-16 21:40:00+00:00,0.004600000000000001,TP,0.006321741624761991,0.006,2026-08-16 21:40:00+00:00,f1
BTCUSDT,2026-08-16 21:47:00+00:00,0.0010000000000000002,FLOOR40,0.005612587166380844,0.006,2026-08-16 21:47:00+00:00,f1
BTCUSDT,2026-08-16 21:50:00+00:00,0.0010000000000000002,FLOOR40,0.005820710694346864,0.006,2026-08-16 21:50:00+00:00,f1
SOLUSDT,2026-08-16 22:05:00+00:00,0.0010000000000000002,FLOOR40,0.004310923692621712,0.006,2026-08-16 22:05:00+00:00,f1
XRPUSDT,2026-08-16 22:47:00+00:00,0.0010000000000000002,FLOOR40,0.0037197144867799703,0.006,2026-08-16 22:47:00+00:00,f1
BTCUSDT,2026-08-16 22:49:00+00:00,0.0005000000000000001,BE_STOP,0.0030842841486246617,0.006,2026-08-16 22:49:00+00:00,f1
BTCUSDT,2026-08-16 22:49:00+00:00,0.0010000000000000002,FLOOR40,0.0037530222081632735,0.006,2026-08-16 22:49:00+00:00,f1
BTCUSDT,2026-08-16 22:49:00+00:00,0.0010000000000000002,FLOOR40,0.003692840848574495,0.006,2026-08-16 22:49:00+00:00,f1
BTCUSDT,2026-08-16 22:49:00+00:00,0.0010000000000000002,FLOOR40,0.003927190429797789,0.006,2026-08-16 22:49:00+00:00,f1
ETHUSDT,2026-08-17 01:01:00+00:00,0.004600000000000001,TP,0.008107516666043998,0.006,2026-08-17 01:01:00+00:00,f1
ETHUSDT,2026-08-17 01:01:00+00:00,0.004600000000000001,TP,0.00832278970942302,0.006,2026-08-17 01:01:00+00:00,f1
ETHUSDT,2026-08-17 01:01:00+00:00,0.004600000000000001,TP,0.008085994417194663,0.006,2026-08-17 01:01:00+00:00,f1
ETHUSDT,2026-08-17 01:01:00+00:00,0.004600000000000001,TP,0.0074085136569469355,0.006,2026-08-17 01:01:00+00:00,f1
ETHUSDT,2026-08-17 01:08:00+00:00,0.0010000000000000002,FLOOR40,0.0038700796781111118,0.006,2026-08-17 01:08:00+00:00,f1
ETHUSDT,2026-08-17 01:08:00+00:00,0.0010000000000000002,FLOOR40,0.0038381923966732136,0.006,2026-08-17 01:08:00+00:00,f1
ETHUSDT,2026-08-17 01:37:00+00:00,0.0005000000000000001,BE_STOP,0.0033703168732772066,0.006,2026-08-17 01:37:00+00:00,f1
NEARUSDT,2026-08-17 01:37:00+00:00,0.0010000000000000002,FLOOR40,0.004906832298136519,0.006,2026-08-17 01:37:00+00:00,f1
BTCUSDT,2026-08-17 01:52:00+00:00,0.0005000000000000001,BE_STOP,0.003133801420127732,0.006,2026-08-17 01:52:00+00:00,f1
BTCUSDT,2026-08-17 02:46:00+00:00,0.0010000000000000002,FLOOR40,0.00395022588570971,0.006,2026-08-17 02:46:00+00:00,f1
BTCUSDT,2026-08-17 02:52:00+00:00,0.004600000000000001,TP,0.0060164234242380005,0.006,2026-08-17 02:52:00+00:00,f1
BTCUSDT,2026-08-17 02:53:00+00:00,0.004600000000000001,TP,0.006536973617453115,0.006,2026-08-17 02:53:00+00:00,f1
BTCUSDT,2026-08-17 03:26:00+00:00,0.0010000000000000002,FLOOR40,0.004911830816475178,0.006,2026-08-17 03:26:00+00:00,f1
SOLUSDT,2026-08-17 04:31:00+00:00,0.0005000000000000001,BE_STOP,0.003251622493264557,0.006,2026-08-17 04:31:00+00:00,f1
SOLUSDT,2026-08-17 06:45:00+00:00,0.004600000000000001,TP,0.006559601900022742,0.006,2026-08-17 06:45:00+00:00,f1
ETHUSDT,2026-08-17 06:54:00+00:00,0.0010000000000000002,FLOOR40,0.005195296889131881,0.006,2026-08-17 06:54:00+00:00,f1
BTCUSDT,2026-08-17 07:04:00+00:00,0.0010000000000000002,FLOOR40,0.004462053617197032,0.006,2026-08-17 07:04:00+00:00,f1
ETHUSDT,2026-08-17 10:30:00+00:00,0.0010000000000000002,FLOOR40,0.005287358740714216,0.006,2026-08-17 10:30:00+00:00,f1
BTCUSDT,2026-08-17 10:30:00+00:00,0.0010000000000000002,FLOOR40,0.004425342798824689,0.006,2026-08-17 10:30:00+00:00,f1
NEARUSDT,2026-08-17 11:56:00+00:00,0.0010000000000000002,FLOOR40,0.005120390124961879,0.006,2026-08-17 11:56:00+00:00,f1
BTCUSDT,2026-08-17 12:19:00+00:00,0.0010000000000000002,FLOOR40,0.005209310538920857,0.006,2026-08-17 12:19:00+00:00,f1
SOLUSDT,2026-08-17 13:33:00+00:00,0.0010000000000000002,FLOOR40,0.005445773577423913,0.006,2026-08-17 13:33:00+00:00,f1
SOLUSDT,2026-08-17 15:43:00+00:00,0.004600000000000001,TP,0.006231560006879903,0.006,2026-08-17 15:43:00+00:00,f1
ETHUSDT,2026-08-17 16:10:00+00:00,0.0010000000000000002,FLOOR40,0.004965357967667456,0.006,2026-08-17 16:10:00+00:00,f1
BTCUSDT,2026-08-17 17:29:00+00:00,0.0010000000000000002,FLOOR40,0.005433195890130788,0.006,2026-08-17 17:29:00+00:00,f1
NEARUSDT,2026-08-17 17:46:00+00:00,-0.0264,MAE_KILL,0.0015732784702892021,0.006,2026-08-17 17:46:00+00:00,f1
NEARUSDT,2026-08-17 17:57:00+00:00,0.004600000000000001,TP,0.006055737502317265,0.006,2026-08-17 17:57:00+00:00,f1
BTCUSDT,2026-08-17 18:31:00+00:00,0.0010000000000000002,FLOOR40,0.004489145786798218,0.006,2026-08-17 18:31:00+00:00,f1
BTCUSDT,2026-08-17 18:33:00+00:00,0.0010000000000000002,FLOOR40,0.005364893729644207,0.006,2026-08-17 18:33:00+00:00,f1
NEARUSDT,2026-08-17 18:51:00+00:00,0.0005000000000000001,BE_STOP,0.0033477991320521212,0.006,2026-08-17 18:51:00+00:00,f1
ETHUSDT,2026-08-17 23:08:00+00:00,0.0005000000000000001,BE_STOP,0.0030390995881495837,0.006,2026-08-17 23:08:00+00:00,f1
BTCUSDT,2026-08-17 23:42:00+00:00,0.0005000000000000001,BE_STOP,0.003277108433734985,0.006,2026-08-17 23:42:00+00:00,f1
NEARUSDT,2026-08-18 01:58:00+00:00,0.0010000000000000002,FLOOR40,0.003791817014249883,0.006,2026-08-18 01:58:00+00:00,f1
ETHUSDT,2026-08-18 02:46:00+00:00,0.004600000000000001,TP,0.006389002915574695,0.006,2026-08-18 02:46:00+00:00,f1
ETHUSDT,2026-08-18 03:36:00+00:00,0.0005000000000000001,BE_STOP,0.0035733730844658656,0.006,2026-08-18 03:36:00+00:00,f1
BTCUSDT,2026-08-18 06:21:00+00:00,0.0010000000000000002,FLOOR40,0.005881914510378798,0.006,2026-08-18 06:21:00+00:00,f1
NEARUSDT,2026-08-18 06:23:00+00:00,0.0010000000000000002,FLOOR40,0.003984063745019884,0.006,2026-08-18 06:23:00+00:00,f1
NEARUSDT,2026-08-18 06:30:00+00:00,-0.0264,MAE_KILL,0.0,0.006,2026-08-18 06:30:00+00:00,f1
BTCUSDT,2026-08-18 14:24:00+00:00,0.004600000000000001,TP,0.006226131090848045,0.006,2026-08-18 14:24:00+00:00,f1
ETHUSDT,2026-08-18 14:26:00+00:00,0.004600000000000001,TP,0.006323719736108325,0.006,2026-08-18 14:26:00+00:00,f1
BTCUSDT,2026-08-18 22:05:00+00:00,-0.028503875914720034,MAX_AGE,0.002767033005500675,0.006,2026-08-18 22:05:00+00:00,f1
BTCUSDT,2026-08-18 22:47:00+00:00,-0.030817060939210585,MAX_AGE,0.00039360856186263047,0.006,2026-08-18 22:47:00+00:00,f1
ETHUSDT,2026-08-19 00:02:00+00:00,0.0010000000000000002,FLOOR40,0.003880976416007116,0.006,2026-08-19 00:02:00+00:00,f1
ETHUSDT,2026-08-19 02:22:00+00:00,0.0010000000000000002,FLOOR40,0.0036277338686070623,0.006,2026-08-19 02:22:00+00:00,f1
ETHUSDT,2026-08-19 02:26:00+00:00,0.0005000000000000001,BE_STOP,0.003528765977468176,0.006,2026-08-19 02:26:00+00:00,f1
BTCUSDT,2026-08-19 03:26:00+00:00,-0.017415729875708687,MAX_AGE,0.0009017830351079225,0.006,2026-08-19 03:26:00+00:00,f1
ETHUSDT,2026-08-19 07:04:00+00:00,0.0005000000000000001,BE_STOP,0.0033532295105122346,0.006,2026-08-19 07:04:00+00:00,f1
NEARUSDT,2026-08-19 11:31:00+00:00,0.004600000000000001,TP,0.006931979946772358,0.006,2026-08-19 11:31:00+00:00,f1
BTCUSDT,2026-08-19 12:19:00+00:00,-0.015494787445571468,MAX_AGE,0.002505914776874412,0.006,2026-08-19 12:19:00+00:00,f1
BTCUSDT,2026-08-19 12:41:00+00:00,0.004600000000000001,TP,0.006006519232980212,0.006,2026-08-19 12:41:00+00:00,f1
SOLUSDT,2026-08-19 12:44:00+00:00,0.004600000000000001,TP,0.0066034694009157215,0.006,2026-08-19 12:44:00+00:00,f1
BTCUSDT,2026-08-19 13:31:00+00:00,0.004600000000000001,TP,0.006000777878613939,0.006,2026-08-19 13:31:00+00:00,f1
BTCUSDT,2026-08-19 13:34:00+00:00,0.0005000000000000001,BE_STOP,0.003578247213155162,0.006,2026-08-19 13:34:00+00:00,f1
BTCUSDT,2026-08-19 13:34:00+00:00,0.0010000000000000002,FLOOR40,0.004633183209565975,0.006,2026-08-19 13:34:00+00:00,f1
NEARUSDT,2026-08-19 14:13:00+00:00,0.0010000000000000002,FLOOR40,0.003695719125346477,0.006,2026-08-19 14:13:00+00:00,f1
BTCUSDT,2026-08-19 14:17:00+00:00,0.004600000000000001,TP,0.006449687667760262,0.006,2026-08-19 14:17:00+00:00,f1
XRPUSDT,2026-08-19 14:50:00+00:00,0.004600000000000001,TP,0.006090373280943009,0.006,2026-08-19 14:50:00+00:00,f1
XRPUSDT,2026-08-19 14:54:00+00:00,0.004600000000000001,TP,0.007929515418502198,0.006,2026-08-19 14:54:00+00:00,f1
BTCUSDT,2026-08-19 14:55:00+00:00,0.004600000000000001,TP,0.00902632896124517,0.006,2026-08-19 14:55:00+00:00,f1
BTCUSDT,2026-08-19 15:01:00+00:00,0.004600000000000001,TP,0.006624335620796821,0.006,2026-08-19 15:01:00+00:00,f1
NEARUSDT,2026-08-19 15:02:00+00:00,0.0010000000000000002,FLOOR40,0.003975778335066334,0.006,2026-08-19 15:02:00+00:00,f1
ETHUSDT,2026-08-19 15:04:00+00:00,-0.0414,MAE_KILL,0.002210002618486529,0.006,2026-08-19 15:04:00+00:00,f1
ETHUSDT,2026-08-19 15:04:00+00:00,0.004600000000000001,TP,0.006776104728068946,0.006,2026-08-19 15:04:00+00:00,f1
BTCUSDT,2026-08-19 15:05:00+00:00,0.004600000000000001,TP,0.0077264737223994885,0.006,2026-08-19 15:05:00+00:00,f1
SOLUSDT,2026-08-19 15:05:00+00:00,0.004879527976102221,TP,0.0068466063572099715,0.00627952797610222,2026-08-19 15:05:00+00:00,f1
BTCUSDT,2026-08-19 15:14:00+00:00,-0.0414,MAE_KILL,0.0021069256988750576,0.006,2026-08-19 15:14:00+00:00,f1
BTCUSDT,2026-08-19 15:14:00+00:00,-0.0414,MAE_KILL,0.0015333427964866156,0.006,2026-08-19 15:14:00+00:00,f1
ETHUSDT,2026-08-19 15:18:00+00:00,0.0005000000000000001,BE_STOP,0.0035505430242271712,0.007012997345972673,2026-08-19 15:18:00+00:00,f1
BTCUSDT,2026-08-19 15:22:00+00:00,0.004600000000000001,TP,0.006821605012652039,0.006,2026-08-19 15:22:00+00:00,f1
BTCUSDT,2026-08-19 15:23:00+00:00,0.004600000000000001,TP,0.00744024776747433,0.006,2026-08-19 15:23:00+00:00,f1
ETHUSDT,2026-08-19 15:23:00+00:00,0.005121412963327725,TP,0.007655435707779431,0.006521412963327725,2026-08-19 15:23:00+00:00,f1
NEARUSDT,2026-08-19 15:23:00+00:00,0.004600000000000001,TP,0.00864535768645357,0.006,2026-08-19 15:23:00+00:00,f1
BTCUSDT,2026-08-19 15:24:00+00:00,-0.0414,MAE_KILL,0.00024198952619689486,0.006,2026-08-19 15:24:00+00:00,f1
ETHUSDT,2026-08-19 15:24:00+00:00,0.005419711528242839,TP,0.00872372714919118,0.006819711528242838,2026-08-19 15:24:00+00:00,f1
BTCUSDT,2026-08-19 15:26:00+00:00,-0.0414,MAE_KILL,0.0013247116554577882,0.006,2026-08-19 15:26:00+00:00,f1
BTCUSDT,2026-08-19 15:26:00+00:00,0.004600000000000001,TP,0.0066337042228972725,0.006,2026-08-19 15:26:00+00:00,f1
XRPUSDT,2026-08-20 00:14:00+00:00,0.0010000000000000002,FLOOR40,0.004527755139001986,0.006,2026-08-20 00:14:00+00:00,f1
ETHUSDT,2026-08-20 00:23:00+00:00,0.0010000000000000002,FLOOR40,0.004617659559396602,0.006,2026-08-20 00:23:00+00:00,f1
BTCUSDT,2026-08-20 00:25:00+00:00,0.0005000000000000001,BE_STOP,0.0033148106603160363,0.006,2026-08-20 00:25:00+00:00,f1
NEARUSDT,2026-08-20 00:29:00+00:00,0.004600000000000001,TP,0.006667816290165002,0.006,2026-08-20 00:29:00+00:00,f1
NEARUSDT,2026-08-20 00:29:00+00:00,0.004600000000000001,TP,0.007710455147016559,0.006,2026-08-20 00:29:00+00:00,f1
XRPUSDT,2026-08-20 00:33:00+00:00,0.004600000000000001,TP,0.006147170493581555,0.006,2026-08-20 00:33:00+00:00,f1
ETHUSDT,2026-08-20 00:39:00+00:00,0.004600000000000001,TP,0.007464141978263632,0.006,2026-08-20 00:39:00+00:00,f1
ETHUSDT,2026-08-20 00:41:00+00:00,0.0010000000000000002,FLOOR40,0.004632085145504057,0.006,2026-08-20 00:41:00+00:00,f1
ETHUSDT,2026-08-20 00:41:00+00:00,0.0010000000000000002,FLOOR40,0.004019683195957306,0.006,2026-08-20 00:41:00+00:00,f1
ETHUSDT,2026-08-20 00:52:00+00:00,0.0005000000000000001,BE_STOP,0.003252312363199839,0.006,2026-08-20 00:52:00+00:00,f1
BTCUSDT,2026-08-20 01:02:00+00:00,0.0005000000000000001,BE_STOP,0.0031457708216817066,0.006,2026-08-20 01:02:00+00:00,f1
BTCUSDT,2026-08-20 01:20:00+00:00,0.0010000000000000002,FLOOR40,0.0038800507557250835,0.006,2026-08-20 01:20:00+00:00,f1
BTCUSDT,2026-08-20 01:20:00+00:00,0.0005000000000000001,BE_STOP,0.0033509662096513427,0.006,2026-08-20 01:20:00+00:00,f1
BTCUSDT,2026-08-20 01:34:00+00:00,0.0010000000000000002,FLOOR40,0.004933676328988444,0.006,2026-08-20 01:34:00+00:00,f1
BTCUSDT,2026-08-20 01:34:00+00:00,0.0010000000000000002,FLOOR40,0.004265398072661413,0.006,2026-08-20 01:34:00+00:00,f1
BTCUSDT,2026-08-20 01:52:00+00:00,0.0005000000000000001,BE_STOP,0.0031375420911682137,0.006,2026-08-20 01:52:00+00:00,f1
XRPUSDT,2026-08-20 01:53:00+00:00,0.0005000000000000001,BE_STOP,0.0032379924446843387,0.006,2026-08-20 01:53:00+00:00,f1
BTCUSDT,2026-08-20 01:56:00+00:00,0.0010000000000000002,FLOOR40,0.005045440616444325,0.006,2026-08-20 01:56:00+00:00,f1
ETHUSDT,2026-08-20 01:56:00+00:00,0.0010000000000000002,FLOOR40,0.004407021145736818,0.006,2026-08-20 01:56:00+00:00,f1
NEARUSDT,2026-08-20 02:05:00+00:00,0.0005000000000000001,BE_STOP,0.0031435756744399063,0.006,2026-08-20 02:05:00+00:00,f1
BTCUSDT,2026-08-20 03:11:00+00:00,0.004600000000000001,TP,0.006684777279832127,0.006,2026-08-20 03:11:00+00:00,f1
NEARUSDT,2026-08-20 03:36:00+00:00,0.0010000000000000002,FLOOR40,0.0057497967243582415,0.006,2026-08-20 03:36:00+00:00,f1
BTCUSDT,2026-08-20 03:47:00+00:00,0.0010000000000000002,FLOOR40,0.0037188443644090258,0.006,2026-08-20 03:47:00+00:00,f1
BTCUSDT,2026-08-20 05:25:00+00:00,0.004600000000000001,TP,0.006003706812242677,0.006,2026-08-20 05:25:00+00:00,f1
SOLUSDT,2026-08-20 06:45:00+00:00,0.004600000000000001,TP,0.007103671402447537,0.006,2026-08-20 06:45:00+00:00,f1
SOLUSDT,2026-08-20 06:48:00+00:00,0.0005000000000000001,BE_STOP,0.0034806578209680646,0.006,2026-08-20 06:48:00+00:00,f1
BTCUSDT,2026-08-20 07:03:00+00:00,0.0010000000000000002,FLOOR40,0.003676470588235294,0.006,2026-08-20 07:03:00+00:00,f1
BTCUSDT,2026-08-20 07:11:00+00:00,0.0010000000000000002,FLOOR40,0.004295577019093283,0.006,2026-08-20 07:11:00+00:00,f1
BTCUSDT,2026-08-20 07:13:00+00:00,0.0010000000000000002,FLOOR40,0.005009325184026931,0.006,2026-08-20 07:13:00+00:00,f1
SOLUSDT,2026-08-20 07:29:00+00:00,0.004600000000000001,TP,0.006406209815061628,0.006,2026-08-20 07:29:00+00:00,f1
SOLUSDT,2026-08-20 07:36:00+00:00,0.0005000000000000001,BE_STOP,0.0033899489760256846,0.006,2026-08-20 07:36:00+00:00,f1
XRPUSDT,2026-08-20 07:50:00+00:00,0.0005000000000000001,BE_STOP,0.00306278713629389,0.006,2026-08-20 07:50:00+00:00,f1
XRPUSDT,2026-08-20 07:51:00+00:00,0.0005000000000000001,BE_STOP,0.003243535453644315,0.006,2026-08-20 07:51:00+00:00,f1
BTCUSDT,2026-08-20 08:07:00+00:00,0.004600000000000001,TP,0.007412615048023948,0.006,2026-08-20 08:07:00+00:00,f1
SOLUSDT,2026-08-20 08:07:00+00:00,0.004600000000000001,TP,0.007122656331831928,0.006,2026-08-20 08:07:00+00:00,f1
BTCUSDT,2026-08-20 08:07:00+00:00,0.004600000000000001,TP,0.01043638358556645,0.006,2026-08-20 08:07:00+00:00,f1
XRPUSDT,2026-08-20 08:09:00+00:00,0.004600000000000001,TP,0.0065600287562905145,0.006,2026-08-20 08:09:00+00:00,f1
NEARUSDT,2026-08-20 08:09:00+00:00,0.004600000000000001,TP,0.00620226267731001,0.006,2026-08-20 08:09:00+00:00,f1
SOLUSDT,2026-08-20 08:09:00+00:00,0.004600000000000001,TP,0.00885367043896545,0.006,2026-08-20 08:09:00+00:00,f1
BTCUSDT,2026-08-20 08:09:00+00:00,0.004600000000000001,TP,0.008447021324776522,0.006,2026-08-20 08:09:00+00:00,f1
NEARUSDT,2026-08-20 08:14:00+00:00,0.004600000000000001,TP,0.006796504654748999,0.006,2026-08-20 08:14:00+00:00,f1
ETHUSDT,2026-08-20 08:16:00+00:00,0.0010000000000000002,FLOOR40,0.005909926389756152,0.006,2026-08-20 08:16:00+00:00,f1
BTCUSDT,2026-08-20 08:17:00+00:00,0.004600000000000001,TP,0.007632405334234577,0.006,2026-08-20 08:17:00+00:00,f1
BTCUSDT,2026-08-20 08:19:00+00:00,0.0010000000000000002,FLOOR40,0.0039059102145724426,0.006,2026-08-20 08:19:00+00:00,f1
BTCUSDT,2026-08-20 08:31:00+00:00,0.0005000000000000001,BE_STOP,0.0035732107589909697,0.006,2026-08-20 08:31:00+00:00,f1
SOLUSDT,2026-08-20 08:37:00+00:00,0.004600000000000001,TP,0.0061120348603864606,0.006,2026-08-20 08:37:00+00:00,f1
XRPUSDT,2026-08-20 08:38:00+00:00,0.004600000000000001,TP,0.006900165953358388,0.006,2026-08-20 08:38:00+00:00,f1
BTCUSDT,2026-08-20 08:40:00+00:00,0.004600000000000001,TP,0.006698244573747598,0.006,2026-08-20 08:40:00+00:00,f1
BTCUSDT,2026-08-20 08:41:00+00:00,0.0011599318188827178,FLOOR40,0.0042781408310136005,0.006399829547206794,2026-08-20 08:41:00+00:00,f1
BTCUSDT,2026-08-20 08:41:00+00:00,0.0010000000000000002,FLOOR40,0.004390773207872152,0.006,2026-08-20 08:41:00+00:00,f1
BTCUSDT,2026-08-20 08:41:00+00:00,0.0005000000000000001,BE_STOP,0.0032697997930293747,0.006,2026-08-20 08:41:00+00:00,f1
BTCUSDT,2026-08-20 08:47:00+00:00,0.005167838339266931,TP,0.00719129519129515,0.00656783833926693,2026-08-20 08:47:00+00:00,f1
BTCUSDT,2026-08-20 08:47:00+00:00,0.004600000000000001,TP,0.006878876473568626,0.006,2026-08-20 08:47:00+00:00,f1
BTCUSDT,2026-08-20 09:00:00+00:00,0.0010000000000000002,FLOOR40,0.004699842685432488,0.006,2026-08-20 09:00:00+00:00,f1
ETHUSDT,2026-08-20 09:03:00+00:00,0.0010000000000000002,FLOOR40,0.0050209720109388924,0.006,2026-08-20 09:03:00+00:00,f1
BTCUSDT,2026-08-20 09:06:00+00:00,0.004600000000000001,TP,0.006318345467301261,0.006,2026-08-20 09:06:00+00:00,f1
ETHUSDT,2026-08-20 09:06:00+00:00,0.004600000000000001,TP,0.006269894858686296,0.006,2026-08-20 09:06:00+00:00,f1
BTCUSDT,2026-08-20 09:16:00+00:00,0.0010000000000000002,FLOOR40,0.0036650682857887864,0.006,2026-08-20 09:16:00+00:00,f1
NEARUSDT,2026-08-20 09:16:00+00:00,0.0010000000000000002,FLOOR40,0.004378731873756065,0.006,2026-08-20 09:16:00+00:00,f1
BTCUSDT,2026-08-20 09:16:00+00:00,0.0010000000000000002,FLOOR40,0.00407691566883876,0.006,2026-08-20 09:16:00+00:00,f1
BTCUSDT,2026-08-20 09:19:00+00:00,0.004600000000000001,TP,0.00611542195433692,0.006,2026-08-20 09:19:00+00:00,f1
ETHUSDT,2026-08-20 09:28:00+00:00,0.0010000000000000002,FLOOR40,0.004617483471508004,0.006,2026-08-20 09:28:00+00:00,f1
BTCUSDT,2026-08-20 09:28:00+00:00,0.0005000000000000001,BE_STOP,0.003215026664253111,0.006,2026-08-20 09:28:00+00:00,f1
XRPUSDT,2026-08-20 09:31:00+00:00,0.0010000000000000002,FLOOR40,0.004412528119051637,0.006,2026-08-20 09:31:00+00:00,f1
XRPUSDT,2026-08-20 09:52:00+00:00,0.004600000000000001,TP,0.007796933206272302,0.006,2026-08-20 09:52:00+00:00,f1
SOLUSDT,2026-08-20 09:59:00+00:00,0.0010000000000000002,FLOOR40,0.004288556986345235,0.006,2026-08-20 09:59:00+00:00,f1
ETHUSDT,2026-08-20 10:07:00+00:00,0.0010000000000000002,FLOOR40,0.005131592762398076,0.006,2026-08-20 10:07:00+00:00,f1
BTCUSDT,2026-08-20 10:15:00+00:00,-0.0414,MAE_KILL,0.0002545272049317463,0.006,2026-08-20 10:15:00+00:00,f1
BTCUSDT,2026-08-20 10:15:00+00:00,0.004600000000000001,TP,0.00742673038924641,0.006,2026-08-20 10:15:00+00:00,f1
BTCUSDT,2026-08-20 10:15:00+00:00,0.004600000000000001,TP,0.006761770566704823,0.006,2026-08-20 10:15:00+00:00,f1
BTCUSDT,2026-08-20 10:15:00+00:00,0.004600000000000001,TP,0.00830021042786992,0.006,2026-08-20 10:15:00+00:00,f1
NEARUSDT,2026-08-20 11:11:00+00:00,0.004600000000000001,TP,0.006103125712982063,0.006,2026-08-20 11:11:00+00:00,f1
ETHUSDT,2026-08-20 11:31:00+00:00,0.004600000000000001,TP,0.009327470185719569,0.006,2026-08-20 11:31:00+00:00,f1
ETHUSDT,2026-08-20 11:52:00+00:00,0.0010000000000000002,FLOOR40,0.0039620509134368044,0.006,2026-08-20 11:52:00+00:00,f1
ETHUSDT,2026-08-20 12:10:00+00:00,0.0010000000000000002,FLOOR40,0.0048681345694620674,0.006,2026-08-20 12:10:00+00:00,f1
BTCUSDT,2026-08-20 12:12:00+00:00,0.0010000000000000002,FLOOR40,0.005971689767030415,0.006,2026-08-20 12:12:00+00:00,f1
NEARUSDT,2026-08-20 12:32:00+00:00,-0.0264,MAE_KILL,0.0010763652843869197,0.006,2026-08-20 12:32:00+00:00,f1
NEARUSDT,2026-08-20 12:35:00+00:00,-0.0264,MAE_KILL,0.001814161800555513,0.006,2026-08-20 12:35:00+00:00,f1
BTCUSDT,2026-08-20 12:50:00+00:00,0.0010000000000000002,FLOOR40,0.0038504218456373567,0.006,2026-08-20 12:50:00+00:00,f1
BTCUSDT,2026-08-20 12:51:00+00:00,0.0010000000000000002,FLOOR40,0.0045359687274491,0.006,2026-08-20 12:51:00+00:00,f1
BTCUSDT,2026-08-20 12:51:00+00:00,0.0010000000000000002,FLOOR40,0.004039249574889233,0.006,2026-08-20 12:51:00+00:00,f1
XRPUSDT,2026-08-20 13:05:00+00:00,0.0010000000000000002,FLOOR40,0.005203961725700842,0.006,2026-08-20 13:05:00+00:00,f1
BTCUSDT,2026-08-20 13:11:00+00:00,0.0005000000000000001,BE_STOP,0.00349346679953903,0.006,2026-08-20 13:11:00+00:00,f1
XRPUSDT,2026-08-20 13:20:00+00:00,0.004600000000000001,TP,0.007881938621499121,0.006,2026-08-20 13:20:00+00:00,f1
SOLUSDT,2026-08-20 13:22:00+00:00,0.0010000000000000002,FLOOR40,0.0037065938353492865,0.006,2026-08-20 13:22:00+00:00,f1
ETHUSDT,2026-08-20 13:36:00+00:00,0.004600000000000001,TP,0.0074605515086158675,0.006,2026-08-20 13:36:00+00:00,f1
XRPUSDT,2026-08-20 14:12:00+00:00,-0.0414,MAE_KILL,0.00042069835927635254,0.006,2026-08-20 14:12:00+00:00,f1
BTCUSDT,2026-08-20 15:03:00+00:00,0.004600000000000001,TP,0.006090240730049911,0.006,2026-08-20 15:03:00+00:00,f1
BTCUSDT,2026-08-20 15:03:00+00:00,0.004600000000000001,TP,0.0069951782837587495,0.006,2026-08-20 15:03:00+00:00,f1
ETHUSDT,2026-08-20 15:04:00+00:00,0.004600000000000001,TP,0.00603649813322174,0.006,2026-08-20 15:04:00+00:00,f1
BTCUSDT,2026-08-20 15:04:00+00:00,0.004600000000000001,TP,0.008395489977805544,0.006,2026-08-20 15:04:00+00:00,f1
BTCUSDT,2026-08-20 15:05:00+00:00,0.0010000000000000002,FLOOR40,0.004463086783781084,0.006,2026-08-20 15:05:00+00:00,f1
BTCUSDT,2026-08-20 15:17:00+00:00,0.0010000000000000002,FLOOR40,0.004066891972574432,0.006,2026-08-20 15:17:00+00:00,f1
ETHUSDT,2026-08-20 15:20:00+00:00,0.004600000000000001,TP,0.008458273535069916,0.006,2026-08-20 15:20:00+00:00,f1
BTCUSDT,2026-08-20 15:31:00+00:00,0.004600000000000001,TP,0.006630440201405893,0.006,2026-08-20 15:31:00+00:00,f1
BTCUSDT,2026-08-20 15:31:00+00:00,0.004600000000000001,TP,0.006729422909398537,0.006,2026-08-20 15:31:00+00:00,f1
BTCUSDT,2026-08-20 15:31:00+00:00,0.004600000000000001,TP,0.00768958848849053,0.006,2026-08-20 15:31:00+00:00,f1
BTCUSDT,2026-08-20 15:32:00+00:00,0.004600000000000001,TP,0.007520804284797339,0.006,2026-08-20 15:32:00+00:00,f1
XRPUSDT,2026-08-20 15:57:00+00:00,0.005736582973043869,TP,0.008224866246107144,0.007136582973043868,2026-08-20 15:57:00+00:00,f1
SOLUSDT,2026-08-20 16:04:00+00:00,0.0010000000000000002,FLOOR40,0.00504493323220475,0.006,2026-08-20 16:04:00+00:00,f1
ETHUSDT,2026-08-20 16:42:00+00:00,-0.0414,MAE_KILL,0.00011066794746371197,0.006,2026-08-20 16:42:00+00:00,f1
BTCUSDT,2026-08-20 16:49:00+00:00,0.0005000000000000001,BE_STOP,0.003373151426067314,0.006,2026-08-20 16:49:00+00:00,f1
SOLUSDT,2026-08-20 16:59:00+00:00,0.004600000000000001,TP,0.006738791601723594,0.006,2026-08-20 16:59:00+00:00,f1
BTCUSDT,2026-08-20 17:06:00+00:00,0.0005000000000000001,BE_STOP,0.0035757854473657553,0.006,2026-08-20 17:06:00+00:00,f1
BTCUSDT,2026-08-20 17:06:00+00:00,0.0010000000000000002,FLOOR40,0.004065186246418418,0.006,2026-08-20 17:06:00+00:00,f1
BTCUSDT,2026-08-20 17:09:00+00:00,0.0010000000000000002,FLOOR40,0.004926251003036034,0.006,2026-08-20 17:09:00+00:00,f1
BTCUSDT,2026-08-20 17:59:00+00:00,0.0005000000000000001,BE_STOP,0.003268454870974523,0.006,2026-08-20 17:59:00+00:00,f1
BTCUSDT,2026-08-20 18:00:00+00:00,0.0005000000000000001,BE_STOP,0.0034672298622051307,0.006,2026-08-20 18:00:00+00:00,f1
BTCUSDT,2026-08-20 18:00:00+00:00,0.0005000000000000001,BE_STOP,0.003581837346330549,0.006,2026-08-20 18:00:00+00:00,f1
SOLUSDT,2026-08-20 18:02:00+00:00,0.004600000000000001,TP,0.006392912999303493,0.006,2026-08-20 18:02:00+00:00,f1
BTCUSDT,2026-08-20 18:37:00+00:00,0.0005000000000000001,BE_STOP,0.0033973165883004913,0.006,2026-08-20 18:37:00+00:00,f1
BTCUSDT,2026-08-20 19:08:00+00:00,0.0010000000000000002,FLOOR40,0.00373960856098819,0.006,2026-08-20 19:08:00+00:00,f1
BTCUSDT,2026-08-20 19:10:00+00:00,0.0010000000000000002,FLOOR40,0.0038343537143063515,0.006,2026-08-20 19:10:00+00:00,f1
BTCUSDT,2026-08-20 19:10:00+00:00,0.0005000000000000001,BE_STOP,0.003477248974887308,0.006,2026-08-20 19:10:00+00:00,f1
BTCUSDT,2026-08-20 19:10:00+00:00,0.0005000000000000001,BE_STOP,0.0033659448018147397,0.006,2026-08-20 19:10:00+00:00,f1
SOLUSDT,2026-08-20 19:28:00+00:00,0.0010000000000000002,FLOOR40,0.003776833888187275,0.006,2026-08-20 19:28:00+00:00,f1
NEARUSDT,2026-08-20 19:38:00+00:00,0.0010000000000000002,FLOOR40,0.00459222228681045,0.006,2026-08-20 19:38:00+00:00,f1
XRPUSDT,2026-08-20 19:59:00+00:00,0.0015380031924685535,FLOOR40,0.005301362042247737,0.0073450079811713835,2026-08-20 19:59:00+00:00,f1
XRPUSDT,2026-08-20 19:59:00+00:00,0.0012640895171337466,FLOOR40,0.005949955171570693,0.006660223792834366,2026-08-20 19:59:00+00:00,f1
ETHUSDT,2026-08-20 20:19:00+00:00,0.0005000000000000001,BE_STOP,0.003343603690443396,0.006,2026-08-20 20:19:00+00:00,f1
BTCUSDT,2026-08-20 20:39:00+00:00,0.0010000000000000002,FLOOR40,0.005875696258993242,0.006,2026-08-20 20:39:00+00:00,f1
BTCUSDT,2026-08-20 20:39:00+00:00,0.0010000000000000002,FLOOR40,0.005746928662376544,0.006,2026-08-20 20:39:00+00:00,f1
SOLUSDT,2026-08-20 20:51:00+00:00,0.0010000000000000002,FLOOR40,0.004273749097700478,0.006,2026-08-20 20:51:00+00:00,f1
XRPUSDT,2026-08-20 20:51:00+00:00,0.0010000000000000002,FLOOR40,0.003944614393817523,0.006,2026-08-20 20:51:00+00:00,f1
ETHUSDT,2026-08-20 20:56:00+00:00,0.0010000000000000002,FLOOR40,0.0036363793036590423,0.006,2026-08-20 20:56:00+00:00,f1
XRPUSDT,2026-08-20 21:06:00+00:00,0.004600000000000001,TP,0.0062746359906683345,0.006,2026-08-20 21:06:00+00:00,f1
SOLUSDT,2026-08-20 21:17:00+00:00,0.0010000000000000002,FLOOR40,0.00414914045354791,0.006,2026-08-20 21:17:00+00:00,f1
ETHUSDT,2026-08-20 22:06:00+00:00,0.0005000000000000001,BE_STOP,0.003327772639658524,0.006,2026-08-20 22:06:00+00:00,f1
ETHUSDT,2026-08-20 22:06:00+00:00,0.0010000000000000002,FLOOR40,0.004536684119879058,0.006,2026-08-20 22:06:00+00:00,f1
NEARUSDT,2026-08-20 22:23:00+00:00,0.004600000000000001,TP,0.006599533481253942,0.006,2026-08-20 22:23:00+00:00,f1
NEARUSDT,2026-08-20 22:23:00+00:00,0.004600000000000001,TP,0.007000569151963688,0.006,2026-08-20 22:23:00+00:00,f1
XRPUSDT,2026-08-20 23:22:00+00:00,0.004600000000000001,TP,0.0060255292158882335,0.006,2026-08-20 23:22:00+00:00,f1
BTCUSDT,2026-08-20 23:25:00+00:00,0.004600000000000001,TP,0.007232825477146472,0.006,2026-08-20 23:25:00+00:00,f1
BTCUSDT,2026-08-20 23:25:00+00:00,0.004600000000000001,TP,0.006845172641301957,0.006,2026-08-20 23:25:00+00:00,f1
NEARUSDT,2026-08-20 23:26:00+00:00,0.004600000000000001,TP,0.006150547342286373,0.006,2026-08-20 23:26:00+00:00,f1
SOLUSDT,2026-08-20 23:34:00+00:00,0.0005000000000000001,BE_STOP,0.0031011994344872255,0.006,2026-08-20 23:34:00+00:00,f1
SOLUSDT,2026-08-20 23:35:00+00:00,0.0010000000000000002,FLOOR40,0.0038795070743952924,0.006,2026-08-20 23:35:00+00:00,f1
NEARUSDT,2026-08-20 23:58:00+00:00,0.0010000000000000002,FLOOR40,0.004913588614029104,0.006,2026-08-20 23:58:00+00:00,f1
SOLUSDT,2026-08-21 00:18:00+00:00,0.004600000000000001,TP,0.006772908366533852,0.006,2026-08-21 00:18:00+00:00,f1
BTCUSDT,2026-08-21 00:18:00+00:00,0.004600000000000001,TP,0.00794002687603599,0.006,2026-08-21 00:18:00+00:00,f1
BTCUSDT,2026-08-21 00:18:00+00:00,0.004600000000000001,TP,0.009507321785540111,0.006,2026-08-21 00:18:00+00:00,f1
NEARUSDT,2026-08-21 00:25:00+00:00,0.0010000000000000002,FLOOR40,0.0037744352430849814,0.006,2026-08-21 00:25:00+00:00,f1
BTCUSDT,2026-08-21 00:34:00+00:00,0.0010000000000000002,FLOOR40,0.004943950894706945,0.006,2026-08-21 00:34:00+00:00,f1
XRPUSDT,2026-08-21 01:05:00+00:00,0.0005000000000000001,BE_STOP,0.003144159723313947,0.006,2026-08-21 01:05:00+00:00,f1
XRPUSDT,2026-08-21 01:05:00+00:00,0.0010000000000000002,FLOOR40,0.004723665564478039,0.006,2026-08-21 01:05:00+00:00,f1
XRPUSDT,2026-08-21 01:05:00+00:00,0.0010000000000000002,FLOOR40,0.005832282471626792,0.006,2026-08-21 01:05:00+00:00,f1
BTCUSDT,2026-08-21 01:16:00+00:00,0.004600000000000001,TP,0.00709976162275618,0.006,2026-08-21 01:16:00+00:00,f1
BTCUSDT,2026-08-21 01:18:00+00:00,0.004600000000000001,TP,0.014323851855867088,0.006,2026-08-21 01:18:00+00:00,f1
BTCUSDT,2026-08-21 01:18:00+00:00,0.004600000000000001,TP,0.013617823423306384,0.006,2026-08-21 01:18:00+00:00,f1
ETHUSDT,2026-08-21 01:18:00+00:00,0.004600000000000001,TP,0.009718347113079326,0.006,2026-08-21 01:18:00+00:00,f1
ETHUSDT,2026-08-21 01:18:00+00:00,0.004600000000000001,TP,0.006232622207861908,0.006,2026-08-21 01:18:00+00:00,f1
SOLUSDT,2026-08-21 01:20:00+00:00,0.0010000000000000002,FLOOR40,0.005201809913904952,0.006,2026-08-21 01:20:00+00:00,f1
BTCUSDT,2026-08-21 01:31:00+00:00,0.004600000000000001,TP,0.00831735910732666,0.006,2026-08-21 01:31:00+00:00,f1
BTCUSDT,2026-08-21 01:34:00+00:00,0.0010000000000000002,FLOOR40,0.0047371155277773705,0.006,2026-08-21 01:34:00+00:00,f1
SOLUSDT,2026-08-21 01:47:00+00:00,0.004600000000000001,TP,0.0063795493738799435,0.006,2026-08-21 01:47:00+00:00,f1
NEARUSDT,2026-08-21 01:47:00+00:00,0.0010000000000000002,FLOOR40,0.00583139896959745,0.006,2026-08-21 01:47:00+00:00,f1
BTCUSDT,2026-08-21 01:47:00+00:00,0.004600000000000001,TP,0.012481298793755431,0.006,2026-08-21 01:47:00+00:00,f1
BTCUSDT,2026-08-21 01:47:00+00:00,0.004600000000000001,TP,0.013260961854981124,0.006,2026-08-21 01:47:00+00:00,f1
BTCUSDT,2026-08-21 01:54:00+00:00,0.0005000000000000001,BE_STOP,0.0032143288462788645,0.006,2026-08-21 01:54:00+00:00,f1
ETHUSDT,2026-08-21 03:11:00+00:00,0.0010000000000000002,FLOOR40,0.003735990037359993,0.006,2026-08-21 03:11:00+00:00,f1
XRPUSDT,2026-08-21 03:27:00+00:00,0.004600000000000001,TP,0.007641837128521649,0.006,2026-08-21 03:27:00+00:00,f1
NEARUSDT,2026-08-21 03:37:00+00:00,0.004600000000000001,TP,0.006420635363742988,0.006,2026-08-21 03:37:00+00:00,f1
XRPUSDT,2026-08-21 03:44:00+00:00,0.0005000000000000001,BE_STOP,0.0032824427480915804,0.006,2026-08-21 03:44:00+00:00,f1
XRPUSDT,2026-08-21 03:51:00+00:00,0.004600000000000001,TP,0.00757286009332213,0.006,2026-08-21 03:51:00+00:00,f1
ETHUSDT,2026-08-21 05:22:00+00:00,0.0010000000000000002,FLOOR40,0.004140927584784761,0.006,2026-08-21 05:22:00+00:00,f1
BTCUSDT,2026-08-21 05:23:00+00:00,0.0005000000000000001,BE_STOP,0.0030897995417794055,0.006,2026-08-21 05:23:00+00:00,f1
SOLUSDT,2026-08-21 05:45:00+00:00,-0.0414,MAE_KILL,0.0019241848139186725,0.006,2026-08-21 05:45:00+00:00,f1
SOLUSDT,2026-08-21 05:45:00+00:00,-0.0414,MAE_KILL,0.002533307232592136,0.006,2026-08-21 05:45:00+00:00,f1
BTCUSDT,2026-08-21 06:11:00+00:00,0.0005000000000000001,BE_STOP,0.0031249667839414585,0.006,2026-08-21 06:11:00+00:00,f1
BTCUSDT,2026-08-21 06:11:00+00:00,0.0005000000000000001,BE_STOP,0.003504957048658654,0.006,2026-08-21 06:11:00+00:00,f1
XRPUSDT,2026-08-21 06:26:00+00:00,0.0005000000000000001,BE_STOP,0.003065368993792631,0.006,2026-08-21 06:26:00+00:00,f1
BTCUSDT,2026-08-21 06:42:00+00:00,0.0010000000000000002,FLOOR40,0.0037825855224951585,0.006,2026-08-21 06:42:00+00:00,f1
BTCUSDT,2026-08-21 06:42:00+00:00,0.0005000000000000001,BE_STOP,0.0033967895501339678,0.006,2026-08-21 06:42:00+00:00,f1
BTCUSDT,2026-08-21 06:43:00+00:00,0.0010000000000000002,FLOOR40,0.004888401626723992,0.006,2026-08-21 06:43:00+00:00,f1
SOLUSDT,2026-08-21 06:48:00+00:00,0.0010000000000000002,FLOOR40,0.005110581453356228,0.006,2026-08-21 06:48:00+00:00,f1
XRPUSDT,2026-08-21 07:01:00+00:00,0.0010000000000000002,FLOOR40,0.0036863528146840775,0.006,2026-08-21 07:01:00+00:00,f1
BTCUSDT,2026-08-21 07:05:00+00:00,0.0005000000000000001,BE_STOP,0.003025406539003717,0.006,2026-08-21 07:05:00+00:00,f1
BTCUSDT,2026-08-21 07:10:00+00:00,-0.0414,MAE_KILL,0.00045880794847107386,0.006,2026-08-21 07:10:00+00:00,f1
NEARUSDT,2026-08-21 07:15:00+00:00,-0.0264,MAE_KILL,0.0019340222136266002,0.006,2026-08-21 07:15:00+00:00,f1
ETHUSDT,2026-08-21 07:15:00+00:00,0.004600000000000001,TP,0.008241202642577838,0.006,2026-08-21 07:15:00+00:00,f1
BTCUSDT,2026-08-21 07:15:00+00:00,0.004600000000000001,TP,0.011000010578204784,0.006,2026-08-21 07:15:00+00:00,f1
NEARUSDT,2026-08-21 07:16:00+00:00,0.004600000000000001,TP,0.007679411605645985,0.006,2026-08-21 07:16:00+00:00,f1
ETHUSDT,2026-08-21 07:18:00+00:00,0.0010000000000000002,FLOOR40,0.005282332275469398,0.006,2026-08-21 07:18:00+00:00,f1
SOLUSDT,2026-08-21 07:20:00+00:00,0.0010000000000000002,FLOOR40,0.004759701196536019,0.006,2026-08-21 07:20:00+00:00,f1
BTCUSDT,2026-08-21 07:34:00+00:00,0.0010000000000000002,FLOOR40,0.004325351467614401,0.006,2026-08-21 07:34:00+00:00,f1
BTCUSDT,2026-08-21 07:43:00+00:00,0.004600000000000001,TP,0.006247077208844268,0.006,2026-08-21 07:43:00+00:00,f1
BTCUSDT,2026-08-21 07:43:00+00:00,0.004600000000000001,TP,0.006733697845950645,0.006,2026-08-21 07:43:00+00:00,f1
BTCUSDT,2026-08-21 07:44:00+00:00,0.0005000000000000001,BE_STOP,0.00338045241634429,0.006,2026-08-21 07:44:00+00:00,f1
BTCUSDT,2026-08-21 07:45:00+00:00,0.0010000000000000002,FLOOR40,0.004968810834571867,0.006,2026-08-21 07:45:00+00:00,f1
BTCUSDT,2026-08-21 08:05:00+00:00,0.0005000000000000001,BE_STOP,0.003285986717503287,0.006,2026-08-21 08:05:00+00:00,f1
BTCUSDT,2026-08-21 08:05:00+00:00,0.0010000000000000002,FLOOR40,0.003777991662002594,0.006,2026-08-21 08:05:00+00:00,f1
BTCUSDT,2026-08-21 08:13:00+00:00,0.004600000000000001,TP,0.006409502835751064,0.006,2026-08-21 08:13:00+00:00,f1
NEARUSDT,2026-08-21 08:13:00+00:00,0.0010000000000000002,FLOOR40,0.005859579365909856,0.006,2026-08-21 08:13:00+00:00,f1
BTCUSDT,2026-08-21 08:14:00+00:00,0.004600000000000001,TP,0.00740831557337493,0.006,2026-08-21 08:14:00+00:00,f1
XRPUSDT,2026-08-21 08:17:00+00:00,0.005740734451284253,TP,0.007875185735512586,0.007140734451284252,2026-08-21 08:17:00+00:00,f1
SOLUSDT,2026-08-21 08:25:00+00:00,0.004600000000000001,TP,0.006811854166895928,0.006,2026-08-21 08:25:00+00:00,f1
BTCUSDT,2026-08-21 08:27:00+00:00,0.0010000000000000002,FLOOR40,0.0037516642014230675,0.006,2026-08-21 08:27:00+00:00,f1
BTCUSDT,2026-08-21 08:27:00+00:00,0.0010000000000000002,FLOOR40,0.005858854860186418,0.006,2026-08-21 08:27:00+00:00,f1
XRPUSDT,2026-08-21 08:33:00+00:00,-0.0414,MAE_KILL,0.0014479500076207993,0.006,2026-08-21 08:33:00+00:00,f1
BTCUSDT,2026-08-21 08:33:00+00:00,0.004600000000000001,TP,0.006547171697111648,0.006,2026-08-21 08:33:00+00:00,f1
BTCUSDT,2026-08-21 08:35:00+00:00,0.004600000000000001,TP,0.0071840384670247455,0.006,2026-08-21 08:35:00+00:00,f1
SOLUSDT,2026-08-21 08:38:00+00:00,0.004600000000000001,TP,0.006121313299944273,0.006,2026-08-21 08:38:00+00:00,f1
XRPUSDT,2026-08-21 08:42:00+00:00,0.0010833032301423905,FLOOR40,0.004042928550426227,0.006208258075355976,2026-08-21 08:42:00+00:00,f1
ETHUSDT,2026-08-21 08:46:00+00:00,0.004600000000000001,TP,0.008296531410077896,0.006,2026-08-21 08:46:00+00:00,f1
ETHUSDT,2026-08-21 08:46:00+00:00,0.004600000000000001,TP,0.007346532187772306,0.006,2026-08-21 08:46:00+00:00,f1
BTCUSDT,2026-08-21 08:47:00+00:00,0.004600000000000001,TP,0.007613892321863006,0.006,2026-08-21 08:47:00+00:00,f1
SOLUSDT,2026-08-21 08:47:00+00:00,0.004600000000000001,TP,0.007722972312438205,0.006,2026-08-21 08:47:00+00:00,f1
BTCUSDT,2026-08-21 08:51:00+00:00,-0.0414,MAE_KILL,0.002717026656090856,0.006,2026-08-21 08:51:00+00:00,f1
BTCUSDT,2026-08-21 08:51:00+00:00,-0.0414,MAE_KILL,0.00012354157838318492,0.006,2026-08-21 08:51:00+00:00,f1
BTCUSDT,2026-08-21 08:51:00+00:00,0.004600000000000001,TP,0.006092334539482163,0.006,2026-08-21 08:51:00+00:00,f1
NEARUSDT,2026-08-21 08:57:00+00:00,0.004600000000000001,TP,0.006299049979347371,0.006,2026-08-21 08:57:00+00:00,f1
BTCUSDT,2026-08-21 08:57:00+00:00,0.004600000000000001,TP,0.006013157995122447,0.006,2026-08-21 08:57:00+00:00,f1
XRPUSDT,2026-08-21 09:00:00+00:00,0.005135773300627145,TP,0.0066096702349307404,0.006535773300627145,2026-08-21 09:00:00+00:00,f1
ETHUSDT,2026-08-21 09:01:00+00:00,0.0010000000000000002,FLOOR40,0.005942529538109091,0.006,2026-08-21 09:01:00+00:00,f1
ETHUSDT,2026-08-21 09:07:00+00:00,0.00569296984239893,TP,0.011980083111826476,0.0070929698423989294,2026-08-21 09:07:00+00:00,f1
XRPUSDT,2026-08-21 09:17:00+00:00,0.003474627021933742,FLOOR40,0.008281421766214795,0.012186567554834353,2026-08-21 09:17:00+00:00,f2
BTCUSDT,2026-08-21 09:18:00+00:00,0.0005000000000000001,BE_STOP,0.005144235154757379,0.00930191069756074,2026-08-21 09:18:00+00:00,f2
ETHUSDT,2026-08-21 09:28:00+00:00,0.0010255663285555952,FLOOR40,0.004345010549184304,0.006063915821388988,2026-08-21 09:28:00+00:00,f2
BTCUSDT,2026-08-21 09:32:00+00:00,0.002138119171129622,FLOOR40,0.007447257140586526,0.008845297927824056,2026-08-21 09:32:00+00:00,f2
XRPUSDT,2026-08-21 09:32:00+00:00,0.0060754698153999195,TP,0.012150756693829989,0.007475469815399919,2026-08-21 09:32:00+00:00,f2
BTCUSDT,2026-08-21 09:44:00+00:00,0.004600000000000001,TP,0.006239227763921427,0.006,2026-08-21 09:44:00+00:00,f2
BTCUSDT,2026-08-21 09:44:00+00:00,0.004600000000000001,TP,0.006543017804768103,0.006,2026-08-21 09:44:00+00:00,f2
BTCUSDT,2026-08-21 11:19:00+00:00,0.004600000000000001,TP,0.006114505200865676,0.006,2026-08-21 11:19:00+00:00,f2
BTCUSDT,2026-08-21 11:22:00+00:00,0.0014254233706089373,FLOOR40,0.0064732745867369535,0.007063558426522343,2026-08-21 11:22:00+00:00,f2
BTCUSDT,2026-08-21 11:32:00+00:00,0.004600000000000001,TP,0.009671429641317793,0.006,2026-08-21 11:32:00+00:00,f2
SOLUSDT,2026-08-21 11:34:00+00:00,0.0067596708957899645,TP,0.011283078684337892,0.008159670895789964,2026-08-21 11:34:00+00:00,f2
SOLUSDT,2026-08-21 11:34:00+00:00,0.004600000000000001,TP,0.010531534012668719,0.006,2026-08-21 11:34:00+00:00,f2
SOLUSDT,2026-08-21 11:35:00+00:00,0.0010000000000000002,FLOOR40,0.0037379653045832035,0.006,2026-08-21 11:35:00+00:00,f2
BTCUSDT,2026-08-21 11:52:00+00:00,0.0010000000000000002,FLOOR40,0.0042781429921520744,0.006,2026-08-21 11:52:00+00:00,f2
BTCUSDT,2026-08-21 11:53:00+00:00,0.0010000000000000002,FLOOR40,0.005712846700736807,0.006,2026-08-21 11:53:00+00:00,f2
XRPUSDT,2026-08-21 11:59:00+00:00,0.004600000000000001,TP,0.007255936675461756,0.006,2026-08-21 11:59:00+00:00,f2
BTCUSDT,2026-08-21 12:03:00+00:00,0.0010000000000000002,FLOOR40,0.0037944266836059943,0.006,2026-08-21 12:03:00+00:00,f2
SOLUSDT,2026-08-21 12:03:00+00:00,0.0005000000000000001,BE_STOP,0.0032116594312041093,0.006,2026-08-21 12:03:00+00:00,f2
BTCUSDT,2026-08-21 12:06:00+00:00,0.0010000000000000002,FLOOR40,0.004910973171029772,0.006,2026-08-21 12:06:00+00:00,f2
ETHUSDT,2026-08-21 12:39:00+00:00,0.004600000000000001,TP,0.006944649290996825,0.006,2026-08-21 12:39:00+00:00,f2
ETHUSDT,2026-08-21 12:52:00+00:00,0.0010000000000000002,FLOOR40,0.004113468047317327,0.006,2026-08-21 12:52:00+00:00,f2
XRPUSDT,2026-08-21 13:31:00+00:00,0.0005000000000000001,BE_STOP,0.004179577718527079,0.007823840064237862,2026-08-21 13:31:00+00:00,f2
SOLUSDT,2026-08-21 13:34:00+00:00,0.0010000000000000002,FLOOR40,0.0036533522274377634,0.006,2026-08-21 13:34:00+00:00,f2
BTCUSDT,2026-08-21 13:35:00+00:00,0.004600000000000001,TP,0.006992114333052888,0.006,2026-08-21 13:35:00+00:00,f2
XRPUSDT,2026-08-21 13:37:00+00:00,0.0049656977942692,TP,0.007142857142857157,0.006365697794269199,2026-08-21 13:37:00+00:00,f2
NEARUSDT,2026-08-21 13:37:00+00:00,0.0010000000000000002,FLOOR40,0.004031174415479743,0.006,2026-08-21 13:37:00+00:00,f2
XRPUSDT,2026-08-21 13:48:00+00:00,0.006504721326110329,TP,0.00823746626899592,0.007904721326110328,2026-08-21 13:48:00+00:00,f2
BTCUSDT,2026-08-21 13:54:00+00:00,0.0010000000000000002,FLOOR40,0.005570763968309078,0.006,2026-08-21 13:54:00+00:00,f2
NEARUSDT,2026-08-21 14:03:00+00:00,0.0010000000000000002,FLOOR40,0.004399448743771851,0.006,2026-08-21 14:03:00+00:00,f2
BTCUSDT,2026-08-21 14:22:00+00:00,0.0010000000000000002,FLOOR40,0.003636193206450668,0.006,2026-08-21 14:22:00+00:00,f2
ETHUSDT,2026-08-21 14:23:00+00:00,0.0010000000000000002,FLOOR40,0.0039954745992959555,0.006,2026-08-21 14:23:00+00:00,f2
XRPUSDT,2026-08-21 14:28:00+00:00,0.0011856274579907175,FLOOR40,0.0055774043618162525,0.006464068644976793,2026-08-21 14:28:00+00:00,f2
XRPUSDT,2026-08-21 14:28:00+00:00,0.001070246615680352,FLOOR40,0.004652161465788685,0.006175616539200879,2026-08-21 14:28:00+00:00,f2
SOLUSDT,2026-08-21 14:40:00+00:00,0.0010000000000000002,FLOOR40,0.004557455712704969,0.006,2026-08-21 14:40:00+00:00,f2
BTCUSDT,2026-08-21 15:04:00+00:00,0.004600000000000001,TP,0.006400238630984417,0.006,2026-08-21 15:04:00+00:00,f2
BTCUSDT,2026-08-21 15:14:00+00:00,0.004600000000000001,TP,0.006107885277306162,0.006,2026-08-21 15:14:00+00:00,f2
XRPUSDT,2026-08-21 15:18:00+00:00,0.0010000000000000002,FLOOR40,0.003839317454674617,0.006,2026-08-21 15:18:00+00:00,f2
BTCUSDT,2026-08-21 15:29:00+00:00,0.0005000000000000001,BE_STOP,0.0030615572820590167,0.006,2026-08-21 15:29:00+00:00,f2
NEARUSDT,2026-08-21 15:39:00+00:00,0.0010000000000000002,FLOOR40,0.005019607843137282,0.006,2026-08-21 15:39:00+00:00,f2
BTCUSDT,2026-08-21 18:51:00+00:00,0.0010000000000000002,FLOOR40,0.004281015587420898,0.006,2026-08-21 18:51:00+00:00,f2
ETHUSDT,2026-08-21 21:12:00+00:00,-0.0414,MAE_KILL,0.0029505767806116204,0.006,2026-08-21 21:12:00+00:00,f2
SOLUSDT,2026-08-21 21:13:00+00:00,0.0010000000000000002,FLOOR40,0.0046618273493871385,0.006,2026-08-21 21:13:00+00:00,f2
SOLUSDT,2026-08-21 21:21:00+00:00,0.004600000000000001,TP,0.00742864590121217,0.006,2026-08-21 21:21:00+00:00,f2
SOLUSDT,2026-08-21 21:26:00+00:00,0.0005000000000000001,BE_STOP,0.003226433011049795,0.006,2026-08-21 21:26:00+00:00,f2
BTCUSDT,2026-08-21 21:27:00+00:00,0.004600000000000001,TP,0.007528518481315287,0.006,2026-08-21 21:27:00+00:00,f2
ETHUSDT,2026-08-21 21:28:00+00:00,0.004600000000000001,TP,0.006167151632718948,0.006,2026-08-21 21:28:00+00:00,f2
ETHUSDT,2026-08-21 21:33:00+00:00,0.004600000000000001,TP,0.006193521367246062,0.006,2026-08-21 21:33:00+00:00,f2
ETHUSDT,2026-08-21 21:33:00+00:00,0.004600000000000001,TP,0.007150688465383163,0.006,2026-08-21 21:33:00+00:00,f2
BTCUSDT,2026-08-21 21:36:00+00:00,0.0010000000000000002,FLOOR40,0.003970360440679235,0.006,2026-08-21 21:36:00+00:00,f2
BTCUSDT,2026-08-21 21:36:00+00:00,0.0005000000000000001,BE_STOP,0.003485171401138514,0.006,2026-08-21 21:36:00+00:00,f2
BTCUSDT,2026-08-21 21:47:00+00:00,0.0010000000000000002,FLOOR40,0.0036370339930177045,0.006,2026-08-21 21:47:00+00:00,f2
ETHUSDT,2026-08-21 21:52:00+00:00,0.004974969826343102,TP,0.008328215995793748,0.006374969826343101,2026-08-21 21:52:00+00:00,f2
BTCUSDT,2026-08-21 21:52:00+00:00,0.004600000000000001,TP,0.00657795271151557,0.006,2026-08-21 21:52:00+00:00,f2
NEARUSDT,2026-08-21 21:52:00+00:00,0.004600000000000001,TP,0.008893886730729954,0.006,2026-08-21 21:52:00+00:00,f2
BTCUSDT,2026-08-21 21:55:00+00:00,0.004600000000000001,TP,0.006066224657464105,0.006,2026-08-21 21:55:00+00:00,f2
BTCUSDT,2026-08-21 21:57:00+00:00,0.0005000000000000001,BE_STOP,0.0033437181584809817,0.006,2026-08-21 21:57:00+00:00,f2
SOLUSDT,2026-08-21 22:03:00+00:00,0.004600000000000001,TP,0.007301373811124961,0.006,2026-08-21 22:03:00+00:00,f2
XRPUSDT,2026-08-21 22:04:00+00:00,0.004600000000000001,TP,0.006878456956460107,0.006,2026-08-21 22:04:00+00:00,f2
BTCUSDT,2026-08-21 22:17:00+00:00,0.0010000000000000002,FLOOR40,0.004097545552365571,0.006,2026-08-21 22:17:00+00:00,f2
BTCUSDT,2026-08-21 22:21:00+00:00,0.0010000000000000002,FLOOR40,0.004885442809442324,0.006,2026-08-21 22:21:00+00:00,f2
XRPUSDT,2026-08-21 22:21:00+00:00,0.0021932067932067885,FLOOR40,0.007552447552447653,0.00898301698301697,2026-08-21 22:21:00+00:00,f2
XRPUSDT,2026-08-21 22:29:00+00:00,0.001966940117307333,FLOOR40,0.0065748059033364165,0.008417350293268332,2026-08-21 22:29:00+00:00,f2
BTCUSDT,2026-08-21 22:37:00+00:00,0.0010000000000000002,FLOOR40,0.005586713178018035,0.006,2026-08-21 22:37:00+00:00,f2
ETHUSDT,2026-08-21 23:24:00+00:00,0.0010000000000000002,FLOOR40,0.004629392303536807,0.006,2026-08-21 23:24:00+00:00,f2
BTCUSDT,2026-08-21 23:44:00+00:00,0.0010000000000000002,FLOOR40,0.004157357247064345,0.006,2026-08-21 23:44:00+00:00,f2
NEARUSDT,2026-08-21 23:52:00+00:00,0.0010000000000000002,FLOOR40,0.003931178843110246,0.006,2026-08-21 23:52:00+00:00,f2
BTCUSDT,2026-08-22 00:06:00+00:00,0.004600000000000001,TP,0.0064667068732877,0.006,2026-08-22 00:06:00+00:00,f2
BTCUSDT,2026-08-22 03:33:00+00:00,0.0005000000000000001,BE_STOP,0.0033915697085975622,0.006,2026-08-22 03:33:00+00:00,f2
BTCUSDT,2026-08-22 03:33:00+00:00,0.0005000000000000001,BE_STOP,0.0031310417332225163,0.006,2026-08-22 03:33:00+00:00,f2
XRPUSDT,2026-08-22 04:17:00+00:00,0.006782385443890727,TP,0.009875292777109473,0.008182385443890727,2026-08-22 04:17:00+00:00,f2
NEARUSDT,2026-08-22 04:26:00+00:00,0.004600000000000001,TP,0.007907945828203294,0.006,2026-08-22 04:26:00+00:00,f2
XRPUSDT,2026-08-22 04:31:00+00:00,0.0059216862825948674,TP,0.009223818786471832,0.007321686282594867,2026-08-22 04:31:00+00:00,f2
NEARUSDT,2026-08-22 04:49:00+00:00,0.0005000000000000001,BE_STOP,0.0030432136335970554,0.006,2026-08-22 04:49:00+00:00,f2
SOLUSDT,2026-08-22 05:09:00+00:00,-0.0414,MAE_KILL,0.0019772713655155216,0.011883029990042319,2026-08-22 05:09:00+00:00,f2
ETHUSDT,2026-08-22 05:10:00+00:00,-0.0414,MAE_KILL,0.00046920774863084175,0.006,2026-08-22 05:10:00+00:00,f2
BTCUSDT,2026-08-22 05:10:00+00:00,0.004600000000000001,TP,0.01602206325330208,0.006,2026-08-22 05:10:00+00:00,f2
BTCUSDT,2026-08-22 05:12:00+00:00,0.0010000000000000002,FLOOR40,0.00520494469746259,0.006,2026-08-22 05:12:00+00:00,f2
SOLUSDT,2026-08-22 05:16:00+00:00,0.026461054641450273,TP,0.02938947188624257,0.02786105464145027,2026-08-22 05:16:00+00:00,f2
BTCUSDT,2026-08-22 05:16:00+00:00,0.004600000000000001,TP,0.009514019198508281,0.006,2026-08-22 05:16:00+00:00,f2
BTCUSDT,2026-08-22 05:17:00+00:00,0.0010000000000000002,FLOOR40,0.004696444120880018,0.006,2026-08-22 05:17:00+00:00,f2
BTCUSDT,2026-08-22 05:24:00+00:00,0.0014823794385314083,FLOOR40,0.00622349414362216,0.007205948596328521,2026-08-22 05:24:00+00:00,f2
BTCUSDT,2026-08-22 05:32:00+00:00,0.0005000000000000001,BE_STOP,0.003083434255943234,0.006,2026-08-22 05:32:00+00:00,f2
NEARUSDT,2026-08-22 05:36:00+00:00,-0.0264,MAE_KILL,0.007470093506764864,0.020507309646942917,2026-08-22 05:36:00+00:00,f2
NEARUSDT,2026-08-22 05:41:00+00:00,0.0005000000000000001,BE_STOP,0.006589785831960536,0.013032478230171823,2026-08-22 05:41:00+00:00,f2
NEARUSDT,2026-08-22 05:47:00+00:00,0.011886837283527388,TP,0.013601572196938349,0.013286837283527388,2026-08-22 05:47:00+00:00,f2
BTCUSDT,2026-08-22 06:35:00+00:00,0.0005000000000000001,BE_STOP,0.0031245506515311413,0.006,2026-08-22 06:35:00+00:00,f2
BTCUSDT,2026-08-22 07:09:00+00:00,0.0010000000000000002,FLOOR40,0.003877176629377262,0.006,2026-08-22 07:09:00+00:00,f2
XRPUSDT,2026-08-22 07:13:00+00:00,0.002194790734665483,FLOOR40,0.0069589422407793375,0.008986976836663706,2026-08-22 07:13:00+00:00,f2
BTCUSDT,2026-08-22 08:44:00+00:00,0.0010000000000000002,FLOOR40,0.004582797380889282,0.006,2026-08-22 08:44:00+00:00,f2
BTCUSDT,2026-08-22 09:59:00+00:00,0.0010000000000000002,FLOOR40,0.004394641389484492,0.006,2026-08-22 09:59:00+00:00,f2
BTCUSDT,2026-08-22 09:59:00+00:00,0.0010000000000000002,FLOOR40,0.004363664648612285,0.006,2026-08-22 09:59:00+00:00,f2
SOLUSDT,2026-08-22 10:02:00+00:00,0.004600000000000001,TP,0.006272630457933958,0.006,2026-08-22 10:02:00+00:00,f2
XRPUSDT,2026-08-22 10:09:00+00:00,0.006966337113032639,TP,0.011184165932352714,0.008366337113032639,2026-08-22 10:09:00+00:00,f2
BTCUSDT,2026-08-22 10:17:00+00:00,0.0005000000000000001,BE_STOP,0.003281979798400213,0.006,2026-08-22 10:17:00+00:00,f2
BTCUSDT,2026-08-22 10:27:00+00:00,0.0010000000000000002,FLOOR40,0.004158737514025164,0.006,2026-08-22 10:27:00+00:00,f2
BTCUSDT,2026-08-22 10:27:00+00:00,0.0010000000000000002,FLOOR40,0.003920174773916266,0.006,2026-08-22 10:27:00+00:00,f2
BTCUSDT,2026-08-22 10:28:00+00:00,0.001752034007069995,FLOOR40,0.006741879365409121,0.007880085017674987,2026-08-22 10:28:00+00:00,f2
SOLUSDT,2026-08-22 10:31:00+00:00,0.013048774003134355,FLOOR40,0.02549408801809873,0.036121935007835886,2026-08-22 10:31:00+00:00,f2
BTCUSDT,2026-08-22 10:49:00+00:00,0.0005000000000000001,BE_STOP,0.00337597610167722,0.006,2026-08-22 10:49:00+00:00,f2
BTCUSDT,2026-08-22 10:49:00+00:00,0.0010000000000000002,FLOOR40,0.0036486574344971826,0.006,2026-08-22 10:49:00+00:00,f2
NEARUSDT,2026-08-22 11:05:00+00:00,0.0014733723143661051,FLOOR40,0.005945745076179794,0.007183430785915262,2026-08-22 11:05:00+00:00,f2
XRPUSDT,2026-08-22 11:10:00+00:00,0.0013270109978695294,FLOOR40,0.004635227730753815,0.006817527494673823,2026-08-22 11:10:00+00:00,f2
SOLUSDT,2026-08-22 11:21:00+00:00,0.0005000000000000001,BE_STOP,0.0030910070005384163,0.006,2026-08-22 11:21:00+00:00,f2
NEARUSDT,2026-08-22 11:24:00+00:00,0.004600000000000001,TP,0.006373824826047703,0.006,2026-08-22 11:24:00+00:00,f2
ETHUSDT,2026-08-22 11:44:00+00:00,0.004600000000000001,TP,0.006314697645472378,0.006,2026-08-22 11:44:00+00:00,f2
ETHUSDT,2026-08-22 11:45:00+00:00,0.004600000000000001,TP,0.006399011325793795,0.006,2026-08-22 11:45:00+00:00,f2
XRPUSDT,2026-08-22 12:02:00+00:00,0.004600000000000001,TP,0.012159075641542392,0.006,2026-08-22 12:02:00+00:00,f2
BTCUSDT,2026-08-22 12:04:00+00:00,0.0005000000000000001,BE_STOP,0.003301289748865747,0.006,2026-08-22 12:04:00+00:00,f2
XRPUSDT,2026-08-22 12:14:00+00:00,-0.0414,MAE_KILL,0.0019207024283165823,0.012253297532485392,2026-08-22 12:14:00+00:00,f2
NEARUSDT,2026-08-22 12:31:00+00:00,0.0010000000000000002,FLOOR40,0.004082700863648158,0.006,2026-08-22 12:31:00+00:00,f2
BTCUSDT,2026-08-22 13:02:00+00:00,0.0005000000000000001,BE_STOP,0.0033449499035409797,0.006,2026-08-22 13:02:00+00:00,f2
BTCUSDT,2026-08-22 14:29:00+00:00,0.0010000000000000002,FLOOR40,0.0039176490998209645,0.006,2026-08-22 14:29:00+00:00,f2
XRPUSDT,2026-08-22 14:31:00+00:00,0.004600000000000001,TP,0.010590219224283187,0.006,2026-08-22 14:31:00+00:00,f2
XRPUSDT,2026-08-22 14:39:00+00:00,0.004600000000000001,TP,0.012388302193338738,0.006,2026-08-22 14:39:00+00:00,f2
BTCUSDT,2026-08-22 16:52:00+00:00,0.0010000000000000002,FLOOR40,0.004681704948953277,0.006,2026-08-22 16:52:00+00:00,f2
BTCUSDT,2026-08-22 16:54:00+00:00,0.0010000000000000002,FLOOR40,0.004820984823161532,0.006,2026-08-22 16:54:00+00:00,f2
NEARUSDT,2026-08-22 18:41:00+00:00,-0.0264,MAE_KILL,0.0022698479729730747,0.006,2026-08-22 18:41:00+00:00,f2
ETHUSDT,2026-08-22 20:02:00+00:00,0.0010000000000000002,FLOOR40,0.004706994717477469,0.006,2026-08-22 20:02:00+00:00,f2
SOLUSDT,2026-08-22 21:02:00+00:00,0.004600000000000001,TP,0.007528191010641099,0.006,2026-08-22 21:02:00+00:00,f2
BTCUSDT,2026-08-22 21:09:00+00:00,0.0005000000000000001,BE_STOP,0.003250329757668452,0.006,2026-08-22 21:09:00+00:00,f2
BTCUSDT,2026-08-22 22:04:00+00:00,0.0005000000000000001,BE_STOP,0.003325196707263313,0.006,2026-08-22 22:04:00+00:00,f2
BTCUSDT,2026-08-22 22:05:00+00:00,0.0010000000000000002,FLOOR40,0.004514330177668341,0.006,2026-08-22 22:05:00+00:00,f2
BTCUSDT,2026-08-22 22:05:00+00:00,0.0010000000000000002,FLOOR40,0.004923407184441138,0.006,2026-08-22 22:05:00+00:00,f2
NEARUSDT,2026-08-22 22:15:00+00:00,0.004600000000000001,TP,0.006322777807049903,0.006,2026-08-22 22:15:00+00:00,f2
SOLUSDT,2026-08-23 00:38:00+00:00,-0.0414,MAE_KILL,0.00040881754903117454,0.006,2026-08-23 00:38:00+00:00,f2
XRPUSDT,2026-08-23 00:52:00+00:00,0.004600000000000001,TP,0.006309995301067379,0.006,2026-08-23 00:52:00+00:00,f2
BTCUSDT,2026-08-23 01:04:00+00:00,0.0010000000000000002,FLOOR40,0.0038271314942164006,0.006,2026-08-23 01:04:00+00:00,f2
BTCUSDT,2026-08-23 01:04:00+00:00,0.0005000000000000001,BE_STOP,0.0035393086412065164,0.006,2026-08-23 01:04:00+00:00,f2
BTCUSDT,2026-08-23 02:26:00+00:00,0.0005000000000000001,BE_STOP,0.0030773572789793533,0.006,2026-08-23 02:26:00+00:00,f2
BTCUSDT,2026-08-23 02:31:00+00:00,0.0005000000000000001,BE_STOP,0.0032889797820291207,0.006,2026-08-23 02:31:00+00:00,f2
SOLUSDT,2026-08-23 02:53:00+00:00,0.0010000000000000002,FLOOR40,0.0036543762740148884,0.006,2026-08-23 02:53:00+00:00,f2
ETHUSDT,2026-08-23 03:46:00+00:00,0.0005000000000000001,BE_STOP,0.003031093553957072,0.006,2026-08-23 03:46:00+00:00,f2
SOLUSDT,2026-08-23 04:08:00+00:00,0.004600000000000001,TP,0.00787435135163938,0.006,2026-08-23 04:08:00+00:00,f2
BTCUSDT,2026-08-23 05:01:00+00:00,0.0010000000000000002,FLOOR40,0.004756134228677234,0.006,2026-08-23 05:01:00+00:00,f2
BTCUSDT,2026-08-23 05:12:00+00:00,0.0010000000000000002,FLOOR40,0.004239248330567204,0.006,2026-08-23 05:12:00+00:00,f2
BTCUSDT,2026-08-23 05:14:00+00:00,-0.0414,MAE_KILL,0.0013206040723041659,0.006,2026-08-23 05:14:00+00:00,f2
BTCUSDT,2026-08-23 05:14:00+00:00,0.004600000000000001,TP,0.00973861367508844,0.006,2026-08-23 05:14:00+00:00,f2
BTCUSDT,2026-08-23 05:14:00+00:00,0.004600000000000001,TP,0.007997790463125735,0.006,2026-08-23 05:14:00+00:00,f2
BTCUSDT,2026-08-23 05:17:00+00:00,0.004600000000000001,TP,0.006322070418866649,0.006,2026-08-23 05:17:00+00:00,f2
BTCUSDT,2026-08-23 06:14:00+00:00,0.0005000000000000001,BE_STOP,0.003546942157659751,0.006,2026-08-23 06:14:00+00:00,f2
XRPUSDT,2026-08-23 06:23:00+00:00,0.0010000000000000002,FLOOR40,0.004670650456762083,0.006,2026-08-23 06:23:00+00:00,f2
XRPUSDT,2026-08-23 06:38:00+00:00,0.0010000000000000002,FLOOR40,0.0052953717075854756,0.006,2026-08-23 06:38:00+00:00,f2
ETHUSDT,2026-08-23 07:22:00+00:00,0.0005000000000000001,BE_STOP,0.0032063088102333385,0.006,2026-08-23 07:22:00+00:00,f2
NEARUSDT,2026-08-23 07:28:00+00:00,0.0010000000000000002,FLOOR40,0.003721080731273206,0.006,2026-08-23 07:28:00+00:00,f2
SOLUSDT,2026-08-23 08:11:00+00:00,0.0005000000000000001,BE_STOP,0.0033432191965489595,0.006,2026-08-23 08:11:00+00:00,f2
BTCUSDT,2026-08-23 10:06:00+00:00,0.004600000000000001,TP,0.006643672702035855,0.006,2026-08-23 10:06:00+00:00,f2
BTCUSDT,2026-08-23 11:20:00+00:00,0.004600000000000001,TP,0.0067185585021774085,0.006,2026-08-23 11:20:00+00:00,f2
ETHUSDT,2026-08-23 13:18:00+00:00,-0.0414,MAE_KILL,0.00045712931257079446,0.006,2026-08-23 13:18:00+00:00,f2
SOLUSDT,2026-08-23 13:19:00+00:00,0.004600000000000001,TP,0.006257086465376094,0.006,2026-08-23 13:19:00+00:00,f2
BTCUSDT,2026-08-23 13:19:00+00:00,0.004600000000000001,TP,0.007313632554084627,0.006,2026-08-23 13:19:00+00:00,f2
BTCUSDT,2026-08-23 13:21:00+00:00,0.0010000000000000002,FLOOR40,0.005091186392482702,0.006,2026-08-23 13:21:00+00:00,f2
BTCUSDT,2026-08-23 13:22:00+00:00,0.0010000000000000002,FLOOR40,0.005449862557440129,0.006,2026-08-23 13:22:00+00:00,f2
SOLUSDT,2026-08-23 14:06:00+00:00,0.0005000000000000001,BE_STOP,0.003158844765342981,0.006,2026-08-23 14:06:00+00:00,f2
ETHUSDT,2026-08-23 14:07:00+00:00,0.0013605056053563678,FLOOR40,0.005002974080683223,0.006901264013390919,2026-08-23 14:07:00+00:00,f2
XRPUSDT,2026-08-23 14:11:00+00:00,0.004600000000000001,TP,0.007351493272070808,0.006,2026-08-23 14:11:00+00:00,f2
NEARUSDT,2026-08-23 14:15:00+00:00,0.0010000000000000002,FLOOR40,0.003991511721907851,0.006,2026-08-23 14:15:00+00:00,f2
BTCUSDT,2026-08-23 14:42:00+00:00,0.004600000000000001,TP,0.007987080103359136,0.006,2026-08-23 14:42:00+00:00,f2
XRPUSDT,2026-08-23 14:42:00+00:00,-0.0414,MAE_KILL,0.0018127670594329508,0.006318788035737419,2026-08-23 14:42:00+00:00,f2
NEARUSDT,2026-08-23 17:14:00+00:00,-0.0264,MAE_KILL,0.00314936238318963,0.009788837833651708,2026-08-23 17:14:00+00:00,f2
BTCUSDT,2026-08-23 21:20:00+00:00,0.004600000000000001,TP,0.00613363954223482,0.006,2026-08-23 21:20:00+00:00,f2
BTCUSDT,2026-08-23 21:22:00+00:00,0.004600000000000001,TP,0.006163403726163098,0.006,2026-08-23 21:22:00+00:00,f2
ETHUSDT,2026-08-23 21:29:00+00:00,0.0047317683051642705,TP,0.00640929367878843,0.00613176830516427,2026-08-23 21:29:00+00:00,f2
BTCUSDT,2026-08-23 22:10:00+00:00,-0.01262776486572086,MAX_AGE,0.0026129423333550706,0.006,2026-08-23 22:10:00+00:00,f2
SOLUSDT,2026-08-24 00:27:00+00:00,0.004600000000000001,TP,0.013676453583104712,0.006,2026-08-24 00:27:00+00:00,f2
BTCUSDT,2026-08-24 00:28:00+00:00,0.0010000000000000002,FLOOR40,0.003638803582027923,0.006,2026-08-24 00:28:00+00:00,f2
XRPUSDT,2026-08-24 00:44:00+00:00,0.004600000000000001,TP,0.010472950436928854,0.006,2026-08-24 00:44:00+00:00,f2
BTCUSDT,2026-08-24 00:49:00+00:00,0.0010000000000000002,FLOOR40,0.0037735312811662653,0.006,2026-08-24 00:49:00+00:00,f2
NEARUSDT,2026-08-24 00:52:00+00:00,0.002175480912434785,FLOOR40,0.0057217669592203035,0.00893870228108696,2026-08-24 00:52:00+00:00,f2
XRPUSDT,2026-08-24 01:15:00+00:00,0.004600000000000001,TP,0.006292255171028901,0.006,2026-08-24 01:15:00+00:00,f2
BTCUSDT,2026-08-24 01:33:00+00:00,0.0005000000000000001,BE_STOP,0.0030775193798449237,0.006,2026-08-24 01:33:00+00:00,f2
ETHUSDT,2026-08-24 01:51:00+00:00,0.004600000000000001,TP,0.006186712869506891,0.006,2026-08-24 01:51:00+00:00,f2
BTCUSDT,2026-08-24 02:05:00+00:00,0.0010000000000000002,FLOOR40,0.004005532560831595,0.006,2026-08-24 02:05:00+00:00,f2
BTCUSDT,2026-08-24 02:11:00+00:00,0.0010000000000000002,FLOOR40,0.0054172793736926034,0.006,2026-08-24 02:11:00+00:00,f2
NEARUSDT,2026-08-24 02:37:00+00:00,-0.0264,MAE_KILL,0.003387944983818734,0.011644706426259787,2026-08-24 02:37:00+00:00,f2
BTCUSDT,2026-08-24 03:33:00+00:00,-0.021503773716845965,MAX_AGE,0.0018143236209171253,0.006,2026-08-24 03:33:00+00:00,f2
XRPUSDT,2026-08-24 03:38:00+00:00,0.0010000000000000002,FLOOR40,0.0038084874863981415,0.006,2026-08-24 03:38:00+00:00,f2
NEARUSDT,2026-08-24 04:23:00+00:00,-0.0264,MAE_KILL,0.0050000000000000105,0.010545454545454564,2026-08-24 04:23:00+00:00,f2
BTCUSDT,2026-08-24 04:59:00+00:00,0.0010000000000000002,FLOOR40,0.004683116883116959,0.006,2026-08-24 04:59:00+00:00,f2
BTCUSDT,2026-08-24 05:03:00+00:00,0.0010000000000000002,FLOOR40,0.005470990514008458,0.006,2026-08-24 05:03:00+00:00,f2
SOLUSDT,2026-08-24 05:15:00+00:00,0.004600000000000001,TP,0.0062725919625771145,0.006,2026-08-24 05:15:00+00:00,f2
BTCUSDT,2026-08-24 06:21:00+00:00,0.0005000000000000001,BE_STOP,0.003346258033675079,0.006,2026-08-24 06:21:00+00:00,f2
BTCUSDT,2026-08-24 06:32:00+00:00,0.0010000000000000002,FLOOR40,0.004279101129423359,0.006,2026-08-24 06:32:00+00:00,f2
XRPUSDT,2026-08-24 06:48:00+00:00,0.0010000000000000002,FLOOR40,0.005817099567099527,0.006,2026-08-24 06:48:00+00:00,f2
ETHUSDT,2026-08-24 07:17:00+00:00,0.0010000000000000002,FLOOR40,0.005569105691056836,0.006,2026-08-24 07:17:00+00:00,f2
BTCUSDT,2026-08-24 07:18:00+00:00,0.0010000000000000002,FLOOR40,0.004144769971722598,0.006,2026-08-24 07:18:00+00:00,f2
BTCUSDT,2026-08-24 07:18:00+00:00,0.0010000000000000002,FLOOR40,0.004019019658725493,0.006,2026-08-24 07:18:00+00:00,f2
NEARUSDT,2026-08-24 07:27:00+00:00,0.0010000000000000002,FLOOR40,0.0036803629947062574,0.006,2026-08-24 07:27:00+00:00,f2
XRPUSDT,2026-08-24 07:32:00+00:00,0.0010000000000000002,FLOOR40,0.0036982248520710465,0.006,2026-08-24 07:32:00+00:00,f2
BTCUSDT,2026-08-24 07:33:00+00:00,0.0010000000000000002,FLOOR40,0.00599576997458104,0.006,2026-08-24 07:33:00+00:00,f2
XRPUSDT,2026-08-24 07:41:00+00:00,0.004600000000000001,TP,0.006054490413723443,0.006,2026-08-24 07:41:00+00:00,f2
NEARUSDT,2026-08-24 07:41:00+00:00,0.0010000000000000002,FLOOR40,0.004674776314466605,0.006,2026-08-24 07:41:00+00:00,f2
NEARUSDT,2026-08-24 08:22:00+00:00,0.004600000000000001,TP,0.01197030153038035,0.006,2026-08-24 08:22:00+00:00,f2
ETHUSDT,2026-08-24 08:25:00+00:00,0.004600000000000001,TP,0.006326972388798969,0.006,2026-08-24 08:25:00+00:00,f2
SOLUSDT,2026-08-24 08:32:00+00:00,0.0010000000000000002,FLOOR40,0.004220491286555289,0.006,2026-08-24 08:32:00+00:00,f2
BTCUSDT,2026-08-24 10:39:00+00:00,0.0010000000000000002,FLOOR40,0.0037722056270343444,0.006,2026-08-24 10:39:00+00:00,f2
BTCUSDT,2026-08-24 10:41:00+00:00,0.0010000000000000002,FLOOR40,0.0046876751115238246,0.006,2026-08-24 10:41:00+00:00,f2
BTCUSDT,2026-08-24 10:41:00+00:00,0.0010000000000000002,FLOOR40,0.004958238948977079,0.006,2026-08-24 10:41:00+00:00,f2
BTCUSDT,2026-08-24 10:41:00+00:00,0.0010000000000000002,FLOOR40,0.005389629893174285,0.006,2026-08-24 10:41:00+00:00,f2
SOLUSDT,2026-08-24 11:02:00+00:00,0.004600000000000001,TP,0.006653661622818582,0.006,2026-08-24 11:02:00+00:00,f2
ETHUSDT,2026-08-24 11:05:00+00:00,0.0010000000000000002,FLOOR40,0.005377150758924312,0.006,2026-08-24 11:05:00+00:00,f2
BTCUSDT,2026-08-24 11:05:00+00:00,0.0010000000000000002,FLOOR40,0.003822531571279274,0.006,2026-08-24 11:05:00+00:00,f2
BTCUSDT,2026-08-24 11:08:00+00:00,0.0010000000000000002,FLOOR40,0.004513119428535529,0.006,2026-08-24 11:08:00+00:00,f2
BTCUSDT,2026-08-24 12:51:00+00:00,-0.0414,MAE_KILL,0.0022117551763223466,0.006,2026-08-24 12:51:00+00:00,f2
BTCUSDT,2026-08-24 12:59:00+00:00,0.0010000000000000002,FLOOR40,0.004179511275814814,0.006,2026-08-24 12:59:00+00:00,f2
BTCUSDT,2026-08-24 13:15:00+00:00,0.0010000000000000002,FLOOR40,0.004728132387706929,0.006,2026-08-24 13:15:00+00:00,f2
BTCUSDT,2026-08-24 13:35:00+00:00,0.0010000000000000002,FLOOR40,0.004534123846499187,0.006,2026-08-24 13:35:00+00:00,f2
BTCUSDT,2026-08-24 13:41:00+00:00,0.004600000000000001,TP,0.0062393114682554145,0.006,2026-08-24 13:41:00+00:00,f2
BTCUSDT,2026-08-24 13:45:00+00:00,0.004600000000000001,TP,0.007091178110937581,0.006,2026-08-24 13:45:00+00:00,f2
BTCUSDT,2026-08-24 15:32:00+00:00,-0.0414,MAE_KILL,0.000998861973662857,0.006,2026-08-24 15:32:00+00:00,f2
XRPUSDT,2026-08-24 17:23:00+00:00,0.004600000000000001,TP,0.006095496105655196,0.006,2026-08-24 17:23:00+00:00,f2
BTCUSDT,2026-08-25 02:17:00+00:00,-0.0414,MAE_KILL,0.0014547090191960323,0.006,2026-08-25 02:17:00+00:00,f2
BTCUSDT,2026-08-25 02:17:00+00:00,-0.0414,MAE_KILL,0.00033889414037737055,0.006,2026-08-25 02:17:00+00:00,f2
BTCUSDT,2026-08-25 02:17:00+00:00,-0.0414,MAE_KILL,0.0003815131119355065,0.006,2026-08-25 02:17:00+00:00,f2
BTCUSDT,2026-08-25 02:17:00+00:00,-0.0414,MAE_KILL,0.0001611148632972608,0.006,2026-08-25 02:17:00+00:00,f2
BTCUSDT,2026-08-25 02:17:00+00:00,0.004600000000000001,TP,0.012340779283215836,0.006,2026-08-25 02:17:00+00:00,f2
ETHUSDT,2026-08-25 13:51:00+00:00,0.004600000000000001,TP,0.008126210589709703,0.006,2026-08-25 13:51:00+00:00,f2
BTCUSDT,2026-08-25 13:51:00+00:00,0.004600000000000001,TP,0.006039057835690383,0.006,2026-08-25 13:51:00+00:00,f2
BTCUSDT,2026-08-25 21:11:00+00:00,0.0010000000000000002,FLOOR40,0.004271612079269281,0.006,2026-08-25 21:11:00+00:00,f2
BTCUSDT,2026-08-26 02:25:00+00:00,0.004600000000000001,TP,0.007643459802715012,0.006,2026-08-26 02:25:00+00:00,f2
ETHUSDT,2026-08-26 04:12:00+00:00,0.0005000000000000001,BE_STOP,0.003507675069118198,0.006,2026-08-26 04:12:00+00:00,f2
XRPUSDT,2026-08-26 09:17:00+00:00,0.004600000000000001,TP,0.006034240808307565,0.006,2026-08-26 09:17:00+00:00,f2
NEARUSDT,2026-08-26 09:20:00+00:00,0.0010000000000000002,FLOOR40,0.003837630398356903,0.006,2026-08-26 09:20:00+00:00,f2
SOLUSDT,2026-08-26 09:47:00+00:00,0.004600000000000001,TP,0.007023112992240411,0.006,2026-08-26 09:47:00+00:00,f2
BTCUSDT,2026-08-26 09:49:00+00:00,0.0005000000000000001,BE_STOP,0.0031726689041482897,0.006,2026-08-26 09:49:00+00:00,f2
BTCUSDT,2026-08-26 09:49:00+00:00,0.0005000000000000001,BE_STOP,0.003383549196550437,0.006,2026-08-26 09:49:00+00:00,f2
XRPUSDT,2026-08-26 10:08:00+00:00,0.004600000000000001,TP,0.006656280980031053,0.006,2026-08-26 10:08:00+00:00,f2
BTCUSDT,2026-08-26 12:30:00+00:00,0.004600000000000001,TP,0.006780011144874405,0.006,2026-08-26 12:30:00+00:00,f2
BTCUSDT,2026-08-26 12:30:00+00:00,0.004600000000000001,TP,0.006701481212260331,0.006,2026-08-26 12:30:00+00:00,f2
BTCUSDT,2026-08-26 12:30:00+00:00,0.004600000000000001,TP,0.006372026865843002,0.006,2026-08-26 12:30:00+00:00,f2
BTCUSDT,2026-08-26 12:31:00+00:00,0.0010000000000000002,FLOOR40,0.005651535054964237,0.006,2026-08-26 12:31:00+00:00,f2
BTCUSDT,2026-08-26 12:42:00+00:00,0.0010000000000000002,FLOOR40,0.003725985754033897,0.006,2026-08-26 12:42:00+00:00,f2
ETHUSDT,2026-08-26 13:13:00+00:00,0.004600000000000001,TP,0.006259290179389686,0.006,2026-08-26 13:13:00+00:00,f2
BTCUSDT,2026-08-26 13:20:00+00:00,0.0010000000000000002,FLOOR40,0.004166714581967821,0.006,2026-08-26 13:20:00+00:00,f2
XRPUSDT,2026-08-26 13:28:00+00:00,0.004600000000000001,TP,0.009290601368383243,0.006,2026-08-26 13:28:00+00:00,f2
BTCUSDT,2026-08-26 13:33:00+00:00,0.0010000000000000002,FLOOR40,0.005121902296743194,0.006,2026-08-26 13:33:00+00:00,f2
BTCUSDT,2026-08-26 13:33:00+00:00,0.0010000000000000002,FLOOR40,0.005384941577981916,0.006,2026-08-26 13:33:00+00:00,f2
NEARUSDT,2026-08-26 13:34:00+00:00,0.0010000000000000002,FLOOR40,0.005866695638003108,0.006,2026-08-26 13:34:00+00:00,f2
ETHUSDT,2026-08-26 13:47:00+00:00,0.0005000000000000001,BE_STOP,0.003199041510110564,0.006,2026-08-26 13:47:00+00:00,f2
BTCUSDT,2026-08-26 13:50:00+00:00,0.0005000000000000001,BE_STOP,0.003356918228947664,0.006,2026-08-26 13:50:00+00:00,f2
NEARUSDT,2026-08-26 13:57:00+00:00,0.0005000000000000001,BE_STOP,0.0034991798797156704,0.006,2026-08-26 13:57:00+00:00,f2
XRPUSDT,2026-08-26 14:31:00+00:00,0.004600000000000001,TP,0.006420893153452225,0.006,2026-08-26 14:31:00+00:00,f2
SOLUSDT,2026-08-26 14:35:00+00:00,0.004600000000000001,TP,0.008168137000518858,0.006,2026-08-26 14:35:00+00:00,f2
BTCUSDT,2026-08-26 14:54:00+00:00,0.004600000000000001,TP,0.0062109974424552055,0.006,2026-08-26 14:54:00+00:00,f2
BTCUSDT,2026-08-26 15:02:00+00:00,0.004600000000000001,TP,0.006242793208434847,0.006,2026-08-26 15:02:00+00:00,f2
XRPUSDT,2026-08-26 15:02:00+00:00,0.004600000000000001,TP,0.007580174927113838,0.006,2026-08-26 15:02:00+00:00,f2
ETHUSDT,2026-08-26 15:06:00+00:00,0.0005000000000000001,BE_STOP,0.0030876853431307185,0.006,2026-08-26 15:06:00+00:00,f2
BTCUSDT,2026-08-26 15:08:00+00:00,0.0010000000000000002,FLOOR40,0.005458638442762534,0.006,2026-08-26 15:08:00+00:00,f2
BTCUSDT,2026-08-26 15:10:00+00:00,0.0010000000000000002,FLOOR40,0.0059785561261622155,0.006,2026-08-26 15:10:00+00:00,f2
XRPUSDT,2026-08-26 15:15:00+00:00,0.004600000000000001,TP,0.006720233747260845,0.006,2026-08-26 15:15:00+00:00,f2
SOLUSDT,2026-08-26 22:15:00+00:00,-0.0414,MAE_KILL,0.001385710386529119,0.006,2026-08-26 22:15:00+00:00,f2
BTCUSDT,2026-08-26 22:16:00+00:00,0.004600000000000001,TP,0.006129584910377942,0.006,2026-08-26 22:16:00+00:00,f2
BTCUSDT,2026-08-27 00:01:00+00:00,0.0010000000000000002,FLOOR40,0.0045100451004510414,0.006,2026-08-27 00:01:00+00:00,f2
SOLUSDT,2026-08-27 05:54:00+00:00,0.0005000000000000001,BE_STOP,0.003253710803106292,0.006,2026-08-27 05:54:00+00:00,f2
BTCUSDT,2026-08-27 08:03:00+00:00,0.004600000000000001,TP,0.007095726322200755,0.006,2026-08-27 08:03:00+00:00,f2
ETHUSDT,2026-08-27 08:05:00+00:00,0.0010000000000000002,FLOOR40,0.0036419711272179054,0.006,2026-08-27 08:05:00+00:00,f2
BTCUSDT,2026-08-27 08:08:00+00:00,0.004600000000000001,TP,0.007841574135585677,0.006,2026-08-27 08:08:00+00:00,f2
SOLUSDT,2026-08-27 08:09:00+00:00,0.004600000000000001,TP,0.012912133321665771,0.006,2026-08-27 08:09:00+00:00,f2
BTCUSDT,2026-08-27 08:10:00+00:00,0.004600000000000001,TP,0.007288809948506576,0.006,2026-08-27 08:10:00+00:00,f2
SOLUSDT,2026-08-27 08:25:00+00:00,0.006042294059953992,TP,0.007758863457598215,0.007442294059953992,2026-08-27 08:25:00+00:00,f2
ETHUSDT,2026-08-27 08:29:00+00:00,-0.0414,MAE_KILL,0.0022940109488752145,0.006,2026-08-27 08:29:00+00:00,f2
ETHUSDT,2026-08-27 08:30:00+00:00,-0.0414,MAE_KILL,0.0016358023426002438,0.006,2026-08-27 08:30:00+00:00,f2
ETHUSDT,2026-08-27 08:30:00+00:00,-0.0414,MAE_KILL,0.0018117724217085068,0.006,2026-08-27 08:30:00+00:00,f2
ETHUSDT,2026-08-27 08:30:00+00:00,0.004600000000000001,TP,0.008445470858768183,0.006,2026-08-27 08:30:00+00:00,f2
BTCUSDT,2026-08-27 08:39:00+00:00,0.0005000000000000001,BE_STOP,0.0031027071433865233,0.006,2026-08-27 08:39:00+00:00,f2
BTCUSDT,2026-08-27 08:47:00+00:00,0.0005000000000000001,BE_STOP,0.0032632360465932554,0.006,2026-08-27 08:47:00+00:00,f2
BTCUSDT,2026-08-27 08:47:00+00:00,0.0005000000000000001,BE_STOP,0.0033865566244810417,0.006,2026-08-27 08:47:00+00:00,f2
SOLUSDT,2026-08-27 08:48:00+00:00,0.004600000000000001,TP,0.0065929432508576805,0.006,2026-08-27 08:48:00+00:00,f2
BTCUSDT,2026-08-27 08:50:00+00:00,0.0010000000000000002,FLOOR40,0.004516727714274556,0.006,2026-08-27 08:50:00+00:00,f2
SOLUSDT,2026-08-27 09:01:00+00:00,0.0005000000000000001,BE_STOP,0.0033437125748503353,0.006,2026-08-27 09:01:00+00:00,f2
SOLUSDT,2026-08-27 09:20:00+00:00,0.004600000000000001,TP,0.010873935100985888,0.006,2026-08-27 09:20:00+00:00,f2
XRPUSDT,2026-08-27 09:25:00+00:00,0.004600000000000001,TP,0.007374939121964755,0.006,2026-08-27 09:25:00+00:00,f2
ETHUSDT,2026-08-27 09:25:00+00:00,0.004600000000000001,TP,0.01014537361492567,0.006,2026-08-27 09:25:00+00:00,f2
BTCUSDT,2026-08-27 09:26:00+00:00,0.004600000000000001,TP,0.0076235999483655935,0.006,2026-08-27 09:26:00+00:00,f2
BTCUSDT,2026-08-27 09:26:00+00:00,0.004600000000000001,TP,0.007003937836294188,0.006,2026-08-27 09:26:00+00:00,f2
BTCUSDT,2026-08-27 09:35:00+00:00,0.0010000000000000002,FLOOR40,0.005701892468604537,0.006,2026-08-27 09:35:00+00:00,f2
BTCUSDT,2026-08-27 10:28:00+00:00,0.0010000000000000002,FLOOR40,0.005452643409413581,0.006,2026-08-27 10:28:00+00:00,f2
BTCUSDT,2026-08-27 10:41:00+00:00,0.0005000000000000001,BE_STOP,0.0035361345213405404,0.006,2026-08-27 10:41:00+00:00,f2
BTCUSDT,2026-08-27 11:54:00+00:00,0.0010000000000000002,FLOOR40,0.0056191566614845305,0.006,2026-08-27 11:54:00+00:00,f2
XRPUSDT,2026-08-27 12:31:00+00:00,0.004600000000000001,TP,0.006103549880735183,0.006,2026-08-27 12:31:00+00:00,f2
SOLUSDT,2026-08-27 12:52:00+00:00,0.0005000000000000001,BE_STOP,0.003459146616072958,0.006,2026-08-27 12:52:00+00:00,f2
SOLUSDT,2026-08-27 13:10:00+00:00,0.0005000000000000001,BE_STOP,0.00310208145836124,0.006,2026-08-27 13:10:00+00:00,f2
BTCUSDT,2026-08-27 13:51:00+00:00,0.0010000000000000002,FLOOR40,0.005105007751488319,0.006,2026-08-27 13:51:00+00:00,f2
SOLUSDT,2026-08-27 13:57:00+00:00,0.004600000000000001,TP,0.007257100574876208,0.006,2026-08-27 13:57:00+00:00,f2
ETHUSDT,2026-08-27 14:07:00+00:00,0.0005000000000000001,BE_STOP,0.0034265103697025076,0.006,2026-08-27 14:07:00+00:00,f2
BTCUSDT,2026-08-27 14:35:00+00:00,0.004600000000000001,TP,0.006620983599133007,0.006,2026-08-27 14:35:00+00:00,f2
XRPUSDT,2026-08-27 14:42:00+00:00,0.004600000000000001,TP,0.006502395619438632,0.006,2026-08-27 14:42:00+00:00,f2
BTCUSDT,2026-08-27 15:22:00+00:00,0.0010000000000000002,FLOOR40,0.005596503897009388,0.006,2026-08-27 15:22:00+00:00,f2
BTCUSDT,2026-08-27 15:22:00+00:00,0.0010000000000000002,FLOOR40,0.005738001935081418,0.006,2026-08-27 15:22:00+00:00,f2
BTCUSDT,2026-08-27 15:22:00+00:00,0.0010000000000000002,FLOOR40,0.005571464143426295,0.006,2026-08-27 15:22:00+00:00,f2
XRPUSDT,2026-08-27 15:36:00+00:00,0.0010000000000000002,FLOOR40,0.003633621280680009,0.006,2026-08-27 15:36:00+00:00,f2
NEARUSDT,2026-08-27 15:38:00+00:00,0.0010000000000000002,FLOOR40,0.0036399563205242146,0.006,2026-08-27 15:38:00+00:00,f2
BTCUSDT,2026-08-27 16:11:00+00:00,0.0005000000000000001,BE_STOP,0.0035280189620137577,0.006,2026-08-27 16:11:00+00:00,f2
SOLUSDT,2026-08-27 16:19:00+00:00,0.0010000000000000002,FLOOR40,0.0037700721433558404,0.006,2026-08-27 16:19:00+00:00,f2
SOLUSDT,2026-08-27 16:22:00+00:00,0.004600000000000001,TP,0.00998069155931989,0.006,2026-08-27 16:22:00+00:00,f2
BTCUSDT,2026-08-27 17:42:00+00:00,0.0010000000000000002,FLOOR40,0.005084771054732408,0.006,2026-08-27 17:42:00+00:00,f2
BTCUSDT,2026-08-27 17:42:00+00:00,0.0010000000000000002,FLOOR40,0.0051322674997015035,0.006,2026-08-27 17:42:00+00:00,f2
ETHUSDT,2026-08-27 18:13:00+00:00,0.004600000000000001,TP,0.010490704489322699,0.006,2026-08-27 18:13:00+00:00,f2
BTCUSDT,2026-08-27 18:13:00+00:00,0.004600000000000001,TP,0.007140150926989881,0.006,2026-08-27 18:13:00+00:00,f2
BTCUSDT,2026-08-27 18:13:00+00:00,0.004600000000000001,TP,0.006336604614271435,0.006,2026-08-27 18:13:00+00:00,f2
BTCUSDT,2026-08-27 18:23:00+00:00,0.0010000000000000002,FLOOR40,0.004161721160934118,0.006,2026-08-27 18:23:00+00:00,f2
BTCUSDT,2026-08-28 01:18:00+00:00,-0.0414,MAE_KILL,0.0014832199496938345,0.006,2026-08-28 01:18:00+00:00,f2
BTCUSDT,2026-08-28 01:18:00+00:00,-0.0414,MAE_KILL,0.0008371321472890398,0.006,2026-08-28 01:18:00+00:00,f2
ETHUSDT,2026-08-28 01:34:00+00:00,0.0005000000000000001,BE_STOP,0.003531945896290694,0.006,2026-08-28 01:34:00+00:00,f2
BTCUSDT,2026-08-28 01:35:00+00:00,0.0010000000000000002,FLOOR40,0.005995314886780547,0.006,2026-08-28 01:35:00+00:00,f2
ETHUSDT,2026-08-28 04:09:00+00:00,0.004600000000000001,TP,0.006118638964167332,0.006,2026-08-28 04:09:00+00:00,f2
ETHUSDT,2026-08-28 04:12:00+00:00,0.0010000000000000002,FLOOR40,0.005982950598495684,0.006,2026-08-28 04:12:00+00:00,f2
BTCUSDT,2026-08-28 04:12:00+00:00,0.0010000000000000002,FLOOR40,0.0037273722088531865,0.006,2026-08-28 04:12:00+00:00,f2
BTCUSDT,2026-08-28 10:03:00+00:00,0.004600000000000001,TP,0.0061670204366496865,0.006,2026-08-28 10:03:00+00:00,f2
BTCUSDT,2026-08-28 14:05:00+00:00,0.004600000000000001,TP,0.0064534869035892,0.006,2026-08-28 14:05:00+00:00,f2
BTCUSDT,2026-08-28 14:05:00+00:00,0.004600000000000001,TP,0.0064108231264509066,0.006,2026-08-28 14:05:00+00:00,f2
ETHUSDT,2026-08-28 14:13:00+00:00,0.004600000000000001,TP,0.006984617738111199,0.006,2026-08-28 14:13:00+00:00,f2
SOLUSDT,2026-08-28 14:14:00+00:00,0.0005000000000000001,BE_STOP,0.0037242693406984734,0.006615424166644932,2026-08-28 14:14:00+00:00,f2
SOLUSDT,2026-08-28 14:17:00+00:00,0.0005000000000000001,BE_STOP,0.004452137121977095,0.008132259105863614,2026-08-28 14:17:00+00:00,f2
BTCUSDT,2026-08-28 15:58:00+00:00,0.004600000000000001,TP,0.006046104242301187,0.006,2026-08-28 15:58:00+00:00,f2
BTCUSDT,2026-08-28 16:01:00+00:00,0.004600000000000001,TP,0.006374478660073785,0.006,2026-08-28 16:01:00+00:00,f2
XRPUSDT,2026-08-28 16:02:00+00:00,0.004600000000000001,TP,0.006060173962640933,0.006,2026-08-28 16:02:00+00:00,f2
ETHUSDT,2026-08-28 16:03:00+00:00,-0.0414,MAE_KILL,0.001273391217126916,0.006,2026-08-28 16:03:00+00:00,f2
BTCUSDT,2026-08-28 16:12:00+00:00,-0.0414,MAE_KILL,0.0003279129083038553,0.006,2026-08-28 16:12:00+00:00,f2
BTCUSDT,2026-08-28 16:14:00+00:00,-0.0414,MAE_KILL,0.0005589770103738102,0.006,2026-08-28 16:14:00+00:00,f2
ETHUSDT,2026-08-28 16:15:00+00:00,-0.0414,MAE_KILL,0.0010568457280252914,0.006,2026-08-28 16:15:00+00:00,f2
BTCUSDT,2026-08-28 16:16:00+00:00,0.004600000000000001,TP,0.006399310312188658,0.006,2026-08-28 16:16:00+00:00,f2
BTCUSDT,2026-08-28 16:17:00+00:00,0.004600000000000001,TP,0.006946364744318547,0.006,2026-08-28 16:17:00+00:00,f2
BTCUSDT,2026-08-28 16:17:00+00:00,0.004600000000000001,TP,0.00686753744241855,0.006,2026-08-28 16:17:00+00:00,f2
ETHUSDT,2026-08-28 16:23:00+00:00,0.004600000000000001,TP,0.006406879739314744,0.006,2026-08-28 16:23:00+00:00,f2
SOLUSDT,2026-08-28 16:23:00+00:00,0.004600000000000001,TP,0.008180527850237922,0.006,2026-08-28 16:23:00+00:00,f2
ETHUSDT,2026-08-28 16:24:00+00:00,0.004600000000000001,TP,0.011309687171021692,0.006,2026-08-28 16:24:00+00:00,f2
BTCUSDT,2026-08-28 16:24:00+00:00,0.004600000000000001,TP,0.007993736865960728,0.006,2026-08-28 16:24:00+00:00,f2
SOLUSDT,2026-08-28 16:59:00+00:00,0.0017290325654979123,FLOOR40,0.007281252680434928,0.00782258141374478,2026-08-28 16:59:00+00:00,f2
ETHUSDT,2026-08-28 18:38:00+00:00,0.004614173754520911,TP,0.0067826515120428975,0.00601417375452091,2026-08-28 18:38:00+00:00,f2
ETHUSDT,2026-08-28 18:39:00+00:00,0.004600000000000001,TP,0.006513721528137193,0.006,2026-08-28 18:39:00+00:00,f2
SOLUSDT,2026-08-28 18:46:00+00:00,0.004600000000000001,TP,0.007101449275362313,0.006,2026-08-28 18:46:00+00:00,f2
BTCUSDT,2026-08-28 18:52:00+00:00,0.0010000000000000002,FLOOR40,0.0037261889560868014,0.006,2026-08-28 18:52:00+00:00,f2
ETHUSDT,2026-08-28 18:54:00+00:00,0.0010000000000000002,FLOOR40,0.005471449728484524,0.006,2026-08-28 18:54:00+00:00,f2
SOLUSDT,2026-08-28 19:00:00+00:00,0.0005000000000000001,BE_STOP,0.003100127309303323,0.006,2026-08-28 19:00:00+00:00,f2
BTCUSDT,2026-08-29 00:47:00+00:00,0.0010000000000000002,FLOOR40,0.004642366330532432,0.006,2026-08-29 00:47:00+00:00,f2
SOLUSDT,2026-08-29 02:37:00+00:00,0.0010000000000000002,FLOOR40,0.003712038158983035,0.006,2026-08-29 02:37:00+00:00,f2
NEARUSDT,2026-08-29 06:21:00+00:00,0.004600000000000001,TP,0.0100382674283179,0.006,2026-08-29 06:21:00+00:00,f2
NEARUSDT,2026-08-29 08:13:00+00:00,0.0005000000000000001,BE_STOP,0.003077783995523133,0.006,2026-08-29 08:13:00+00:00,f2
NEARUSDT,2026-08-29 08:51:00+00:00,0.0010000000000000002,FLOOR40,0.004875315214345716,0.006,2026-08-29 08:51:00+00:00,f2
ETHUSDT,2026-08-29 14:53:00+00:00,0.0010000000000000002,FLOOR40,0.004685452162516405,0.006,2026-08-29 14:53:00+00:00,f2
ETHUSDT,2026-08-29 16:18:00+00:00,0.0010000000000000002,FLOOR40,0.004123416428279586,0.006,2026-08-29 16:18:00+00:00,f2
BTCUSDT,2026-08-29 19:00:00+00:00,0.0005000000000000001,BE_STOP,0.0031298884472369,0.006,2026-08-29 19:00:00+00:00,f2
NEARUSDT,2026-08-30 01:33:00+00:00,0.0005000000000000001,BE_STOP,0.003401727861771163,0.006,2026-08-30 01:33:00+00:00,f2
BTCUSDT,2026-08-30 04:19:00+00:00,-0.02347674655309041,MAX_AGE,0.001189344971386864,0.006,2026-08-30 04:19:00+00:00,f2
BTCUSDT,2026-08-30 04:22:00+00:00,-0.02364170319348779,MAX_AGE,0.001514088916718775,0.006,2026-08-30 04:22:00+00:00,f2
SOLUSDT,2026-08-30 04:56:00+00:00,0.0010000000000000002,FLOOR40,0.004614652711703135,0.006,2026-08-30 04:56:00+00:00,f2
NEARUSDT,2026-08-30 05:05:00+00:00,0.004600000000000001,TP,0.006723944714232439,0.006,2026-08-30 05:05:00+00:00,f2
ETHUSDT,2026-08-30 12:12:00+00:00,0.004600000000000001,TP,0.00640566498453534,0.006,2026-08-30 12:12:00+00:00,f2
SOLUSDT,2026-08-30 13:32:00+00:00,-0.0414,MAE_KILL,0.001246251509132688,0.006,2026-08-30 13:32:00+00:00,f2
BTCUSDT,2026-08-30 14:06:00+00:00,0.0010000000000000002,FLOOR40,0.004083143486241333,0.006,2026-08-30 14:06:00+00:00,f2
BTCUSDT,2026-08-30 14:06:00+00:00,0.0005000000000000001,BE_STOP,0.0033786231538644857,0.006,2026-08-30 14:06:00+00:00,f2
SOLUSDT,2026-08-30 14:24:00+00:00,0.0005000000000000001,BE_STOP,0.0033266053674217756,0.006,2026-08-30 14:24:00+00:00,f2
SOLUSDT,2026-08-30 14:42:00+00:00,0.0010000000000000002,FLOOR40,0.003720669346545724,0.006,2026-08-30 14:42:00+00:00,f2
XRPUSDT,2026-08-30 15:16:00+00:00,0.004600000000000001,TP,0.006272273699215908,0.006,2026-08-30 15:16:00+00:00,f2
ETHUSDT,2026-08-30 16:41:00+00:00,-0.0414,MAE_KILL,0.000497459257675688,0.006,2026-08-30 16:41:00+00:00,f2
BTCUSDT,2026-08-30 18:39:00+00:00,-0.02334318899585482,MAX_AGE,0.0026363343972534304,0.006,2026-08-30 18:39:00+00:00,f2
BTCUSDT,2026-08-30 18:43:00+00:00,-0.02257814833616871,MAX_AGE,0.002592530875918877,0.006,2026-08-30 18:43:00+00:00,f2
BTCUSDT,2026-08-30 18:46:00+00:00,-0.02309975838884537,MAX_AGE,0.0018317977860713185,0.006,2026-08-30 18:46:00+00:00,f2
BTCUSDT,2026-08-30 20:46:00+00:00,0.0010000000000000002,FLOOR40,0.003869885428515146,0.006,2026-08-30 20:46:00+00:00,f2
BTCUSDT,2026-08-30 20:49:00+00:00,0.0010000000000000002,FLOOR40,0.00532994923857868,0.006,2026-08-30 20:49:00+00:00,f2
XRPUSDT,2026-08-30 21:01:00+00:00,0.004600000000000001,TP,0.0089535133586419,0.006,2026-08-30 21:01:00+00:00,f2
BTCUSDT,2026-08-30 21:15:00+00:00,0.0010000000000000002,FLOOR40,0.005974943130595659,0.006,2026-08-30 21:15:00+00:00,f2
ETHUSDT,2026-08-30 22:19:00+00:00,0.0005000000000000001,BE_STOP,0.0034970965214794047,0.006,2026-08-30 22:19:00+00:00,f2
ETHUSDT,2026-08-30 22:32:00+00:00,0.0010000000000000002,FLOOR40,0.003707079914919514,0.006,2026-08-30 22:32:00+00:00,f2
BTCUSDT,2026-08-30 22:32:00+00:00,0.0005000000000000001,BE_STOP,0.0032346462591359864,0.006,2026-08-30 22:32:00+00:00,f2
BTCUSDT,2026-08-30 23:19:00+00:00,0.0010000000000000002,FLOOR40,0.003639318415486976,0.006,2026-08-30 23:19:00+00:00,f2
BTCUSDT,2026-08-30 23:19:00+00:00,0.0005000000000000001,BE_STOP,0.003213361868190945,0.006,2026-08-30 23:19:00+00:00,f2
ETHUSDT,2026-08-30 23:23:00+00:00,0.004600000000000001,TP,0.008662786672259934,0.006,2026-08-30 23:23:00+00:00,f2
ETHUSDT,2026-08-30 23:23:00+00:00,0.004600000000000001,TP,0.011195879136503582,0.006,2026-08-30 23:23:00+00:00,f2
BTCUSDT,2026-08-30 23:26:00+00:00,0.0010000000000000002,FLOOR40,0.0046381821091375,0.006,2026-08-30 23:26:00+00:00,f2
NEARUSDT,2026-08-30 23:28:00+00:00,0.004600000000000001,TP,0.009598698481561849,0.006,2026-08-30 23:28:00+00:00,f2
BTCUSDT,2026-08-30 23:30:00+00:00,0.004600000000000001,TP,0.006483480578387971,0.006,2026-08-30 23:30:00+00:00,f2
ETHUSDT,2026-08-30 23:36:00+00:00,-0.0414,MAE_KILL,0.0003900109441846655,0.006,2026-08-30 23:36:00+00:00,f2
BTCUSDT,2026-08-30 23:37:00+00:00,0.0010000000000000002,FLOOR40,0.004402506022114077,0.006,2026-08-30 23:37:00+00:00,f2
BTCUSDT,2026-08-30 23:37:00+00:00,0.0010000000000000002,FLOOR40,0.0037532525830942646,0.006,2026-08-30 23:37:00+00:00,f2
ETHUSDT,2026-08-30 23:42:00+00:00,0.0010000000000000002,FLOOR40,0.0036005392512702835,0.006,2026-08-30 23:42:00+00:00,f2
BTCUSDT,2026-08-30 23:46:00+00:00,0.004600000000000001,TP,0.006916090433063217,0.006,2026-08-30 23:46:00+00:00,f2
BTCUSDT,2026-08-30 23:47:00+00:00,0.004600000000000001,TP,0.006400907365758569,0.006,2026-08-30 23:47:00+00:00,f2
SOLUSDT,2026-08-31 00:30:00+00:00,0.0010000000000000002,FLOOR40,0.0044572730128810065,0.006,2026-08-31 00:30:00+00:00,f2
BTCUSDT,2026-08-31 00:35:00+00:00,0.004600000000000001,TP,0.006998595125472051,0.006,2026-08-31 00:35:00+00:00,f2
NEARUSDT,2026-08-31 00:38:00+00:00,-0.0264,MAE_KILL,0.000497210098889632,0.007039863622372858,2026-08-31 00:38:00+00:00,f2
BTCUSDT,2026-08-31 00:38:00+00:00,0.0010000000000000002,FLOOR40,0.0038206073931000475,0.006,2026-08-31 00:38:00+00:00,f2
BTCUSDT,2026-08-31 07:29:00+00:00,0.0010000000000000002,FLOOR40,0.0036364242298394063,0.006,2026-08-31 07:29:00+00:00,f2
BTCUSDT,2026-08-31 07:31:00+00:00,0.0010000000000000002,FLOOR40,0.004028943767895872,0.006,2026-08-31 07:31:00+00:00,f2
BTCUSDT,2026-08-31 07:31:00+00:00,0.0005000000000000001,BE_STOP,0.0035939733015463338,0.006,2026-08-31 07:31:00+00:00,f2
XRPUSDT,2026-08-31 08:03:00+00:00,0.0010000000000000002,FLOOR40,0.003946502959877109,0.006,2026-08-31 08:03:00+00:00,f2
ETHUSDT,2026-08-31 08:09:00+00:00,0.0005000000000000001,BE_STOP,0.003052478038547192,0.006,2026-08-31 08:09:00+00:00,f2
SOLUSDT,2026-08-31 08:09:00+00:00,0.0010000000000000002,FLOOR40,0.0036679931115674055,0.006,2026-08-31 08:09:00+00:00,f2
BTCUSDT,2026-08-31 08:44:00+00:00,0.0005000000000000001,BE_STOP,0.003407202960071446,0.006,2026-08-31 08:44:00+00:00,f2
BTCUSDT,2026-08-31 08:44:00+00:00,0.0005000000000000001,BE_STOP,0.0031813863325699915,0.006,2026-08-31 08:44:00+00:00,f2
BTCUSDT,2026-08-31 09:08:00+00:00,0.004600000000000001,TP,0.006082537038716422,0.006,2026-08-31 09:08:00+00:00,f2
BTCUSDT,2026-08-31 09:09:00+00:00,0.004600000000000001,TP,0.006093238944111115,0.006,2026-08-31 09:09:00+00:00,f2
SOLUSDT,2026-08-31 13:38:00+00:00,0.0010000000000000002,FLOOR40,0.0036515896586980868,0.006,2026-08-31 13:38:00+00:00,f2
ETHUSDT,2026-08-31 13:56:00+00:00,0.0010000000000000002,FLOOR40,0.004628873055301317,0.006,2026-08-31 13:56:00+00:00,f2
ETHUSDT,2026-08-31 14:28:00+00:00,0.0005000000000000001,BE_STOP,0.003039961376533908,0.006,2026-08-31 14:28:00+00:00,f2
BTCUSDT,2026-08-31 14:41:00+00:00,0.004600000000000001,TP,0.006015588756205823,0.006,2026-08-31 14:41:00+00:00,f2
ETHUSDT,2026-08-31 15:46:00+00:00,0.0010000000000000002,FLOOR40,0.0037262200332930768,0.006,2026-08-31 15:46:00+00:00,f2
BTCUSDT,2026-08-31 16:57:00+00:00,0.0010000000000000002,FLOOR40,0.003725920854722024,0.006,2026-08-31 16:57:00+00:00,f2
BTCUSDT,2026-08-31 16:57:00+00:00,0.0005000000000000001,BE_STOP,0.0032931180320152913,0.006,2026-08-31 16:57:00+00:00,f2
BTCUSDT,2026-08-31 17:46:00+00:00,0.0005000000000000001,BE_STOP,0.0035862829441310772,0.006,2026-08-31 17:46:00+00:00,f2
BTCUSDT,2026-08-31 17:47:00+00:00,0.0010000000000000002,FLOOR40,0.004162885114539719,0.006,2026-08-31 17:47:00+00:00,f3
BTCUSDT,2026-08-31 18:47:00+00:00,0.0010000000000000002,FLOOR40,0.004376609047443987,0.006,2026-08-31 18:47:00+00:00,f3
BTCUSDT,2026-08-31 18:53:00+00:00,0.0010000000000000002,FLOOR40,0.0047244673873468096,0.006,2026-08-31 18:53:00+00:00,f3
ETHUSDT,2026-08-31 19:15:00+00:00,0.0010000000000000002,FLOOR40,0.0037425994934585974,0.006,2026-08-31 19:15:00+00:00,f3
NEARUSDT,2026-08-31 19:24:00+00:00,0.0010000000000000002,FLOOR40,0.004115886251870879,0.006,2026-08-31 19:24:00+00:00,f3
NEARUSDT,2026-08-31 19:35:00+00:00,0.0010000000000000002,FLOOR40,0.003747724595781077,0.006,2026-08-31 19:35:00+00:00,f3
XRPUSDT,2026-08-31 20:22:00+00:00,0.0010000000000000002,FLOOR40,0.003887688984881261,0.006,2026-08-31 20:22:00+00:00,f3
BTCUSDT,2026-08-31 23:19:00+00:00,0.0005000000000000001,BE_STOP,0.0033312642777555586,0.006,2026-08-31 23:19:00+00:00,f3
ETHUSDT,2026-09-01 01:28:00+00:00,0.0005000000000000001,BE_STOP,0.003116086390249364,0.006,2026-09-01 01:28:00+00:00,f3
BTCUSDT,2026-09-01 02:24:00+00:00,0.0005000000000000001,BE_STOP,0.003233208043864493,0.006,2026-09-01 02:24:00+00:00,f3
NEARUSDT,2026-09-01 03:46:00+00:00,-0.0264,MAE_KILL,0.0,0.006,2026-09-01 03:46:00+00:00,f3
BTCUSDT,2026-09-01 05:12:00+00:00,0.0005000000000000001,BE_STOP,0.003018890938753181,0.006,2026-09-01 05:12:00+00:00,f3
BTCUSDT,2026-09-01 06:07:00+00:00,0.0010000000000000002,FLOOR40,0.00453196921863172,0.006,2026-09-01 06:07:00+00:00,f3
BTCUSDT,2026-09-01 06:31:00+00:00,0.0005000000000000001,BE_STOP,0.0030016121643749267,0.006,2026-09-01 06:31:00+00:00,f3
BTCUSDT,2026-09-01 08:06:00+00:00,0.004600000000000001,TP,0.006801487833387001,0.006,2026-09-01 08:06:00+00:00,f3
BTCUSDT,2026-09-01 08:26:00+00:00,0.004600000000000001,TP,0.006234964271409766,0.006,2026-09-01 08:26:00+00:00,f3
BTCUSDT,2026-09-01 12:42:00+00:00,0.0005000000000000001,BE_STOP,0.0032084628499515176,0.006,2026-09-01 12:42:00+00:00,f3
ETHUSDT,2026-09-01 13:06:00+00:00,0.004600000000000001,TP,0.008424368888343232,0.006,2026-09-01 13:06:00+00:00,f3
BTCUSDT,2026-09-01 13:43:00+00:00,0.0005000000000000001,BE_STOP,0.0032051323291186567,0.006,2026-09-01 13:43:00+00:00,f3
XRPUSDT,2026-09-01 14:01:00+00:00,0.004600000000000001,TP,0.006719742896793585,0.006,2026-09-01 14:01:00+00:00,f3
BTCUSDT,2026-09-01 14:12:00+00:00,0.0005000000000000001,BE_STOP,0.0032828890447496816,0.006,2026-09-01 14:12:00+00:00,f3
BTCUSDT,2026-09-01 16:42:00+00:00,-0.022370652459613012,MAX_AGE,0.002951939990699441,0.006,2026-09-01 16:42:00+00:00,f3
BTCUSDT,2026-09-01 18:27:00+00:00,0.004600000000000001,TP,0.006615073998147699,0.006,2026-09-01 18:27:00+00:00,f3
BTCUSDT,2026-09-01 18:27:00+00:00,0.004600000000000001,TP,0.007357496902106567,0.006,2026-09-01 18:27:00+00:00,f3
BTCUSDT,2026-09-01 18:28:00+00:00,0.004600000000000001,TP,0.006787157387171045,0.006,2026-09-01 18:28:00+00:00,f3
ETHUSDT,2026-09-01 18:37:00+00:00,0.004600000000000001,TP,0.006706155248115153,0.006,2026-09-01 18:37:00+00:00,f3
BTCUSDT,2026-09-01 18:39:00+00:00,-0.03247300715776268,MAX_AGE,0.001439641846432415,0.006,2026-09-01 18:39:00+00:00,f3
SOLUSDT,2026-09-01 18:40:00+00:00,0.0010000000000000002,FLOOR40,0.004463969389924209,0.006,2026-09-01 18:40:00+00:00,f3
BTCUSDT,2026-09-01 18:43:00+00:00,-0.03249512208080023,MAX_AGE,0.002233910405772316,0.006,2026-09-01 18:43:00+00:00,f3
BTCUSDT,2026-09-01 18:45:00+00:00,0.004600000000000001,TP,0.00785710666723813,0.006,2026-09-01 18:45:00+00:00,f3
SOLUSDT,2026-09-01 18:48:00+00:00,0.0010000000000000002,FLOOR40,0.0036300585068087922,0.006,2026-09-01 18:48:00+00:00,f3
SOLUSDT,2026-09-01 18:49:00+00:00,0.0010000000000000002,FLOOR40,0.004992101745716665,0.006,2026-09-01 18:49:00+00:00,f3
NEARUSDT,2026-09-01 19:04:00+00:00,0.004600000000000001,TP,0.007432998324958118,0.006,2026-09-01 19:04:00+00:00,f3
BTCUSDT,2026-09-01 19:08:00+00:00,0.0010000000000000002,FLOOR40,0.0036180549513199645,0.006,2026-09-01 19:08:00+00:00,f3
BTCUSDT,2026-09-01 19:23:00+00:00,0.004600000000000001,TP,0.006466167368804323,0.006,2026-09-01 19:23:00+00:00,f3
BTCUSDT,2026-09-01 19:29:00+00:00,0.0005000000000000001,BE_STOP,0.0030254521341351722,0.006,2026-09-01 19:29:00+00:00,f3
BTCUSDT,2026-09-01 19:32:00+00:00,0.0010000000000000002,FLOOR40,0.0039746637870014655,0.006,2026-09-01 19:32:00+00:00,f3
ETHUSDT,2026-09-01 23:39:00+00:00,0.0005000000000000001,BE_STOP,0.003485429828333399,0.006,2026-09-01 23:39:00+00:00,f3
BTCUSDT,2026-09-01 23:52:00+00:00,0.0010000000000000002,FLOOR40,0.004019139746278022,0.006,2026-09-01 23:52:00+00:00,f3
BTCUSDT,2026-09-01 23:52:00+00:00,0.0010000000000000002,FLOOR40,0.003760750080827713,0.006,2026-09-01 23:52:00+00:00,f3
NEARUSDT,2026-09-02 00:07:00+00:00,0.0010000000000000002,FLOOR40,0.004657563247591786,0.006,2026-09-02 00:07:00+00:00,f3
BTCUSDT,2026-09-02 00:45:00+00:00,0.0010000000000000002,FLOOR40,0.003747254167205065,0.006,2026-09-02 00:45:00+00:00,f3
BTCUSDT,2026-09-02 01:50:00+00:00,0.004600000000000001,TP,0.007186447525337083,0.006,2026-09-02 01:50:00+00:00,f3
BTCUSDT,2026-09-02 03:29:00+00:00,0.0010000000000000002,FLOOR40,0.0037092677487299457,0.006,2026-09-02 03:29:00+00:00,f3
XRPUSDT,2026-09-02 03:29:00+00:00,0.0010000000000000002,FLOOR40,0.003845300598979421,0.006,2026-09-02 03:29:00+00:00,f3
NEARUSDT,2026-09-02 05:29:00+00:00,0.0005000000000000001,BE_STOP,0.0032436456450069097,0.006,2026-09-02 05:29:00+00:00,f3
SOLUSDT,2026-09-02 09:49:00+00:00,0.0010000000000000002,FLOOR40,0.005815602836879413,0.006,2026-09-02 09:49:00+00:00,f3
BTCUSDT,2026-09-02 10:53:00+00:00,0.0010000000000000002,FLOOR40,0.003761309740851096,0.006,2026-09-02 10:53:00+00:00,f3
BTCUSDT,2026-09-02 10:54:00+00:00,0.0010000000000000002,FLOOR40,0.004687473477909465,0.006,2026-09-02 10:54:00+00:00,f3
NEARUSDT,2026-09-02 11:39:00+00:00,0.004600000000000001,TP,0.0064970221981591825,0.006,2026-09-02 11:39:00+00:00,f3
SOLUSDT,2026-09-02 12:31:00+00:00,0.0005000000000000001,BE_STOP,0.003537711803927252,0.006,2026-09-02 12:31:00+00:00,f3
BTCUSDT,2026-09-02 12:46:00+00:00,0.0010000000000000002,FLOOR40,0.00574472529768122,0.006,2026-09-02 12:46:00+00:00,f3
BTCUSDT,2026-09-02 13:45:00+00:00,0.004600000000000001,TP,0.0062794817835234926,0.006,2026-09-02 13:45:00+00:00,f3
BTCUSDT,2026-09-02 19:15:00+00:00,-0.023838462034364828,MAX_AGE,0.0011060590547050488,0.006,2026-09-02 19:15:00+00:00,f3
BTCUSDT,2026-09-02 20:22:00+00:00,-0.02206780904265693,MAX_AGE,0.0022855956849572273,0.006,2026-09-02 20:22:00+00:00,f3
XRPUSDT,2026-09-03 01:17:00+00:00,0.004600000000000001,TP,0.006285587517562636,0.006,2026-09-03 01:17:00+00:00,f3
XRPUSDT,2026-09-03 01:26:00+00:00,0.004600000000000001,TP,0.006428729771669366,0.006,2026-09-03 01:26:00+00:00,f3
BTCUSDT,2026-09-03 02:34:00+00:00,0.004600000000000001,TP,0.006764435514837891,0.006,2026-09-03 02:34:00+00:00,f3
BTCUSDT,2026-09-03 02:34:00+00:00,0.004600000000000001,TP,0.006908938560488944,0.006,2026-09-03 02:34:00+00:00,f3
BTCUSDT,2026-09-03 02:34:00+00:00,0.004600000000000001,TP,0.006911542599412422,0.006,2026-09-03 02:34:00+00:00,f3
BTCUSDT,2026-09-03 02:34:00+00:00,0.004600000000000001,TP,0.007033947623666268,0.006,2026-09-03 02:34:00+00:00,f3
BTCUSDT,2026-09-03 02:38:00+00:00,0.0005000000000000001,BE_STOP,0.003348359509972213,0.006,2026-09-03 02:38:00+00:00,f3
NEARUSDT,2026-09-03 02:43:00+00:00,0.004600000000000001,TP,0.007769556025370062,0.006,2026-09-03 02:43:00+00:00,f3
SOLUSDT,2026-09-03 02:56:00+00:00,0.004600000000000001,TP,0.006594432471621113,0.006,2026-09-03 02:56:00+00:00,f3
BTCUSDT,2026-09-03 07:10:00+00:00,0.0010000000000000002,FLOOR40,0.004196632671286362,0.006,2026-09-03 07:10:00+00:00,f3
BTCUSDT,2026-09-03 07:16:00+00:00,0.0010000000000000002,FLOOR40,0.0047504930484666,0.006,2026-09-03 07:16:00+00:00,f3
BTCUSDT,2026-09-03 07:18:00+00:00,0.0010000000000000002,FLOOR40,0.005080000360101292,0.006,2026-09-03 07:18:00+00:00,f3
BTCUSDT,2026-09-03 07:18:00+00:00,0.0010000000000000002,FLOOR40,0.0053049647214699815,0.006,2026-09-03 07:18:00+00:00,f3
BTCUSDT,2026-09-03 07:26:00+00:00,0.0010000000000000002,FLOOR40,0.005564962737266851,0.006,2026-09-03 07:26:00+00:00,f3
ETHUSDT,2026-09-03 07:36:00+00:00,0.0005000000000000001,BE_STOP,0.0032824573197554586,0.006,2026-09-03 07:36:00+00:00,f3
ETHUSDT,2026-09-03 07:38:00+00:00,0.0005000000000000001,BE_STOP,0.003489221169324854,0.006,2026-09-03 07:38:00+00:00,f3
NEARUSDT,2026-09-03 07:40:00+00:00,0.0010000000000000002,FLOOR40,0.0048051536593092655,0.006,2026-09-03 07:40:00+00:00,f3
NEARUSDT,2026-09-03 07:54:00+00:00,0.0010000000000000002,FLOOR40,0.003968463939890915,0.006,2026-09-03 07:54:00+00:00,f3
BTCUSDT,2026-09-03 08:02:00+00:00,0.0010000000000000002,FLOOR40,0.004082172501643581,0.006,2026-09-03 08:02:00+00:00,f3
BTCUSDT,2026-09-03 08:03:00+00:00,0.0010000000000000002,FLOOR40,0.004367277512115243,0.006,2026-09-03 08:03:00+00:00,f3
XRPUSDT,2026-09-03 08:06:00+00:00,0.004600000000000001,TP,0.006128255635806495,0.006,2026-09-03 08:06:00+00:00,f3
XRPUSDT,2026-09-03 08:10:00+00:00,0.0010000000000000002,FLOOR40,0.003930989298973627,0.006,2026-09-03 08:10:00+00:00,f3
ETHUSDT,2026-09-03 09:45:00+00:00,0.0005000000000000001,BE_STOP,0.0034951925480328073,0.006,2026-09-03 09:45:00+00:00,f3
NEARUSDT,2026-09-03 09:48:00+00:00,0.004600000000000001,TP,0.006605230916742112,0.006,2026-09-03 09:48:00+00:00,f3
NEARUSDT,2026-09-03 12:13:00+00:00,0.0010000000000000002,FLOOR40,0.0036336826583811188,0.006,2026-09-03 12:13:00+00:00,f3
BTCUSDT,2026-09-03 12:32:00+00:00,0.004600000000000001,TP,0.0060266233591304156,0.006,2026-09-03 12:32:00+00:00,f3
NEARUSDT,2026-09-03 12:32:00+00:00,-0.0264,MAE_KILL,0.0016603288522306682,0.006,2026-09-03 12:32:00+00:00,f3
NEARUSDT,2026-09-03 12:32:00+00:00,0.004600000000000001,TP,0.007417148869016308,0.006,2026-09-03 12:32:00+00:00,f3
SOLUSDT,2026-09-03 12:34:00+00:00,0.0010000000000000002,FLOOR40,0.004691350693310267,0.006,2026-09-03 12:34:00+00:00,f3
BTCUSDT,2026-09-03 12:55:00+00:00,0.004600000000000001,TP,0.006140578585211679,0.006,2026-09-03 12:55:00+00:00,f3
XRPUSDT,2026-09-03 12:56:00+00:00,0.004600000000000001,TP,0.006310750036268627,0.006,2026-09-03 12:56:00+00:00,f3
BTCUSDT,2026-09-03 12:57:00+00:00,0.004600000000000001,TP,0.006195257969621805,0.006,2026-09-03 12:57:00+00:00,f3
ETHUSDT,2026-09-03 13:01:00+00:00,0.0010000000000000002,FLOOR40,0.004728543509225244,0.006,2026-09-03 13:01:00+00:00,f3
ETHUSDT,2026-09-03 13:35:00+00:00,0.0010000000000000002,FLOOR40,0.004342321760681658,0.006,2026-09-03 13:35:00+00:00,f3
NEARUSDT,2026-09-03 13:47:00+00:00,0.0010000000000000002,FLOOR40,0.0037060235932770158,0.006,2026-09-03 13:47:00+00:00,f3
ETHUSDT,2026-09-03 13:47:00+00:00,0.0010000000000000002,FLOOR40,0.004214415610657192,0.006,2026-09-03 13:47:00+00:00,f3
BTCUSDT,2026-09-03 13:54:00+00:00,0.0010000000000000002,FLOOR40,0.004091402205058447,0.006,2026-09-03 13:54:00+00:00,f3
BTCUSDT,2026-09-03 13:54:00+00:00,0.0010000000000000002,FLOOR40,0.004431201869679701,0.006,2026-09-03 13:54:00+00:00,f3
BTCUSDT,2026-09-03 13:55:00+00:00,0.0010000000000000002,FLOOR40,0.004964358452138493,0.006,2026-09-03 13:55:00+00:00,f3
BTCUSDT,2026-09-03 14:24:00+00:00,0.004600000000000001,TP,0.00678720974495615,0.006,2026-09-03 14:24:00+00:00,f3
BTCUSDT,2026-09-03 14:25:00+00:00,-0.0414,MAE_KILL,0.0013946800674575848,0.006,2026-09-03 14:25:00+00:00,f3
BTCUSDT,2026-09-03 14:25:00+00:00,0.004600000000000001,TP,0.0077889676575287545,0.006,2026-09-03 14:25:00+00:00,f3
BTCUSDT,2026-09-03 14:32:00+00:00,-0.0414,MAE_KILL,0.0023243088308100446,0.006,2026-09-03 14:32:00+00:00,f3
XRPUSDT,2026-09-03 14:32:00+00:00,0.004600000000000001,TP,0.007911054094504944,0.006,2026-09-03 14:32:00+00:00,f3
NEARUSDT,2026-09-03 14:32:00+00:00,0.004600000000000001,TP,0.00656865811698476,0.006,2026-09-03 14:32:00+00:00,f3
ETHUSDT,2026-09-03 14:32:00+00:00,0.004600000000000001,TP,0.0065174247188441925,0.006,2026-09-03 14:32:00+00:00,f3
BTCUSDT,2026-09-03 14:48:00+00:00,0.004600000000000001,TP,0.007556201127409218,0.006,2026-09-03 14:48:00+00:00,f3
ETHUSDT,2026-09-03 14:48:00+00:00,0.004600000000000001,TP,0.00970217617002216,0.006,2026-09-03 14:48:00+00:00,f3
BTCUSDT,2026-09-03 14:48:00+00:00,0.004600000000000001,TP,0.007843171697831565,0.006,2026-09-03 14:48:00+00:00,f3
BTCUSDT,2026-09-03 14:48:00+00:00,0.004600000000000001,TP,0.009364185383727994,0.006,2026-09-03 14:48:00+00:00,f3
ETHUSDT,2026-09-03 15:00:00+00:00,0.004600000000000001,TP,0.009302400762942331,0.006,2026-09-03 15:00:00+00:00,f3
ETHUSDT,2026-09-03 15:00:00+00:00,0.004600000000000001,TP,0.007734579258255088,0.006,2026-09-03 15:00:00+00:00,f3
BTCUSDT,2026-09-03 15:01:00+00:00,-0.0414,MAE_KILL,0.002131437805572591,0.006,2026-09-03 15:01:00+00:00,f3
SOLUSDT,2026-09-03 15:01:00+00:00,-0.0414,MAE_KILL,0.0024746862275331497,0.006,2026-09-03 15:01:00+00:00,f3
SOLUSDT,2026-09-03 15:01:00+00:00,-0.0414,MAE_KILL,0.0029072345793379555,0.006,2026-09-03 15:01:00+00:00,f3
BTCUSDT,2026-09-03 15:01:00+00:00,0.004600000000000001,TP,0.0069209194348683455,0.006,2026-09-03 15:01:00+00:00,f3
BTCUSDT,2026-09-03 15:01:00+00:00,0.004600000000000001,TP,0.007459199326105152,0.006,2026-09-03 15:01:00+00:00,f3
NEARUSDT,2026-09-03 15:04:00+00:00,0.004600000000000001,TP,0.006938376933751384,0.006,2026-09-03 15:04:00+00:00,f3
BTCUSDT,2026-09-03 15:46:00+00:00,0.0005000000000000001,BE_STOP,0.003432776446940058,0.006,2026-09-03 15:46:00+00:00,f3
BTCUSDT,2026-09-03 15:46:00+00:00,0.0010000000000000002,FLOOR40,0.004093522289296961,0.006,2026-09-03 15:46:00+00:00,f3
BTCUSDT,2026-09-03 15:47:00+00:00,0.0010000000000000002,FLOOR40,0.004938452411389521,0.006,2026-09-03 15:47:00+00:00,f3
SOLUSDT,2026-09-03 15:50:00+00:00,0.0010000000000000002,FLOOR40,0.004587684275184222,0.006,2026-09-03 15:50:00+00:00,f3
BTCUSDT,2026-09-03 15:51:00+00:00,0.004600000000000001,TP,0.006499345470081685,0.006,2026-09-03 15:51:00+00:00,f3
BTCUSDT,2026-09-03 15:51:00+00:00,0.004600000000000001,TP,0.006278132702540009,0.006,2026-09-03 15:51:00+00:00,f3
ETHUSDT,2026-09-03 15:52:00+00:00,0.004600000000000001,TP,0.0067778811004937526,0.006,2026-09-03 15:52:00+00:00,f3
NEARUSDT,2026-09-03 15:52:00+00:00,0.004600000000000001,TP,0.006895502712569111,0.006,2026-09-03 15:52:00+00:00,f3
XRPUSDT,2026-09-03 18:08:00+00:00,0.0005000000000000001,BE_STOP,0.003346537358284474,0.006,2026-09-03 18:08:00+00:00,f3
ETHUSDT,2026-09-03 19:04:00+00:00,-0.0414,MAE_KILL,0.0001484811614526932,0.006,2026-09-03 19:04:00+00:00,f3
SOLUSDT,2026-09-03 19:04:00+00:00,0.004600000000000001,TP,0.006316571711667048,0.006,2026-09-03 19:04:00+00:00,f3
BTCUSDT,2026-09-03 19:05:00+00:00,0.004600000000000001,TP,0.006090279583514556,0.006,2026-09-03 19:05:00+00:00,f3
SOLUSDT,2026-09-03 19:05:00+00:00,0.004600000000000001,TP,0.008675281637161834,0.006,2026-09-03 19:05:00+00:00,f3
BTCUSDT,2026-09-03 19:06:00+00:00,0.0010000000000000002,FLOOR40,0.005825020236031451,0.006,2026-09-03 19:06:00+00:00,f3
BTCUSDT,2026-09-03 19:06:00+00:00,0.0010000000000000002,FLOOR40,0.005624309433097586,0.006,2026-09-03 19:06:00+00:00,f3
NEARUSDT,2026-09-03 19:19:00+00:00,0.0005000000000000001,BE_STOP,0.0035633626097866422,0.006,2026-09-03 19:19:00+00:00,f3
BTCUSDT,2026-09-03 19:35:00+00:00,0.0010000000000000002,FLOOR40,0.004292765102258022,0.006,2026-09-03 19:35:00+00:00,f3
XRPUSDT,2026-09-03 19:48:00+00:00,0.0010000000000000002,FLOOR40,0.005877930421707293,0.006,2026-09-03 19:48:00+00:00,f3
XRPUSDT,2026-09-03 20:00:00+00:00,0.0010000000000000002,FLOOR40,0.004974446337308405,0.006,2026-09-03 20:00:00+00:00,f3
BTCUSDT,2026-09-03 20:01:00+00:00,0.0005000000000000001,BE_STOP,0.003243557678383257,0.006,2026-09-03 20:01:00+00:00,f3
ETHUSDT,2026-09-03 20:39:00+00:00,0.0005000000000000001,BE_STOP,0.003287795702352866,0.006,2026-09-03 20:39:00+00:00,f3
ETHUSDT,2026-09-03 21:10:00+00:00,0.0005000000000000001,BE_STOP,0.003477733730029056,0.006,2026-09-03 21:10:00+00:00,f3
BTCUSDT,2026-09-03 21:11:00+00:00,0.0005000000000000001,BE_STOP,0.003200995265373356,0.006,2026-09-03 21:11:00+00:00,f3
SOLUSDT,2026-09-03 21:23:00+00:00,0.0005000000000000001,BE_STOP,0.003093764873869613,0.006,2026-09-03 21:23:00+00:00,f3
BTCUSDT,2026-09-03 21:34:00+00:00,0.004600000000000001,TP,0.009071435406815896,0.006,2026-09-03 21:34:00+00:00,f3
BTCUSDT,2026-09-03 21:34:00+00:00,0.004600000000000001,TP,0.008863495303304318,0.006,2026-09-03 21:34:00+00:00,f3
XRPUSDT,2026-09-03 22:01:00+00:00,0.004600000000000001,TP,0.007297278865170792,0.006,2026-09-03 22:01:00+00:00,f3
XRPUSDT,2026-09-03 22:04:00+00:00,0.0010000000000000002,FLOOR40,0.003968797043930496,0.006,2026-09-03 22:04:00+00:00,f3
XRPUSDT,2026-09-03 22:04:00+00:00,0.0010000000000000002,FLOOR40,0.005601858177346622,0.006,2026-09-03 22:04:00+00:00,f3
BTCUSDT,2026-09-03 22:32:00+00:00,0.004600000000000001,TP,0.006148489458066005,0.006,2026-09-03 22:32:00+00:00,f3
BTCUSDT,2026-09-03 22:32:00+00:00,0.004600000000000001,TP,0.006959250417702091,0.006,2026-09-03 22:32:00+00:00,f3
ETHUSDT,2026-09-03 22:32:00+00:00,0.004600000000000001,TP,0.006188899086229506,0.006,2026-09-03 22:32:00+00:00,f3
NEARUSDT,2026-09-04 00:32:00+00:00,0.0005000000000000001,BE_STOP,0.0030287474332648954,0.006,2026-09-04 00:32:00+00:00,f3
XRPUSDT,2026-09-04 01:06:00+00:00,0.0011511122540825514,FLOOR40,0.004500450045004466,0.006377780635206378,2026-09-04 01:06:00+00:00,f3
XRPUSDT,2026-09-04 01:34:00+00:00,0.004600000000000001,TP,0.006855480922373811,0.006,2026-09-04 01:34:00+00:00,f3
BTCUSDT,2026-09-04 01:51:00+00:00,0.0005000000000000001,BE_STOP,0.0031520191812652145,0.006,2026-09-04 01:51:00+00:00,f3
BTCUSDT,2026-09-04 01:54:00+00:00,0.0010000000000000002,FLOOR40,0.004589910088062694,0.006,2026-09-04 01:54:00+00:00,f3
BTCUSDT,2026-09-04 04:38:00+00:00,0.0010000000000000002,FLOOR40,0.00417370418099399,0.006,2026-09-04 04:38:00+00:00,f3
BTCUSDT,2026-09-04 04:39:00+00:00,0.0010000000000000002,FLOOR40,0.005128718846774258,0.006,2026-09-04 04:39:00+00:00,f3
BTCUSDT,2026-09-04 06:39:00+00:00,0.0005000000000000001,BE_STOP,0.0032621501480096155,0.006,2026-09-04 06:39:00+00:00,f3
BTCUSDT,2026-09-04 07:05:00+00:00,0.0010000000000000002,FLOOR40,0.005894869883336943,0.006,2026-09-04 07:05:00+00:00,f3
BTCUSDT,2026-09-04 08:06:00+00:00,0.0005000000000000001,BE_STOP,0.0033998181146867954,0.006,2026-09-04 08:06:00+00:00,f3
ETHUSDT,2026-09-04 08:46:00+00:00,0.004600000000000001,TP,0.008218024018248081,0.006,2026-09-04 08:46:00+00:00,f3
ETHUSDT,2026-09-04 08:46:00+00:00,0.004600000000000001,TP,0.009919671361128611,0.006,2026-09-04 08:46:00+00:00,f3
BTCUSDT,2026-09-04 11:33:00+00:00,0.0010000000000000002,FLOOR40,0.003640754247854916,0.006,2026-09-04 11:33:00+00:00,f3
BTCUSDT,2026-09-04 11:41:00+00:00,0.0010000000000000002,FLOOR40,0.004136121842844609,0.006,2026-09-04 11:41:00+00:00,f3
ETHUSDT,2026-09-04 12:30:00+00:00,0.004600000000000001,TP,0.013021963014733084,0.006,2026-09-04 12:30:00+00:00,f3
XRPUSDT,2026-09-04 12:30:00+00:00,-0.0414,MAE_KILL,0.0027824906684764117,0.006,2026-09-04 12:30:00+00:00,f3
SOLUSDT,2026-09-04 12:30:00+00:00,0.004600000000000001,TP,0.02409952766857586,0.006,2026-09-04 12:30:00+00:00,f3
ETHUSDT,2026-09-04 12:39:00+00:00,0.001917856662546656,FLOOR40,0.006100816294925686,0.00829464165636664,2026-09-04 12:39:00+00:00,f3
SOLUSDT,2026-09-04 12:39:00+00:00,0.0025080763426143233,FLOOR40,0.006708504652672602,0.009770190856535807,2026-09-04 12:39:00+00:00,f3
BTCUSDT,2026-09-04 12:45:00+00:00,0.004600000000000001,TP,0.007129647471590305,0.006,2026-09-04 12:45:00+00:00,f3
BTCUSDT,2026-09-04 12:45:00+00:00,0.004600000000000001,TP,0.007386743890768759,0.006,2026-09-04 12:45:00+00:00,f3
ETHUSDT,2026-09-04 12:48:00+00:00,0.0025737667335708043,FLOOR40,0.00612000604646793,0.009934416833927009,2026-09-04 12:48:00+00:00,f3
ETHUSDT,2026-09-04 12:58:00+00:00,0.0005000000000000001,BE_STOP,0.0030054277127348947,0.006,2026-09-04 12:58:00+00:00,f3
BTCUSDT,2026-09-04 13:17:00+00:00,0.0005000000000000001,BE_STOP,0.0032950277439572954,0.006,2026-09-04 13:17:00+00:00,f3
BTCUSDT,2026-09-04 13:17:00+00:00,0.0010000000000000002,FLOOR40,0.004160182761219059,0.006,2026-09-04 13:17:00+00:00,f3
BTCUSDT,2026-09-04 13:38:00+00:00,0.0010000000000000002,FLOOR40,0.005191669638435493,0.006,2026-09-04 13:38:00+00:00,f3
SOLUSDT,2026-09-04 13:38:00+00:00,0.0010000000000000002,FLOOR40,0.003915303214099091,0.006,2026-09-04 13:38:00+00:00,f3
SOLUSDT,2026-09-04 13:38:00+00:00,0.0005000000000000001,BE_STOP,0.0031287937858404126,0.006,2026-09-04 13:38:00+00:00,f3
SOLUSDT,2026-09-04 13:47:00+00:00,0.004600000000000001,TP,0.006449389523434434,0.006,2026-09-04 13:47:00+00:00,f3
SOLUSDT,2026-09-04 13:53:00+00:00,0.0010000000000000002,FLOOR40,0.005835006100680949,0.006,2026-09-04 13:53:00+00:00,f3
SOLUSDT,2026-09-04 13:54:00+00:00,0.0010000000000000002,FLOOR40,0.005993386607881047,0.006,2026-09-04 13:54:00+00:00,f3
NEARUSDT,2026-09-04 14:20:00+00:00,-0.0264,MAE_KILL,0.0020756340808991,0.006,2026-09-04 14:20:00+00:00,f3
BTCUSDT,2026-09-04 14:23:00+00:00,0.0005000000000000001,BE_STOP,0.0035264743952500093,0.006,2026-09-04 14:23:00+00:00,f3
SOLUSDT,2026-09-04 14:43:00+00:00,0.004600000000000001,TP,0.007419775529560451,0.006,2026-09-04 14:43:00+00:00,f3
ETHUSDT,2026-09-04 14:45:00+00:00,0.0010000000000000002,FLOOR40,0.004346920182537912,0.006,2026-09-04 14:45:00+00:00,f3
BTCUSDT,2026-09-04 14:52:00+00:00,0.0010000000000000002,FLOOR40,0.004964179935701049,0.006,2026-09-04 14:52:00+00:00,f3
BTCUSDT,2026-09-05 16:55:00+00:00,0.004600000000000001,TP,0.0063891825914864685,0.006,2026-09-05 16:55:00+00:00,f3
ETHUSDT,2026-09-05 17:01:00+00:00,0.0010000000000000002,FLOOR40,0.004082408823505671,0.006,2026-09-05 17:01:00+00:00,f3
ETHUSDT,2026-09-05 17:28:00+00:00,0.0005000000000000001,BE_STOP,0.0031745518220309484,0.006,2026-09-05 17:28:00+00:00,f3
BTCUSDT,2026-09-05 21:23:00+00:00,0.0010000000000000002,FLOOR40,0.0043100646509698,0.006,2026-09-05 21:23:00+00:00,f3
BTCUSDT,2026-09-05 21:35:00+00:00,-0.026779390191178844,MAX_AGE,0.0,0.006,2026-09-05 21:35:00+00:00,f3
BTCUSDT,2026-09-05 21:37:00+00:00,-0.025362935239409332,MAX_AGE,0.00018224159609384316,0.006,2026-09-05 21:37:00+00:00,f3
BTCUSDT,2026-09-06 00:32:00+00:00,-0.01817047451323531,MAX_AGE,0.0018977083510244997,0.006,2026-09-06 00:32:00+00:00,f3
SOLUSDT,2026-09-06 02:40:00+00:00,-0.0414,MAE_KILL,0.001986985246634572,0.006,2026-09-06 02:40:00+00:00,f3
NEARUSDT,2026-09-06 02:48:00+00:00,0.0010000000000000002,FLOOR40,0.004671847625892701,0.006,2026-09-06 02:48:00+00:00,f3
BTCUSDT,2026-09-06 03:50:00+00:00,0.0010000000000000002,FLOOR40,0.003629054490955006,0.006,2026-09-06 03:50:00+00:00,f3
BTCUSDT,2026-09-06 04:03:00+00:00,0.0005000000000000001,BE_STOP,0.003377582673101185,0.006,2026-09-06 04:03:00+00:00,f3
BTCUSDT,2026-09-06 04:05:00+00:00,0.0005000000000000001,BE_STOP,0.0035925832641005707,0.006,2026-09-06 04:05:00+00:00,f3
NEARUSDT,2026-09-06 04:08:00+00:00,0.0010000000000000002,FLOOR40,0.004026967105560893,0.006,2026-09-06 04:08:00+00:00,f3
ETHUSDT,2026-09-06 04:30:00+00:00,0.0005000000000000001,BE_STOP,0.0035514197698361125,0.006,2026-09-06 04:30:00+00:00,f3
SOLUSDT,2026-09-06 05:19:00+00:00,0.0010000000000000002,FLOOR40,0.004082481241376724,0.006,2026-09-06 05:19:00+00:00,f3
ETHUSDT,2026-09-06 07:13:00+00:00,0.004600000000000001,TP,0.00804323840286546,0.006,2026-09-06 07:13:00+00:00,f3
ETHUSDT,2026-09-06 07:13:00+00:00,0.004600000000000001,TP,0.007856825842359723,0.006,2026-09-06 07:13:00+00:00,f3
BTCUSDT,2026-09-06 07:21:00+00:00,0.0010000000000000002,FLOOR40,0.005592796398199063,0.006,2026-09-06 07:21:00+00:00,f3
BTCUSDT,2026-09-06 07:21:00+00:00,0.0010000000000000002,FLOOR40,0.005505734619088678,0.006,2026-09-06 07:21:00+00:00,f3
BTCUSDT,2026-09-06 11:33:00+00:00,-0.017736143640858563,MAX_AGE,0.0011425081994662087,0.006,2026-09-06 11:33:00+00:00,f3
ETHUSDT,2026-09-06 11:41:00+00:00,-0.010960487018261068,MAX_AGE,0.002757604212478174,0.006,2026-09-06 11:41:00+00:00,f3
ETHUSDT,2026-09-06 13:36:00+00:00,0.0010000000000000002,FLOOR40,0.003907659011662859,0.006,2026-09-06 13:36:00+00:00,f3
ETHUSDT,2026-09-06 13:38:00+00:00,0.0010000000000000002,FLOOR40,0.0048529111460797894,0.006,2026-09-06 13:38:00+00:00,f3
ETHUSDT,2026-09-06 14:16:00+00:00,0.004600000000000001,TP,0.006652532202576249,0.006,2026-09-06 14:16:00+00:00,f3
ETHUSDT,2026-09-06 14:17:00+00:00,0.004600000000000001,TP,0.007154098150051453,0.006,2026-09-06 14:17:00+00:00,f3
BTCUSDT,2026-09-06 14:19:00+00:00,0.0010000000000000002,FLOOR40,0.004151548413662901,0.006,2026-09-06 14:19:00+00:00,f3
ETHUSDT,2026-09-06 14:24:00+00:00,0.0010000000000000002,FLOOR40,0.004126896019114133,0.006,2026-09-06 14:24:00+00:00,f3
BTCUSDT,2026-09-06 14:32:00+00:00,0.004600000000000001,TP,0.00609718582730758,0.006,2026-09-06 14:32:00+00:00,f3
BTCUSDT,2026-09-06 14:32:00+00:00,0.004600000000000001,TP,0.007796469527962627,0.006,2026-09-06 14:32:00+00:00,f3
ETHUSDT,2026-09-06 14:32:00+00:00,0.004600000000000001,TP,0.008331955428474763,0.006,2026-09-06 14:32:00+00:00,f3
BTCUSDT,2026-09-06 14:34:00+00:00,0.0010000000000000002,FLOOR40,0.005752634216618079,0.006,2026-09-06 14:34:00+00:00,f3
BTCUSDT,2026-09-06 14:34:00+00:00,0.0010000000000000002,FLOOR40,0.005868759811616991,0.006,2026-09-06 14:34:00+00:00,f3
BTCUSDT,2026-09-06 14:50:00+00:00,-0.011981560859515428,MAX_AGE,0.0010757899063504957,0.006,2026-09-06 14:50:00+00:00,f3
NEARUSDT,2026-09-06 15:01:00+00:00,0.0064074763664283135,TP,0.010119247564662509,0.007807476366428313,2026-09-06 15:01:00+00:00,f3
BTCUSDT,2026-09-06 15:05:00+00:00,0.0005000000000000001,BE_STOP,0.0030029275402379727,0.006,2026-09-06 15:05:00+00:00,f3
BTCUSDT,2026-09-06 19:08:00+00:00,0.0010000000000000002,FLOOR40,0.0036333687379629803,0.006,2026-09-06 19:08:00+00:00,f3
BTCUSDT,2026-09-06 19:16:00+00:00,0.0010000000000000002,FLOOR40,0.0037795552430341917,0.006,2026-09-06 19:16:00+00:00,f3
BTCUSDT,2026-09-06 23:03:00+00:00,0.004600000000000001,TP,0.006442325401329957,0.006,2026-09-06 23:03:00+00:00,f3
BTCUSDT,2026-09-06 23:38:00+00:00,0.004600000000000001,TP,0.0063951152284854144,0.006,2026-09-06 23:38:00+00:00,f3
BTCUSDT,2026-09-06 23:53:00+00:00,0.0010000000000000002,FLOOR40,0.004459375537781127,0.006,2026-09-06 23:53:00+00:00,f3
NEARUSDT,2026-09-07 00:03:00+00:00,0.0010000000000000002,FLOOR40,0.00455067235159064,0.006,2026-09-07 00:03:00+00:00,f3
NEARUSDT,2026-09-07 00:07:00+00:00,0.0005000000000000001,BE_STOP,0.0032046014790468483,0.006,2026-09-07 00:07:00+00:00,f3
NEARUSDT,2026-09-07 00:07:00+00:00,0.0010000000000000002,FLOOR40,0.0039821010714725736,0.006,2026-09-07 00:07:00+00:00,f3
ETHUSDT,2026-09-07 01:44:00+00:00,0.004600000000000001,TP,0.006004560123195009,0.006,2026-09-07 01:44:00+00:00,f3
BTCUSDT,2026-09-07 04:15:00+00:00,0.0010000000000000002,FLOOR40,0.00394296972756187,0.006,2026-09-07 04:15:00+00:00,f3
BTCUSDT,2026-09-07 04:15:00+00:00,0.0010000000000000002,FLOOR40,0.0038331694423740597,0.006,2026-09-07 04:15:00+00:00,f3
BTCUSDT,2026-09-07 04:15:00+00:00,0.0010000000000000002,FLOOR40,0.0037133597010268644,0.006,2026-09-07 04:15:00+00:00,f3
NEARUSDT,2026-09-07 04:44:00+00:00,0.004600000000000001,TP,0.008773388773388823,0.006,2026-09-07 04:44:00+00:00,f3
NEARUSDT,2026-09-07 05:03:00+00:00,0.0010000000000000002,FLOOR40,0.005703893527320746,0.006,2026-09-07 05:03:00+00:00,f3
NEARUSDT,2026-09-07 05:05:00+00:00,0.004600000000000001,TP,0.007525636784650914,0.006,2026-09-07 05:05:00+00:00,f3
BTCUSDT,2026-09-07 05:51:00+00:00,0.0005000000000000001,BE_STOP,0.003009102629606671,0.006,2026-09-07 05:51:00+00:00,f3
ETHUSDT,2026-09-07 07:32:00+00:00,0.0010000000000000002,FLOOR40,0.004702847345735485,0.006,2026-09-07 07:32:00+00:00,f3
BTCUSDT,2026-09-07 07:33:00+00:00,0.004600000000000001,TP,0.00809358941104375,0.006,2026-09-07 07:33:00+00:00,f3
BTCUSDT,2026-09-07 07:40:00+00:00,0.004600000000000001,TP,0.006420953165994833,0.006,2026-09-07 07:40:00+00:00,f3
BTCUSDT,2026-09-07 07:41:00+00:00,0.004600000000000001,TP,0.007688825740906062,0.006,2026-09-07 07:41:00+00:00,f3
BTCUSDT,2026-09-07 07:41:00+00:00,0.004600000000000001,TP,0.006462066048282358,0.006,2026-09-07 07:41:00+00:00,f3
ETHUSDT,2026-09-07 07:43:00+00:00,0.0010000000000000002,FLOOR40,0.005224420849420945,0.006,2026-09-07 07:43:00+00:00,f3
BTCUSDT,2026-09-07 07:43:00+00:00,0.0010000000000000002,FLOOR40,0.004405269671383498,0.006,2026-09-07 07:43:00+00:00,f3
SOLUSDT,2026-09-07 14:35:00+00:00,0.0005000000000000001,BE_STOP,0.0034976762014279055,0.006,2026-09-07 14:35:00+00:00,f3
BTCUSDT,2026-09-07 14:49:00+00:00,0.0010000000000000002,FLOOR40,0.003673546676765764,0.006,2026-09-07 14:49:00+00:00,f3
SOLUSDT,2026-09-07 14:49:00+00:00,0.0010000000000000002,FLOOR40,0.004977314930030536,0.006,2026-09-07 14:49:00+00:00,f3
BTCUSDT,2026-09-07 14:52:00+00:00,0.0010000000000000002,FLOOR40,0.004134927074119509,0.006,2026-09-07 14:52:00+00:00,f3
BTCUSDT,2026-09-07 14:53:00+00:00,0.0010000000000000002,FLOOR40,0.004648605292297211,0.006,2026-09-07 14:53:00+00:00,f3
NEARUSDT,2026-09-07 15:10:00+00:00,0.0010000000000000002,FLOOR40,0.00370023817625049,0.006,2026-09-07 15:10:00+00:00,f3
BTCUSDT,2026-09-07 15:19:00+00:00,0.0005000000000000001,BE_STOP,0.0035977275113566773,0.006,2026-09-07 15:19:00+00:00,f3
BTCUSDT,2026-09-07 15:19:00+00:00,0.0010000000000000002,FLOOR40,0.0038598368295714733,0.006,2026-09-07 15:19:00+00:00,f3
NEARUSDT,2026-09-07 15:28:00+00:00,0.004600000000000001,TP,0.006103025905851213,0.006,2026-09-07 15:28:00+00:00,f3
NEARUSDT,2026-09-07 15:31:00+00:00,0.004600000000000001,TP,0.007986333546871638,0.006,2026-09-07 15:31:00+00:00,f3
SOLUSDT,2026-09-07 15:33:00+00:00,0.004600000000000001,TP,0.00696011136178187,0.006,2026-09-07 15:33:00+00:00,f3
ETHUSDT,2026-09-07 15:35:00+00:00,0.0010000000000000002,FLOOR40,0.0038264688312317427,0.006,2026-09-07 15:35:00+00:00,f3
XRPUSDT,2026-09-07 15:40:00+00:00,0.004600000000000001,TP,0.00829486439699947,0.006,2026-09-07 15:40:00+00:00,f3
NEARUSDT,2026-09-07 15:43:00+00:00,-0.0264,MAE_KILL,0.0019488222335199042,0.006,2026-09-07 15:43:00+00:00,f3
NEARUSDT,2026-09-07 15:45:00+00:00,0.0010000000000000002,FLOOR40,0.004630431019560296,0.006,2026-09-07 15:45:00+00:00,f3
NEARUSDT,2026-09-07 15:47:00+00:00,0.0010000000000000002,FLOOR40,0.0037250400658378918,0.006,2026-09-07 15:47:00+00:00,f3
BTCUSDT,2026-09-08 01:34:00+00:00,0.0005000000000000001,BE_STOP,0.003419138079118844,0.006,2026-09-08 01:34:00+00:00,f3
NEARUSDT,2026-09-08 02:59:00+00:00,-0.0264,MAE_KILL,0.00012716174974575662,0.006,2026-09-08 02:59:00+00:00,f3
BTCUSDT,2026-09-08 05:02:00+00:00,0.0010000000000000002,FLOOR40,0.004333451276256531,0.006,2026-09-08 05:02:00+00:00,f3
BTCUSDT,2026-09-08 05:03:00+00:00,0.0010000000000000002,FLOOR40,0.004954316110462545,0.006,2026-09-08 05:03:00+00:00,f3
NEARUSDT,2026-09-08 05:49:00+00:00,0.004600000000000001,TP,0.006014575467556434,0.006,2026-09-08 05:49:00+00:00,f3
BTCUSDT,2026-09-08 06:09:00+00:00,0.0010000000000000002,FLOOR40,0.00406924317665131,0.006,2026-09-08 06:09:00+00:00,f3
BTCUSDT,2026-09-08 06:09:00+00:00,0.0010000000000000002,FLOOR40,0.004137542162799056,0.006,2026-09-08 06:09:00+00:00,f3
XRPUSDT,2026-09-08 06:23:00+00:00,0.0010000000000000002,FLOOR40,0.004901960784313666,0.006,2026-09-08 06:23:00+00:00,f3
ETHUSDT,2026-09-08 06:24:00+00:00,0.0005000000000000001,BE_STOP,0.00342533696651188,0.006,2026-09-08 06:24:00+00:00,f3
XRPUSDT,2026-09-08 06:56:00+00:00,0.0005000000000000001,BE_STOP,0.0031768953068591764,0.006,2026-09-08 06:56:00+00:00,f3
BTCUSDT,2026-09-08 07:07:00+00:00,0.0005000000000000001,BE_STOP,0.0035106670267351535,0.006,2026-09-08 07:07:00+00:00,f3
NEARUSDT,2026-09-08 07:30:00+00:00,0.004600000000000001,TP,0.0067777340504612555,0.006,2026-09-08 07:30:00+00:00,f3
BTCUSDT,2026-09-08 07:35:00+00:00,0.0010000000000000002,FLOOR40,0.005380718921008162,0.006,2026-09-08 07:35:00+00:00,f3
NEARUSDT,2026-09-08 07:39:00+00:00,-0.0264,MAE_KILL,0.001981069777680022,0.006,2026-09-08 07:39:00+00:00,f3
ETHUSDT,2026-09-08 07:44:00+00:00,0.0010000000000000002,FLOOR40,0.004220347410590507,0.006,2026-09-08 07:44:00+00:00,f3
NEARUSDT,2026-09-08 07:51:00+00:00,0.0010000000000000002,FLOOR40,0.004886486486486428,0.006,2026-09-08 07:51:00+00:00,f3
BTCUSDT,2026-09-08 10:20:00+00:00,0.004600000000000001,TP,0.007106360785843932,0.006,2026-09-08 10:20:00+00:00,f3
BTCUSDT,2026-09-08 10:20:00+00:00,0.004600000000000001,TP,0.006244115484922338,0.006,2026-09-08 10:20:00+00:00,f3
BTCUSDT,2026-09-08 10:20:00+00:00,0.004600000000000001,TP,0.006227449701367834,0.006,2026-09-08 10:20:00+00:00,f3
ETHUSDT,2026-09-08 13:31:00+00:00,0.004600000000000001,TP,0.006267093913352989,0.006,2026-09-08 13:31:00+00:00,f3
BTCUSDT,2026-09-08 13:39:00+00:00,0.004600000000000001,TP,0.006152855944248878,0.006,2026-09-08 13:39:00+00:00,f3
BTCUSDT,2026-09-08 13:52:00+00:00,0.004600000000000001,TP,0.006560545837413673,0.006,2026-09-08 13:52:00+00:00,f3
XRPUSDT,2026-09-08 13:55:00+00:00,0.004600000000000001,TP,0.00760347177390443,0.006,2026-09-08 13:55:00+00:00,f3
XRPUSDT,2026-09-08 14:27:00+00:00,0.0010000000000000002,FLOOR40,0.004346586860481684,0.006,2026-09-08 14:27:00+00:00,f3
BTCUSDT,2026-09-08 15:29:00+00:00,0.0010000000000000002,FLOOR40,0.00514711236648371,0.006,2026-09-08 15:29:00+00:00,f3
ETHUSDT,2026-09-08 16:01:00+00:00,0.0005000000000000001,BE_STOP,0.003297642306102965,0.006,2026-09-08 16:01:00+00:00,f3
XRPUSDT,2026-09-08 16:01:00+00:00,-0.0414,MAE_KILL,0.0025243418680130246,0.006,2026-09-08 16:01:00+00:00,f3
SOLUSDT,2026-09-08 16:40:00+00:00,0.004600000000000001,TP,0.007218030659810705,0.006,2026-09-08 16:40:00+00:00,f3
ETHUSDT,2026-09-08 16:42:00+00:00,0.0010000000000000002,FLOOR40,0.0036342363495759375,0.006,2026-09-08 16:42:00+00:00,f3
BTCUSDT,2026-09-09 00:09:00+00:00,-0.023256508783677816,MAX_AGE,0.000682082392565836,0.006,2026-09-09 00:09:00+00:00,f3
ETHUSDT,2026-09-09 02:12:00+00:00,0.0005000000000000001,BE_STOP,0.003255877440904288,0.006,2026-09-09 02:12:00+00:00,f3
BTCUSDT,2026-09-09 03:43:00+00:00,0.0005000000000000001,BE_STOP,0.003098015365648342,0.006,2026-09-09 03:43:00+00:00,f3
BTCUSDT,2026-09-09 04:08:00+00:00,0.0010000000000000002,FLOOR40,0.0038235810393119824,0.006,2026-09-09 04:08:00+00:00,f3
ETHUSDT,2026-09-09 04:49:00+00:00,0.0010000000000000002,FLOOR40,0.0045570834665814245,0.006,2026-09-09 04:49:00+00:00,f3
BTCUSDT,2026-09-09 05:02:00+00:00,0.0010000000000000002,FLOOR40,0.003739964133858092,0.006,2026-09-09 05:02:00+00:00,f3
BTCUSDT,2026-09-09 05:06:00+00:00,-0.00892220273183316,MAX_AGE,0.0025170206305350717,0.006,2026-09-09 05:06:00+00:00,f3
BTCUSDT,2026-09-09 05:14:00+00:00,0.004600000000000001,TP,0.006451179015141924,0.006,2026-09-09 05:14:00+00:00,f3
BTCUSDT,2026-09-09 05:14:00+00:00,0.004600000000000001,TP,0.006094993099529144,0.006,2026-09-09 05:14:00+00:00,f3
BTCUSDT,2026-09-09 05:14:00+00:00,0.004600000000000001,TP,0.006865130898293784,0.006,2026-09-09 05:14:00+00:00,f3
BTCUSDT,2026-09-09 05:22:00+00:00,0.0005000000000000001,BE_STOP,0.0031064970926372995,0.006,2026-09-09 05:22:00+00:00,f3
XRPUSDT,2026-09-09 05:47:00+00:00,0.004600000000000001,TP,0.00614997553987011,0.006,2026-09-09 05:47:00+00:00,f3
ETHUSDT,2026-09-09 06:12:00+00:00,0.0010000000000000002,FLOOR40,0.005519257496126201,0.006,2026-09-09 06:12:00+00:00,f3
XRPUSDT,2026-09-09 06:29:00+00:00,0.0010000000000000002,FLOOR40,0.004604115800488273,0.006,2026-09-09 06:29:00+00:00,f3
XRPUSDT,2026-09-09 06:32:00+00:00,0.0010000000000000002,FLOOR40,0.0047442963789855,0.006,2026-09-09 06:32:00+00:00,f3
SOLUSDT,2026-09-09 07:07:00+00:00,0.004600000000000001,TP,0.006943114345910691,0.006,2026-09-09 07:07:00+00:00,f3
SOLUSDT,2026-09-09 07:12:00+00:00,0.0010000000000000002,FLOOR40,0.004912502030946811,0.006,2026-09-09 07:12:00+00:00,f3
BTCUSDT,2026-09-09 07:15:00+00:00,0.0005000000000000001,BE_STOP,0.0031281320817434627,0.006,2026-09-09 07:15:00+00:00,f3
SOLUSDT,2026-09-09 07:26:00+00:00,0.0010000000000000002,FLOOR40,0.005998966685164233,0.006,2026-09-09 07:26:00+00:00,f3
NEARUSDT,2026-09-09 07:27:00+00:00,0.004600000000000001,TP,0.008614976805831648,0.006,2026-09-09 07:27:00+00:00,f3
BTCUSDT,2026-09-09 07:33:00+00:00,0.0010000000000000002,FLOOR40,0.004217124333680475,0.006,2026-09-09 07:33:00+00:00,f3
NEARUSDT,2026-09-09 07:37:00+00:00,0.0010635309270736729,FLOOR40,0.005252491831754893,0.0061588273176841814,2026-09-09 07:37:00+00:00,f3
BTCUSDT,2026-09-09 08:15:00+00:00,0.0005000000000000001,BE_STOP,0.0030423008472277736,0.006,2026-09-09 08:15:00+00:00,f3
BTCUSDT,2026-09-09 08:36:00+00:00,0.004600000000000001,TP,0.00641441514215966,0.006,2026-09-09 08:36:00+00:00,f3
ETHUSDT,2026-09-09 08:37:00+00:00,0.0010000000000000002,FLOOR40,0.004003772939111586,0.006,2026-09-09 08:37:00+00:00,f3
ETHUSDT,2026-09-09 09:09:00+00:00,0.0010000000000000002,FLOOR40,0.005564568526704761,0.006,2026-09-09 09:09:00+00:00,f3
XRPUSDT,2026-09-09 09:18:00+00:00,0.004600000000000001,TP,0.006531860190396827,0.006,2026-09-09 09:18:00+00:00,f3
BTCUSDT,2026-09-09 09:19:00+00:00,0.0010000000000000002,FLOOR40,0.005813931486683639,0.006,2026-09-09 09:19:00+00:00,f3
NEARUSDT,2026-09-09 09:35:00+00:00,0.004600000000000001,TP,0.008173722093448736,0.006,2026-09-09 09:35:00+00:00,f3
NEARUSDT,2026-09-09 09:43:00+00:00,0.0010000000000000002,FLOOR40,0.003949804566961461,0.006,2026-09-09 09:43:00+00:00,f3
BTCUSDT,2026-09-09 09:46:00+00:00,0.004600000000000001,TP,0.006359624563200609,0.006,2026-09-09 09:46:00+00:00,f3
BTCUSDT,2026-09-09 09:48:00+00:00,0.004600000000000001,TP,0.00600972583615622,0.006,2026-09-09 09:48:00+00:00,f3
BTCUSDT,2026-09-09 10:03:00+00:00,0.0005000000000000001,BE_STOP,0.0034436828323880586,0.006,2026-09-09 10:03:00+00:00,f3
BTCUSDT,2026-09-09 10:20:00+00:00,0.0010000000000000002,FLOOR40,0.004255324522159887,0.006,2026-09-09 10:20:00+00:00,f3
BTCUSDT,2026-09-09 10:53:00+00:00,0.004600000000000001,TP,0.006173726676752359,0.006,2026-09-09 10:53:00+00:00,f3
BTCUSDT,2026-09-09 11:11:00+00:00,0.0010000000000000002,FLOOR40,0.0037567195029182027,0.006,2026-09-09 11:11:00+00:00,f3
BTCUSDT,2026-09-09 11:12:00+00:00,0.0005000000000000001,BE_STOP,0.0034552526424009027,0.006,2026-09-09 11:12:00+00:00,f3
ETHUSDT,2026-09-09 11:12:00+00:00,0.0010000000000000002,FLOOR40,0.004629759645666907,0.006,2026-09-09 11:12:00+00:00,f3
NEARUSDT,2026-09-09 11:16:00+00:00,0.004600000000000001,TP,0.006280308450592271,0.006,2026-09-09 11:16:00+00:00,f3
ETHUSDT,2026-09-09 11:51:00+00:00,0.004600000000000001,TP,0.006901239086108583,0.006,2026-09-09 11:51:00+00:00,f3
NEARUSDT,2026-09-09 11:54:00+00:00,0.00507403987875081,TP,0.008409577574459913,0.006474039878750809,2026-09-09 11:54:00+00:00,f3
BTCUSDT,2026-09-09 12:35:00+00:00,0.004600000000000001,TP,0.006291185887907188,0.006,2026-09-09 12:35:00+00:00,f3
BTCUSDT,2026-09-09 13:12:00+00:00,0.0010000000000000002,FLOOR40,0.004471719057470104,0.006,2026-09-09 13:12:00+00:00,f3
BTCUSDT,2026-09-09 13:47:00+00:00,0.0010000000000000002,FLOOR40,0.005116711613022645,0.006,2026-09-09 13:47:00+00:00,f3
BTCUSDT,2026-09-09 14:20:00+00:00,0.004600000000000001,TP,0.006040894536469721,0.006,2026-09-09 14:20:00+00:00,f3
BTCUSDT,2026-09-09 15:02:00+00:00,0.0005000000000000001,BE_STOP,0.0033257946962326314,0.006,2026-09-09 15:02:00+00:00,f3
BTCUSDT,2026-09-09 15:07:00+00:00,0.004600000000000001,TP,0.0066431591293091875,0.006,2026-09-09 15:07:00+00:00,f3
XRPUSDT,2026-09-09 15:08:00+00:00,0.0005000000000000001,BE_STOP,0.003528332510055829,0.006,2026-09-09 15:08:00+00:00,f3
BTCUSDT,2026-09-09 15:11:00+00:00,0.004600000000000001,TP,0.006887658944755462,0.006,2026-09-09 15:11:00+00:00,f3
BTCUSDT,2026-09-09 15:11:00+00:00,0.004600000000000001,TP,0.007594243188263202,0.006,2026-09-09 15:11:00+00:00,f3
ETHUSDT,2026-09-09 15:14:00+00:00,0.0010000000000000002,FLOOR40,0.004310119743401084,0.006,2026-09-09 15:14:00+00:00,f3
ETHUSDT,2026-09-09 15:16:00+00:00,0.0010000000000000002,FLOOR40,0.004653964302206393,0.006,2026-09-09 15:16:00+00:00,f3
SOLUSDT,2026-09-09 15:22:00+00:00,0.004600000000000001,TP,0.006762739736691097,0.006,2026-09-09 15:22:00+00:00,f3
BTCUSDT,2026-09-09 15:22:00+00:00,0.004600000000000001,TP,0.006475917601900282,0.006,2026-09-09 15:22:00+00:00,f3
BTCUSDT,2026-09-09 15:24:00+00:00,0.004600000000000001,TP,0.006051681949785507,0.006,2026-09-09 15:24:00+00:00,f3
XRPUSDT,2026-09-09 15:25:00+00:00,0.004600000000000001,TP,0.00664968873797402,0.006,2026-09-09 15:25:00+00:00,f3
BTCUSDT,2026-09-09 15:27:00+00:00,0.0010000000000000002,FLOOR40,0.004026931299658572,0.006,2026-09-09 15:27:00+00:00,f3
ETHUSDT,2026-09-09 15:29:00+00:00,0.0010000000000000002,FLOOR40,0.0057862587428074,0.006,2026-09-09 15:29:00+00:00,f3
BTCUSDT,2026-09-09 16:43:00+00:00,0.0010000000000000002,FLOOR40,0.004449926237635624,0.006,2026-09-09 16:43:00+00:00,f3
NEARUSDT,2026-09-09 17:02:00+00:00,0.004600000000000001,TP,0.0073478495037315895,0.006,2026-09-09 17:02:00+00:00,f3
NEARUSDT,2026-09-09 17:11:00+00:00,0.004600000000000001,TP,0.0071436757458837674,0.006,2026-09-09 17:11:00+00:00,f3
NEARUSDT,2026-09-09 17:14:00+00:00,0.004600000000000001,TP,0.0068955007809821355,0.006,2026-09-09 17:14:00+00:00,f3
XRPUSDT,2026-09-09 19:50:00+00:00,0.004600000000000001,TP,0.008069653854321566,0.006,2026-09-09 19:50:00+00:00,f3
BTCUSDT,2026-09-09 20:01:00+00:00,0.0005000000000000001,BE_STOP,0.003000641991885009,0.006,2026-09-09 20:01:00+00:00,f3
ETHUSDT,2026-09-09 20:18:00+00:00,0.0010000000000000002,FLOOR40,0.00463054705161536,0.006,2026-09-09 20:18:00+00:00,f3
BTCUSDT,2026-09-09 20:30:00+00:00,0.0005000000000000001,BE_STOP,0.0034685660402948063,0.006,2026-09-09 20:30:00+00:00,f3
BTCUSDT,2026-09-09 20:30:00+00:00,0.0010000000000000002,FLOOR40,0.0044277197754439765,0.006,2026-09-09 20:30:00+00:00,f3
BTCUSDT,2026-09-09 20:30:00+00:00,0.0010000000000000002,FLOOR40,0.00441881184195554,0.006,2026-09-09 20:30:00+00:00,f3
BTCUSDT,2026-09-09 20:31:00+00:00,0.0010000000000000002,FLOOR40,0.005058504930764907,0.006,2026-09-09 20:31:00+00:00,f3
BTCUSDT,2026-09-09 22:26:00+00:00,0.0010000000000000002,FLOOR40,0.005735827045115384,0.006,2026-09-09 22:26:00+00:00,f3
NEARUSDT,2026-09-09 23:38:00+00:00,0.0010000000000000002,FLOOR40,0.004245340233695853,0.006,2026-09-09 23:38:00+00:00,f3
BTCUSDT,2026-09-10 01:12:00+00:00,0.0005000000000000001,BE_STOP,0.0030504753348557646,0.006,2026-09-10 01:12:00+00:00,f3
ETHUSDT,2026-09-10 01:12:00+00:00,0.0010000000000000002,FLOOR40,0.00470678855938221,0.006,2026-09-10 01:12:00+00:00,f3
BTCUSDT,2026-09-10 01:12:00+00:00,0.0010000000000000002,FLOOR40,0.0038214605448267415,0.006,2026-09-10 01:12:00+00:00,f3
BTCUSDT,2026-09-10 01:42:00+00:00,0.0010000000000000002,FLOOR40,0.004275743271390745,0.006,2026-09-10 01:42:00+00:00,f3
BTCUSDT,2026-09-10 01:42:00+00:00,0.0005000000000000001,BE_STOP,0.0033154259401381057,0.006,2026-09-10 01:42:00+00:00,f3
NEARUSDT,2026-09-10 01:46:00+00:00,0.0010000000000000002,FLOOR40,0.0037243185724810134,0.006,2026-09-10 01:46:00+00:00,f3
BTCUSDT,2026-09-10 03:07:00+00:00,0.0005000000000000001,BE_STOP,0.0033603266799716864,0.006,2026-09-10 03:07:00+00:00,f3
BTCUSDT,2026-09-10 03:07:00+00:00,0.0005000000000000001,BE_STOP,0.0031731918937976385,0.006,2026-09-10 03:07:00+00:00,f3
NEARUSDT,2026-09-10 03:25:00+00:00,0.0010000000000000002,FLOOR40,0.005769766423938545,0.006,2026-09-10 03:25:00+00:00,f3
ETHUSDT,2026-09-10 06:04:00+00:00,0.0005000000000000001,BE_STOP,0.0031109351390225496,0.006,2026-09-10 06:04:00+00:00,f3
BTCUSDT,2026-09-10 06:47:00+00:00,0.0010000000000000002,FLOOR40,0.0038124576836323157,0.006,2026-09-10 06:47:00+00:00,f3
ETHUSDT,2026-09-10 07:46:00+00:00,0.0010000000000000002,FLOOR40,0.0038142465952893593,0.006,2026-09-10 07:46:00+00:00,f3
NEARUSDT,2026-09-10 09:40:00+00:00,0.004969230404420052,TP,0.008382438376628764,0.006369230404420051,2026-09-10 09:40:00+00:00,f3
NEARUSDT,2026-09-10 09:42:00+00:00,0.004600000000000001,TP,0.007929221267005961,0.006,2026-09-10 09:42:00+00:00,f3
BTCUSDT,2026-09-10 11:08:00+00:00,0.0010000000000000002,FLOOR40,0.00365486479309404,0.006,2026-09-10 11:08:00+00:00,f3
ETHUSDT,2026-09-10 12:30:00+00:00,0.004600000000000001,TP,0.007485005607658954,0.006,2026-09-10 12:30:00+00:00,f3
BTCUSDT,2026-09-10 12:30:00+00:00,0.004600000000000001,TP,0.00618258877110293,0.006,2026-09-10 12:30:00+00:00,f3
NEARUSDT,2026-09-10 12:33:00+00:00,0.0010000000000000002,FLOOR40,0.003859721934011241,0.006,2026-09-10 12:33:00+00:00,f3
SOLUSDT,2026-09-10 12:34:00+00:00,0.004600000000000001,TP,0.006929161958008664,0.006,2026-09-10 12:34:00+00:00,f3
BTCUSDT,2026-09-10 12:46:00+00:00,0.004600000000000001,TP,0.006765994288446455,0.006,2026-09-10 12:46:00+00:00,f3
BTCUSDT,2026-09-10 12:47:00+00:00,0.004600000000000001,TP,0.006015273632034563,0.006,2026-09-10 12:47:00+00:00,f3
NEARUSDT,2026-09-10 12:53:00+00:00,0.0005000000000000001,BE_STOP,0.00365024058403846,0.006257555286923137,2026-09-10 12:53:00+00:00,f3
SOLUSDT,2026-09-10 12:57:00+00:00,0.0005000000000000001,BE_STOP,0.0030277646013947617,0.006,2026-09-10 12:57:00+00:00,f3
BTCUSDT,2026-09-10 12:58:00+00:00,0.0005000000000000001,BE_STOP,0.0033137937803639087,0.006,2026-09-10 12:58:00+00:00,f3
BTCUSDT,2026-09-10 13:00:00+00:00,0.0010000000000000002,FLOOR40,0.004553557864722808,0.006,2026-09-10 13:00:00+00:00,f3
BTCUSDT,2026-09-10 13:22:00+00:00,0.0005000000000000001,BE_STOP,0.0032831484965336224,0.006,2026-09-10 13:22:00+00:00,f3
SOLUSDT,2026-09-10 13:51:00+00:00,0.0005000000000000001,BE_STOP,0.0031585406335188273,0.006,2026-09-10 13:51:00+00:00,f3
ETHUSDT,2026-09-10 14:02:00+00:00,0.004600000000000001,TP,0.0061648467654141035,0.006,2026-09-10 14:02:00+00:00,f3
BTCUSDT,2026-09-10 17:38:00+00:00,0.0005000000000000001,BE_STOP,0.0032509887561343914,0.006,2026-09-10 17:38:00+00:00,f3
BTCUSDT,2026-09-10 23:14:00+00:00,-0.0414,MAE_KILL,0.0006040292897696252,0.006,2026-09-10 23:14:00+00:00,f3
BTCUSDT,2026-09-10 23:27:00+00:00,0.0010000000000000002,FLOOR40,0.005964266434253231,0.006,2026-09-10 23:27:00+00:00,f3
BTCUSDT,2026-09-10 23:27:00+00:00,0.0010000000000000002,FLOOR40,0.005970731707317073,0.006,2026-09-10 23:27:00+00:00,f3
ETHUSDT,2026-09-11 00:31:00+00:00,0.0005000000000000001,BE_STOP,0.0034732733862982766,0.006,2026-09-11 00:31:00+00:00,f3
BTCUSDT,2026-09-11 01:22:00+00:00,0.0005000000000000001,BE_STOP,0.003435816958024716,0.006,2026-09-11 01:22:00+00:00,f3
NEARUSDT,2026-09-11 01:25:00+00:00,0.0010000000000000002,FLOOR40,0.003704608369972361,0.006,2026-09-11 01:25:00+00:00,f3
ETHUSDT,2026-09-11 01:35:00+00:00,0.0010000000000000002,FLOOR40,0.0037116560667852304,0.006,2026-09-11 01:35:00+00:00,f3
NEARUSDT,2026-09-11 01:39:00+00:00,0.004600000000000001,TP,0.006604965955885347,0.006,2026-09-11 01:39:00+00:00,f3
SOLUSDT,2026-09-11 11:17:00+00:00,0.0010000000000000002,FLOOR40,0.0038127408246443587,0.006,2026-09-11 11:17:00+00:00,f3
BTCUSDT,2026-09-11 12:12:00+00:00,-0.03320512082448484,EOD,0.0020418381827514735,0.006,2026-09-11 12:12:00+00:00,f3
BTCUSDT,2026-09-11 12:12:00+00:00,-0.025236130408697256,EOD,0.0006304042578289624,0.006,2026-09-11 12:12:00+00:00,f3
BTCUSDT,2026-09-11 12:12:00+00:00,-0.018651925358287115,EOD,0.0028208366481462053,0.006,2026-09-11 12:12:00+00:00,f3
BTCUSDT,2026-09-11 12:12:00+00:00,-0.019390531970549504,EOD,0.0018030088427822596,0.006,2026-09-11 12:12:00+00:00,f3
BTCUSDT,2026-09-11 12:12:00+00:00,-0.00659898191990048,EOD,0.00136243832510563,0.006,2026-09-11 12:12:00+00:00,f3
BTCUSDT,2026-09-11 12:12:00+00:00,-0.00579558718545388,EOD,0.0019198066359272146,0.006,2026-09-11 12:12:00+00:00,f3
BTCUSDT,2026-09-11 12:12:00+00:00,-0.004699611503663413,EOD,0.0008851980288373032,0.006,2026-09-11 12:12:00+00:00,f3
BTCUSDT,2026-09-11 12:12:00+00:00,-0.0036464857149554734,EOD,0.0004766456647384546,0.006,2026-09-11 12:12:00+00:00,f3
