pair,ts,net_frac,gross_frac,exit_type,tp_mult,hold_min,regime,ts_parsed,fold
NEARUSDT,2026-08-12 13:00:00+00:00,0.0005000000000000001,0.0019,BE_STOP,1.6,15.0,,2026-08-12 13:00:00+00:00,f1
SOLUSDT,2026-08-12 13:18:00+00:00,0.0005000000000000001,0.0019,BE_STOP,1.6,20.0,,2026-08-12 13:18:00+00:00,f1
BTCUSDT,2026-08-12 13:33:00+00:00,0.0005000000000000001,0.0019,BE_STOP,1.6,27.0,,2026-08-12 13:33:00+00:00,f1
BTCUSDT,2026-08-12 13:43:00+00:00,0.0005000000000000001,0.0019,BE_STOP,1.6,51.0,,2026-08-12 13:43:00+00:00,f1
BTCUSDT,2026-08-12 13:45:00+00:00,0.0005000000000000001,0.0019,BE_STOP,1.6,62.0,,2026-08-12 13:45:00+00:00,f1
ETHUSDT,2026-08-12 13:47:00+00:00,0.0005000000000000001,0.0019,BE_STOP,1.6,60.0,,2026-08-12 13:47:00+00:00,f1
NEARUSDT,2026-08-12 13:56:00+00:00,0.004600000000000001,0.006,TP,1.6,11.0,,2026-08-12 13:56:00+00:00,f1
BTCUSDT,2026-08-12 14:02:00+00:00,0.004600000000000001,0.006,TP,1.6,59.0,,2026-08-12 14:02:00+00:00,f1
BTCUSDT,2026-08-12 14:03:00+00:00,0.004600000000000001,0.006,TP,1.6,73.0,,2026-08-12 14:03:00+00:00,f1
BTCUSDT,2026-08-12 14:03:00+00:00,0.004600000000000001,0.006,TP,1.6,45.0,,2026-08-12 14:03:00+00:00,f1
SOLUSDT,2026-08-12 14:03:00+00:00,0.004600000000000001,0.006,TP,1.6,20.0,,2026-08-12 14:03:00+00:00,f1
BTCUSDT,2026-08-12 14:11:00+00:00,0.0005000000000000001,0.0019,BE_STOP,1.6,14.0,,2026-08-12 14:11:00+00:00,f1
NEARUSDT,2026-08-12 14:31:00+00:00,0.004600000000000001,0.006,TP,1.6,20.0,,2026-08-12 14:31:00+00:00,f1
SOLUSDT,2026-08-12 14:32:00+00:00,0.0005000000000000001,0.0019,BE_STOP,1.6,27.0,,2026-08-12 14:32:00+00:00,f1
NEARUSDT,2026-08-12 14:35:00+00:00,-0.0264,-0.025,MAE_KILL,1.6,99.0,,2026-08-12 14:35:00+00:00,f1
NEARUSDT,2026-08-12 14:35:00+00:00,-0.0264,-0.025,MAE_KILL,1.6,62.0,,2026-08-12 14:35:00+00:00,f1
BTCUSDT,2026-08-12 14:59:00+00:00,0.004600000000000001,0.006,TP,1.6,50.0,,2026-08-12 14:59:00+00:00,f1
ETHUSDT,2026-08-12 15:02:00+00:00,0.0005000000000000001,0.0019,BE_STOP,1.6,27.0,,2026-08-12 15:02:00+00:00,f1
BTCUSDT,2026-08-12 15:18:00+00:00,0.0005000000000000001,0.0019,BE_STOP,1.6,71.0,,2026-08-12 15:18:00+00:00,f1
BTCUSDT,2026-08-12 15:18:00+00:00,0.0005000000000000001,0.0019,BE_STOP,1.6,45.0,,2026-08-12 15:18:00+00:00,f1
BTCUSDT,2026-08-12 15:18:00+00:00,0.0005000000000000001,0.0019,BE_STOP,1.6,41.0,,2026-08-12 15:18:00+00:00,f1
BTCUSDT,2026-08-12 15:43:00+00:00,0.0005000000000000001,0.0019,BE_STOP,1.6,72.0,,2026-08-12 15:43:00+00:00,f1
NEARUSDT,2026-08-12 17:21:00+00:00,0.0005000000000000001,0.0019,BE_STOP,1.6,118.0,,2026-08-12 17:21:00+00:00,f1
ETHUSDT,2026-08-12 20:27:00+00:00,0.0005000000000000001,0.0019,BE_STOP,1.6,185.0,,2026-08-12 20:27:00+00:00,f1
ETHUSDT,2026-08-12 20:29:00+00:00,0.0005000000000000001,0.0019,BE_STOP,1.6,330.0,,2026-08-12 20:29:00+00:00,f1
BTCUSDT,2026-08-12 20:38:00+00:00,0.0005000000000000001,0.0019,BE_STOP,1.6,395.0,,2026-08-12 20:38:00+00:00,f1
ETHUSDT,2026-08-12 21:06:00+00:00,0.0005000000000000001,0.0019,BE_STOP,1.6,39.0,CHOP,2026-08-12 21:06:00+00:00,f1
NEARUSDT,2026-08-12 21:59:00+00:00,0.004600000000000001,0.006,TP,1.6,53.0,CHOP,2026-08-12 21:59:00+00:00,f1
SOLUSDT,2026-08-13 04:22:00+00:00,0.0005000000000000001,0.0019,BE_STOP,1.6,464.0,CHOP,2026-08-13 04:22:00+00:00,f1
ETHUSDT,2026-08-13 05:06:00+00:00,0.004600000000000001,0.006,TP,1.6,517.0,CHOP,2026-08-13 05:06:00+00:00,f1
BTCUSDT,2026-08-13 05:15:00+00:00,0.004600000000000001,0.006,TP,1.6,837.0,,2026-08-13 05:15:00+00:00,f1
BTCUSDT,2026-08-13 05:15:00+00:00,0.004600000000000001,0.006,TP,1.6,811.0,,2026-08-13 05:15:00+00:00,f1
ETHUSDT,2026-08-13 05:22:00+00:00,0.0005000000000000001,0.0019,BE_STOP,1.6,842.0,,2026-08-13 05:22:00+00:00,f1
NEARUSDT,2026-08-13 08:48:00+00:00,0.0005000000000000001,0.0019,BE_STOP,1.6,213.0,CHOP,2026-08-13 08:48:00+00:00,f1
NEARUSDT,2026-08-13 09:09:00+00:00,0.004600000000000001,0.006,TP,1.6,21.0,CHOP,2026-08-13 09:09:00+00:00,f1
NEARUSDT,2026-08-13 09:14:00+00:00,0.004600000000000001,0.006,TP,1.6,231.0,CHOP,2026-08-13 09:14:00+00:00,f1
ETHUSDT,2026-08-13 11:45:00+00:00,0.0005000000000000001,0.0019,BE_STOP,1.6,150.0,CHOP,2026-08-13 11:45:00+00:00,f1
BTCUSDT,2026-08-13 11:47:00+00:00,0.0005000000000000001,0.0019,BE_STOP,1.6,445.0,CHOP,2026-08-13 11:47:00+00:00,f1
NEARUSDT,2026-08-13 11:51:00+00:00,0.004600000000000001,0.006,TP,1.6,6.0,CHOP,2026-08-13 11:51:00+00:00,f1
ETHUSDT,2026-08-13 12:07:00+00:00,0.0005000000000000001,0.0019,BE_STOP,1.6,177.0,CHOP,2026-08-13 12:07:00+00:00,f1
BTCUSDT,2026-08-13 12:31:00+00:00,0.0005000000000000001,0.0019,BE_STOP,1.6,40.0,CHOP,2026-08-13 12:31:00+00:00,f1
ETHUSDT,2026-08-13 12:32:00+00:00,0.0005000000000000001,0.0019,BE_STOP,1.6,45.0,TREND,2026-08-13 12:32:00+00:00,f1
NEARUSDT,2026-08-13 13:11:00+00:00,0.0005000000000000001,0.0019,BE_STOP,1.6,40.0,CHOP,2026-08-13 13:11:00+00:00,f1
BTCUSDT,2026-08-13 13:15:00+00:00,0.0005000000000000001,0.0019,BE_STOP,1.6,40.0,CHOP,2026-08-13 13:15:00+00:00,f1
ETHUSDT,2026-08-13 14:50:00+00:00,0.0005000000000000001,0.0019,BE_STOP,1.6,95.0,CHOP,2026-08-13 14:50:00+00:00,f1
BTCUSDT,2026-08-13 14:59:00+00:00,0.0005000000000000001,0.0019,BE_STOP,1.6,108.0,CHOP,2026-08-13 14:59:00+00:00,f1
NEARUSDT,2026-08-13 14:59:00+00:00,0.0005000000000000001,0.0019,BE_STOP,1.6,8.0,CHOP,2026-08-13 14:59:00+00:00,f1
NEARUSDT,2026-08-13 15:47:00+00:00,0.004600000000000001,0.006,TP,1.6,47.0,CHOP,2026-08-13 15:47:00+00:00,f1
NEARUSDT,2026-08-13 15:47:00+00:00,0.004600000000000001,0.006,TP,1.6,45.0,CHOP,2026-08-13 15:47:00+00:00,f1
NEARUSDT,2026-08-13 15:56:00+00:00,0.0005000000000000001,0.0019,BE_STOP,1.6,8.0,CHOP,2026-08-13 15:56:00+00:00,f1
NEARUSDT,2026-08-13 15:59:00+00:00,0.004600000000000001,0.006,TP,1.6,232.0,CHOP,2026-08-13 15:59:00+00:00,f1
BTCUSDT,2026-08-13 16:37:00+00:00,0.004600000000000001,0.006,TP,1.6,47.0,CHOP,2026-08-13 16:37:00+00:00,f1
BTCUSDT,2026-08-13 16:39:00+00:00,0.004600000000000001,0.006,TP,1.6,1119.0,CHOP,2026-08-13 16:39:00+00:00,f1
BTCUSDT,2026-08-13 16:39:00+00:00,0.004600000000000001,0.006,TP,1.6,39.0,CHOP,2026-08-13 16:39:00+00:00,f1
BTCUSDT,2026-08-13 16:39:00+00:00,0.004600000000000001,0.006,TP,1.6,37.0,CHOP,2026-08-13 16:39:00+00:00,f1
BTCUSDT,2026-08-13 16:40:00+00:00,0.004600000000000001,0.006,TP,1.6,1538.0,,2026-08-13 16:40:00+00:00,f1
NEARUSDT,2026-08-13 16:42:00+00:00,0.004600000000000001,0.006,TP,1.6,4.0,CHOP,2026-08-13 16:42:00+00:00,f1
XRPUSDT,2026-08-13 19:04:00+00:00,0.0005000000000000001,0.0019,BE_STOP,1.6,133.0,CHOP,2026-08-13 19:04:00+00:00,f1
BTCUSDT,2026-08-13 19:14:00+00:00,0.0005000000000000001,0.0019,BE_STOP,1.6,10.0,CHOP,2026-08-13 19:14:00+00:00,f1
BTCUSDT,2026-08-14 07:03:00+00:00,0.0005000000000000001,0.0019,BE_STOP,1.6,855.0,CHOP,2026-08-14 07:03:00+00:00,f1
BTCUSDT,2026-08-14 08:47:00+00:00,0.0005000000000000001,0.0019,BE_STOP,1.6,963.0,CHOP,2026-08-14 08:47:00+00:00,f1
BTCUSDT,2026-08-14 08:51:00+00:00,0.0005000000000000001,0.0019,BE_STOP,1.6,965.0,CHOP,2026-08-14 08:51:00+00:00,f1
BTCUSDT,2026-08-14 08:53:00+00:00,0.0005000000000000001,0.0019,BE_STOP,1.6,110.0,TREND,2026-08-14 08:53:00+00:00,f1
BTCUSDT,2026-08-14 13:47:00+00:00,-0.02154785408396109,-0.02014785408396109,MAX_AGE,1.6,2880.0,,2026-08-14 13:47:00+00:00,f1
BTCUSDT,2026-08-14 16:00:00+00:00,0.0005000000000000001,0.0019,BE_STOP,1.6,433.0,TREND,2026-08-14 16:00:00+00:00,f1
ETHUSDT,2026-08-14 16:06:00+00:00,0.0005000000000000001,0.0019,BE_STOP,1.6,434.0,CHOP,2026-08-14 16:06:00+00:00,f1
ETHUSDT,2026-08-14 16:47:00+00:00,0.0005000000000000001,0.0019,BE_STOP,1.6,46.0,CHOP,2026-08-14 16:47:00+00:00,f1
BTCUSDT,2026-08-14 17:56:00+00:00,0.0005000000000000001,0.0019,BE_STOP,1.6,542.0,TREND,2026-08-14 17:56:00+00:00,f1
SOLUSDT,2026-08-14 18:14:00+00:00,0.004600000000000001,0.006,TP,1.6,86.0,CHOP,2026-08-14 18:14:00+00:00,f1
ETHUSDT,2026-08-14 18:39:00+00:00,0.0005000000000000001,0.0019,BE_STOP,1.6,152.0,CHOP,2026-08-14 18:39:00+00:00,f1
BTCUSDT,2026-08-14 19:28:00+00:00,0.0005000000000000001,0.0019,BE_STOP,1.6,73.0,CHOP,2026-08-14 19:28:00+00:00,f1
ETHUSDT,2026-08-15 05:07:00+00:00,-0.008436945280502726,-0.007036945280502725,MAX_AGE,1.6,2880.0,CHOP,2026-08-15 05:07:00+00:00,f1
BTCUSDT,2026-08-15 05:18:00+00:00,-0.013430863617867047,-0.012030863617867047,MAX_AGE,1.6,2880.0,CHOP,2026-08-15 05:18:00+00:00,f1
ETHUSDT,2026-08-15 05:40:00+00:00,0.0005000000000000001,0.0019,BE_STOP,1.6,659.0,CHOP,2026-08-15 05:40:00+00:00,f1
BTCUSDT,2026-08-15 06:15:00+00:00,0.0005000000000000001,0.0019,BE_STOP,1.6,646.0,CHOP,2026-08-15 06:15:00+00:00,f1
SOLUSDT,2026-08-15 06:50:00+00:00,0.0005000000000000001,0.0019,BE_STOP,1.6,92.0,CHOP,2026-08-15 06:50:00+00:00,f1
ETHUSDT,2026-08-15 16:42:00+00:00,-0.011725591374778738,-0.010325591374778738,MAX_AGE,1.6,2880.0,CHOP,2026-08-15 16:42:00+00:00,f1
ETHUSDT,2026-08-15 19:14:00+00:00,-0.004091262403382052,-0.002691262403382052,MAX_AGE,1.6,2880.0,CHOP,2026-08-15 19:14:00+00:00,f1
SOLUSDT,2026-08-16 00:28:00+00:00,0.0005000000000000001,0.0019,BE_STOP,1.6,314.0,CHOP,2026-08-16 00:28:00+00:00,f1
ETHUSDT,2026-08-16 13:47:00+00:00,-0.007918842022446564,-0.006518842022446565,MAX_AGE,1.6,2880.0,CHOP,2026-08-16 13:47:00+00:00,f1
ETHUSDT,2026-08-16 17:11:00+00:00,0.0005000000000000001,0.0019,BE_STOP,1.6,2161.0,CHOP,2026-08-16 17:11:00+00:00,f1
ETHUSDT,2026-08-16 17:35:00+00:00,0.0005000000000000001,0.0019,BE_STOP,1.6,2084.0,CHOP,2026-08-16 17:35:00+00:00,f1
ETHUSDT,2026-08-16 17:56:00+00:00,-0.005801295877914654,-0.0044012958779146545,MAX_AGE,1.6,2880.0,CHOP,2026-08-16 17:56:00+00:00,f1
ETHUSDT,2026-08-16 18:04:00+00:00,0.0005000000000000001,0.0019,BE_STOP,1.6,257.0,CHOP,2026-08-16 18:04:00+00:00,f1
NEARUSDT,2026-08-16 20:52:00+00:00,0.004600000000000001,0.006,TP,1.6,176.0,CHOP,2026-08-16 20:52:00+00:00,f1
BTCUSDT,2026-08-16 21:40:00+00:00,0.004600000000000001,0.006,TP,1.6,269.0,TREND,2026-08-16 21:40:00+00:00,f1
BTCUSDT,2026-08-16 21:40:00+00:00,0.004600000000000001,0.006,TP,1.6,245.0,CHOP,2026-08-16 21:40:00+00:00,f1
ETHUSDT,2026-08-16 21:40:00+00:00,0.004600000000000001,0.006,TP,1.6,216.0,TREND,2026-08-16 21:40:00+00:00,f1
BTCUSDT,2026-08-16 21:47:00+00:00,0.0005000000000000001,0.0019,BE_STOP,1.6,2372.0,CHOP,2026-08-16 21:47:00+00:00,f1
BTCUSDT,2026-08-16 21:50:00+00:00,0.0005000000000000001,0.0019,BE_STOP,1.6,2410.0,CHOP,2026-08-16 21:50:00+00:00,f1
BTCUSDT,2026-08-16 21:50:00+00:00,0.0005000000000000001,0.0019,BE_STOP,1.6,1282.0,CHOP,2026-08-16 21:50:00+00:00,f1
BTCUSDT,2026-08-16 21:50:00+00:00,0.0005000000000000001,0.0019,BE_STOP,1.6,57.0,CHOP,2026-08-16 21:50:00+00:00,f1
BTCUSDT,2026-08-16 21:51:00+00:00,0.0005000000000000001,0.0019,BE_STOP,1.6,1749.0,CHOP,2026-08-16 21:51:00+00:00,f1
SOLUSDT,2026-08-16 22:05:00+00:00,0.0005000000000000001,0.0019,BE_STOP,1.6,15.0,TREND,2026-08-16 22:05:00+00:00,f1
SOLUSDT,2026-08-16 22:05:00+00:00,0.0005000000000000001,0.0019,BE_STOP,1.6,12.0,TREND,2026-08-16 22:05:00+00:00,f1
BTCUSDT,2026-08-16 22:49:00+00:00,0.0005000000000000001,0.0019,BE_STOP,1.6,67.0,TREND,2026-08-16 22:49:00+00:00,f1
BTCUSDT,2026-08-16 22:51:00+00:00,0.0005000000000000001,0.0019,BE_STOP,1.6,64.0,TREND,2026-08-16 22:51:00+00:00,f1
BTCUSDT,2026-08-16 22:53:00+00:00,0.0005000000000000001,0.0019,BE_STOP,1.6,69.0,TREND,2026-08-16 22:53:00+00:00,f1
BTCUSDT,2026-08-16 22:57:00+00:00,0.0005000000000000001,0.0019,BE_STOP,1.6,60.0,TREND,2026-08-16 22:57:00+00:00,f1
XRPUSDT,2026-08-16 22:59:00+00:00,0.0005000000000000001,0.0019,BE_STOP,1.6,79.0,CHOP,2026-08-16 22:59:00+00:00,f1
ETHUSDT,2026-08-17 01:01:00+00:00,0.004600000000000001,0.006,TP,1.6,132.0,CHOP,2026-08-17 01:01:00+00:00,f1
ETHUSDT,2026-08-17 01:01:00+00:00,0.004600000000000001,0.006,TP,1.6,130.0,CHOP,2026-08-17 01:01:00+00:00,f1
ETHUSDT,2026-08-17 01:01:00+00:00,0.004600000000000001,0.006,TP,1.6,127.0,CHOP,2026-08-17 01:01:00+00:00,f1
ETHUSDT,2026-08-17 01:01:00+00:00,0.004600000000000001,0.006,TP,1.6,121.0,CHOP,2026-08-17 01:01:00+00:00,f1
BTCUSDT,2026-08-17 01:15:00+00:00,0.0005000000000000001,0.0019,BE_STOP,1.6,132.0,CHOP,2026-08-17 01:15:00+00:00,f1
ETHUSDT,2026-08-17 01:37:00+00:00,0.0005000000000000001,0.0019,BE_STOP,1.6,28.0,CHOP,2026-08-17 01:37:00+00:00,f1
BTCUSDT,2026-08-17 01:54:00+00:00,0.0005000000000000001,0.0019,BE_STOP,1.6,39.0,CHOP,2026-08-17 01:54:00+00:00,f1
BTCUSDT,2026-08-17 02:52:00+00:00,0.004600000000000001,0.006,TP,1.6,110.0,CHOP,2026-08-17 02:52:00+00:00,f1
BTCUSDT,2026-08-17 02:53:00+00:00,0.004600000000000001,0.006,TP,1.6,108.0,CHOP,2026-08-17 02:53:00+00:00,f1
BTCUSDT,2026-08-17 02:53:00+00:00,0.004600000000000001,0.006,TP,1.6,106.0,CHOP,2026-08-17 02:53:00+00:00,f1
BTCUSDT,2026-08-17 05:28:00+00:00,0.0005000000000000001,0.0019,BE_STOP,1.6,150.0,CHOP,2026-08-17 05:28:00+00:00,f1
SOLUSDT,2026-08-17 06:45:00+00:00,0.004600000000000001,0.006,TP,1.6,306.0,CHOP,2026-08-17 06:45:00+00:00,f1
NEARUSDT,2026-08-17 06:46:00+00:00,0.004600000000000001,0.006,TP,1.6,78.0,TREND,2026-08-17 06:46:00+00:00,f1
ETHUSDT,2026-08-17 07:01:00+00:00,0.0005000000000000001,0.0019,BE_STOP,1.6,245.0,TREND,2026-08-17 07:01:00+00:00,f1
BTCUSDT,2026-08-17 07:17:00+00:00,0.0005000000000000001,0.0019,BE_STOP,1.6,263.0,CHOP,2026-08-17 07:17:00+00:00,f1
BTCUSDT,2026-08-17 09:15:00+00:00,0.0005000000000000001,0.0019,BE_STOP,1.6,117.0,TREND,2026-08-17 09:15:00+00:00,f1
BTCUSDT,2026-08-17 13:02:00+00:00,0.0005000000000000001,0.0019,BE_STOP,1.6,226.0,CHOP,2026-08-17 13:02:00+00:00,f1
BTCUSDT,2026-08-17 15:28:00+00:00,0.004600000000000001,0.006,TP,1.6,519.0,CHOP,2026-08-17 15:28:00+00:00,f1
SOLUSDT,2026-08-17 16:20:00+00:00,0.0005000000000000001,0.0019,BE_STOP,1.6,559.0,TREND,2026-08-17 16:20:00+00:00,f1
BTCUSDT,2026-08-17 17:23:00+00:00,0.004600000000000001,0.006,TP,1.6,114.0,TREND,2026-08-17 17:23:00+00:00,f1
SOLUSDT,2026-08-17 17:39:00+00:00,0.0005000000000000001,0.0019,BE_STOP,1.6,79.0,CHOP,2026-08-17 17:39:00+00:00,f1
NEARUSDT,2026-08-17 17:46:00+00:00,-0.0264,-0.025,MAE_KILL,1.6,659.0,TREND,2026-08-17 17:46:00+00:00,f1
BTCUSDT,2026-08-17 18:23:00+00:00,0.004600000000000001,0.006,TP,1.6,44.0,TREND,2026-08-17 18:23:00+00:00,f1
BTCUSDT,2026-08-17 18:29:00+00:00,0.0005000000000000001,0.0019,BE_STOP,1.6,66.0,CHOP,2026-08-17 18:29:00+00:00,f1
BTCUSDT,2026-08-17 19:01:00+00:00,0.0005000000000000001,0.0019,BE_STOP,1.6,75.0,TREND,2026-08-17 19:01:00+00:00,f1
ETHUSDT,2026-08-18 02:30:00+00:00,0.004600000000000001,0.006,TP,1.6,447.0,CHOP,2026-08-18 02:30:00+00:00,f1
NEARUSDT,2026-08-18 02:49:00+00:00,0.0005000000000000001,0.0019,BE_STOP,1.6,19.0,CHOP,2026-08-18 02:49:00+00:00,f1
ETHUSDT,2026-08-18 03:36:00+00:00,0.0005000000000000001,0.0019,BE_STOP,1.6,1541.0,CHOP,2026-08-18 03:36:00+00:00,f1
NEARUSDT,2026-08-18 06:30:00+00:00,-0.0264,-0.025,MAE_KILL,1.6,174.0,CHOP,2026-08-18 06:30:00+00:00,f1
BTCUSDT,2026-08-18 14:25:00+00:00,-0.0314,-0.03,HARD_SL,1.6,2424.0,TREND,2026-08-18 14:25:00+00:00,f1
BTCUSDT,2026-08-18 14:25:00+00:00,-0.0314,-0.03,HARD_SL,1.6,2420.0,TREND,2026-08-18 14:25:00+00:00,f1
BTCUSDT,2026-08-18 14:25:00+00:00,-0.0314,-0.03,HARD_SL,1.6,2418.0,TREND,2026-08-18 14:25:00+00:00,f1
BTCUSDT,2026-08-18 14:26:00+00:00,0.004600000000000001,0.006,TP,1.6,1197.0,TREND,2026-08-18 14:26:00+00:00,f1
ETHUSDT,2026-08-18 14:26:00+00:00,0.004600000000000001,0.006,TP,1.6,475.0,CHOP,2026-08-18 14:26:00+00:00,f1
BTCUSDT,2026-08-18 14:27:00+00:00,0.004600000000000001,0.006,TP,1.6,1203.0,TREND,2026-08-18 14:27:00+00:00,f1
BTCUSDT,2026-08-19 00:22:00+00:00,0.0005000000000000001,0.0019,BE_STOP,1.6,22.0,CHOP,2026-08-19 00:22:00+00:00,f1
ETHUSDT,2026-08-19 02:26:00+00:00,0.0005000000000000001,0.0019,BE_STOP,1.6,140.0,CHOP,2026-08-19 02:26:00+00:00,f1
BTCUSDT,2026-08-19 05:53:00+00:00,0.004600000000000001,0.006,TP,1.6,345.0,CHOP,2026-08-19 05:53:00+00:00,f1
BTCUSDT,2026-08-19 06:03:00+00:00,0.004600000000000001,0.006,TP,1.6,350.0,CHOP,2026-08-19 06:03:00+00:00,f1
BTCUSDT,2026-08-19 06:09:00+00:00,0.004600000000000001,0.006,TP,1.6,353.0,CHOP,2026-08-19 06:09:00+00:00,f1
SOLUSDT,2026-08-19 06:18:00+00:00,0.0005000000000000001,0.0019,BE_STOP,1.6,360.0,CHOP,2026-08-19 06:18:00+00:00,f1
NEARUSDT,2026-08-19 06:40:00+00:00,-0.0264,-0.025,MAE_KILL,1.6,378.0,TREND,2026-08-19 06:40:00+00:00,f1
NEARUSDT,2026-08-19 06:48:00+00:00,0.004600000000000001,0.006,TP,1.6,55.0,TREND,2026-08-19 06:48:00+00:00,f1
NEARUSDT,2026-08-19 06:56:00+00:00,0.004600000000000001,0.006,TP,1.6,8.0,CHOP,2026-08-19 06:56:00+00:00,f1
ETHUSDT,2026-08-19 08:38:00+00:00,0.004600000000000001,0.006,TP,1.6,139.0,CHOP,2026-08-19 08:38:00+00:00,f1
BTCUSDT,2026-08-19 09:09:00+00:00,0.0005000000000000001,0.0019,BE_STOP,1.6,149.0,CHOP,2026-08-19 09:09:00+00:00,f1
BTCUSDT,2026-08-19 12:38:00+00:00,0.004600000000000001,0.006,TP,1.6,341.0,CHOP,2026-08-19 12:38:00+00:00,f1
BTCUSDT,2026-08-19 12:41:00+00:00,0.004600000000000001,0.006,TP,1.6,614.0,CHOP,2026-08-19 12:41:00+00:00,f1
ETHUSDT,2026-08-19 12:45:00+00:00,0.004600000000000001,0.006,TP,1.6,245.0,CHOP,2026-08-19 12:45:00+00:00,f1
ETHUSDT,2026-08-19 12:47:00+00:00,0.004600000000000001,0.006,TP,1.6,9.0,CHOP,2026-08-19 12:47:00+00:00,f1
BTCUSDT,2026-08-19 13:03:00+00:00,-0.0214630918801097,-0.020063091880109702,MAX_AGE,1.6,2880.0,CHOP,2026-08-19 13:03:00+00:00,f1
BTCUSDT,2026-08-19 13:37:00+00:00,0.0005000000000000001,0.0019,BE_STOP,1.6,51.0,TREND,2026-08-19 13:37:00+00:00,f1
BTCUSDT,2026-08-19 13:37:00+00:00,0.0005000000000000001,0.0019,BE_STOP,1.6,49.0,TREND,2026-08-19 13:37:00+00:00,f1
NEARUSDT,2026-08-19 14:14:00+00:00,0.0005000000000000001,0.0019,BE_STOP,1.6,92.0,CHOP,2026-08-19 14:14:00+00:00,f1
NEARUSDT,2026-08-19 14:47:00+00:00,0.0005000000000000001,0.0019,BE_STOP,1.6,33.0,CHOP,2026-08-19 14:47:00+00:00,f1
XRPUSDT,2026-08-19 14:54:00+00:00,0.004600000000000001,0.006,TP,1.6,7.0,TREND,2026-08-19 14:54:00+00:00,f1
NEARUSDT,2026-08-19 15:02:00+00:00,0.0005000000000000001,0.0019,BE_STOP,1.6,7.0,TREND,2026-08-19 15:02:00+00:00,f1
BTCUSDT,2026-08-19 15:05:00+00:00,-0.0314,-0.03,HARD_SL,1.6,2176.0,CHOP,2026-08-19 15:05:00+00:00,f1
BTCUSDT,2026-08-19 15:05:00+00:00,-0.0314,-0.03,HARD_SL,1.6,541.0,TREND,2026-08-19 15:05:00+00:00,f1
BTCUSDT,2026-08-19 15:05:00+00:00,-0.0314,-0.03,HARD_SL,1.6,535.0,TREND,2026-08-19 15:05:00+00:00,f1
BTCUSDT,2026-08-19 15:05:00+00:00,-0.0314,-0.03,HARD_SL,1.6,355.0,CHOP,2026-08-19 15:05:00+00:00,f1
SOLUSDT,2026-08-19 15:05:00+00:00,0.004879527976102221,0.00627952797610222,TP,1.6,2.0,TREND,2026-08-19 15:05:00+00:00,f1
BTCUSDT,2026-08-19 15:16:00+00:00,-0.0314,-0.03,HARD_SL,1.6,96.0,TREND,2026-08-19 15:16:00+00:00,f1
BTCUSDT,2026-08-19 15:22:00+00:00,-0.0314,-0.03,HARD_SL,1.6,104.0,TREND,2026-08-19 15:22:00+00:00,f1
NEARUSDT,2026-08-19 15:26:00+00:00,-0.0264,-0.025,MAE_KILL,1.6,143.0,CHOP,2026-08-19 15:26:00+00:00,f1
BTCUSDT,2026-08-20 00:25:00+00:00,0.0005000000000000001,0.0019,BE_STOP,1.6,13.0,CHOP,2026-08-20 00:25:00+00:00,f1
XRPUSDT,2026-08-20 00:27:00+00:00,0.004600000000000001,0.006,TP,1.6,27.0,CHOP,2026-08-20 00:27:00+00:00,f1
NEARUSDT,2026-08-20 00:29:00+00:00,0.004600000000000001,0.006,TP,1.6,26.0,CHOP,2026-08-20 00:29:00+00:00,f1
NEARUSDT,2026-08-20 00:29:00+00:00,0.004600000000000001,0.006,TP,1.6,24.0,CHOP,2026-08-20 00:29:00+00:00,f1
XRPUSDT,2026-08-20 00:33:00+00:00,0.004600000000000001,0.006,TP,1.6,19.0,CHOP,2026-08-20 00:33:00+00:00,f1
XRPUSDT,2026-08-20 00:38:00+00:00,0.0005000000000000001,0.0019,BE_STOP,1.6,8.0,TREND,2026-08-20 00:38:00+00:00,f1
ETHUSDT,2026-08-20 00:39:00+00:00,0.004600000000000001,0.006,TP,1.6,32.0,TREND,2026-08-20 00:39:00+00:00,f1
ETHUSDT,2026-08-20 00:39:00+00:00,0.004600000000000001,0.006,TP,1.6,23.0,TREND,2026-08-20 00:39:00+00:00,f1
ETHUSDT,2026-08-20 00:41:00+00:00,0.0005000000000000001,0.0019,BE_STOP,1.6,13.0,TREND,2026-08-20 00:41:00+00:00,f1
ETHUSDT,2026-08-20 00:41:00+00:00,0.0005000000000000001,0.0019,BE_STOP,1.6,9.0,TREND,2026-08-20 00:41:00+00:00,f1
ETHUSDT,2026-08-20 00:52:00+00:00,0.0005000000000000001,0.0019,BE_STOP,1.6,12.0,TREND,2026-08-20 00:52:00+00:00,f1
SOLUSDT,2026-08-20 00:53:00+00:00,0.004600000000000001,0.006,TP,1.6,15.0,TREND,2026-08-20 00:53:00+00:00,f1
BTCUSDT,2026-08-20 01:02:00+00:00,0.0005000000000000001,0.0019,BE_STOP,1.6,20.0,TREND,2026-08-20 01:02:00+00:00,f1
BTCUSDT,2026-08-20 01:20:00+00:00,0.0005000000000000001,0.0019,BE_STOP,1.6,26.0,TREND,2026-08-20 01:20:00+00:00,f1
BTCUSDT,2026-08-20 01:20:00+00:00,0.0005000000000000001,0.0019,BE_STOP,1.6,18.0,CHOP,2026-08-20 01:20:00+00:00,f1
BTCUSDT,2026-08-20 01:34:00+00:00,0.0005000000000000001,0.0019,BE_STOP,1.6,50.0,TREND,2026-08-20 01:34:00+00:00,f1
BTCUSDT,2026-08-20 01:34:00+00:00,0.0005000000000000001,0.0019,BE_STOP,1.6,42.0,TREND,2026-08-20 01:34:00+00:00,f1
BTCUSDT,2026-08-20 01:35:00+00:00,0.0005000000000000001,0.0019,BE_STOP,1.6,61.0,TREND,2026-08-20 01:35:00+00:00,f1
BTCUSDT,2026-08-20 01:52:00+00:00,0.0005000000000000001,0.0019,BE_STOP,1.6,87.0,CHOP,2026-08-20 01:52:00+00:00,f1
BTCUSDT,2026-08-20 01:53:00+00:00,0.0005000000000000001,0.0019,BE_STOP,1.6,65.0,TREND,2026-08-20 01:53:00+00:00,f1
XRPUSDT,2026-08-20 01:53:00+00:00,0.0005000000000000001,0.0019,BE_STOP,1.6,32.0,CHOP,2026-08-20 01:53:00+00:00,f1
BTCUSDT,2026-08-20 02:10:00+00:00,0.0005000000000000001,0.0019,BE_STOP,1.6,35.0,CHOP,2026-08-20 02:10:00+00:00,f1
ETHUSDT,2026-08-20 02:21:00+00:00,0.0005000000000000001,0.0019,BE_STOP,1.6,44.0,TREND,2026-08-20 02:21:00+00:00,f1
BTCUSDT,2026-08-20 03:00:00+00:00,0.004600000000000001,0.006,TP,1.6,49.0,CHOP,2026-08-20 03:00:00+00:00,f1
BTCUSDT,2026-08-20 03:08:00+00:00,0.004600000000000001,0.006,TP,1.6,47.0,CHOP,2026-08-20 03:08:00+00:00,f1
BTCUSDT,2026-08-20 03:11:00+00:00,0.004600000000000001,0.006,TP,1.6,108.0,CHOP,2026-08-20 03:11:00+00:00,f1
SOLUSDT,2026-08-20 03:11:00+00:00,0.004600000000000001,0.006,TP,1.6,10.0,TREND,2026-08-20 03:11:00+00:00,f1
NEARUSDT,2026-08-20 03:37:00+00:00,0.0005000000000000001,0.0019,BE_STOP,1.6,26.0,CHOP,2026-08-20 03:37:00+00:00,f1
ETHUSDT,2026-08-20 03:45:00+00:00,0.004600000000000001,0.006,TP,1.6,8.0,CHOP,2026-08-20 03:45:00+00:00,f1
BTCUSDT,2026-08-20 06:04:00+00:00,0.0005000000000000001,0.0019,BE_STOP,1.6,138.0,CHOP,2026-08-20 06:04:00+00:00,f1
BTCUSDT,2026-08-20 07:13:00+00:00,0.0005000000000000001,0.0019,BE_STOP,1.6,321.0,CHOP,2026-08-20 07:13:00+00:00,f1
SOLUSDT,2026-08-20 07:29:00+00:00,0.004600000000000001,0.006,TP,1.6,439.0,TREND,2026-08-20 07:29:00+00:00,f1
XRPUSDT,2026-08-20 07:50:00+00:00,0.0005000000000000001,0.0019,BE_STOP,1.6,21.0,CHOP,2026-08-20 07:50:00+00:00,f1
SOLUSDT,2026-08-20 08:07:00+00:00,0.004600000000000001,0.006,TP,1.6,54.0,CHOP,2026-08-20 08:07:00+00:00,f1
BTCUSDT,2026-08-20 08:07:00+00:00,0.004600000000000001,0.006,TP,1.6,17.0,CHOP,2026-08-20 08:07:00+00:00,f1
XRPUSDT,2026-08-20 08:09:00+00:00,0.004600000000000001,0.006,TP,1.6,375.0,CHOP,2026-08-20 08:09:00+00:00,f1
SOLUSDT,2026-08-20 08:09:00+00:00,-0.0314,-0.03,HARD_SL,1.6,300.0,TREND,2026-08-20 08:09:00+00:00,f1
BTCUSDT,2026-08-20 08:09:00+00:00,0.004600000000000001,0.006,TP,1.6,1.0,CHOP,2026-08-20 08:09:00+00:00,f1
ETHUSDT,2026-08-20 08:10:00+00:00,0.004600000000000001,0.006,TP,1.6,389.0,TREND,2026-08-20 08:10:00+00:00,f1
BTCUSDT,2026-08-20 08:10:00+00:00,-0.0314,-0.03,HARD_SL,1.6,297.0,CHOP,2026-08-20 08:10:00+00:00,f1
NEARUSDT,2026-08-20 08:14:00+00:00,0.004600000000000001,0.006,TP,1.6,378.0,CHOP,2026-08-20 08:14:00+00:00,f1
ETHUSDT,2026-08-20 08:16:00+00:00,0.0005000000000000001,0.0019,BE_STOP,1.6,5.0,CHOP,2026-08-20 08:16:00+00:00,f1
BTCUSDT,2026-08-20 08:17:00+00:00,-0.0314,-0.03,HARD_SL,1.6,132.0,CHOP,2026-08-20 08:17:00+00:00,f1
BTCUSDT,2026-08-20 08:17:00+00:00,0.004600000000000001,0.006,TP,1.6,1.0,TREND,2026-08-20 08:17:00+00:00,f1
BTCUSDT,2026-08-20 08:19:00+00:00,0.0005000000000000001,0.0019,BE_STOP,1.6,5.0,TREND,2026-08-20 08:19:00+00:00,f1
BTCUSDT,2026-08-20 08:31:00+00:00,0.0005000000000000001,0.0019,BE_STOP,1.6,7.0,TREND,2026-08-20 08:31:00+00:00,f1
SOLUSDT,2026-08-20 08:37:00+00:00,0.004600000000000001,0.006,TP,1.6,15.0,TREND,2026-08-20 08:37:00+00:00,f1
XRPUSDT,2026-08-20 08:38:00+00:00,0.004600000000000001,0.006,TP,1.6,6.0,TREND,2026-08-20 08:38:00+00:00,f1
BTCUSDT,2026-08-20 08:40:00+00:00,0.004600000000000001,0.006,TP,1.6,5.0,TREND,2026-08-20 08:40:00+00:00,f1
BTCUSDT,2026-08-20 08:41:00+00:00,0.0005000000000000001,0.0019,BE_STOP,1.6,2.0,TREND,2026-08-20 08:41:00+00:00,f1
BTCUSDT,2026-08-20 08:42:00+00:00,0.0005000000000000001,0.0019,BE_STOP,1.6,24.0,TREND,2026-08-20 08:42:00+00:00,f1
BTCUSDT,2026-08-20 08:43:00+00:00,0.0005000000000000001,0.0019,BE_STOP,1.6,15.0,TREND,2026-08-20 08:43:00+00:00,f1
BTCUSDT,2026-08-20 08:47:00+00:00,0.005167838339266931,0.00656783833926693,TP,1.6,27.0,TREND,2026-08-20 08:47:00+00:00,f1
BTCUSDT,2026-08-20 08:47:00+00:00,0.004600000000000001,0.006,TP,1.6,17.0,TREND,2026-08-20 08:47:00+00:00,f1
BTCUSDT,2026-08-20 09:06:00+00:00,0.004600000000000001,0.006,TP,1.6,23.0,TREND,2026-08-20 09:06:00+00:00,f1
ETHUSDT,2026-08-20 09:06:00+00:00,0.004600000000000001,0.006,TP,1.6,21.0,CHOP,2026-08-20 09:06:00+00:00,f1
BTCUSDT,2026-08-20 09:09:00+00:00,0.004600000000000001,0.006,TP,1.6,28.0,TREND,2026-08-20 09:09:00+00:00,f1
BTCUSDT,2026-08-20 09:16:00+00:00,0.0005000000000000001,0.0019,BE_STOP,1.6,25.0,TREND,2026-08-20 09:16:00+00:00,f1
BTCUSDT,2026-08-20 09:16:00+00:00,0.0005000000000000001,0.0019,BE_STOP,1.6,5.0,TREND,2026-08-20 09:16:00+00:00,f1
BTCUSDT,2026-08-20 09:19:00+00:00,0.004600000000000001,0.006,TP,1.6,30.0,TREND,2026-08-20 09:19:00+00:00,f1
BTCUSDT,2026-08-20 09:20:00+00:00,0.0005000000000000001,0.0019,BE_STOP,1.6,26.0,TREND,2026-08-20 09:20:00+00:00,f1
BTCUSDT,2026-08-20 09:28:00+00:00,0.0005000000000000001,0.0019,BE_STOP,1.6,8.0,TREND,2026-08-20 09:28:00+00:00,f1
ETHUSDT,2026-08-20 09:29:00+00:00,0.0005000000000000001,0.0019,BE_STOP,1.6,13.0,CHOP,2026-08-20 09:29:00+00:00,f1
XRPUSDT,2026-08-20 09:31:00+00:00,0.0005000000000000001,0.0019,BE_STOP,1.6,3.0,TREND,2026-08-20 09:31:00+00:00,f1
BTCUSDT,2026-08-20 09:52:00+00:00,0.0005000000000000001,0.0019,BE_STOP,1.6,45.0,TREND,2026-08-20 09:52:00+00:00,f1
XRPUSDT,2026-08-20 09:52:00+00:00,0.004600000000000001,0.006,TP,1.6,22.0,TREND,2026-08-20 09:52:00+00:00,f1
SOLUSDT,2026-08-20 09:59:00+00:00,0.0005000000000000001,0.0019,BE_STOP,1.6,50.0,TREND,2026-08-20 09:59:00+00:00,f1
ETHUSDT,2026-08-20 10:08:00+00:00,0.0005000000000000001,0.0019,BE_STOP,1.6,36.0,CHOP,2026-08-20 10:08:00+00:00,f1
BTCUSDT,2026-08-20 10:15:00+00:00,0.004600000000000001,0.006,TP,1.6,57.0,TREND,2026-08-20 10:15:00+00:00,f1
BTCUSDT,2026-08-20 10:15:00+00:00,0.004600000000000001,0.006,TP,1.6,53.0,TREND,2026-08-20 10:15:00+00:00,f1
BTCUSDT,2026-08-20 10:15:00+00:00,0.004600000000000001,0.006,TP,1.6,7.0,TREND,2026-08-20 10:15:00+00:00,f1
NEARUSDT,2026-08-20 11:11:00+00:00,0.004600000000000001,0.006,TP,1.6,72.0,CHOP,2026-08-20 11:11:00+00:00,f1
ETHUSDT,2026-08-20 11:31:00+00:00,0.004600000000000001,0.006,TP,1.6,72.0,CHOP,2026-08-20 11:31:00+00:00,f1
ETHUSDT,2026-08-20 11:52:00+00:00,0.0005000000000000001,0.0019,BE_STOP,1.6,20.0,CHOP,2026-08-20 11:52:00+00:00,f1
BTCUSDT,2026-08-20 12:10:00+00:00,0.0005000000000000001,0.0019,BE_STOP,1.6,135.0,TREND,2026-08-20 12:10:00+00:00,f1
ETHUSDT,2026-08-20 12:11:00+00:00,0.0005000000000000001,0.0019,BE_STOP,1.6,138.0,CHOP,2026-08-20 12:11:00+00:00,f1
BTCUSDT,2026-08-20 12:13:00+00:00,0.0005000000000000001,0.0019,BE_STOP,1.6,62.0,TREND,2026-08-20 12:13:00+00:00,f1
NEARUSDT,2026-08-20 12:32:00+00:00,-0.0264,-0.025,MAE_KILL,1.6,137.0,CHOP,2026-08-20 12:32:00+00:00,f1
NEARUSDT,2026-08-20 12:35:00+00:00,-0.0264,-0.025,MAE_KILL,1.6,138.0,CHOP,2026-08-20 12:35:00+00:00,f1
SOLUSDT,2026-08-20 12:50:00+00:00,0.0005000000000000001,0.0019,BE_STOP,1.6,35.0,CHOP,2026-08-20 12:50:00+00:00,f1
BTCUSDT,2026-08-20 12:51:00+00:00,0.0005000000000000001,0.0019,BE_STOP,1.6,41.0,TREND,2026-08-20 12:51:00+00:00,f1
BTCUSDT,2026-08-20 12:51:00+00:00,0.0005000000000000001,0.0019,BE_STOP,1.6,39.0,TREND,2026-08-20 12:51:00+00:00,f1
BTCUSDT,2026-08-20 12:51:00+00:00,0.0005000000000000001,0.0019,BE_STOP,1.6,15.0,TREND,2026-08-20 12:51:00+00:00,f1
XRPUSDT,2026-08-20 13:05:00+00:00,0.0005000000000000001,0.0019,BE_STOP,1.6,10.0,TREND,2026-08-20 13:05:00+00:00,f1
XRPUSDT,2026-08-20 13:05:00+00:00,0.0005000000000000001,0.0019,BE_STOP,1.6,6.0,TREND,2026-08-20 13:05:00+00:00,f1
BTCUSDT,2026-08-20 13:11:00+00:00,0.0005000000000000001,0.0019,BE_STOP,1.6,39.0,TREND,2026-08-20 13:11:00+00:00,f1
XRPUSDT,2026-08-20 13:20:00+00:00,0.004600000000000001,0.006,TP,1.6,15.0,TREND,2026-08-20 13:20:00+00:00,f1
SOLUSDT,2026-08-20 13:22:00+00:00,0.0005000000000000001,0.0019,BE_STOP,1.6,11.0,CHOP,2026-08-20 13:22:00+00:00,f1
ETHUSDT,2026-08-20 13:36:00+00:00,0.004600000000000001,0.006,TP,1.6,299.0,TREND,2026-08-20 13:36:00+00:00,f1
XRPUSDT,2026-08-20 14:04:00+00:00,-0.0314,-0.03,HARD_SL,1.6,74.0,TREND,2026-08-20 14:04:00+00:00,f1
BTCUSDT,2026-08-20 14:15:00+00:00,0.0005000000000000001,0.0019,BE_STOP,1.6,11.0,CHOP,2026-08-20 14:15:00+00:00,f1
XRPUSDT,2026-08-20 14:16:00+00:00,0.005759064598286615,0.007159064598286614,TP,1.6,1.0,TREND,2026-08-20 14:16:00+00:00,f1
XRPUSDT,2026-08-20 14:29:00+00:00,0.0005000000000000001,0.0019,BE_STOP,1.6,12.0,TREND,2026-08-20 14:29:00+00:00,f1
BTCUSDT,2026-08-20 15:03:00+00:00,0.004600000000000001,0.006,TP,1.6,126.0,TREND,2026-08-20 15:03:00+00:00,f1
ETHUSDT,2026-08-20 15:04:00+00:00,0.004600000000000001,0.006,TP,1.6,103.0,CHOP,2026-08-20 15:04:00+00:00,f1
BTCUSDT,2026-08-20 15:04:00+00:00,0.004600000000000001,0.006,TP,1.6,101.0,CHOP,2026-08-20 15:04:00+00:00,f1
ETHUSDT,2026-08-20 15:06:00+00:00,0.0005000000000000001,0.0019,BE_STOP,1.6,119.0,CHOP,2026-08-20 15:06:00+00:00,f1
ETHUSDT,2026-08-20 15:20:00+00:00,0.004600000000000001,0.006,TP,1.6,14.0,CHOP,2026-08-20 15:20:00+00:00,f1
BTCUSDT,2026-08-20 15:22:00+00:00,0.0005000000000000001,0.0019,BE_STOP,1.6,14.0,CHOP,2026-08-20 15:22:00+00:00,f1
ETHUSDT,2026-08-20 15:30:00+00:00,0.004600000000000001,0.006,TP,1.6,8.0,CHOP,2026-08-20 15:30:00+00:00,f1
BTCUSDT,2026-08-20 15:31:00+00:00,0.004600000000000001,0.006,TP,1.6,19.0,CHOP,2026-08-20 15:31:00+00:00,f1
BTCUSDT,2026-08-20 15:32:00+00:00,0.004600000000000001,0.006,TP,1.6,28.0,CHOP,2026-08-20 15:32:00+00:00,f1
ETHUSDT,2026-08-20 15:51:00+00:00,-0.0314,-0.03,HARD_SL,1.6,134.0,CHOP,2026-08-20 15:51:00+00:00,f1
XRPUSDT,2026-08-20 15:57:00+00:00,0.005736582973043869,0.007136582973043868,TP,1.6,37.0,TREND,2026-08-20 15:57:00+00:00,f1
SOLUSDT,2026-08-20 16:13:00+00:00,0.0005000000000000001,0.0019,BE_STOP,1.6,39.0,CHOP,2026-08-20 16:13:00+00:00,f1
XRPUSDT,2026-08-20 16:40:00+00:00,-0.0314,-0.03,HARD_SL,1.6,70.0,TREND,2026-08-20 16:40:00+00:00,f1
ETHUSDT,2026-08-20 16:41:00+00:00,-0.0314,-0.03,HARD_SL,1.6,132.0,CHOP,2026-08-20 16:41:00+00:00,f1
BTCUSDT,2026-08-20 16:49:00+00:00,0.0005000000000000001,0.0019,BE_STOP,1.6,56.0,CHOP,2026-08-20 16:49:00+00:00,f1
BTCUSDT,2026-08-20 16:49:00+00:00,0.0005000000000000001,0.0019,BE_STOP,1.6,52.0,CHOP,2026-08-20 16:49:00+00:00,f1
BTCUSDT,2026-08-20 17:06:00+00:00,0.0005000000000000001,0.0019,BE_STOP,1.6,94.0,CHOP,2026-08-20 17:06:00+00:00,f1
BTCUSDT,2026-08-20 17:06:00+00:00,0.0005000000000000001,0.0019,BE_STOP,1.6,19.0,CHOP,2026-08-20 17:06:00+00:00,f1
BTCUSDT,2026-08-20 17:09:00+00:00,0.0005000000000000001,0.0019,BE_STOP,1.6,25.0,CHOP,2026-08-20 17:09:00+00:00,f1
BTCUSDT,2026-08-20 17:09:00+00:00,0.0005000000000000001,0.0019,BE_STOP,1.6,18.0,CHOP,2026-08-20 17:09:00+00:00,f1
BTCUSDT,2026-08-20 17:10:00+00:00,0.0005000000000000001,0.0019,BE_STOP,1.6,21.0,CHOP,2026-08-20 17:10:00+00:00,f1
BTCUSDT,2026-08-20 18:00:00+00:00,0.0005000000000000001,0.0019,BE_STOP,1.6,54.0,CHOP,2026-08-20 18:00:00+00:00,f1
BTCUSDT,2026-08-20 18:00:00+00:00,0.0005000000000000001,0.0019,BE_STOP,1.6,52.0,CHOP,2026-08-20 18:00:00+00:00,f1
SOLUSDT,2026-08-20 18:02:00+00:00,0.004600000000000001,0.006,TP,1.6,2.0,CHOP,2026-08-20 18:02:00+00:00,f1
ETHUSDT,2026-08-20 18:16:00+00:00,0.004600000000000001,0.006,TP,1.6,62.0,CHOP,2026-08-20 18:16:00+00:00,f1
BTCUSDT,2026-08-20 18:37:00+00:00,0.0005000000000000001,0.0019,BE_STOP,1.6,86.0,CHOP,2026-08-20 18:37:00+00:00,f1
BTCUSDT,2026-08-20 18:52:00+00:00,0.0005000000000000001,0.0019,BE_STOP,1.6,96.0,CHOP,2026-08-20 18:52:00+00:00,f1
XRPUSDT,2026-08-20 18:55:00+00:00,0.004612143429946125,0.006012143429946124,TP,1.6,3.0,CHOP,2026-08-20 18:55:00+00:00,f1
BTCUSDT,2026-08-20 19:10:00+00:00,0.0005000000000000001,0.0019,BE_STOP,1.6,64.0,CHOP,2026-08-20 19:10:00+00:00,f1
BTCUSDT,2026-08-20 19:10:00+00:00,0.0005000000000000001,0.0019,BE_STOP,1.6,53.0,CHOP,2026-08-20 19:10:00+00:00,f1
BTCUSDT,2026-08-20 19:11:00+00:00,0.0005000000000000001,0.0019,BE_STOP,1.6,34.0,CHOP,2026-08-20 19:11:00+00:00,f1
BTCUSDT,2026-08-20 19:14:00+00:00,0.0005000000000000001,0.0019,BE_STOP,1.6,71.0,CHOP,2026-08-20 19:14:00+00:00,f1
BTCUSDT,2026-08-20 19:47:00+00:00,0.0005000000000000001,0.0019,BE_STOP,1.6,30.0,CHOP,2026-08-20 19:47:00+00:00,f1
XRPUSDT,2026-08-20 19:59:00+00:00,0.0005000000000000001,0.0019,BE_STOP,1.6,46.0,CHOP,2026-08-20 19:59:00+00:00,f1
XRPUSDT,2026-08-20 19:59:00+00:00,0.0005000000000000001,0.0019,BE_STOP,1.6,44.0,CHOP,2026-08-20 19:59:00+00:00,f1
ETHUSDT,2026-08-20 20:03:00+00:00,0.0005000000000000001,0.0019,BE_STOP,1.6,68.0,CHOP,2026-08-20 20:03:00+00:00,f1
ETHUSDT,2026-08-20 20:19:00+00:00,0.0005000000000000001,0.0019,BE_STOP,1.6,18.0,CHOP,2026-08-20 20:19:00+00:00,f1
ETHUSDT,2026-08-20 20:19:00+00:00,0.0005000000000000001,0.0019,BE_STOP,1.6,15.0,CHOP,2026-08-20 20:19:00+00:00,f1
BTCUSDT,2026-08-20 20:39:00+00:00,0.0005000000000000001,0.0019,BE_STOP,1.6,18.0,CHOP,2026-08-20 20:39:00+00:00,f1
BTCUSDT,2026-08-20 20:40:00+00:00,0.0005000000000000001,0.0019,BE_STOP,1.6,41.0,CHOP,2026-08-20 20:40:00+00:00,f1
SOLUSDT,2026-08-20 20:52:00+00:00,0.0005000000000000001,0.0019,BE_STOP,1.6,101.0,CHOP,2026-08-20 20:52:00+00:00,f1
XRPUSDT,2026-08-20 20:52:00+00:00,0.0005000000000000001,0.0019,BE_STOP,1.6,13.0,CHOP,2026-08-20 20:52:00+00:00,f1
ETHUSDT,2026-08-20 20:58:00+00:00,0.0005000000000000001,0.0019,BE_STOP,1.6,39.0,CHOP,2026-08-20 20:58:00+00:00,f1
SOLUSDT,2026-08-20 21:18:00+00:00,0.0005000000000000001,0.0019,BE_STOP,1.6,37.0,CHOP,2026-08-20 21:18:00+00:00,f1
NEARUSDT,2026-08-20 22:00:00+00:00,-0.0264,-0.025,MAE_KILL,1.6,133.0,CHOP,2026-08-20 22:00:00+00:00,f1
NEARUSDT,2026-08-20 22:00:00+00:00,0.004600000000000001,0.006,TP,1.6,42.0,CHOP,2026-08-20 22:00:00+00:00,f1
XRPUSDT,2026-08-20 22:21:00+00:00,0.0005000000000000001,0.0019,BE_STOP,1.6,20.0,CHOP,2026-08-20 22:21:00+00:00,f1
NEARUSDT,2026-08-20 22:23:00+00:00,0.004600000000000001,0.006,TP,1.6,20.0,CHOP,2026-08-20 22:23:00+00:00,f1
BTCUSDT,2026-08-20 23:25:00+00:00,0.004600000000000001,0.006,TP,1.6,61.0,CHOP,2026-08-20 23:25:00+00:00,f1
SOLUSDT,2026-08-20 23:34:00+00:00,0.0005000000000000001,0.0019,BE_STOP,1.6,702.0,TREND,2026-08-20 23:34:00+00:00,f1
SOLUSDT,2026-08-21 00:18:00+00:00,0.004600000000000001,0.006,TP,1.6,931.0,TREND,2026-08-21 00:18:00+00:00,f1
BTCUSDT,2026-08-21 00:18:00+00:00,0.004600000000000001,0.006,TP,1.6,44.0,CHOP,2026-08-21 00:18:00+00:00,f1
NEARUSDT,2026-08-21 00:25:00+00:00,0.0005000000000000001,0.0019,BE_STOP,1.6,59.0,CHOP,2026-08-21 00:25:00+00:00,f1
BTCUSDT,2026-08-21 00:35:00+00:00,0.0005000000000000001,0.0019,BE_STOP,1.6,16.0,CHOP,2026-08-21 00:35:00+00:00,f1
XRPUSDT,2026-08-21 01:05:00+00:00,0.0005000000000000001,0.0019,BE_STOP,1.6,44.0,TREND,2026-08-21 01:05:00+00:00,f1
BTCUSDT,2026-08-21 01:16:00+00:00,0.004600000000000001,0.006,TP,1.6,41.0,TREND,2026-08-21 01:16:00+00:00,f1
BTCUSDT,2026-08-21 01:18:00+00:00,-0.0314,-0.03,HARD_SL,1.6,545.0,CHOP,2026-08-21 01:18:00+00:00,f1
BTCUSDT,2026-08-21 01:18:00+00:00,-0.0314,-0.03,HARD_SL,1.6,264.0,CHOP,2026-08-21 01:18:00+00:00,f1
BTCUSDT,2026-08-21 01:18:00+00:00,-0.0314,-0.03,HARD_SL,1.6,260.0,CHOP,2026-08-21 01:18:00+00:00,f1
BTCUSDT,2026-08-21 01:18:00+00:00,0.004600000000000001,0.006,TP,1.6,13.0,CHOP,2026-08-21 01:18:00+00:00,f1
ETHUSDT,2026-08-21 01:18:00+00:00,0.004600000000000001,0.006,TP,1.6,1.0,CHOP,2026-08-21 01:18:00+00:00,f1
SOLUSDT,2026-08-21 01:20:00+00:00,0.0005000000000000001,0.0019,BE_STOP,1.6,55.0,CHOP,2026-08-21 01:20:00+00:00,f1
BTCUSDT,2026-08-21 01:31:00+00:00,0.004600000000000001,0.006,TP,1.6,10.0,TREND,2026-08-21 01:31:00+00:00,f1
BTCUSDT,2026-08-21 01:34:00+00:00,0.0005000000000000001,0.0019,BE_STOP,1.6,5.0,TREND,2026-08-21 01:34:00+00:00,f1
SOLUSDT,2026-08-21 01:47:00+00:00,0.004600000000000001,0.006,TP,1.6,28.0,CHOP,2026-08-21 01:47:00+00:00,f1
NEARUSDT,2026-08-21 01:47:00+00:00,0.0005000000000000001,0.0019,BE_STOP,1.6,24.0,TREND,2026-08-21 01:47:00+00:00,f1
BTCUSDT,2026-08-21 01:47:00+00:00,0.004600000000000001,0.006,TP,1.6,14.0,TREND,2026-08-21 01:47:00+00:00,f1
BTCUSDT,2026-08-21 01:47:00+00:00,0.004600000000000001,0.006,TP,1.6,12.0,TREND,2026-08-21 01:47:00+00:00,f1
XRPUSDT,2026-08-21 01:47:00+00:00,0.004600000000000001,0.006,TP,1.6,10.0,TREND,2026-08-21 01:47:00+00:00,f1
ETHUSDT,2026-08-21 01:48:00+00:00,-0.0314,-0.03,HARD_SL,1.6,207.0,CHOP,2026-08-21 01:48:00+00:00,f1
BTCUSDT,2026-08-21 01:54:00+00:00,0.0005000000000000001,0.0019,BE_STOP,1.6,6.0,TREND,2026-08-21 01:54:00+00:00,f1
NEARUSDT,2026-08-21 02:06:00+00:00,0.004600000000000001,0.006,TP,1.6,6.0,CHOP,2026-08-21 02:06:00+00:00,f1
SOLUSDT,2026-08-21 02:38:00+00:00,-0.0314,-0.03,HARD_SL,1.6,346.0,CHOP,2026-08-21 02:38:00+00:00,f1
SOLUSDT,2026-08-21 02:38:00+00:00,0.004600000000000001,0.006,TP,1.6,31.0,CHOP,2026-08-21 02:38:00+00:00,f1
XRPUSDT,2026-08-21 02:40:00+00:00,0.0005000000000000001,0.0019,BE_STOP,1.6,42.0,TREND,2026-08-21 02:40:00+00:00,f1
BTCUSDT,2026-08-21 03:04:00+00:00,0.004600000000000001,0.006,TP,1.6,24.0,TREND,2026-08-21 03:04:00+00:00,f1
ETHUSDT,2026-08-21 03:11:00+00:00,0.0005000000000000001,0.0019,BE_STOP,1.6,106.0,CHOP,2026-08-21 03:11:00+00:00,f1
XRPUSDT,2026-08-21 03:27:00+00:00,0.004600000000000001,0.006,TP,1.6,14.0,CHOP,2026-08-21 03:27:00+00:00,f1
NEARUSDT,2026-08-21 03:37:00+00:00,0.004600000000000001,0.006,TP,1.6,10.0,CHOP,2026-08-21 03:37:00+00:00,f1
XRPUSDT,2026-08-21 03:44:00+00:00,0.0005000000000000001,0.0019,BE_STOP,1.6,7.0,TREND,2026-08-21 03:44:00+00:00,f1
XRPUSDT,2026-08-21 03:51:00+00:00,0.004600000000000001,0.006,TP,1.6,7.0,TREND,2026-08-21 03:51:00+00:00,f1
BTCUSDT,2026-08-21 05:23:00+00:00,0.0005000000000000001,0.0019,BE_STOP,1.6,207.0,TREND,2026-08-21 05:23:00+00:00,f1
SOLUSDT,2026-08-21 05:24:00+00:00,0.0005000000000000001,0.0019,BE_STOP,1.6,162.0,TREND,2026-08-21 05:24:00+00:00,f1
ETHUSDT,2026-08-21 05:24:00+00:00,0.0005000000000000001,0.0019,BE_STOP,1.6,93.0,CHOP,2026-08-21 05:24:00+00:00,f1
XRPUSDT,2026-08-21 05:48:00+00:00,0.0005000000000000001,0.0019,BE_STOP,1.6,23.0,CHOP,2026-08-21 05:48:00+00:00,f1
ETHUSDT,2026-08-21 06:03:00+00:00,0.004600000000000001,0.006,TP,1.6,205.0,CHOP,2026-08-21 06:03:00+00:00,f1
BTCUSDT,2026-08-21 06:11:00+00:00,0.0005000000000000001,0.0019,BE_STOP,1.6,22.0,TREND,2026-08-21 06:11:00+00:00,f1
BTCUSDT,2026-08-21 06:37:00+00:00,0.0005000000000000001,0.0019,BE_STOP,1.6,33.0,TREND,2026-08-21 06:37:00+00:00,f1
BTCUSDT,2026-08-21 06:42:00+00:00,0.0005000000000000001,0.0019,BE_STOP,1.6,292.0,TREND,2026-08-21 06:42:00+00:00,f1
BTCUSDT,2026-08-21 06:42:00+00:00,0.0005000000000000001,0.0019,BE_STOP,1.6,290.0,TREND,2026-08-21 06:42:00+00:00,f1
BTCUSDT,2026-08-21 06:43:00+00:00,0.0005000000000000001,0.0019,BE_STOP,1.6,289.0,TREND,2026-08-21 06:43:00+00:00,f1
BTCUSDT,2026-08-21 06:43:00+00:00,0.0005000000000000001,0.0019,BE_STOP,1.6,80.0,TREND,2026-08-21 06:43:00+00:00,f1
SOLUSDT,2026-08-21 06:48:00+00:00,0.0005000000000000001,0.0019,BE_STOP,1.6,5.0,TREND,2026-08-21 06:48:00+00:00,f1
ETHUSDT,2026-08-21 06:49:00+00:00,0.004600000000000001,0.006,TP,1.6,12.0,CHOP,2026-08-21 06:49:00+00:00,f1
XRPUSDT,2026-08-21 07:01:00+00:00,0.0005000000000000001,0.0019,BE_STOP,1.6,13.0,CHOP,2026-08-21 07:01:00+00:00,f1
BTCUSDT,2026-08-21 07:05:00+00:00,0.0005000000000000001,0.0019,BE_STOP,1.6,4.0,CHOP,2026-08-21 07:05:00+00:00,f1
ETHUSDT,2026-08-21 07:15:00+00:00,0.004600000000000001,0.006,TP,1.6,25.0,CHOP,2026-08-21 07:15:00+00:00,f1
BTCUSDT,2026-08-21 07:15:00+00:00,0.004600000000000001,0.006,TP,1.6,18.0,CHOP,2026-08-21 07:15:00+00:00,f1
BTCUSDT,2026-08-21 07:15:00+00:00,0.004600000000000001,0.006,TP,1.6,10.0,CHOP,2026-08-21 07:15:00+00:00,f1
ETHUSDT,2026-08-21 07:18:00+00:00,0.0005000000000000001,0.0019,BE_STOP,1.6,3.0,TREND,2026-08-21 07:18:00+00:00,f1
SOLUSDT,2026-08-21 07:21:00+00:00,0.0005000000000000001,0.0019,BE_STOP,1.6,70.0,TREND,2026-08-21 07:21:00+00:00,f1
BTCUSDT,2026-08-21 07:42:00+00:00,0.004600000000000001,0.006,TP,1.6,18.0,TREND,2026-08-21 07:42:00+00:00,f1
BTCUSDT,2026-08-21 07:43:00+00:00,0.004600000000000001,0.006,TP,1.6,22.0,TREND,2026-08-21 07:43:00+00:00,f1
BTCUSDT,2026-08-21 07:44:00+00:00,0.0005000000000000001,0.0019,BE_STOP,1.6,27.0,TREND,2026-08-21 07:44:00+00:00,f1
BTCUSDT,2026-08-21 07:46:00+00:00,0.0005000000000000001,0.0019,BE_STOP,1.6,27.0,TREND,2026-08-21 07:46:00+00:00,f1
XRPUSDT,2026-08-21 08:03:00+00:00,-0.0314,-0.03,HARD_SL,1.6,297.0,CHOP,2026-08-21 08:03:00+00:00,f1
BTCUSDT,2026-08-21 08:05:00+00:00,0.0005000000000000001,0.0019,BE_STOP,1.6,20.0,TREND,2026-08-21 08:05:00+00:00,f1
BTCUSDT,2026-08-21 08:06:00+00:00,0.0005000000000000001,0.0019,BE_STOP,1.6,18.0,TREND,2026-08-21 08:06:00+00:00,f1
XRPUSDT,2026-08-21 08:06:00+00:00,0.0005000000000000001,0.0019,BE_STOP,1.6,3.0,CHOP,2026-08-21 08:06:00+00:00,f1
BTCUSDT,2026-08-21 08:13:00+00:00,0.004600000000000001,0.006,TP,1.6,8.0,TREND,2026-08-21 08:13:00+00:00,f1
NEARUSDT,2026-08-21 08:13:00+00:00,0.0005000000000000001,0.0019,BE_STOP,1.6,5.0,TREND,2026-08-21 08:13:00+00:00,f1
BTCUSDT,2026-08-21 08:14:00+00:00,0.004600000000000001,0.006,TP,1.6,31.0,TREND,2026-08-21 08:14:00+00:00,f1
BTCUSDT,2026-08-21 08:14:00+00:00,0.004600000000000001,0.006,TP,1.6,4.0,TREND,2026-08-21 08:14:00+00:00,f1
XRPUSDT,2026-08-21 08:15:00+00:00,-0.0314,-0.03,HARD_SL,1.6,25.0,CHOP,2026-08-21 08:15:00+00:00,f1
XRPUSDT,2026-08-21 08:17:00+00:00,0.005740734451284253,0.007140734451284252,TP,1.6,4.0,CHOP,2026-08-21 08:17:00+00:00,f1
SOLUSDT,2026-08-21 08:25:00+00:00,0.004600000000000001,0.006,TP,1.6,9.0,CHOP,2026-08-21 08:25:00+00:00,f1
BTCUSDT,2026-08-21 08:27:00+00:00,0.0005000000000000001,0.0019,BE_STOP,1.6,8.0,TREND,2026-08-21 08:27:00+00:00,f1
BTCUSDT,2026-08-21 08:31:00+00:00,0.004600000000000001,0.006,TP,1.6,10.0,TREND,2026-08-21 08:31:00+00:00,f1
BTCUSDT,2026-08-21 08:31:00+00:00,0.004600000000000001,0.006,TP,1.6,8.0,TREND,2026-08-21 08:31:00+00:00,f1
BTCUSDT,2026-08-21 08:33:00+00:00,-0.0314,-0.03,HARD_SL,1.6,107.0,CHOP,2026-08-21 08:33:00+00:00,f1
BTCUSDT,2026-08-21 08:33:00+00:00,0.004600000000000001,0.006,TP,1.6,5.0,TREND,2026-08-21 08:33:00+00:00,f1
BTCUSDT,2026-08-21 08:35:00+00:00,0.004600000000000001,0.006,TP,1.6,9.0,TREND,2026-08-21 08:35:00+00:00,f1
SOLUSDT,2026-08-21 08:38:00+00:00,0.004600000000000001,0.006,TP,1.6,5.0,TREND,2026-08-21 08:38:00+00:00,f1
XRPUSDT,2026-08-21 08:43:00+00:00,0.0005000000000000001,0.0019,BE_STOP,1.6,8.0,CHOP,2026-08-21 08:43:00+00:00,f1
ETHUSDT,2026-08-21 08:46:00+00:00,-0.0314,-0.03,HARD_SL,1.6,199.0,CHOP,2026-08-21 08:46:00+00:00,f1
ETHUSDT,2026-08-21 08:46:00+00:00,0.004600000000000001,0.006,TP,1.6,6.0,TREND,2026-08-21 08:46:00+00:00,f1
ETHUSDT,2026-08-21 08:46:00+00:00,0.004600000000000001,0.006,TP,1.6,2.0,TREND,2026-08-21 08:46:00+00:00,f1
BTCUSDT,2026-08-21 08:47:00+00:00,0.004600000000000001,0.006,TP,1.6,9.0,TREND,2026-08-21 08:47:00+00:00,f1
SOLUSDT,2026-08-21 08:47:00+00:00,0.004600000000000001,0.006,TP,1.6,5.0,TREND,2026-08-21 08:47:00+00:00,f1
SOLUSDT,2026-08-21 08:51:00+00:00,-0.0314,-0.03,HARD_SL,1.6,116.0,TREND,2026-08-21 08:51:00+00:00,f1
BTCUSDT,2026-08-21 08:51:00+00:00,0.004600000000000001,0.006,TP,1.6,2.0,TREND,2026-08-21 08:51:00+00:00,f1
NEARUSDT,2026-08-21 08:57:00+00:00,0.004600000000000001,0.006,TP,1.6,6.0,TREND,2026-08-21 08:57:00+00:00,f1
BTCUSDT,2026-08-21 08:57:00+00:00,0.004600000000000001,0.006,TP,1.6,2.0,TREND,2026-08-21 08:57:00+00:00,f1
XRPUSDT,2026-08-21 09:00:00+00:00,0.005135773300627145,0.006535773300627145,TP,1.6,3.0,CHOP,2026-08-21 09:00:00+00:00,f1
ETHUSDT,2026-08-21 09:01:00+00:00,0.0005000000000000001,0.0019,BE_STOP,1.6,8.0,TREND,2026-08-21 09:01:00+00:00,f1
ETHUSDT,2026-08-21 09:07:00+00:00,0.00569296984239893,0.0070929698423989294,TP,1.6,3.0,TREND,2026-08-21 09:07:00+00:00,f1
BTCUSDT,2026-08-21 09:18:00+00:00,0.0005000000000000001,0.0019,BE_STOP,1.6,9.0,TREND,2026-08-21 09:18:00+00:00,f1
XRPUSDT,2026-08-21 09:18:00+00:00,0.0005000000000000001,0.0019,BE_STOP,1.6,5.0,CHOP,2026-08-21 09:18:00+00:00,f1
ETHUSDT,2026-08-21 09:32:00+00:00,0.0005000000000000001,0.0019,BE_STOP,1.6,14.0,CHOP,2026-08-21 09:32:00+00:00,f1
BTCUSDT,2026-08-21 09:37:00+00:00,0.0005000000000000001,0.0019,BE_STOP,1.6,26.0,TREND,2026-08-21 09:37:00+00:00,f1
BTCUSDT,2026-08-21 09:44:00+00:00,0.004600000000000001,0.006,TP,1.6,9.0,TREND,2026-08-21 09:44:00+00:00,f1
BTCUSDT,2026-08-21 09:44:00+00:00,0.004600000000000001,0.006,TP,1.6,6.0,TREND,2026-08-21 09:44:00+00:00,f1
BTCUSDT,2026-08-21 11:19:00+00:00,0.004600000000000001,0.006,TP,1.6,119.0,TREND,2026-08-21 11:19:00+00:00,f1
BTCUSDT,2026-08-21 11:22:00+00:00,0.0005000000000000001,0.0019,BE_STOP,1.6,118.0,TREND,2026-08-21 11:22:00+00:00,f1
BTCUSDT,2026-08-21 11:23:00+00:00,0.0005000000000000001,0.0019,BE_STOP,1.6,127.0,TREND,2026-08-21 11:23:00+00:00,f1
BTCUSDT,2026-08-21 11:32:00+00:00,-0.0314,-0.03,HARD_SL,1.6,153.0,TREND,2026-08-21 11:32:00+00:00,f1
BTCUSDT,2026-08-21 11:32:00+00:00,0.004600000000000001,0.006,TP,1.6,12.0,CHOP,2026-08-21 11:32:00+00:00,f1
ETHUSDT,2026-08-21 11:32:00+00:00,0.004600000000000001,0.006,TP,1.6,6.0,CHOP,2026-08-21 11:32:00+00:00,f1
SOLUSDT,2026-08-21 11:34:00+00:00,0.0067596708957899645,0.008159670895789964,TP,1.6,147.0,TREND,2026-08-21 11:34:00+00:00,f1
SOLUSDT,2026-08-21 11:34:00+00:00,0.004600000000000001,0.006,TP,1.6,1.0,CHOP,2026-08-21 11:34:00+00:00,f1
BTCUSDT,2026-08-21 11:51:00+00:00,0.0005000000000000001,0.0019,BE_STOP,1.6,8.0,CHOP,2026-08-21 11:51:00+00:00,f1
BTCUSDT,2026-08-21 11:52:00+00:00,0.0005000000000000001,0.0019,BE_STOP,1.6,15.0,CHOP,2026-08-21 11:52:00+00:00,f1
BTCUSDT,2026-08-21 11:53:00+00:00,0.0005000000000000001,0.0019,BE_STOP,1.6,13.0,CHOP,2026-08-21 11:53:00+00:00,f1
XRPUSDT,2026-08-21 11:59:00+00:00,0.004600000000000001,0.006,TP,1.6,5.0,CHOP,2026-08-21 11:59:00+00:00,f1
SOLUSDT,2026-08-21 12:03:00+00:00,0.0005000000000000001,0.0019,BE_STOP,1.6,4.0,CHOP,2026-08-21 12:03:00+00:00,f1
BTCUSDT,2026-08-21 12:05:00+00:00,0.0005000000000000001,0.0019,BE_STOP,1.6,30.0,CHOP,2026-08-21 12:05:00+00:00,f1
BTCUSDT,2026-08-21 12:06:00+00:00,0.0005000000000000001,0.0019,BE_STOP,1.6,15.0,CHOP,2026-08-21 12:06:00+00:00,f1
BTCUSDT,2026-08-21 12:06:00+00:00,0.0005000000000000001,0.0019,BE_STOP,1.6,9.0,CHOP,2026-08-21 12:06:00+00:00,f1
ETHUSDT,2026-08-21 12:39:00+00:00,0.004600000000000001,0.006,TP,1.6,31.0,CHOP,2026-08-21 12:39:00+00:00,f1
ETHUSDT,2026-08-21 12:53:00+00:00,0.0005000000000000001,0.0019,BE_STOP,1.6,13.0,CHOP,2026-08-21 12:53:00+00:00,f1
NEARUSDT,2026-08-21 13:31:00+00:00,0.0046961313012895715,0.006096131301289571,TP,1.6,249.0,CHOP,2026-08-21 13:31:00+00:00,f1
XRPUSDT,2026-08-21 13:31:00+00:00,0.0005000000000000001,0.0019,BE_STOP,1.6,127.0,CHOP,2026-08-21 13:31:00+00:00,f1
BTCUSDT,2026-08-21 13:35:00+00:00,0.004600000000000001,0.006,TP,1.6,92.0,CHOP,2026-08-21 13:35:00+00:00,f1
SOLUSDT,2026-08-21 13:35:00+00:00,0.004600000000000001,0.006,TP,1.6,90.0,CHOP,2026-08-21 13:35:00+00:00,f1
SOLUSDT,2026-08-21 13:37:00+00:00,0.0005000000000000001,0.0019,BE_STOP,1.6,86.0,CHOP,2026-08-21 13:37:00+00:00,f1
XRPUSDT,2026-08-21 13:37:00+00:00,0.0049656977942692,0.006365697794269199,TP,1.6,6.0,CHOP,2026-08-21 13:37:00+00:00,f1
NEARUSDT,2026-08-21 13:37:00+00:00,0.0005000000000000001,0.0019,BE_STOP,1.6,4.0,CHOP,2026-08-21 13:37:00+00:00,f1
XRPUSDT,2026-08-21 13:37:00+00:00,0.005936269766770164,0.007336269766770163,TP,1.6,2.0,CHOP,2026-08-21 13:37:00+00:00,f1
XRPUSDT,2026-08-21 13:48:00+00:00,0.006504721326110329,0.007904721326110328,TP,1.6,6.0,CHOP,2026-08-21 13:48:00+00:00,f1
BTCUSDT,2026-08-21 13:51:00+00:00,0.004600000000000001,0.006,TP,1.6,5.0,CHOP,2026-08-21 13:51:00+00:00,f1
ETHUSDT,2026-08-21 13:53:00+00:00,0.0005000000000000001,0.0019,BE_STOP,1.6,9.0,CHOP,2026-08-21 13:53:00+00:00,f1
BTCUSDT,2026-08-21 13:54:00+00:00,0.0005000000000000001,0.0019,BE_STOP,1.6,61.0,CHOP,2026-08-21 13:54:00+00:00,f1
NEARUSDT,2026-08-21 14:03:00+00:00,0.0005000000000000001,0.0019,BE_STOP,1.6,14.0,CHOP,2026-08-21 14:03:00+00:00,f1
ETHUSDT,2026-08-21 14:11:00+00:00,0.0005000000000000001,0.0019,BE_STOP,1.6,12.0,CHOP,2026-08-21 14:11:00+00:00,f1
NEARUSDT,2026-08-21 14:19:00+00:00,0.0005000000000000001,0.0019,BE_STOP,1.6,8.0,CHOP,2026-08-21 14:19:00+00:00,f1
ETHUSDT,2026-08-21 14:23:00+00:00,0.0005000000000000001,0.0019,BE_STOP,1.6,20.0,CHOP,2026-08-21 14:23:00+00:00,f1
SOLUSDT,2026-08-21 14:36:00+00:00,0.004600000000000001,0.006,TP,1.6,13.0,CHOP,2026-08-21 14:36:00+00:00,f1
NEARUSDT,2026-08-21 14:54:00+00:00,0.0005000000000000001,0.0019,BE_STOP,1.6,18.0,CHOP,2026-08-21 14:54:00+00:00,f1
BTCUSDT,2026-08-21 15:14:00+00:00,0.004600000000000001,0.006,TP,1.6,77.0,TREND,2026-08-21 15:14:00+00:00,f1
BTCUSDT,2026-08-21 15:14:00+00:00,0.004600000000000001,0.006,TP,1.6,20.0,CHOP,2026-08-21 15:14:00+00:00,f1
BTCUSDT,2026-08-21 15:15:00+00:00,0.004600000000000001,0.006,TP,1.6,82.0,CHOP,2026-08-21 15:15:00+00:00,f1
XRPUSDT,2026-08-21 15:18:00+00:00,0.0005000000000000001,0.0019,BE_STOP,1.6,4.0,CHOP,2026-08-21 15:18:00+00:00,f1
BTCUSDT,2026-08-21 15:29:00+00:00,0.0005000000000000001,0.0019,BE_STOP,1.6,11.0,CHOP,2026-08-21 15:29:00+00:00,f1
NEARUSDT,2026-08-21 15:39:00+00:00,0.0005000000000000001,0.0019,BE_STOP,1.6,10.0,CHOP,2026-08-21 15:39:00+00:00,f1
XRPUSDT,2026-08-21 19:03:00+00:00,-0.0314,-0.03,HARD_SL,1.6,201.0,CHOP,2026-08-21 19:03:00+00:00,f1
SOLUSDT,2026-08-21 20:03:00+00:00,0.0005000000000000001,0.0019,BE_STOP,1.6,343.0,CHOP,2026-08-21 20:03:00+00:00,f1
BTCUSDT,2026-08-21 21:24:00+00:00,0.004600000000000001,0.006,TP,1.6,364.0,CHOP,2026-08-21 21:24:00+00:00,f1
BTCUSDT,2026-08-21 21:27:00+00:00,0.004600000000000001,0.006,TP,1.6,456.0,CHOP,2026-08-21 21:27:00+00:00,f1
BTCUSDT,2026-08-21 21:27:00+00:00,0.004600000000000001,0.006,TP,1.6,371.0,CHOP,2026-08-21 21:27:00+00:00,f1
NEARUSDT,2026-08-21 21:28:00+00:00,0.0005000000000000001,0.0019,BE_STOP,1.6,4.0,CHOP,2026-08-21 21:28:00+00:00,f1
ETHUSDT,2026-08-21 21:33:00+00:00,0.004600000000000001,0.006,TP,1.6,2.0,TREND,2026-08-21 21:33:00+00:00,f1
BTCUSDT,2026-08-21 21:36:00+00:00,0.0005000000000000001,0.0019,BE_STOP,1.6,712.0,TREND,2026-08-21 21:36:00+00:00,f1
BTCUSDT,2026-08-21 21:36:00+00:00,0.0005000000000000001,0.0019,BE_STOP,1.6,710.0,TREND,2026-08-21 21:36:00+00:00,f1
BTCUSDT,2026-08-21 21:37:00+00:00,0.0005000000000000001,0.0019,BE_STOP,1.6,8.0,CHOP,2026-08-21 21:37:00+00:00,f1
XRPUSDT,2026-08-21 21:41:00+00:00,-0.0314,-0.03,HARD_SL,1.6,157.0,CHOP,2026-08-21 21:41:00+00:00,f1
BTCUSDT,2026-08-21 21:47:00+00:00,0.0005000000000000001,0.0019,BE_STOP,1.6,11.0,CHOP,2026-08-21 21:47:00+00:00,f1
NEARUSDT,2026-08-21 21:52:00+00:00,0.0055460239699063945,0.006946023969906394,TP,1.6,25.0,CHOP,2026-08-21 21:52:00+00:00,f1
ETHUSDT,2026-08-21 21:52:00+00:00,0.004974969826343102,0.006374969826343101,TP,1.6,18.0,TREND,2026-08-21 21:52:00+00:00,f1
BTCUSDT,2026-08-21 21:52:00+00:00,0.004600000000000001,0.006,TP,1.6,14.0,CHOP,2026-08-21 21:52:00+00:00,f1
NEARUSDT,2026-08-21 21:52:00+00:00,0.004600000000000001,0.006,TP,1.6,9.0,CHOP,2026-08-21 21:52:00+00:00,f1
BTCUSDT,2026-08-21 21:57:00+00:00,0.0005000000000000001,0.0019,BE_STOP,1.6,4.0,CHOP,2026-08-21 21:57:00+00:00,f1
BTCUSDT,2026-08-21 22:02:00+00:00,0.0005000000000000001,0.0019,BE_STOP,1.6,16.0,CHOP,2026-08-21 22:02:00+00:00,f1
SOLUSDT,2026-08-21 22:03:00+00:00,0.004600000000000001,0.006,TP,1.6,14.0,CHOP,2026-08-21 22:03:00+00:00,f1
SOLUSDT,2026-08-21 22:03:00+00:00,0.004600000000000001,0.006,TP,1.6,6.0,CHOP,2026-08-21 22:03:00+00:00,f1
BTCUSDT,2026-08-21 22:21:00+00:00,0.0005000000000000001,0.0019,BE_STOP,1.6,21.0,CHOP,2026-08-21 22:21:00+00:00,f1
BTCUSDT,2026-08-21 22:21:00+00:00,0.0005000000000000001,0.0019,BE_STOP,1.6,17.0,CHOP,2026-08-21 22:21:00+00:00,f1
XRPUSDT,2026-08-21 22:32:00+00:00,0.007017350293268333,0.008417350293268332,TP,1.6,8.0,CHOP,2026-08-21 22:32:00+00:00,f1
NEARUSDT,2026-08-21 22:46:00+00:00,0.0005000000000000001,0.0019,BE_STOP,1.6,34.0,TREND,2026-08-21 22:46:00+00:00,f1
ETHUSDT,2026-08-21 23:24:00+00:00,0.0005000000000000001,0.0019,BE_STOP,1.6,63.0,TREND,2026-08-21 23:24:00+00:00,f1
BTCUSDT,2026-08-21 23:44:00+00:00,0.0005000000000000001,0.0019,BE_STOP,1.6,58.0,CHOP,2026-08-21 23:44:00+00:00,f2
NEARUSDT,2026-08-21 23:52:00+00:00,0.0005000000000000001,0.0019,BE_STOP,1.6,7.0,CHOP,2026-08-21 23:52:00+00:00,f2
BTCUSDT,2026-08-22 00:06:00+00:00,0.004600000000000001,0.006,TP,1.6,94.0,CHOP,2026-08-22 00:06:00+00:00,f2
BTCUSDT,2026-08-22 00:06:00+00:00,0.004600000000000001,0.006,TP,1.6,14.0,TREND,2026-08-22 00:06:00+00:00,f2
BTCUSDT,2026-08-22 00:56:00+00:00,0.0005000000000000001,0.0019,BE_STOP,1.6,46.0,TREND,2026-08-22 00:56:00+00:00,f2
ETHUSDT,2026-08-22 01:08:00+00:00,0.0005000000000000001,0.0019,BE_STOP,1.6,12.0,TREND,2026-08-22 01:08:00+00:00,f2
BTCUSDT,2026-08-22 03:03:00+00:00,0.004600000000000001,0.006,TP,1.6,115.0,CHOP,2026-08-22 03:03:00+00:00,f2
NEARUSDT,2026-08-22 03:13:00+00:00,0.004600000000000001,0.006,TP,1.6,10.0,TREND,2026-08-22 03:13:00+00:00,f2
XRPUSDT,2026-08-22 03:17:00+00:00,0.004600000000000001,0.006,TP,1.6,4.0,TREND,2026-08-22 03:17:00+00:00,f2
ETHUSDT,2026-08-22 03:28:00+00:00,0.0005000000000000001,0.0019,BE_STOP,1.6,10.0,CHOP,2026-08-22 03:28:00+00:00,f2
BTCUSDT,2026-08-22 03:33:00+00:00,0.0005000000000000001,0.0019,BE_STOP,1.6,338.0,CHOP,2026-08-22 03:33:00+00:00,f2
BTCUSDT,2026-08-22 03:33:00+00:00,0.0005000000000000001,0.0019,BE_STOP,1.6,325.0,CHOP,2026-08-22 03:33:00+00:00,f2
XRPUSDT,2026-08-22 04:17:00+00:00,0.006782385443890727,0.008182385443890727,TP,1.6,42.0,TREND,2026-08-22 04:17:00+00:00,f2
NEARUSDT,2026-08-22 04:26:00+00:00,0.004600000000000001,0.006,TP,1.6,9.0,TREND,2026-08-22 04:26:00+00:00,f2
XRPUSDT,2026-08-22 04:31:00+00:00,0.0059216862825948674,0.007321686282594867,TP,1.6,5.0,TREND,2026-08-22 04:31:00+00:00,f2
NEARUSDT,2026-08-22 04:49:00+00:00,0.0005000000000000001,0.0019,BE_STOP,1.6,17.0,TREND,2026-08-22 04:49:00+00:00,f2
ETHUSDT,2026-08-22 05:09:00+00:00,-0.0314,-0.03,HARD_SL,1.6,345.0,TREND,2026-08-22 05:09:00+00:00,f2
SOLUSDT,2026-08-22 05:09:00+00:00,-0.0414,-0.04,MAE_KILL,1.6,20.0,TREND,2026-08-22 05:09:00+00:00,f2
BTCUSDT,2026-08-22 05:10:00+00:00,0.004600000000000001,0.006,TP,1.6,302.0,TREND,2026-08-22 05:10:00+00:00,f2
BTCUSDT,2026-08-22 05:11:00+00:00,0.004600000000000001,0.006,TP,1.6,548.0,CHOP,2026-08-22 05:11:00+00:00,f2
SOLUSDT,2026-08-22 05:16:00+00:00,0.026461054641450273,0.02786105464145027,TP,1.6,3.0,CHOP,2026-08-22 05:16:00+00:00,f2
BTCUSDT,2026-08-22 05:16:00+00:00,0.004600000000000001,0.006,TP,1.6,1.0,CHOP,2026-08-22 05:16:00+00:00,f2
BTCUSDT,2026-08-22 05:17:00+00:00,0.0005000000000000001,0.0019,BE_STOP,1.6,6.0,CHOP,2026-08-22 05:17:00+00:00,f2
BTCUSDT,2026-08-22 05:26:00+00:00,0.0005000000000000001,0.0019,BE_STOP,1.6,9.0,CHOP,2026-08-22 05:26:00+00:00,f2
BTCUSDT,2026-08-22 05:32:00+00:00,0.0005000000000000001,0.0019,BE_STOP,1.6,7.0,CHOP,2026-08-22 05:32:00+00:00,f2
NEARUSDT,2026-08-22 05:36:00+00:00,-0.0264,-0.025,MAE_KILL,1.6,9.0,CHOP,2026-08-22 05:36:00+00:00,f2
NEARUSDT,2026-08-22 05:41:00+00:00,0.0005000000000000001,0.0019,BE_STOP,1.6,4.0,CHOP,2026-08-22 05:41:00+00:00,f2
NEARUSDT,2026-08-22 05:47:00+00:00,0.011886837283527388,0.013286837283527388,TP,1.6,6.0,CHOP,2026-08-22 05:47:00+00:00,f2
BTCUSDT,2026-08-22 06:35:00+00:00,0.0005000000000000001,0.0019,BE_STOP,1.6,63.0,CHOP,2026-08-22 06:35:00+00:00,f2
BTCUSDT,2026-08-22 07:10:00+00:00,0.0005000000000000001,0.0019,BE_STOP,1.6,81.0,CHOP,2026-08-22 07:10:00+00:00,f2
BTCUSDT,2026-08-22 08:44:00+00:00,0.0005000000000000001,0.0019,BE_STOP,1.6,90.0,CHOP,2026-08-22 08:44:00+00:00,f2
BTCUSDT,2026-08-22 09:59:00+00:00,0.0005000000000000001,0.0019,BE_STOP,1.6,204.0,CHOP,2026-08-22 09:59:00+00:00,f2
BTCUSDT,2026-08-22 09:59:00+00:00,0.0005000000000000001,0.0019,BE_STOP,1.6,73.0,TREND,2026-08-22 09:59:00+00:00,f2
SOLUSDT,2026-08-22 10:02:00+00:00,0.004600000000000001,0.006,TP,1.6,3.0,CHOP,2026-08-22 10:02:00+00:00,f2
XRPUSDT,2026-08-22 10:09:00+00:00,0.006966337113032639,0.008366337113032639,TP,1.6,3.0,CHOP,2026-08-22 10:09:00+00:00,f2
BTCUSDT,2026-08-22 10:17:00+00:00,0.0005000000000000001,0.0019,BE_STOP,1.6,13.0,TREND,2026-08-22 10:17:00+00:00,f2
BTCUSDT,2026-08-22 10:28:00+00:00,0.0005000000000000001,0.0019,BE_STOP,1.6,18.0,TREND,2026-08-22 10:28:00+00:00,f2
BTCUSDT,2026-08-22 10:28:00+00:00,0.0005000000000000001,0.0019,BE_STOP,1.6,11.0,CHOP,2026-08-22 10:28:00+00:00,f2
BTCUSDT,2026-08-22 10:31:00+00:00,0.0005000000000000001,0.0019,BE_STOP,1.6,308.0,CHOP,2026-08-22 10:31:00+00:00,f2
BTCUSDT,2026-08-22 10:49:00+00:00,0.0005000000000000001,0.0019,BE_STOP,1.6,19.0,CHOP,2026-08-22 10:49:00+00:00,f2
ETHUSDT,2026-08-22 10:56:00+00:00,0.0005000000000000001,0.0019,BE_STOP,1.6,24.0,CHOP,2026-08-22 10:56:00+00:00,f2
NEARUSDT,2026-08-22 11:05:00+00:00,0.0005000000000000001,0.0019,BE_STOP,1.6,37.0,CHOP,2026-08-22 11:05:00+00:00,f2
NEARUSDT,2026-08-22 11:05:00+00:00,0.0005000000000000001,0.0019,BE_STOP,1.6,9.0,CHOP,2026-08-22 11:05:00+00:00,f2
XRPUSDT,2026-08-22 11:10:00+00:00,0.0005000000000000001,0.0019,BE_STOP,1.6,20.0,CHOP,2026-08-22 11:10:00+00:00,f2
NEARUSDT,2026-08-22 11:12:00+00:00,0.0005000000000000001,0.0019,BE_STOP,1.6,5.0,CHOP,2026-08-22 11:12:00+00:00,f2
SOLUSDT,2026-08-22 11:21:00+00:00,0.0005000000000000001,0.0019,BE_STOP,1.6,11.0,CHOP,2026-08-22 11:21:00+00:00,f2
NEARUSDT,2026-08-22 11:24:00+00:00,0.004600000000000001,0.006,TP,1.6,19.0,CHOP,2026-08-22 11:24:00+00:00,f2
ETHUSDT,2026-08-22 11:44:00+00:00,0.004600000000000001,0.006,TP,1.6,20.0,CHOP,2026-08-22 11:44:00+00:00,f2
ETHUSDT,2026-08-22 11:45:00+00:00,0.004600000000000001,0.006,TP,1.6,24.0,CHOP,2026-08-22 11:45:00+00:00,f2
XRPUSDT,2026-08-22 12:02:00+00:00,0.004600000000000001,0.006,TP,1.6,18.0,CHOP,2026-08-22 12:02:00+00:00,f2
SOLUSDT,2026-08-22 12:10:00+00:00,0.0005000000000000001,0.0019,BE_STOP,1.6,411.0,CHOP,2026-08-22 12:10:00+00:00,f2
BTCUSDT,2026-08-22 16:54:00+00:00,0.0005000000000000001,0.0019,BE_STOP,1.6,292.0,CHOP,2026-08-22 16:54:00+00:00,f2
BTCUSDT,2026-08-22 16:54:00+00:00,0.0005000000000000001,0.0019,BE_STOP,1.6,282.0,CHOP,2026-08-22 16:54:00+00:00,f2
BTCUSDT,2026-08-22 16:56:00+00:00,0.0005000000000000001,0.0019,BE_STOP,1.6,310.0,CHOP,2026-08-22 16:56:00+00:00,f2
NEARUSDT,2026-08-22 18:41:00+00:00,-0.0264,-0.025,MAE_KILL,1.6,107.0,CHOP,2026-08-22 18:41:00+00:00,f2
ETHUSDT,2026-08-22 21:05:00+00:00,0.0005000000000000001,0.0019,BE_STOP,1.6,247.0,CHOP,2026-08-22 21:05:00+00:00,f2
BTCUSDT,2026-08-22 21:09:00+00:00,0.0005000000000000001,0.0019,BE_STOP,1.6,148.0,CHOP,2026-08-22 21:09:00+00:00,f2
ETHUSDT,2026-08-22 21:20:00+00:00,0.0005000000000000001,0.0019,BE_STOP,1.6,264.0,CHOP,2026-08-22 21:20:00+00:00,f2
ETHUSDT,2026-08-22 21:56:00+00:00,0.004600000000000001,0.006,TP,1.6,36.0,CHOP,2026-08-22 21:56:00+00:00,f2
BTCUSDT,2026-08-22 22:05:00+00:00,0.0005000000000000001,0.0019,BE_STOP,1.6,60.0,CHOP,2026-08-22 22:05:00+00:00,f2
BTCUSDT,2026-08-22 22:06:00+00:00,0.0005000000000000001,0.0019,BE_STOP,1.6,56.0,CHOP,2026-08-22 22:06:00+00:00,f2
NEARUSDT,2026-08-22 22:15:00+00:00,0.004600000000000001,0.006,TP,1.6,7.0,CHOP,2026-08-22 22:15:00+00:00,f2
BTCUSDT,2026-08-23 01:04:00+00:00,0.0005000000000000001,0.0019,BE_STOP,1.6,169.0,CHOP,2026-08-23 01:04:00+00:00,f2
BTCUSDT,2026-08-23 01:57:00+00:00,0.0005000000000000001,0.0019,BE_STOP,1.6,231.0,CHOP,2026-08-23 01:57:00+00:00,f2
BTCUSDT,2026-08-23 02:31:00+00:00,0.0005000000000000001,0.0019,BE_STOP,1.6,86.0,CHOP,2026-08-23 02:31:00+00:00,f2
SOLUSDT,2026-08-23 02:53:00+00:00,0.0005000000000000001,0.0019,BE_STOP,1.6,22.0,CHOP,2026-08-23 02:53:00+00:00,f2
BTCUSDT,2026-08-23 04:08:00+00:00,0.004600000000000001,0.006,TP,1.6,131.0,CHOP,2026-08-23 04:08:00+00:00,f2
SOLUSDT,2026-08-23 04:48:00+00:00,-0.0314,-0.03,HARD_SL,1.6,115.0,CHOP,2026-08-23 04:48:00+00:00,f2
BTCUSDT,2026-08-23 05:08:00+00:00,-0.0314,-0.03,HARD_SL,1.6,1540.0,CHOP,2026-08-23 05:08:00+00:00,f2
BTCUSDT,2026-08-23 05:08:00+00:00,0.004600000000000001,0.006,TP,1.6,1076.0,CHOP,2026-08-23 05:08:00+00:00,f2
BTCUSDT,2026-08-23 05:08:00+00:00,0.004600000000000001,0.006,TP,1.6,431.0,CHOP,2026-08-23 05:08:00+00:00,f2
BTCUSDT,2026-08-23 05:08:00+00:00,0.004600000000000001,0.006,TP,1.6,59.0,CHOP,2026-08-23 05:08:00+00:00,f2
BTCUSDT,2026-08-23 05:09:00+00:00,-0.0314,-0.03,HARD_SL,1.6,1859.0,CHOP,2026-08-23 05:09:00+00:00,f2
BTCUSDT,2026-08-23 05:09:00+00:00,-0.0314,-0.03,HARD_SL,1.6,1536.0,CHOP,2026-08-23 05:09:00+00:00,f2
BTCUSDT,2026-08-23 05:14:00+00:00,0.004600000000000001,0.006,TP,1.6,2377.0,CHOP,2026-08-23 05:14:00+00:00,f2
BTCUSDT,2026-08-23 05:14:00+00:00,0.004600000000000001,0.006,TP,1.6,25.0,CHOP,2026-08-23 05:14:00+00:00,f2
BTCUSDT,2026-08-23 05:14:00+00:00,0.004600000000000001,0.006,TP,1.6,4.0,CHOP,2026-08-23 05:14:00+00:00,f2
BTCUSDT,2026-08-23 05:14:00+00:00,0.004600000000000001,0.006,TP,1.6,2.0,TREND,2026-08-23 05:14:00+00:00,f2
XRPUSDT,2026-08-23 05:15:00+00:00,0.0005000000000000001,0.0019,BE_STOP,1.6,7.0,CHOP,2026-08-23 05:15:00+00:00,f2
BTCUSDT,2026-08-23 05:17:00+00:00,0.004600000000000001,0.006,TP,1.6,2.0,TREND,2026-08-23 05:17:00+00:00,f2
BTCUSDT,2026-08-23 06:14:00+00:00,0.0005000000000000001,0.0019,BE_STOP,1.6,53.0,TREND,2026-08-23 06:14:00+00:00,f2
BTCUSDT,2026-08-23 06:14:00+00:00,0.0005000000000000001,0.0019,BE_STOP,1.6,51.0,TREND,2026-08-23 06:14:00+00:00,f2
BTCUSDT,2026-08-23 06:16:00+00:00,0.0005000000000000001,0.0019,BE_STOP,1.6,46.0,TREND,2026-08-23 06:16:00+00:00,f2
XRPUSDT,2026-08-23 06:23:00+00:00,0.0005000000000000001,0.0019,BE_STOP,1.6,5.0,TREND,2026-08-23 06:23:00+00:00,f2
ETHUSDT,2026-08-23 06:33:00+00:00,0.004600000000000001,0.006,TP,1.6,65.0,TREND,2026-08-23 06:33:00+00:00,f2
XRPUSDT,2026-08-23 06:37:00+00:00,0.0005000000000000001,0.0019,BE_STOP,1.6,15.0,TREND,2026-08-23 06:37:00+00:00,f2
NEARUSDT,2026-08-23 07:12:00+00:00,0.004600000000000001,0.006,TP,1.6,100.0,CHOP,2026-08-23 07:12:00+00:00,f2
XRPUSDT,2026-08-23 07:17:00+00:00,0.004600000000000001,0.006,TP,1.6,57.0,TREND,2026-08-23 07:17:00+00:00,f2
SOLUSDT,2026-08-23 08:47:00+00:00,0.0005000000000000001,0.0019,BE_STOP,1.6,202.0,CHOP,2026-08-23 08:47:00+00:00,f2
BTCUSDT,2026-08-23 08:57:00+00:00,0.0005000000000000001,0.0019,BE_STOP,1.6,143.0,TREND,2026-08-23 08:57:00+00:00,f2
BTCUSDT,2026-08-23 08:57:00+00:00,0.0005000000000000001,0.0019,BE_STOP,1.6,100.0,CHOP,2026-08-23 08:57:00+00:00,f2
XRPUSDT,2026-08-23 09:35:00+00:00,0.004600000000000001,0.006,TP,1.6,38.0,CHOP,2026-08-23 09:35:00+00:00,f2
ETHUSDT,2026-08-23 09:37:00+00:00,0.0005000000000000001,0.0019,BE_STOP,1.6,38.0,CHOP,2026-08-23 09:37:00+00:00,f2
BTCUSDT,2026-08-23 10:06:00+00:00,0.004600000000000001,0.006,TP,1.6,222.0,TREND,2026-08-23 10:06:00+00:00,f2
BTCUSDT,2026-08-23 10:06:00+00:00,0.004600000000000001,0.006,TP,1.6,209.0,TREND,2026-08-23 10:06:00+00:00,f2
BTCUSDT,2026-08-23 10:21:00+00:00,0.004600000000000001,0.006,TP,1.6,187.0,CHOP,2026-08-23 10:21:00+00:00,f2
BTCUSDT,2026-08-23 10:27:00+00:00,0.0005000000000000001,0.0019,BE_STOP,1.6,18.0,CHOP,2026-08-23 10:27:00+00:00,f2
BTCUSDT,2026-08-23 11:20:00+00:00,0.004600000000000001,0.006,TP,1.6,153.0,CHOP,2026-08-23 11:20:00+00:00,f2
BTCUSDT,2026-08-23 11:20:00+00:00,0.004600000000000001,0.006,TP,1.6,73.0,CHOP,2026-08-23 11:20:00+00:00,f2
SOLUSDT,2026-08-23 11:24:00+00:00,0.004600000000000001,0.006,TP,1.6,62.0,CHOP,2026-08-23 11:24:00+00:00,f2
SOLUSDT,2026-08-23 11:24:00+00:00,0.004600000000000001,0.006,TP,1.6,57.0,CHOP,2026-08-23 11:24:00+00:00,f2
ETHUSDT,2026-08-23 11:36:00+00:00,-0.0314,-0.03,HARD_SL,1.6,379.0,TREND,2026-08-23 11:36:00+00:00,f2
ETHUSDT,2026-08-23 11:47:00+00:00,0.0005000000000000001,0.0019,BE_STOP,1.6,18.0,TREND,2026-08-23 11:47:00+00:00,f2
BTCUSDT,2026-08-23 12:01:00+00:00,0.0005000000000000001,0.0019,BE_STOP,1.6,34.0,TREND,2026-08-23 12:01:00+00:00,f2
SOLUSDT,2026-08-23 12:19:00+00:00,0.0005000000000000001,0.0019,BE_STOP,1.6,17.0,TREND,2026-08-23 12:19:00+00:00,f2
XRPUSDT,2026-08-23 13:17:00+00:00,0.004600000000000001,0.006,TP,1.6,90.0,CHOP,2026-08-23 13:17:00+00:00,f2
ETHUSDT,2026-08-23 13:19:00+00:00,-0.0314,-0.03,HARD_SL,1.6,222.0,CHOP,2026-08-23 13:19:00+00:00,f2
BTCUSDT,2026-08-23 13:19:00+00:00,0.004600000000000001,0.006,TP,1.6,117.0,TREND,2026-08-23 13:19:00+00:00,f2
BTCUSDT,2026-08-23 13:19:00+00:00,0.004600000000000001,0.006,TP,1.6,114.0,TREND,2026-08-23 13:19:00+00:00,f2
BTCUSDT,2026-08-23 13:19:00+00:00,0.004600000000000001,0.006,TP,1.6,102.0,TREND,2026-08-23 13:19:00+00:00,f2
NEARUSDT,2026-08-23 13:19:00+00:00,0.004600000000000001,0.006,TP,1.6,2.0,TREND,2026-08-23 13:19:00+00:00,f2
SOLUSDT,2026-08-23 14:06:00+00:00,0.0005000000000000001,0.0019,BE_STOP,1.6,44.0,TREND,2026-08-23 14:06:00+00:00,f2
ETHUSDT,2026-08-23 14:07:00+00:00,0.0005000000000000001,0.0019,BE_STOP,1.6,38.0,TREND,2026-08-23 14:07:00+00:00,f2
XRPUSDT,2026-08-23 14:11:00+00:00,0.004600000000000001,0.006,TP,1.6,5.0,TREND,2026-08-23 14:11:00+00:00,f2
NEARUSDT,2026-08-23 14:16:00+00:00,0.0005000000000000001,0.0019,BE_STOP,1.6,3.0,TREND,2026-08-23 14:16:00+00:00,f2
ETHUSDT,2026-08-23 14:42:00+00:00,-0.0314,-0.03,HARD_SL,1.6,78.0,CHOP,2026-08-23 14:42:00+00:00,f2
BTCUSDT,2026-08-23 14:42:00+00:00,0.004600000000000001,0.006,TP,1.6,34.0,TREND,2026-08-23 14:42:00+00:00,f2
ETHUSDT,2026-08-23 14:42:00+00:00,-0.0314,-0.03,HARD_SL,1.6,26.0,TREND,2026-08-23 14:42:00+00:00,f2
BTCUSDT,2026-08-23 14:44:00+00:00,0.0005000000000000001,0.0019,BE_STOP,1.6,145.0,CHOP,2026-08-23 14:44:00+00:00,f2
BTCUSDT,2026-08-23 15:21:00+00:00,0.0005000000000000001,0.0019,BE_STOP,1.6,32.0,CHOP,2026-08-23 15:21:00+00:00,f2
NEARUSDT,2026-08-23 17:14:00+00:00,-0.0264,-0.025,MAE_KILL,1.6,151.0,CHOP,2026-08-23 17:14:00+00:00,f2
XRPUSDT,2026-08-23 17:22:00+00:00,0.004600000000000001,0.006,TP,1.6,7.0,CHOP,2026-08-23 17:22:00+00:00,f2
BTCUSDT,2026-08-23 21:16:00+00:00,0.004600000000000001,0.006,TP,1.6,233.0,CHOP,2026-08-23 21:16:00+00:00,f2
BTCUSDT,2026-08-23 21:20:00+00:00,0.004600000000000001,0.006,TP,1.6,473.0,TREND,2026-08-23 21:20:00+00:00,f2
BTCUSDT,2026-08-23 21:22:00+00:00,0.004600000000000001,0.006,TP,1.6,482.0,TREND,2026-08-23 21:22:00+00:00,f2
NEARUSDT,2026-08-23 21:24:00+00:00,0.0005000000000000001,0.0019,BE_STOP,1.6,4.0,TREND,2026-08-23 21:24:00+00:00,f2
BTCUSDT,2026-08-24 02:05:00+00:00,0.0005000000000000001,0.0019,BE_STOP,1.6,678.0,CHOP,2026-08-24 02:05:00+00:00,f2
BTCUSDT,2026-08-24 02:05:00+00:00,0.0005000000000000001,0.0019,BE_STOP,1.6,644.0,CHOP,2026-08-24 02:05:00+00:00,f2
NEARUSDT,2026-08-24 02:37:00+00:00,-0.0264,-0.025,MAE_KILL,1.6,32.0,CHOP,2026-08-24 02:37:00+00:00,f2
SOLUSDT,2026-08-24 03:33:00+00:00,0.0005000000000000001,0.0019,BE_STOP,1.6,86.0,CHOP,2026-08-24 03:33:00+00:00,f2
XRPUSDT,2026-08-24 03:38:00+00:00,0.0005000000000000001,0.0019,BE_STOP,1.6,5.0,CHOP,2026-08-24 03:38:00+00:00,f2
BTCUSDT,2026-08-24 04:59:00+00:00,0.0005000000000000001,0.0019,BE_STOP,1.6,854.0,CHOP,2026-08-24 04:59:00+00:00,f2
BTCUSDT,2026-08-24 05:04:00+00:00,0.0005000000000000001,0.0019,BE_STOP,1.6,86.0,CHOP,2026-08-24 05:04:00+00:00,f2
SOLUSDT,2026-08-24 05:15:00+00:00,0.004600000000000001,0.006,TP,1.6,11.0,CHOP,2026-08-24 05:15:00+00:00,f2
BTCUSDT,2026-08-24 06:33:00+00:00,0.0005000000000000001,0.0019,BE_STOP,1.6,78.0,CHOP,2026-08-24 06:33:00+00:00,f2
XRPUSDT,2026-08-24 06:49:00+00:00,0.0005000000000000001,0.0019,BE_STOP,1.6,16.0,CHOP,2026-08-24 06:49:00+00:00,f2
BTCUSDT,2026-08-24 07:21:00+00:00,0.0005000000000000001,0.0019,BE_STOP,1.6,284.0,CHOP,2026-08-24 07:21:00+00:00,f2
BTCUSDT,2026-08-24 07:21:00+00:00,0.0005000000000000001,0.0019,BE_STOP,1.6,31.0,CHOP,2026-08-24 07:21:00+00:00,f2
BTCUSDT,2026-08-24 10:41:00+00:00,0.0005000000000000001,0.0019,BE_STOP,1.6,197.0,CHOP,2026-08-24 10:41:00+00:00,f2
BTCUSDT,2026-08-24 10:43:00+00:00,0.0005000000000000001,0.0019,BE_STOP,1.6,202.0,CHOP,2026-08-24 10:43:00+00:00,f2
ETHUSDT,2026-08-24 11:07:00+00:00,0.0005000000000000001,0.0019,BE_STOP,1.6,25.0,CHOP,2026-08-24 11:07:00+00:00,f2
BTCUSDT,2026-08-24 11:07:00+00:00,0.0005000000000000001,0.0019,BE_STOP,1.6,23.0,CHOP,2026-08-24 11:07:00+00:00,f2
BTCUSDT,2026-08-24 11:36:00+00:00,-0.0314,-0.03,HARD_SL,1.6,1817.0,TREND,2026-08-24 11:36:00+00:00,f2
BTCUSDT,2026-08-24 11:36:00+00:00,0.004600000000000001,0.006,TP,1.6,859.0,CHOP,2026-08-24 11:36:00+00:00,f2
BTCUSDT,2026-08-24 11:37:00+00:00,0.004600000000000001,0.006,TP,1.6,855.0,CHOP,2026-08-24 11:37:00+00:00,f2
BTCUSDT,2026-08-24 11:37:00+00:00,0.004600000000000001,0.006,TP,1.6,853.0,CHOP,2026-08-24 11:37:00+00:00,f2
NEARUSDT,2026-08-24 11:44:00+00:00,0.004600000000000001,0.006,TP,1.6,3.0,CHOP,2026-08-24 11:44:00+00:00,f2
SOLUSDT,2026-08-24 12:17:00+00:00,0.0005000000000000001,0.0019,BE_STOP,1.6,70.0,CHOP,2026-08-24 12:17:00+00:00,f2
SOLUSDT,2026-08-24 12:17:00+00:00,0.0005000000000000001,0.0019,BE_STOP,1.6,68.0,CHOP,2026-08-24 12:17:00+00:00,f2
BTCUSDT,2026-08-24 12:34:00+00:00,0.0005000000000000001,0.0019,BE_STOP,1.6,51.0,CHOP,2026-08-24 12:34:00+00:00,f2
BTCUSDT,2026-08-24 12:34:00+00:00,0.0005000000000000001,0.0019,BE_STOP,1.6,49.0,CHOP,2026-08-24 12:34:00+00:00,f2
BTCUSDT,2026-08-24 12:41:00+00:00,0.004600000000000001,0.006,TP,1.6,54.0,CHOP,2026-08-24 12:41:00+00:00,f2
BTCUSDT,2026-08-24 12:42:00+00:00,-0.0314,-0.03,HARD_SL,1.6,1627.0,CHOP,2026-08-24 12:42:00+00:00,f2
BTCUSDT,2026-08-24 12:42:00+00:00,0.004600000000000001,0.006,TP,1.6,64.0,CHOP,2026-08-24 12:42:00+00:00,f2
BTCUSDT,2026-08-24 12:50:00+00:00,0.004600000000000001,0.006,TP,1.6,14.0,CHOP,2026-08-24 12:50:00+00:00,f2
BTCUSDT,2026-08-24 12:51:00+00:00,-0.0314,-0.03,HARD_SL,1.6,472.0,CHOP,2026-08-24 12:51:00+00:00,f2
BTCUSDT,2026-08-24 12:51:00+00:00,0.004600000000000001,0.006,TP,1.6,8.0,TREND,2026-08-24 12:51:00+00:00,f2
ETHUSDT,2026-08-24 12:51:00+00:00,0.004600000000000001,0.006,TP,1.6,6.0,CHOP,2026-08-24 12:51:00+00:00,f2
SOLUSDT,2026-08-24 12:53:00+00:00,0.0005000000000000001,0.0019,BE_STOP,1.6,3.0,CHOP,2026-08-24 12:53:00+00:00,f2
BTCUSDT,2026-08-24 12:57:00+00:00,0.004600000000000001,0.006,TP,1.6,10.0,TREND,2026-08-24 12:57:00+00:00,f2
NEARUSDT,2026-08-24 13:01:00+00:00,0.0005000000000000001,0.0019,BE_STOP,1.6,23.0,CHOP,2026-08-24 13:01:00+00:00,f2
BTCUSDT,2026-08-24 13:01:00+00:00,0.0005000000000000001,0.0019,BE_STOP,1.6,9.0,TREND,2026-08-24 13:01:00+00:00,f2
BTCUSDT,2026-08-24 13:15:00+00:00,0.0005000000000000001,0.0019,BE_STOP,1.6,17.0,TREND,2026-08-24 13:15:00+00:00,f2
BTCUSDT,2026-08-24 13:16:00+00:00,0.0005000000000000001,0.0019,BE_STOP,1.6,16.0,TREND,2026-08-24 13:16:00+00:00,f2
BTCUSDT,2026-08-24 13:16:00+00:00,0.0005000000000000001,0.0019,BE_STOP,1.6,14.0,TREND,2026-08-24 13:16:00+00:00,f2
BTCUSDT,2026-08-24 13:16:00+00:00,0.0005000000000000001,0.0019,BE_STOP,1.6,12.0,TREND,2026-08-24 13:16:00+00:00,f2
XRPUSDT,2026-08-24 13:16:00+00:00,0.0005000000000000001,0.0019,BE_STOP,1.6,10.0,CHOP,2026-08-24 13:16:00+00:00,f2
XRPUSDT,2026-08-24 13:30:00+00:00,0.004600000000000001,0.006,TP,1.6,4.0,CHOP,2026-08-24 13:30:00+00:00,f2
BTCUSDT,2026-08-24 13:33:00+00:00,0.004600000000000001,0.006,TP,1.6,12.0,TREND,2026-08-24 13:33:00+00:00,f2
NEARUSDT,2026-08-24 13:33:00+00:00,0.004600000000000001,0.006,TP,1.6,2.0,CHOP,2026-08-24 13:33:00+00:00,f2
BTCUSDT,2026-08-24 13:40:00+00:00,0.004600000000000001,0.006,TP,1.6,23.0,TREND,2026-08-24 13:40:00+00:00,f2
BTCUSDT,2026-08-24 13:40:00+00:00,0.004600000000000001,0.006,TP,1.6,21.0,TREND,2026-08-24 13:40:00+00:00,f2
BTCUSDT,2026-08-24 13:40:00+00:00,0.004600000000000001,0.006,TP,1.6,16.0,TREND,2026-08-24 13:40:00+00:00,f2
BTCUSDT,2026-08-24 13:41:00+00:00,0.004600000000000001,0.006,TP,1.6,6.0,TREND,2026-08-24 13:41:00+00:00,f2
BTCUSDT,2026-08-24 13:42:00+00:00,0.004600000000000001,0.006,TP,1.6,9.0,TREND,2026-08-24 13:42:00+00:00,f2
BTCUSDT,2026-08-24 13:45:00+00:00,0.004600000000000001,0.006,TP,1.6,4.0,TREND,2026-08-24 13:45:00+00:00,f2
SOLUSDT,2026-08-24 13:46:00+00:00,0.004600000000000001,0.006,TP,1.6,87.0,CHOP,2026-08-24 13:46:00+00:00,f2
SOLUSDT,2026-08-24 13:47:00+00:00,0.0005000000000000001,0.0019,BE_STOP,1.6,90.0,CHOP,2026-08-24 13:47:00+00:00,f2
BTCUSDT,2026-08-24 13:48:00+00:00,0.0005000000000000001,0.0019,BE_STOP,1.6,5.0,CHOP,2026-08-24 13:48:00+00:00,f2
BTCUSDT,2026-08-24 13:54:00+00:00,0.0005000000000000001,0.0019,BE_STOP,1.6,6.0,CHOP,2026-08-24 13:54:00+00:00,f2
BTCUSDT,2026-08-24 13:55:00+00:00,0.0005000000000000001,0.0019,BE_STOP,1.6,5.0,CHOP,2026-08-24 13:55:00+00:00,f2
BTCUSDT,2026-08-24 14:15:00+00:00,0.004600000000000001,0.006,TP,1.6,13.0,CHOP,2026-08-24 14:15:00+00:00,f2
ETHUSDT,2026-08-24 14:23:00+00:00,0.004600000000000001,0.006,TP,1.6,7.0,CHOP,2026-08-24 14:23:00+00:00,f2
NEARUSDT,2026-08-24 14:26:00+00:00,0.004600000000000001,0.006,TP,1.6,2.0,CHOP,2026-08-24 14:26:00+00:00,f2
BTCUSDT,2026-08-24 14:32:00+00:00,0.004600000000000001,0.006,TP,1.6,5.0,CHOP,2026-08-24 14:32:00+00:00,f2
NEARUSDT,2026-08-24 14:33:00+00:00,-0.0264,-0.025,MAE_KILL,1.6,33.0,CHOP,2026-08-24 14:33:00+00:00,f2
SOLUSDT,2026-08-24 14:43:00+00:00,0.0005000000000000001,0.0019,BE_STOP,1.6,107.0,CHOP,2026-08-24 14:43:00+00:00,f2
BTCUSDT,2026-08-24 14:48:00+00:00,0.0005000000000000001,0.0019,BE_STOP,1.6,16.0,CHOP,2026-08-24 14:48:00+00:00,f2
SOLUSDT,2026-08-24 14:50:00+00:00,0.0005000000000000001,0.0019,BE_STOP,1.6,7.0,CHOP,2026-08-24 14:50:00+00:00,f2
SOLUSDT,2026-08-24 15:22:00+00:00,0.004600000000000001,0.006,TP,1.6,34.0,CHOP,2026-08-24 15:22:00+00:00,f2
SOLUSDT,2026-08-24 15:29:00+00:00,-0.0314,-0.03,HARD_SL,1.6,96.0,CHOP,2026-08-24 15:29:00+00:00,f2
BTCUSDT,2026-08-24 15:38:00+00:00,0.0005000000000000001,0.0019,BE_STOP,1.6,64.0,CHOP,2026-08-24 15:38:00+00:00,f2
ETHUSDT,2026-08-24 15:43:00+00:00,0.004600000000000001,0.006,TP,1.6,52.0,CHOP,2026-08-24 15:43:00+00:00,f2
ETHUSDT,2026-08-24 15:43:00+00:00,0.004600000000000001,0.006,TP,1.6,4.0,CHOP,2026-08-24 15:43:00+00:00,f2
BTCUSDT,2026-08-24 15:57:00+00:00,0.004600000000000001,0.006,TP,1.6,13.0,CHOP,2026-08-24 15:57:00+00:00,f2
BTCUSDT,2026-08-24 15:57:00+00:00,0.004600000000000001,0.006,TP,1.6,11.0,CHOP,2026-08-24 15:57:00+00:00,f2
BTCUSDT,2026-08-24 16:56:00+00:00,0.0005000000000000001,0.0019,BE_STOP,1.6,56.0,CHOP,2026-08-24 16:56:00+00:00,f2
BTCUSDT,2026-08-24 17:02:00+00:00,0.004600000000000001,0.006,TP,1.6,6.0,CHOP,2026-08-24 17:02:00+00:00,f2
BTCUSDT,2026-08-24 17:05:00+00:00,0.0005000000000000001,0.0019,BE_STOP,1.6,67.0,CHOP,2026-08-24 17:05:00+00:00,f2
BTCUSDT,2026-08-24 17:22:00+00:00,0.004600000000000001,0.006,TP,1.6,17.0,CHOP,2026-08-24 17:22:00+00:00,f2
BTCUSDT,2026-08-24 17:27:00+00:00,0.0005000000000000001,0.0019,BE_STOP,1.6,24.0,CHOP,2026-08-24 17:27:00+00:00,f2
SOLUSDT,2026-08-24 17:31:00+00:00,0.0005000000000000001,0.0019,BE_STOP,1.6,207.0,CHOP,2026-08-24 17:31:00+00:00,f2
BTCUSDT,2026-08-24 17:37:00+00:00,0.0005000000000000001,0.0019,BE_STOP,1.6,10.0,CHOP,2026-08-24 17:37:00+00:00,f2
NEARUSDT,2026-08-24 19:21:00+00:00,0.0005000000000000001,0.0019,BE_STOP,1.6,104.0,CHOP,2026-08-24 19:21:00+00:00,f2
SOLUSDT,2026-08-24 22:34:00+00:00,-0.0314,-0.03,HARD_SL,1.6,517.0,CHOP,2026-08-24 22:34:00+00:00,f2
ETHUSDT,2026-08-25 00:45:00+00:00,0.004600000000000001,0.006,TP,1.6,130.0,CHOP,2026-08-25 00:45:00+00:00,f2
SOLUSDT,2026-08-25 01:05:00+00:00,0.0005000000000000001,0.0019,BE_STOP,1.6,18.0,TREND,2026-08-25 01:05:00+00:00,f2
BTCUSDT,2026-08-25 02:17:00+00:00,-0.0314,-0.03,HARD_SL,1.6,751.0,CHOP,2026-08-25 02:17:00+00:00,f2
BTCUSDT,2026-08-25 02:17:00+00:00,-0.0314,-0.03,HARD_SL,1.6,742.0,CHOP,2026-08-25 02:17:00+00:00,f2
BTCUSDT,2026-08-25 02:17:00+00:00,0.004600000000000001,0.006,TP,1.6,654.0,CHOP,2026-08-25 02:17:00+00:00,f2
BTCUSDT,2026-08-25 02:17:00+00:00,0.004600000000000001,0.006,TP,1.6,648.0,CHOP,2026-08-25 02:17:00+00:00,f2
BTCUSDT,2026-08-25 02:17:00+00:00,0.004600000000000001,0.006,TP,1.6,72.0,TREND,2026-08-25 02:17:00+00:00,f2
BTCUSDT,2026-08-25 02:19:00+00:00,-0.0314,-0.03,HARD_SL,1.6,536.0,CHOP,2026-08-25 02:19:00+00:00,f2
BTCUSDT,2026-08-25 02:20:00+00:00,-0.0314,-0.03,HARD_SL,1.6,529.0,CHOP,2026-08-25 02:20:00+00:00,f2
XRPUSDT,2026-08-25 02:28:00+00:00,0.004600000000000001,0.006,TP,1.6,3.0,CHOP,2026-08-25 02:28:00+00:00,f2
BTCUSDT,2026-08-25 02:33:00+00:00,0.0005000000000000001,0.0019,BE_STOP,1.6,12.0,CHOP,2026-08-25 02:33:00+00:00,f2
BTCUSDT,2026-08-25 02:41:00+00:00,-0.0314,-0.03,HARD_SL,1.6,440.0,CHOP,2026-08-25 02:41:00+00:00,f2
BTCUSDT,2026-08-25 02:41:00+00:00,0.004600000000000001,0.006,TP,1.6,18.0,CHOP,2026-08-25 02:41:00+00:00,f2
BTCUSDT,2026-08-25 02:44:00+00:00,0.0005000000000000001,0.0019,BE_STOP,1.6,25.0,CHOP,2026-08-25 02:44:00+00:00,f2
ETHUSDT,2026-08-25 02:44:00+00:00,0.0005000000000000001,0.0019,BE_STOP,1.6,11.0,CHOP,2026-08-25 02:44:00+00:00,f2
BTCUSDT,2026-08-25 02:44:00+00:00,0.0005000000000000001,0.0019,BE_STOP,1.6,9.0,TREND,2026-08-25 02:44:00+00:00,f2
ETHUSDT,2026-08-25 02:45:00+00:00,0.0005000000000000001,0.0019,BE_STOP,1.6,8.0,CHOP,2026-08-25 02:45:00+00:00,f2
XRPUSDT,2026-08-25 03:49:00+00:00,0.004600000000000001,0.006,TP,1.6,52.0,TREND,2026-08-25 03:49:00+00:00,f2
BTCUSDT,2026-08-25 03:52:00+00:00,0.0005000000000000001,0.0019,BE_STOP,1.6,57.0,TREND,2026-08-25 03:52:00+00:00,f2
BTCUSDT,2026-08-25 03:52:00+00:00,0.0005000000000000001,0.0019,BE_STOP,1.6,52.0,TREND,2026-08-25 03:52:00+00:00,f2
BTCUSDT,2026-08-25 03:52:00+00:00,0.0005000000000000001,0.0019,BE_STOP,1.6,50.0,TREND,2026-08-25 03:52:00+00:00,f2
BTCUSDT,2026-08-25 04:00:00+00:00,0.0005000000000000001,0.0019,BE_STOP,1.6,68.0,TREND,2026-08-25 04:00:00+00:00,f2
BTCUSDT,2026-08-25 04:03:00+00:00,0.0005000000000000001,0.0019,BE_STOP,1.6,11.0,TREND,2026-08-25 04:03:00+00:00,f2
XRPUSDT,2026-08-25 04:10:00+00:00,0.0005000000000000001,0.0019,BE_STOP,1.6,9.0,CHOP,2026-08-25 04:10:00+00:00,f2
BTCUSDT,2026-08-25 04:11:00+00:00,0.0005000000000000001,0.0019,BE_STOP,1.6,21.0,TREND,2026-08-25 04:11:00+00:00,f2
NEARUSDT,2026-08-25 04:18:00+00:00,0.0005000000000000001,0.0019,BE_STOP,1.6,3.0,CHOP,2026-08-25 04:18:00+00:00,f2
NEARUSDT,2026-08-25 04:28:00+00:00,0.0005000000000000001,0.0019,BE_STOP,1.6,10.0,CHOP,2026-08-25 04:28:00+00:00,f2
BTCUSDT,2026-08-25 04:33:00+00:00,0.0005000000000000001,0.0019,BE_STOP,1.6,36.0,CHOP,2026-08-25 04:33:00+00:00,f2
SOLUSDT,2026-08-25 04:33:00+00:00,0.0005000000000000001,0.0019,BE_STOP,1.6,23.0,CHOP,2026-08-25 04:33:00+00:00,f2
BTCUSDT,2026-08-25 04:36:00+00:00,0.0005000000000000001,0.0019,BE_STOP,1.6,37.0,CHOP,2026-08-25 04:36:00+00:00,f2
SOLUSDT,2026-08-25 04:59:00+00:00,0.0005000000000000001,0.0019,BE_STOP,1.6,22.0,CHOP,2026-08-25 04:59:00+00:00,f2
SOLUSDT,2026-08-25 05:00:00+00:00,0.0005000000000000001,0.0019,BE_STOP,1.6,25.0,CHOP,2026-08-25 05:00:00+00:00,f2
BTCUSDT,2026-08-25 05:32:00+00:00,0.004600000000000001,0.006,TP,1.6,32.0,CHOP,2026-08-25 05:32:00+00:00,f2
BTCUSDT,2026-08-25 06:23:00+00:00,0.004600000000000001,0.006,TP,1.6,81.0,CHOP,2026-08-25 06:23:00+00:00,f2
NEARUSDT,2026-08-25 06:41:00+00:00,0.004600000000000001,0.006,TP,1.6,158.0,CHOP,2026-08-25 06:41:00+00:00,f2
NEARUSDT,2026-08-25 06:49:00+00:00,-0.0264,-0.025,MAE_KILL,1.6,260.0,CHOP,2026-08-25 06:49:00+00:00,f2
BTCUSDT,2026-08-25 07:49:00+00:00,0.004600000000000001,0.006,TP,1.6,201.0,CHOP,2026-08-25 07:49:00+00:00,f2
ETHUSDT,2026-08-25 07:49:00+00:00,0.004600000000000001,0.006,TP,1.6,189.0,CHOP,2026-08-25 07:49:00+00:00,f2
BTCUSDT,2026-08-25 07:49:00+00:00,0.004600000000000001,0.006,TP,1.6,68.0,CHOP,2026-08-25 07:49:00+00:00,f2
BTCUSDT,2026-08-25 07:49:00+00:00,0.004600000000000001,0.006,TP,1.6,60.0,CHOP,2026-08-25 07:49:00+00:00,f2
BTCUSDT,2026-08-25 09:51:00+00:00,0.004600000000000001,0.006,TP,1.6,117.0,CHOP,2026-08-25 09:51:00+00:00,f2
BTCUSDT,2026-08-25 09:51:00+00:00,0.004600000000000001,0.006,TP,1.6,115.0,CHOP,2026-08-25 09:51:00+00:00,f2
BTCUSDT,2026-08-25 09:51:00+00:00,0.004600000000000001,0.006,TP,1.6,111.0,CHOP,2026-08-25 09:51:00+00:00,f2
BTCUSDT,2026-08-25 09:52:00+00:00,0.004600000000000001,0.006,TP,1.6,120.0,CHOP,2026-08-25 09:52:00+00:00,f2
SOLUSDT,2026-08-25 09:53:00+00:00,-0.0314,-0.03,HARD_SL,1.6,261.0,CHOP,2026-08-25 09:53:00+00:00,f2
SOLUSDT,2026-08-25 10:06:00+00:00,0.0005000000000000001,0.0019,BE_STOP,1.6,6.0,CHOP,2026-08-25 10:06:00+00:00,f2
NEARUSDT,2026-08-25 10:11:00+00:00,0.0005000000000000001,0.0019,BE_STOP,1.6,5.0,CHOP,2026-08-25 10:11:00+00:00,f2
BTCUSDT,2026-08-25 12:07:00+00:00,0.004600000000000001,0.006,TP,1.6,131.0,CHOP,2026-08-25 12:07:00+00:00,f2
BTCUSDT,2026-08-25 12:08:00+00:00,-0.0314,-0.03,HARD_SL,1.6,566.0,TREND,2026-08-25 12:08:00+00:00,f2
BTCUSDT,2026-08-25 12:12:00+00:00,0.0005000000000000001,0.0019,BE_STOP,1.6,138.0,CHOP,2026-08-25 12:12:00+00:00,f2
BTCUSDT,2026-08-25 12:13:00+00:00,0.0005000000000000001,0.0019,BE_STOP,1.6,135.0,CHOP,2026-08-25 12:13:00+00:00,f2
ETHUSDT,2026-08-25 12:24:00+00:00,0.0005000000000000001,0.0019,BE_STOP,1.6,142.0,CHOP,2026-08-25 12:24:00+00:00,f2
ETHUSDT,2026-08-25 12:24:00+00:00,0.0005000000000000001,0.0019,BE_STOP,1.6,17.0,CHOP,2026-08-25 12:24:00+00:00,f2
BTCUSDT,2026-08-25 12:28:00+00:00,0.0005000000000000001,0.0019,BE_STOP,1.6,19.0,CHOP,2026-08-25 12:28:00+00:00,f2
BTCUSDT,2026-08-25 12:28:00+00:00,0.0005000000000000001,0.0019,BE_STOP,1.6,4.0,TREND,2026-08-25 12:28:00+00:00,f2
ETHUSDT,2026-08-25 12:42:00+00:00,0.0005000000000000001,0.0019,BE_STOP,1.6,11.0,CHOP,2026-08-25 12:42:00+00:00,f2
NEARUSDT,2026-08-25 13:02:00+00:00,0.0005000000000000001,0.0019,BE_STOP,1.6,44.0,CHOP,2026-08-25 13:02:00+00:00,f2
XRPUSDT,2026-08-25 13:15:00+00:00,0.004600000000000001,0.006,TP,1.6,33.0,TREND,2026-08-25 13:15:00+00:00,f2
XRPUSDT,2026-08-25 13:21:00+00:00,0.004600000000000001,0.006,TP,1.6,5.0,CHOP,2026-08-25 13:21:00+00:00,f2
BTCUSDT,2026-08-25 13:24:00+00:00,0.0005000000000000001,0.0019,BE_STOP,1.6,55.0,TREND,2026-08-25 13:24:00+00:00,f2
XRPUSDT,2026-08-25 13:24:00+00:00,0.0005000000000000001,0.0019,BE_STOP,1.6,2.0,CHOP,2026-08-25 13:24:00+00:00,f2
BTCUSDT,2026-08-25 13:47:00+00:00,0.0005000000000000001,0.0019,BE_STOP,1.6,19.0,TREND,2026-08-25 13:47:00+00:00,f2
ETHUSDT,2026-08-25 13:50:00+00:00,-0.0314,-0.03,HARD_SL,1.6,679.0,CHOP,2026-08-25 13:50:00+00:00,f2
BTCUSDT,2026-08-25 13:51:00+00:00,0.004600000000000001,0.006,TP,1.6,84.0,TREND,2026-08-25 13:51:00+00:00,f2
BTCUSDT,2026-08-25 13:51:00+00:00,0.004600000000000001,0.006,TP,1.6,27.0,TREND,2026-08-25 13:51:00+00:00,f2
SOLUSDT,2026-08-25 13:51:00+00:00,0.004600000000000001,0.006,TP,1.6,3.0,TREND,2026-08-25 13:51:00+00:00,f2
NEARUSDT,2026-08-25 13:51:00+00:00,0.004600000000000001,0.006,TP,1.6,1.0,CHOP,2026-08-25 13:51:00+00:00,f2
NEARUSDT,2026-08-25 14:06:00+00:00,0.00519306017368331,0.0065930601736833095,TP,1.6,6.0,CHOP,2026-08-25 14:06:00+00:00,f2
BTCUSDT,2026-08-25 14:25:00+00:00,0.004600000000000001,0.006,TP,1.6,19.0,TREND,2026-08-25 14:25:00+00:00,f2
BTCUSDT,2026-08-25 14:35:00+00:00,0.0005000000000000001,0.0019,BE_STOP,1.6,10.0,CHOP,2026-08-25 14:35:00+00:00,f2
ETHUSDT,2026-08-25 14:39:00+00:00,0.0005000000000000001,0.0019,BE_STOP,1.6,97.0,CHOP,2026-08-25 14:39:00+00:00,f2
SOLUSDT,2026-08-25 14:59:00+00:00,0.0005000000000000001,0.0019,BE_STOP,1.6,20.0,CHOP,2026-08-25 14:59:00+00:00,f2
NEARUSDT,2026-08-25 15:07:00+00:00,0.0005000000000000001,0.0019,BE_STOP,1.6,8.0,CHOP,2026-08-25 15:07:00+00:00,f2
BTCUSDT,2026-08-25 15:48:00+00:00,0.0005000000000000001,0.0019,BE_STOP,1.6,73.0,CHOP,2026-08-25 15:48:00+00:00,f2
BTCUSDT,2026-08-25 16:08:00+00:00,0.0005000000000000001,0.0019,BE_STOP,1.6,61.0,CHOP,2026-08-25 16:08:00+00:00,f2
SOLUSDT,2026-08-25 17:18:00+00:00,0.0005000000000000001,0.0019,BE_STOP,1.6,89.0,CHOP,2026-08-25 17:18:00+00:00,f2
NEARUSDT,2026-08-25 17:32:00+00:00,0.0005000000000000001,0.0019,BE_STOP,1.6,14.0,CHOP,2026-08-25 17:32:00+00:00,f2
XRPUSDT,2026-08-25 18:27:00+00:00,0.0005000000000000001,0.0019,BE_STOP,1.6,139.0,CHOP,2026-08-25 18:27:00+00:00,f2
ETHUSDT,2026-08-25 18:31:00+00:00,0.0005000000000000001,0.0019,BE_STOP,1.6,57.0,CHOP,2026-08-25 18:31:00+00:00,f2
ETHUSDT,2026-08-25 20:46:00+00:00,-0.0314,-0.03,HARD_SL,1.6,862.0,CHOP,2026-08-25 20:46:00+00:00,f2
BTCUSDT,2026-08-25 20:51:00+00:00,0.0005000000000000001,0.0019,BE_STOP,1.6,416.0,CHOP,2026-08-25 20:51:00+00:00,f2
XRPUSDT,2026-08-25 21:07:00+00:00,-0.0314,-0.03,HARD_SL,1.6,531.0,TREND,2026-08-25 21:07:00+00:00,f2
SOLUSDT,2026-08-25 21:07:00+00:00,0.004600000000000001,0.006,TP,1.6,429.0,TREND,2026-08-25 21:07:00+00:00,f2
ETHUSDT,2026-08-25 21:07:00+00:00,0.004600000000000001,0.006,TP,1.6,15.0,CHOP,2026-08-25 21:07:00+00:00,f2
SOLUSDT,2026-08-25 21:08:00+00:00,-0.0314,-0.03,HARD_SL,1.6,161.0,CHOP,2026-08-25 21:08:00+00:00,f2
SOLUSDT,2026-08-25 21:08:00+00:00,-0.0314,-0.03,HARD_SL,1.6,157.0,CHOP,2026-08-25 21:08:00+00:00,f2
BTCUSDT,2026-08-25 21:12:00+00:00,0.0005000000000000001,0.0019,BE_STOP,1.6,23.0,CHOP,2026-08-25 21:12:00+00:00,f2
BTCUSDT,2026-08-25 21:13:00+00:00,0.0005000000000000001,0.0019,BE_STOP,1.6,440.0,CHOP,2026-08-25 21:13:00+00:00,f2
XRPUSDT,2026-08-26 09:17:00+00:00,0.004600000000000001,0.006,TP,1.6,544.0,TREND,2026-08-26 09:17:00+00:00,f2
NEARUSDT,2026-08-26 09:20:00+00:00,0.0005000000000000001,0.0019,BE_STOP,1.6,3.0,CHOP,2026-08-26 09:20:00+00:00,f2
SOLUSDT,2026-08-26 09:47:00+00:00,0.004600000000000001,0.006,TP,1.6,572.0,TREND,2026-08-26 09:47:00+00:00,f2
BTCUSDT,2026-08-26 09:49:00+00:00,0.0005000000000000001,0.0019,BE_STOP,1.6,587.0,CHOP,2026-08-26 09:49:00+00:00,f2
BTCUSDT,2026-08-26 09:49:00+00:00,0.0005000000000000001,0.0019,BE_STOP,1.6,29.0,CHOP,2026-08-26 09:49:00+00:00,f2
XRPUSDT,2026-08-26 10:08:00+00:00,0.004600000000000001,0.006,TP,1.6,17.0,TREND,2026-08-26 10:08:00+00:00,f2
BTCUSDT,2026-08-26 12:30:00+00:00,0.004600000000000001,0.006,TP,1.6,744.0,CHOP,2026-08-26 12:30:00+00:00,f2
BTCUSDT,2026-08-26 12:30:00+00:00,0.004600000000000001,0.006,TP,1.6,739.0,CHOP,2026-08-26 12:30:00+00:00,f2
BTCUSDT,2026-08-26 12:30:00+00:00,0.004600000000000001,0.006,TP,1.6,161.0,CHOP,2026-08-26 12:30:00+00:00,f2
BTCUSDT,2026-08-26 12:31:00+00:00,0.0005000000000000001,0.0019,BE_STOP,1.6,142.0,CHOP,2026-08-26 12:31:00+00:00,f2
BTCUSDT,2026-08-26 12:51:00+00:00,0.0005000000000000001,0.0019,BE_STOP,1.6,16.0,CHOP,2026-08-26 12:51:00+00:00,f2
ETHUSDT,2026-08-26 13:13:00+00:00,0.004600000000000001,0.006,TP,1.6,33.0,CHOP,2026-08-26 13:13:00+00:00,f2
NEARUSDT,2026-08-26 13:34:00+00:00,0.0005000000000000001,0.0019,BE_STOP,1.6,227.0,TREND,2026-08-26 13:34:00+00:00,f2
BTCUSDT,2026-08-26 13:34:00+00:00,0.0005000000000000001,0.0019,BE_STOP,1.6,56.0,CHOP,2026-08-26 13:34:00+00:00,f2
BTCUSDT,2026-08-26 13:34:00+00:00,0.0005000000000000001,0.0019,BE_STOP,1.6,52.0,CHOP,2026-08-26 13:34:00+00:00,f2
ETHUSDT,2026-08-26 13:47:00+00:00,0.0005000000000000001,0.0019,BE_STOP,1.6,9.0,CHOP,2026-08-26 13:47:00+00:00,f2
BTCUSDT,2026-08-26 13:50:00+00:00,0.0005000000000000001,0.0019,BE_STOP,1.6,15.0,CHOP,2026-08-26 13:50:00+00:00,f2
NEARUSDT,2026-08-26 13:57:00+00:00,0.0005000000000000001,0.0019,BE_STOP,1.6,6.0,CHOP,2026-08-26 13:57:00+00:00,f2
SOLUSDT,2026-08-26 14:35:00+00:00,0.004600000000000001,0.006,TP,1.6,38.0,CHOP,2026-08-26 14:35:00+00:00,f2
BTCUSDT,2026-08-26 15:02:00+00:00,0.004600000000000001,0.006,TP,1.6,26.0,CHOP,2026-08-26 15:02:00+00:00,f2
BTCUSDT,2026-08-26 15:10:00+00:00,0.0005000000000000001,0.0019,BE_STOP,1.6,1082.0,TREND,2026-08-26 15:10:00+00:00,f2
BTCUSDT,2026-08-26 15:25:00+00:00,0.0005000000000000001,0.0019,BE_STOP,1.6,132.0,CHOP,2026-08-26 15:25:00+00:00,f2
XRPUSDT,2026-08-26 17:16:00+00:00,0.004600000000000001,0.006,TP,1.6,109.0,CHOP,2026-08-26 17:16:00+00:00,f2
BTCUSDT,2026-08-26 18:16:00+00:00,0.0005000000000000001,0.0019,BE_STOP,1.6,275.0,CHOP,2026-08-26 18:16:00+00:00,f2
BTCUSDT,2026-08-26 18:41:00+00:00,0.0005000000000000001,0.0019,BE_STOP,1.6,85.0,CHOP,2026-08-26 18:41:00+00:00,f2
ETHUSDT,2026-08-26 19:26:00+00:00,0.004600000000000001,0.006,TP,1.6,68.0,CHOP,2026-08-26 19:26:00+00:00,f2
ETHUSDT,2026-08-26 21:14:00+00:00,0.004600000000000001,0.006,TP,1.6,2103.0,CHOP,2026-08-26 21:14:00+00:00,f2
SOLUSDT,2026-08-26 21:17:00+00:00,0.004600000000000001,0.006,TP,1.6,506.0,CHOP,2026-08-26 21:17:00+00:00,f2
BTCUSDT,2026-08-26 21:31:00+00:00,0.0005000000000000001,0.0019,BE_STOP,1.6,124.0,CHOP,2026-08-26 21:31:00+00:00,f2
ETHUSDT,2026-08-26 21:33:00+00:00,0.0005000000000000001,0.0019,BE_STOP,1.6,18.0,CHOP,2026-08-26 21:33:00+00:00,f2
SOLUSDT,2026-08-26 21:52:00+00:00,-0.0314,-0.03,HARD_SL,1.6,409.0,CHOP,2026-08-26 21:52:00+00:00,f2
NEARUSDT,2026-08-26 22:02:00+00:00,0.004600000000000001,0.006,TP,1.6,10.0,TREND,2026-08-26 22:02:00+00:00,f2
ETHUSDT,2026-08-26 22:09:00+00:00,0.0005000000000000001,0.0019,BE_STOP,1.6,7.0,TREND,2026-08-26 22:09:00+00:00,f2
ETHUSDT,2026-08-26 22:16:00+00:00,-0.0314,-0.03,HARD_SL,1.6,1327.0,CHOP,2026-08-26 22:16:00+00:00,f2
BTCUSDT,2026-08-26 22:16:00+00:00,0.004600000000000001,0.006,TP,1.6,508.0,CHOP,2026-08-26 22:16:00+00:00,f2
ETHUSDT,2026-08-26 22:16:00+00:00,0.004600000000000001,0.006,TP,1.6,45.0,TREND,2026-08-26 22:16:00+00:00,f2
ETHUSDT,2026-08-26 22:16:00+00:00,0.004600000000000001,0.006,TP,1.6,43.0,TREND,2026-08-26 22:16:00+00:00,f2
XRPUSDT,2026-08-26 23:44:00+00:00,0.004600000000000001,0.006,TP,1.6,83.0,CHOP,2026-08-26 23:44:00+00:00,f2
BTCUSDT,2026-08-26 23:51:00+00:00,0.0005000000000000001,0.0019,BE_STOP,1.6,88.0,CHOP,2026-08-26 23:51:00+00:00,f2
BTCUSDT,2026-08-27 00:04:00+00:00,0.0005000000000000001,0.0019,BE_STOP,1.6,166.0,CHOP,2026-08-27 00:04:00+00:00,f2
BTCUSDT,2026-08-27 00:04:00+00:00,0.0005000000000000001,0.0019,BE_STOP,1.6,107.0,CHOP,2026-08-27 00:04:00+00:00,f2
BTCUSDT,2026-08-27 00:05:00+00:00,0.0005000000000000001,0.0019,BE_STOP,1.6,116.0,CHOP,2026-08-27 00:05:00+00:00,f2
BTCUSDT,2026-08-27 01:25:00+00:00,0.0005000000000000001,0.0019,BE_STOP,1.6,80.0,CHOP,2026-08-27 01:25:00+00:00,f2
BTCUSDT,2026-08-27 01:26:00+00:00,0.0005000000000000001,0.0019,BE_STOP,1.6,79.0,CHOP,2026-08-27 01:26:00+00:00,f2
BTCUSDT,2026-08-27 01:27:00+00:00,0.0005000000000000001,0.0019,BE_STOP,1.6,78.0,CHOP,2026-08-27 01:27:00+00:00,f2
SOLUSDT,2026-08-27 01:29:00+00:00,0.004600000000000001,0.006,TP,1.6,4.0,TREND,2026-08-27 01:29:00+00:00,f2
NEARUSDT,2026-08-27 04:36:00+00:00,-0.0264,-0.025,MAE_KILL,1.6,290.0,TREND,2026-08-27 04:36:00+00:00,f2
BTCUSDT,2026-08-27 08:03:00+00:00,0.004600000000000001,0.006,TP,1.6,392.0,CHOP,2026-08-27 08:03:00+00:00,f2
BTCUSDT,2026-08-27 08:04:00+00:00,0.004600000000000001,0.006,TP,1.6,493.0,TREND,2026-08-27 08:04:00+00:00,f2
ETHUSDT,2026-08-27 08:04:00+00:00,0.004600000000000001,0.006,TP,1.6,395.0,CHOP,2026-08-27 08:04:00+00:00,f2
ETHUSDT,2026-08-27 08:05:00+00:00,0.0005000000000000001,0.0019,BE_STOP,1.6,586.0,TREND,2026-08-27 08:05:00+00:00,f2
NEARUSDT,2026-08-27 08:08:00+00:00,0.004600000000000001,0.006,TP,1.6,394.0,TREND,2026-08-27 08:08:00+00:00,f2
SOLUSDT,2026-08-27 08:09:00+00:00,0.004600000000000001,0.006,TP,1.6,1.0,CHOP,2026-08-27 08:09:00+00:00,f2
BTCUSDT,2026-08-27 08:10:00+00:00,0.004600000000000001,0.006,TP,1.6,5.0,CHOP,2026-08-27 08:10:00+00:00,f2
SOLUSDT,2026-08-27 08:25:00+00:00,0.006042294059953992,0.007442294059953992,TP,1.6,11.0,CHOP,2026-08-27 08:25:00+00:00,f2
ETHUSDT,2026-08-27 08:30:00+00:00,0.004600000000000001,0.006,TP,1.6,20.0,CHOP,2026-08-27 08:30:00+00:00,f2
BTCUSDT,2026-08-27 08:39:00+00:00,0.0005000000000000001,0.0019,BE_STOP,1.6,27.0,TREND,2026-08-27 08:39:00+00:00,f2
BTCUSDT,2026-08-27 08:43:00+00:00,0.004600000000000001,0.006,TP,1.6,26.0,TREND,2026-08-27 08:43:00+00:00,f2
BTCUSDT,2026-08-27 08:43:00+00:00,0.004600000000000001,0.006,TP,1.6,23.0,TREND,2026-08-27 08:43:00+00:00,f2
SOLUSDT,2026-08-27 08:45:00+00:00,0.004600000000000001,0.006,TP,1.6,6.0,CHOP,2026-08-27 08:45:00+00:00,f2
SOLUSDT,2026-08-27 08:48:00+00:00,0.004600000000000001,0.006,TP,1.6,17.0,CHOP,2026-08-27 08:48:00+00:00,f2
NEARUSDT,2026-08-27 08:51:00+00:00,0.0005000000000000001,0.0019,BE_STOP,1.6,6.0,TREND,2026-08-27 08:51:00+00:00,f2
BTCUSDT,2026-08-27 08:55:00+00:00,0.0005000000000000001,0.0019,BE_STOP,1.6,28.0,TREND,2026-08-27 08:55:00+00:00,f2
SOLUSDT,2026-08-27 09:01:00+00:00,0.0005000000000000001,0.0019,BE_STOP,1.6,9.0,TREND,2026-08-27 09:01:00+00:00,f2
BTCUSDT,2026-08-27 09:25:00+00:00,-0.0314,-0.03,HARD_SL,1.6,1092.0,CHOP,2026-08-27 09:25:00+00:00,f2
ETHUSDT,2026-08-27 09:25:00+00:00,0.004600000000000001,0.006,TP,1.6,36.0,TREND,2026-08-27 09:25:00+00:00,f2
BTCUSDT,2026-08-27 09:26:00+00:00,0.004600000000000001,0.006,TP,1.6,43.0,TREND,2026-08-27 09:26:00+00:00,f2
BTCUSDT,2026-08-27 09:26:00+00:00,0.004600000000000001,0.006,TP,1.6,39.0,TREND,2026-08-27 09:26:00+00:00,f2
BTCUSDT,2026-08-27 10:28:00+00:00,0.0005000000000000001,0.0019,BE_STOP,1.6,87.0,TREND,2026-08-27 10:28:00+00:00,f2
BTCUSDT,2026-08-27 10:29:00+00:00,0.0005000000000000001,0.0019,BE_STOP,1.6,93.0,TREND,2026-08-27 10:29:00+00:00,f2
BTCUSDT,2026-08-27 10:41:00+00:00,0.0005000000000000001,0.0019,BE_STOP,1.6,13.0,CHOP,2026-08-27 10:41:00+00:00,f2
BTCUSDT,2026-08-27 10:41:00+00:00,0.0005000000000000001,0.0019,BE_STOP,1.6,10.0,CHOP,2026-08-27 10:41:00+00:00,f2
ETHUSDT,2026-08-27 11:34:00+00:00,0.0005000000000000001,0.0019,BE_STOP,1.6,51.0,CHOP,2026-08-27 11:34:00+00:00,f2
SOLUSDT,2026-08-27 11:52:00+00:00,0.0005000000000000001,0.0019,BE_STOP,1.6,14.0,TREND,2026-08-27 11:52:00+00:00,f2
BTCUSDT,2026-08-27 11:54:00+00:00,0.0005000000000000001,0.0019,BE_STOP,1.6,73.0,CHOP,2026-08-27 11:54:00+00:00,f2
XRPUSDT,2026-08-27 12:31:00+00:00,0.004600000000000001,0.006,TP,1.6,36.0,CHOP,2026-08-27 12:31:00+00:00,f2
SOLUSDT,2026-08-27 12:52:00+00:00,0.0005000000000000001,0.0019,BE_STOP,1.6,20.0,TREND,2026-08-27 12:52:00+00:00,f2
SOLUSDT,2026-08-27 13:10:00+00:00,0.0005000000000000001,0.0019,BE_STOP,1.6,18.0,TREND,2026-08-27 13:10:00+00:00,f2
BTCUSDT,2026-08-27 13:43:00+00:00,0.0005000000000000001,0.0019,BE_STOP,1.6,111.0,CHOP,2026-08-27 13:43:00+00:00,f2
BTCUSDT,2026-08-27 13:52:00+00:00,0.0005000000000000001,0.0019,BE_STOP,1.6,42.0,CHOP,2026-08-27 13:52:00+00:00,f2
XRPUSDT,2026-08-27 13:56:00+00:00,0.004600000000000001,0.006,TP,1.6,12.0,CHOP,2026-08-27 13:56:00+00:00,f2
SOLUSDT,2026-08-27 13:57:00+00:00,0.004600000000000001,0.006,TP,1.6,271.0,TREND,2026-08-27 13:57:00+00:00,f2
SOLUSDT,2026-08-27 13:57:00+00:00,0.004600000000000001,0.006,TP,1.6,4.0,CHOP,2026-08-27 13:57:00+00:00,f2
ETHUSDT,2026-08-27 14:07:00+00:00,0.0005000000000000001,0.0019,BE_STOP,1.6,8.0,CHOP,2026-08-27 14:07:00+00:00,f2
BTCUSDT,2026-08-27 14:07:00+00:00,0.0005000000000000001,0.0019,BE_STOP,1.6,6.0,CHOP,2026-08-27 14:07:00+00:00,f2
BTCUSDT,2026-08-27 14:09:00+00:00,0.0005000000000000001,0.0019,BE_STOP,1.6,13.0,CHOP,2026-08-27 14:09:00+00:00,f2
XRPUSDT,2026-08-27 14:19:00+00:00,0.004600000000000001,0.006,TP,1.6,7.0,CHOP,2026-08-27 14:19:00+00:00,f2
NEARUSDT,2026-08-27 14:20:00+00:00,0.004600000000000001,0.006,TP,1.6,10.0,CHOP,2026-08-27 14:20:00+00:00,f2
SOLUSDT,2026-08-27 14:25:00+00:00,0.0005000000000000001,0.0019,BE_STOP,1.6,6.0,CHOP,2026-08-27 14:25:00+00:00,f2
BTCUSDT,2026-08-27 14:35:00+00:00,0.004600000000000001,0.006,TP,1.6,27.0,CHOP,2026-08-27 14:35:00+00:00,f2
BTCUSDT,2026-08-27 14:36:00+00:00,0.004600000000000001,0.006,TP,1.6,15.0,CHOP,2026-08-27 14:36:00+00:00,f2
BTCUSDT,2026-08-27 14:41:00+00:00,0.004600000000000001,0.006,TP,1.6,16.0,CHOP,2026-08-27 14:41:00+00:00,f2
XRPUSDT,2026-08-27 14:42:00+00:00,0.004600000000000001,0.006,TP,1.6,6.0,CHOP,2026-08-27 14:42:00+00:00,f2
BTCUSDT,2026-08-27 15:13:00+00:00,-0.0314,-0.03,HARD_SL,1.6,1232.0,CHOP,2026-08-27 15:13:00+00:00,f2
BTCUSDT,2026-08-27 15:13:00+00:00,0.004600000000000001,0.006,TP,1.6,34.0,CHOP,2026-08-27 15:13:00+00:00,f2
BTCUSDT,2026-08-27 15:13:00+00:00,0.004600000000000001,0.006,TP,1.6,28.0,CHOP,2026-08-27 15:13:00+00:00,f2
BTCUSDT,2026-08-27 15:22:00+00:00,0.0005000000000000001,0.0019,BE_STOP,1.6,352.0,TREND,2026-08-27 15:22:00+00:00,f2
BTCUSDT,2026-08-27 15:22:00+00:00,0.0005000000000000001,0.0019,BE_STOP,1.6,350.0,TREND,2026-08-27 15:22:00+00:00,f2
BTCUSDT,2026-08-27 15:22:00+00:00,0.0005000000000000001,0.0019,BE_STOP,1.6,39.0,CHOP,2026-08-27 15:22:00+00:00,f2
XRPUSDT,2026-08-27 15:36:00+00:00,0.0005000000000000001,0.0019,BE_STOP,1.6,12.0,CHOP,2026-08-27 15:36:00+00:00,f2
NEARUSDT,2026-08-27 15:38:00+00:00,0.0005000000000000001,0.0019,BE_STOP,1.6,5.0,CHOP,2026-08-27 15:38:00+00:00,f2
BTCUSDT,2026-08-27 16:11:00+00:00,0.0005000000000000001,0.0019,BE_STOP,1.6,33.0,CHOP,2026-08-27 16:11:00+00:00,f2
SOLUSDT,2026-08-27 16:21:00+00:00,0.0005000000000000001,0.0019,BE_STOP,1.6,68.0,CHOP,2026-08-27 16:21:00+00:00,f2
SOLUSDT,2026-08-27 16:21:00+00:00,0.0005000000000000001,0.0019,BE_STOP,1.6,53.0,TREND,2026-08-27 16:21:00+00:00,f2
SOLUSDT,2026-08-27 16:22:00+00:00,0.004600000000000001,0.006,TP,1.6,11.0,TREND,2026-08-27 16:22:00+00:00,f2
ETHUSDT,2026-08-27 16:46:00+00:00,0.0005000000000000001,0.0019,BE_STOP,1.6,19.0,CHOP,2026-08-27 16:46:00+00:00,f2
BTCUSDT,2026-08-27 17:22:00+00:00,0.0005000000000000001,0.0019,BE_STOP,1.6,127.0,CHOP,2026-08-27 17:22:00+00:00,f2
BTCUSDT,2026-08-27 17:22:00+00:00,0.0005000000000000001,0.0019,BE_STOP,1.6,124.0,CHOP,2026-08-27 17:22:00+00:00,f2
BTCUSDT,2026-08-27 17:42:00+00:00,0.0005000000000000001,0.0019,BE_STOP,1.6,77.0,CHOP,2026-08-27 17:42:00+00:00,f2
BTCUSDT,2026-08-27 17:42:00+00:00,0.0005000000000000001,0.0019,BE_STOP,1.6,56.0,CHOP,2026-08-27 17:42:00+00:00,f2
ETHUSDT,2026-08-27 18:13:00+00:00,0.004600000000000001,0.006,TP,1.6,157.0,CHOP,2026-08-27 18:13:00+00:00,f2
BTCUSDT,2026-08-27 18:13:00+00:00,0.004600000000000001,0.006,TP,1.6,30.0,CHOP,2026-08-27 18:13:00+00:00,f2
BTCUSDT,2026-08-27 18:13:00+00:00,0.004600000000000001,0.006,TP,1.6,27.0,CHOP,2026-08-27 18:13:00+00:00,f2
BTCUSDT,2026-08-27 18:27:00+00:00,0.0005000000000000001,0.0019,BE_STOP,1.6,13.0,CHOP,2026-08-27 18:27:00+00:00,f2
SOLUSDT,2026-08-27 19:46:00+00:00,0.0005000000000000001,0.0019,BE_STOP,1.6,142.0,TREND,2026-08-27 19:46:00+00:00,f2
SOLUSDT,2026-08-27 19:50:00+00:00,0.0005000000000000001,0.0019,BE_STOP,1.6,4.0,CHOP,2026-08-27 19:50:00+00:00,f2
BTCUSDT,2026-08-28 01:20:00+00:00,-0.0314,-0.03,HARD_SL,1.6,1243.0,CHOP,2026-08-28 01:20:00+00:00,f2
BTCUSDT,2026-08-28 01:30:00+00:00,0.004600000000000001,0.006,TP,1.6,488.0,CHOP,2026-08-28 01:30:00+00:00,f2
BTCUSDT,2026-08-28 01:35:00+00:00,0.0005000000000000001,0.0019,BE_STOP,1.6,5.0,TREND,2026-08-28 01:35:00+00:00,f2
NEARUSDT,2026-08-28 02:15:00+00:00,-0.0264,-0.025,MAE_KILL,1.6,55.0,CHOP,2026-08-28 02:15:00+00:00,f2
XRPUSDT,2026-08-28 02:23:00+00:00,0.004600000000000001,0.006,TP,1.6,7.0,CHOP,2026-08-28 02:23:00+00:00,f2
XRPUSDT,2026-08-28 02:31:00+00:00,-0.0314,-0.03,HARD_SL,1.6,610.0,TREND,2026-08-28 02:31:00+00:00,f2
BTCUSDT,2026-08-28 02:32:00+00:00,0.0005000000000000001,0.0019,BE_STOP,1.6,8.0,CHOP,2026-08-28 02:32:00+00:00,f2
BTCUSDT,2026-08-28 02:53:00+00:00,0.0005000000000000001,0.0019,BE_STOP,1.6,506.0,CHOP,2026-08-28 02:53:00+00:00,f2
BTCUSDT,2026-08-28 02:53:00+00:00,0.0005000000000000001,0.0019,BE_STOP,1.6,22.0,CHOP,2026-08-28 02:53:00+00:00,f2
BTCUSDT,2026-08-28 02:54:00+00:00,0.0005000000000000001,0.0019,BE_STOP,1.6,424.0,CHOP,2026-08-28 02:54:00+00:00,f2
BTCUSDT,2026-08-28 02:54:00+00:00,0.0005000000000000001,0.0019,BE_STOP,1.6,21.0,CHOP,2026-08-28 02:54:00+00:00,f2
ETHUSDT,2026-08-28 04:09:00+00:00,-0.0314,-0.03,HARD_SL,1.6,1121.0,TREND,2026-08-28 04:09:00+00:00,f2
ETHUSDT,2026-08-28 04:09:00+00:00,0.004600000000000001,0.006,TP,1.6,591.0,CHOP,2026-08-28 04:09:00+00:00,f2
XRPUSDT,2026-08-28 04:09:00+00:00,-0.0314,-0.03,HARD_SL,1.6,154.0,CHOP,2026-08-28 04:09:00+00:00,f2
ETHUSDT,2026-08-28 04:09:00+00:00,0.004600000000000001,0.006,TP,1.6,71.0,CHOP,2026-08-28 04:09:00+00:00,f2
ETHUSDT,2026-08-28 04:12:00+00:00,0.0005000000000000001,0.0019,BE_STOP,1.6,592.0,CHOP,2026-08-28 04:12:00+00:00,f2
BTCUSDT,2026-08-28 04:13:00+00:00,0.0005000000000000001,0.0019,BE_STOP,1.6,80.0,CHOP,2026-08-28 04:13:00+00:00,f2
BTCUSDT,2026-08-28 04:13:00+00:00,0.0005000000000000001,0.0019,BE_STOP,1.6,77.0,CHOP,2026-08-28 04:13:00+00:00,f2
SOLUSDT,2026-08-28 04:46:00+00:00,0.0005000000000000001,0.0019,BE_STOP,1.6,18.0,TREND,2026-08-28 04:46:00+00:00,f2
XRPUSDT,2026-08-28 05:08:00+00:00,0.004600000000000001,0.006,TP,1.6,44.0,CHOP,2026-08-28 05:08:00+00:00,f2
XRPUSDT,2026-08-28 05:08:00+00:00,0.004600000000000001,0.006,TP,1.6,42.0,CHOP,2026-08-28 05:08:00+00:00,f2
NEARUSDT,2026-08-28 05:11:00+00:00,0.004600000000000001,0.006,TP,1.6,128.0,CHOP,2026-08-28 05:11:00+00:00,f2
BTCUSDT,2026-08-28 05:29:00+00:00,0.0005000000000000001,0.0019,BE_STOP,1.6,59.0,CHOP,2026-08-28 05:29:00+00:00,f2
XRPUSDT,2026-08-28 05:52:00+00:00,0.0005000000000000001,0.0019,BE_STOP,1.6,22.0,CHOP,2026-08-28 05:52:00+00:00,f2
NEARUSDT,2026-08-28 06:16:00+00:00,0.0005000000000000001,0.0019,BE_STOP,1.6,23.0,CHOP,2026-08-28 06:16:00+00:00,f2
BTCUSDT,2026-08-28 08:54:00+00:00,0.0005000000000000001,0.0019,BE_STOP,1.6,248.0,CHOP,2026-08-28 08:54:00+00:00,f2
SOLUSDT,2026-08-28 09:06:00+00:00,0.0005000000000000001,0.0019,BE_STOP,1.6,12.0,CHOP,2026-08-28 09:06:00+00:00,f2
XRPUSDT,2026-08-28 09:07:00+00:00,0.0005000000000000001,0.0019,BE_STOP,1.6,238.0,CHOP,2026-08-28 09:07:00+00:00,f2
BTCUSDT,2026-08-28 10:03:00+00:00,0.004600000000000001,0.006,TP,1.6,353.0,CHOP,2026-08-28 10:03:00+00:00,f2
BTCUSDT,2026-08-28 10:07:00+00:00,0.004600000000000001,0.006,TP,1.6,296.0,CHOP,2026-08-28 10:07:00+00:00,f2
BTCUSDT,2026-08-28 10:07:00+00:00,0.004600000000000001,0.006,TP,1.6,294.0,CHOP,2026-08-28 10:07:00+00:00,f2
BTCUSDT,2026-08-28 10:28:00+00:00,0.0005000000000000001,0.0019,BE_STOP,1.6,82.0,CHOP,2026-08-28 10:28:00+00:00,f2
BTCUSDT,2026-08-28 10:30:00+00:00,0.0005000000000000001,0.0019,BE_STOP,1.6,82.0,CHOP,2026-08-28 10:30:00+00:00,f2
NEARUSDT,2026-08-28 10:54:00+00:00,0.004600000000000001,0.006,TP,1.6,26.0,CHOP,2026-08-28 10:54:00+00:00,f2
NEARUSDT,2026-08-28 10:55:00+00:00,0.004600000000000001,0.006,TP,1.6,25.0,CHOP,2026-08-28 10:55:00+00:00,f2
NEARUSDT,2026-08-28 11:22:00+00:00,0.0005000000000000001,0.0019,BE_STOP,1.6,26.0,CHOP,2026-08-28 11:22:00+00:00,f2
NEARUSDT,2026-08-28 11:22:00+00:00,0.0005000000000000001,0.0019,BE_STOP,1.6,24.0,CHOP,2026-08-28 11:22:00+00:00,f2
ETHUSDT,2026-08-28 13:03:00+00:00,0.0005000000000000001,0.0019,BE_STOP,1.6,94.0,CHOP,2026-08-28 13:03:00+00:00,f2
BTCUSDT,2026-08-28 14:01:00+00:00,0.0005000000000000001,0.0019,BE_STOP,1.6,58.0,CHOP,2026-08-28 14:01:00+00:00,f2
BTCUSDT,2026-08-28 14:05:00+00:00,0.004600000000000001,0.006,TP,1.6,240.0,CHOP,2026-08-28 14:05:00+00:00,f2
BTCUSDT,2026-08-28 14:06:00+00:00,0.004600000000000001,0.006,TP,1.6,236.0,CHOP,2026-08-28 14:06:00+00:00,f2
NEARUSDT,2026-08-28 14:09:00+00:00,0.0005000000000000001,0.0019,BE_STOP,1.6,5.0,CHOP,2026-08-28 14:09:00+00:00,f2
NEARUSDT,2026-08-28 14:09:00+00:00,0.0005000000000000001,0.0019,BE_STOP,1.6,3.0,CHOP,2026-08-28 14:09:00+00:00,f2
BTCUSDT,2026-08-28 14:12:00+00:00,0.004600000000000001,0.006,TP,1.6,244.0,CHOP,2026-08-28 14:12:00+00:00,f2
BTCUSDT,2026-08-28 14:13:00+00:00,0.004600000000000001,0.006,TP,1.6,5.0,CHOP,2026-08-28 14:13:00+00:00,f2
NEARUSDT,2026-08-28 14:14:00+00:00,0.0005000000000000001,0.0019,BE_STOP,1.6,4.0,CHOP,2026-08-28 14:14:00+00:00,f2
SOLUSDT,2026-08-28 14:17:00+00:00,0.0005000000000000001,0.0019,BE_STOP,1.6,4.0,CHOP,2026-08-28 14:17:00+00:00,f2
NEARUSDT,2026-08-28 14:34:00+00:00,0.004600000000000001,0.006,TP,1.6,14.0,CHOP,2026-08-28 14:34:00+00:00,f2
NEARUSDT,2026-08-28 14:34:00+00:00,0.004600000000000001,0.006,TP,1.6,12.0,CHOP,2026-08-28 14:34:00+00:00,f2
BTCUSDT,2026-08-28 15:02:00+00:00,0.0005000000000000001,0.0019,BE_STOP,1.6,23.0,CHOP,2026-08-28 15:02:00+00:00,f2
BTCUSDT,2026-08-28 15:02:00+00:00,0.0005000000000000001,0.0019,BE_STOP,1.6,21.0,CHOP,2026-08-28 15:02:00+00:00,f2
SOLUSDT,2026-08-28 15:11:00+00:00,0.0005000000000000001,0.0019,BE_STOP,1.6,4.0,CHOP,2026-08-28 15:11:00+00:00,f2
ETHUSDT,2026-08-28 15:41:00+00:00,0.004600000000000001,0.006,TP,1.6,30.0,CHOP,2026-08-28 15:41:00+00:00,f2
BTCUSDT,2026-08-28 15:58:00+00:00,0.004600000000000001,0.006,TP,1.6,100.0,CHOP,2026-08-28 15:58:00+00:00,f2
BTCUSDT,2026-08-28 15:58:00+00:00,0.004600000000000001,0.006,TP,1.6,15.0,CHOP,2026-08-28 15:58:00+00:00,f2
BTCUSDT,2026-08-28 16:01:00+00:00,0.004600000000000001,0.006,TP,1.6,105.0,CHOP,2026-08-28 16:01:00+00:00,f2
XRPUSDT,2026-08-28 16:02:00+00:00,0.004600000000000001,0.006,TP,1.6,3.0,CHOP,2026-08-28 16:02:00+00:00,f2
BTCUSDT,2026-08-28 16:16:00+00:00,0.004600000000000001,0.006,TP,1.6,9.0,CHOP,2026-08-28 16:16:00+00:00,f3
BTCUSDT,2026-08-28 16:17:00+00:00,0.004600000000000001,0.006,TP,1.6,14.0,CHOP,2026-08-28 16:17:00+00:00,f3
BTCUSDT,2026-08-28 16:17:00+00:00,0.004600000000000001,0.006,TP,1.6,12.0,CHOP,2026-08-28 16:17:00+00:00,f3
BTCUSDT,2026-08-28 16:22:00+00:00,-0.0314,-0.03,HARD_SL,1.6,723.0,CHOP,2026-08-28 16:22:00+00:00,f3
BTCUSDT,2026-08-28 16:22:00+00:00,-0.0314,-0.03,HARD_SL,1.6,606.0,CHOP,2026-08-28 16:22:00+00:00,f3
BTCUSDT,2026-08-28 16:23:00+00:00,-0.0314,-0.03,HARD_SL,1.6,721.0,CHOP,2026-08-28 16:23:00+00:00,f3
BTCUSDT,2026-08-28 16:23:00+00:00,-0.0314,-0.03,HARD_SL,1.6,298.0,CHOP,2026-08-28 16:23:00+00:00,f3
SOLUSDT,2026-08-28 16:23:00+00:00,0.004600000000000001,0.006,TP,1.6,7.0,CHOP,2026-08-28 16:23:00+00:00,f3
BTCUSDT,2026-08-28 16:24:00+00:00,-0.0314,-0.03,HARD_SL,1.6,82.0,CHOP,2026-08-28 16:24:00+00:00,f3
ETHUSDT,2026-08-28 16:24:00+00:00,0.004600000000000001,0.006,TP,1.6,6.0,CHOP,2026-08-28 16:24:00+00:00,f3
BTCUSDT,2026-08-28 16:24:00+00:00,0.004600000000000001,0.006,TP,1.6,4.0,TREND,2026-08-28 16:24:00+00:00,f3
SOLUSDT,2026-08-28 17:01:00+00:00,0.0005000000000000001,0.0019,BE_STOP,1.6,28.0,CHOP,2026-08-28 17:01:00+00:00,f3
BTCUSDT,2026-08-28 17:22:00+00:00,0.0005000000000000001,0.0019,BE_STOP,1.6,43.0,TREND,2026-08-28 17:22:00+00:00,f3
BTCUSDT,2026-08-28 17:24:00+00:00,0.0005000000000000001,0.0019,BE_STOP,1.6,43.0,TREND,2026-08-28 17:24:00+00:00,f3
ETHUSDT,2026-08-28 18:38:00+00:00,0.004614173754520911,0.00601417375452091,TP,1.6,127.0,TREND,2026-08-28 18:38:00+00:00,f3
ETHUSDT,2026-08-28 18:39:00+00:00,0.004600000000000001,0.006,TP,1.6,124.0,TREND,2026-08-28 18:39:00+00:00,f3
SOLUSDT,2026-08-28 18:46:00+00:00,0.004600000000000001,0.006,TP,1.6,141.0,CHOP,2026-08-28 18:46:00+00:00,f3
BTCUSDT,2026-08-28 18:47:00+00:00,0.004600000000000001,0.006,TP,1.6,106.0,CHOP,2026-08-28 18:47:00+00:00,f3
BTCUSDT,2026-08-28 18:52:00+00:00,0.0005000000000000001,0.0019,BE_STOP,1.6,143.0,TREND,2026-08-28 18:52:00+00:00,f3
ETHUSDT,2026-08-28 19:00:00+00:00,0.0005000000000000001,0.0019,BE_STOP,1.6,153.0,TREND,2026-08-28 19:00:00+00:00,f3
BTCUSDT,2026-08-29 00:51:00+00:00,0.0005000000000000001,0.0019,BE_STOP,1.6,349.0,TREND,2026-08-29 00:51:00+00:00,f3
BTCUSDT,2026-08-29 04:15:00+00:00,0.0005000000000000001,0.0019,BE_STOP,1.6,204.0,CHOP,2026-08-29 04:15:00+00:00,f3
SOLUSDT,2026-08-29 06:32:00+00:00,0.0005000000000000001,0.0019,BE_STOP,1.6,137.0,CHOP,2026-08-29 06:32:00+00:00,f3
NEARUSDT,2026-08-29 07:19:00+00:00,0.0005000000000000001,0.0019,BE_STOP,1.6,47.0,CHOP,2026-08-29 07:19:00+00:00,f3
BTCUSDT,2026-08-29 09:47:00+00:00,0.0005000000000000001,0.0019,BE_STOP,1.6,147.0,CHOP,2026-08-29 09:47:00+00:00,f3
BTCUSDT,2026-08-29 14:47:00+00:00,0.004600000000000001,0.006,TP,1.6,295.0,CHOP,2026-08-29 14:47:00+00:00,f3
SOLUSDT,2026-08-29 15:02:00+00:00,0.0005000000000000001,0.0019,BE_STOP,1.6,15.0,TREND,2026-08-29 15:02:00+00:00,f3
SOLUSDT,2026-08-29 19:16:00+00:00,-0.0314,-0.03,HARD_SL,1.6,1464.0,CHOP,2026-08-29 19:16:00+00:00,f3
SOLUSDT,2026-08-29 19:16:00+00:00,0.004600000000000001,0.006,TP,1.6,254.0,TREND,2026-08-29 19:16:00+00:00,f3
XRPUSDT,2026-08-29 20:22:00+00:00,0.0005000000000000001,0.0019,BE_STOP,1.6,62.0,CHOP,2026-08-29 20:22:00+00:00,f3
BTCUSDT,2026-08-29 21:02:00+00:00,0.0005000000000000001,0.0019,BE_STOP,1.6,1660.0,CHOP,2026-08-29 21:02:00+00:00,f3
BTCUSDT,2026-08-29 21:02:00+00:00,0.0005000000000000001,0.0019,BE_STOP,1.6,1658.0,CHOP,2026-08-29 21:02:00+00:00,f3
XRPUSDT,2026-08-29 21:54:00+00:00,0.0005000000000000001,0.0019,BE_STOP,1.6,52.0,CHOP,2026-08-29 21:54:00+00:00,f3
ETHUSDT,2026-08-30 00:04:00+00:00,0.0005000000000000001,0.0019,BE_STOP,1.6,130.0,CHOP,2026-08-30 00:04:00+00:00,f3
NEARUSDT,2026-08-30 03:21:00+00:00,0.0005000000000000001,0.0019,BE_STOP,1.6,419.0,CHOP,2026-08-30 03:21:00+00:00,f3
BTCUSDT,2026-08-30 12:32:00+00:00,0.004600000000000001,0.006,TP,1.6,1035.0,TREND,2026-08-30 12:32:00+00:00,f3
SOLUSDT,2026-08-30 12:59:00+00:00,0.004600000000000001,0.006,TP,1.6,26.0,CHOP,2026-08-30 12:59:00+00:00,f3
NEARUSDT,2026-08-30 13:06:00+00:00,0.0005000000000000001,0.0019,BE_STOP,1.6,7.0,CHOP,2026-08-30 13:06:00+00:00,f3
ETHUSDT,2026-08-30 15:09:00+00:00,0.004600000000000001,0.006,TP,1.6,123.0,CHOP,2026-08-30 15:09:00+00:00,f3
ETHUSDT,2026-08-30 16:41:00+00:00,-0.0314,-0.03,HARD_SL,1.6,997.0,CHOP,2026-08-30 16:41:00+00:00,f3
BTCUSDT,2026-08-30 18:39:00+00:00,-0.02334318899585482,-0.02194318899585482,MAX_AGE,1.6,2880.0,CHOP,2026-08-30 18:39:00+00:00,f3
BTCUSDT,2026-08-30 18:43:00+00:00,-0.02257814833616871,-0.02117814833616871,MAX_AGE,1.6,2880.0,CHOP,2026-08-30 18:43:00+00:00,f3
BTCUSDT,2026-08-30 18:46:00+00:00,-0.02309975838884537,-0.021699758388845372,MAX_AGE,1.6,2880.0,CHOP,2026-08-30 18:46:00+00:00,f3
BTCUSDT,2026-08-30 18:49:00+00:00,-0.024058692366617552,-0.022658692366617553,MAX_AGE,1.6,2880.0,CHOP,2026-08-30 18:49:00+00:00,f3
NEARUSDT,2026-08-30 18:52:00+00:00,-0.0264,-0.025,MAE_KILL,1.6,217.0,CHOP,2026-08-30 18:52:00+00:00,f3
NEARUSDT,2026-08-30 18:57:00+00:00,0.004600000000000001,0.006,TP,1.6,4.0,CHOP,2026-08-30 18:57:00+00:00,f3
BTCUSDT,2026-08-30 20:01:00+00:00,0.0005000000000000001,0.0019,BE_STOP,1.6,66.0,CHOP,2026-08-30 20:01:00+00:00,f3
BTCUSDT,2026-08-30 20:43:00+00:00,0.004600000000000001,0.006,TP,1.6,105.0,CHOP,2026-08-30 20:43:00+00:00,f3
NEARUSDT,2026-08-30 20:46:00+00:00,0.0005000000000000001,0.0019,BE_STOP,1.6,3.0,CHOP,2026-08-30 20:46:00+00:00,f3
XRPUSDT,2026-08-30 21:01:00+00:00,0.004600000000000001,0.006,TP,1.6,15.0,CHOP,2026-08-30 21:01:00+00:00,f3
ETHUSDT,2026-08-30 22:32:00+00:00,0.0005000000000000001,0.0019,BE_STOP,1.6,90.0,CHOP,2026-08-30 22:32:00+00:00,f3
BTCUSDT,2026-08-30 23:19:00+00:00,0.0005000000000000001,0.0019,BE_STOP,1.6,47.0,CHOP,2026-08-30 23:19:00+00:00,f3
ETHUSDT,2026-08-30 23:23:00+00:00,-0.0314,-0.03,HARD_SL,1.6,277.0,CHOP,2026-08-30 23:23:00+00:00,f3
ETHUSDT,2026-08-30 23:23:00+00:00,0.004600000000000001,0.006,TP,1.6,4.0,CHOP,2026-08-30 23:23:00+00:00,f3
BTCUSDT,2026-08-30 23:24:00+00:00,0.0005000000000000001,0.0019,BE_STOP,1.6,1580.0,CHOP,2026-08-30 23:24:00+00:00,f3
BTCUSDT,2026-08-30 23:24:00+00:00,0.0005000000000000001,0.0019,BE_STOP,1.6,1202.0,CHOP,2026-08-30 23:24:00+00:00,f3
NEARUSDT,2026-08-30 23:28:00+00:00,0.004600000000000001,0.006,TP,1.6,4.0,CHOP,2026-08-30 23:28:00+00:00,f3
BTCUSDT,2026-08-30 23:30:00+00:00,0.004600000000000001,0.006,TP,1.6,4.0,CHOP,2026-08-30 23:30:00+00:00,f3
BTCUSDT,2026-08-30 23:37:00+00:00,0.0005000000000000001,0.0019,BE_STOP,1.6,4.0,TREND,2026-08-30 23:37:00+00:00,f3
BTCUSDT,2026-08-30 23:41:00+00:00,0.004600000000000001,0.006,TP,1.6,11.0,TREND,2026-08-30 23:41:00+00:00,f3
ETHUSDT,2026-08-30 23:43:00+00:00,0.0005000000000000001,0.0019,BE_STOP,1.6,3.0,TREND,2026-08-30 23:43:00+00:00,f3
BTCUSDT,2026-08-30 23:46:00+00:00,0.004600000000000001,0.006,TP,1.6,10.0,TREND,2026-08-30 23:46:00+00:00,f3
BTCUSDT,2026-08-30 23:47:00+00:00,0.004600000000000001,0.006,TP,1.6,4.0,TREND,2026-08-30 23:47:00+00:00,f3
SOLUSDT,2026-08-31 00:36:00+00:00,0.004600000000000001,0.006,TP,1.6,38.0,TREND,2026-08-31 00:36:00+00:00,f3
NEARUSDT,2026-08-31 00:38:00+00:00,-0.0264,-0.025,MAE_KILL,1.6,44.0,TREND,2026-08-31 00:38:00+00:00,f3
BTCUSDT,2026-08-31 07:31:00+00:00,0.0005000000000000001,0.0019,BE_STOP,1.6,414.0,CHOP,2026-08-31 07:31:00+00:00,f3
BTCUSDT,2026-08-31 08:03:00+00:00,0.0005000000000000001,0.0019,BE_STOP,1.6,444.0,CHOP,2026-08-31 08:03:00+00:00,f3
XRPUSDT,2026-08-31 08:03:00+00:00,0.0005000000000000001,0.0019,BE_STOP,1.6,31.0,CHOP,2026-08-31 08:03:00+00:00,f3
SOLUSDT,2026-08-31 08:09:00+00:00,0.0005000000000000001,0.0019,BE_STOP,1.6,6.0,TREND,2026-08-31 08:09:00+00:00,f3
BTCUSDT,2026-08-31 13:00:00+00:00,0.0005000000000000001,0.0019,BE_STOP,1.6,293.0,TREND,2026-08-31 13:00:00+00:00,f3
SOLUSDT,2026-08-31 13:38:00+00:00,0.0005000000000000001,0.0019,BE_STOP,1.6,329.0,TREND,2026-08-31 13:38:00+00:00,f3
ETHUSDT,2026-08-31 14:04:00+00:00,0.0005000000000000001,0.0019,BE_STOP,1.6,26.0,CHOP,2026-08-31 14:04:00+00:00,f3
ETHUSDT,2026-08-31 14:41:00+00:00,0.004600000000000001,0.006,TP,1.6,99.0,CHOP,2026-08-31 14:41:00+00:00,f3
SOLUSDT,2026-08-31 14:41:00+00:00,0.004600000000000001,0.006,TP,1.6,37.0,CHOP,2026-08-31 14:41:00+00:00,f3
ETHUSDT,2026-08-31 15:47:00+00:00,0.0005000000000000001,0.0019,BE_STOP,1.6,64.0,CHOP,2026-08-31 15:47:00+00:00,f3
BTCUSDT,2026-08-31 15:53:00+00:00,0.0005000000000000001,0.0019,BE_STOP,1.6,68.0,CHOP,2026-08-31 15:53:00+00:00,f3
SOLUSDT,2026-08-31 16:42:00+00:00,0.0005000000000000001,0.0019,BE_STOP,1.6,48.0,CHOP,2026-08-31 16:42:00+00:00,f3
XRPUSDT,2026-08-31 16:49:00+00:00,0.0005000000000000001,0.0019,BE_STOP,1.6,7.0,CHOP,2026-08-31 16:49:00+00:00,f3
BTCUSDT,2026-08-31 16:57:00+00:00,0.0005000000000000001,0.0019,BE_STOP,1.6,70.0,CHOP,2026-08-31 16:57:00+00:00,f3
BTCUSDT,2026-08-31 18:01:00+00:00,0.0005000000000000001,0.0019,BE_STOP,1.6,72.0,CHOP,2026-08-31 18:01:00+00:00,f3
BTCUSDT,2026-08-31 18:01:00+00:00,0.0005000000000000001,0.0019,BE_STOP,1.6,64.0,CHOP,2026-08-31 18:01:00+00:00,f3
SOLUSDT,2026-08-31 18:24:00+00:00,0.0005000000000000001,0.0019,BE_STOP,1.6,23.0,CHOP,2026-08-31 18:24:00+00:00,f3
NEARUSDT,2026-08-31 18:42:00+00:00,0.0005000000000000001,0.0019,BE_STOP,1.6,18.0,CHOP,2026-08-31 18:42:00+00:00,f3
BTCUSDT,2026-08-31 18:53:00+00:00,0.0005000000000000001,0.0019,BE_STOP,1.6,1372.0,CHOP,2026-08-31 18:53:00+00:00,f3
NEARUSDT,2026-08-31 19:49:00+00:00,0.0005000000000000001,0.0019,BE_STOP,1.6,56.0,CHOP,2026-08-31 19:49:00+00:00,f3
SOLUSDT,2026-08-31 21:30:00+00:00,0.0005000000000000001,0.0019,BE_STOP,1.6,101.0,CHOP,2026-08-31 21:30:00+00:00,f3
NEARUSDT,2026-08-31 22:57:00+00:00,-0.0264,-0.025,MAE_KILL,1.6,294.0,CHOP,2026-08-31 22:57:00+00:00,f3
BTCUSDT,2026-09-01 01:35:00+00:00,0.0005000000000000001,0.0019,BE_STOP,1.6,158.0,CHOP,2026-09-01 01:35:00+00:00,f3
ETHUSDT,2026-09-01 02:27:00+00:00,0.0005000000000000001,0.0019,BE_STOP,1.6,52.0,CHOP,2026-09-01 02:27:00+00:00,f3
BTCUSDT,2026-09-01 06:02:00+00:00,0.0005000000000000001,0.0019,BE_STOP,1.6,511.0,CHOP,2026-09-01 06:02:00+00:00,f3
BTCUSDT,2026-09-01 10:31:00+00:00,0.0005000000000000001,0.0019,BE_STOP,1.6,482.0,CHOP,2026-09-01 10:31:00+00:00,f3
NEARUSDT,2026-09-01 10:44:00+00:00,0.0005000000000000001,0.0019,BE_STOP,1.6,12.0,TREND,2026-09-01 10:44:00+00:00,f3
BTCUSDT,2026-09-01 16:42:00+00:00,-0.022370652459613012,-0.020970652459613014,MAX_AGE,1.6,2880.0,TREND,2026-09-01 16:42:00+00:00,f3
BTCUSDT,2026-09-01 18:27:00+00:00,0.004600000000000001,0.006,TP,1.6,2557.0,TREND,2026-09-01 18:27:00+00:00,f3
BTCUSDT,2026-09-01 18:27:00+00:00,0.004600000000000001,0.006,TP,1.6,102.0,CHOP,2026-09-01 18:27:00+00:00,f3
BTCUSDT,2026-09-01 18:28:00+00:00,-0.0314,-0.03,HARD_SL,1.6,2869.0,CHOP,2026-09-01 18:28:00+00:00,f3
BTCUSDT,2026-09-01 18:28:00+00:00,-0.0314,-0.03,HARD_SL,1.6,2865.0,CHOP,2026-09-01 18:28:00+00:00,f3
BTCUSDT,2026-09-01 18:28:00+00:00,0.004600000000000001,0.006,TP,1.6,2560.0,TREND,2026-09-01 18:28:00+00:00,f3
BTCUSDT,2026-09-01 18:28:00+00:00,-0.0314,-0.03,HARD_SL,1.6,1425.0,CHOP,2026-09-01 18:28:00+00:00,f3
ETHUSDT,2026-09-01 18:28:00+00:00,-0.0314,-0.03,HARD_SL,1.6,746.0,CHOP,2026-09-01 18:28:00+00:00,f3
ETHUSDT,2026-09-01 18:37:00+00:00,0.004600000000000001,0.006,TP,1.6,8.0,CHOP,2026-09-01 18:37:00+00:00,f3
SOLUSDT,2026-09-01 18:40:00+00:00,0.0005000000000000001,0.0019,BE_STOP,1.6,3.0,TREND,2026-09-01 18:40:00+00:00,f3
ETHUSDT,2026-09-01 18:45:00+00:00,-0.0314,-0.03,HARD_SL,1.6,481.0,CHOP,2026-09-01 18:45:00+00:00,f3
BTCUSDT,2026-09-01 18:45:00+00:00,0.004600000000000001,0.006,TP,1.6,14.0,CHOP,2026-09-01 18:45:00+00:00,f3
SOLUSDT,2026-09-01 18:49:00+00:00,0.0005000000000000001,0.0019,BE_STOP,1.6,10.0,TREND,2026-09-01 18:49:00+00:00,f3
SOLUSDT,2026-09-01 18:49:00+00:00,0.0005000000000000001,0.0019,BE_STOP,1.6,8.0,TREND,2026-09-01 18:49:00+00:00,f3
NEARUSDT,2026-09-01 19:04:00+00:00,0.004600000000000001,0.006,TP,1.6,13.0,CHOP,2026-09-01 19:04:00+00:00,f3
BTCUSDT,2026-09-01 19:23:00+00:00,0.004600000000000001,0.006,TP,1.6,29.0,CHOP,2026-09-01 19:23:00+00:00,f3
BTCUSDT,2026-09-01 19:29:00+00:00,0.0005000000000000001,0.0019,BE_STOP,1.6,24.0,CHOP,2026-09-01 19:29:00+00:00,f3
BTCUSDT,2026-09-01 19:33:00+00:00,0.0005000000000000001,0.0019,BE_STOP,1.6,26.0,CHOP,2026-09-01 19:33:00+00:00,f3
BTCUSDT,2026-09-01 19:43:00+00:00,0.0005000000000000001,0.0019,BE_STOP,1.6,42.0,CHOP,2026-09-01 19:43:00+00:00,f3
BTCUSDT,2026-09-01 19:43:00+00:00,0.0005000000000000001,0.0019,BE_STOP,1.6,32.0,CHOP,2026-09-01 19:43:00+00:00,f3
NEARUSDT,2026-09-01 19:52:00+00:00,0.0005000000000000001,0.0019,BE_STOP,1.6,6.0,TREND,2026-09-01 19:52:00+00:00,f3
BTCUSDT,2026-09-01 21:01:00+00:00,0.004600000000000001,0.006,TP,1.6,124.0,CHOP,2026-09-01 21:01:00+00:00,f3
NEARUSDT,2026-09-01 21:03:00+00:00,0.004600000000000001,0.006,TP,1.6,2.0,TREND,2026-09-01 21:03:00+00:00,f3
SOLUSDT,2026-09-01 21:12:00+00:00,0.004600000000000001,0.006,TP,1.6,79.0,CHOP,2026-09-01 21:12:00+00:00,f3
ETHUSDT,2026-09-01 21:17:00+00:00,0.004600000000000001,0.006,TP,1.6,94.0,CHOP,2026-09-01 21:17:00+00:00,f3
BTCUSDT,2026-09-01 23:52:00+00:00,0.0005000000000000001,0.0019,BE_STOP,1.6,263.0,CHOP,2026-09-01 23:52:00+00:00,f3
BTCUSDT,2026-09-01 23:54:00+00:00,0.0005000000000000001,0.0019,BE_STOP,1.6,270.0,CHOP,2026-09-01 23:54:00+00:00,f3
NEARUSDT,2026-09-02 00:07:00+00:00,0.0005000000000000001,0.0019,BE_STOP,1.6,15.0,CHOP,2026-09-02 00:07:00+00:00,f3
BTCUSDT,2026-09-02 01:14:00+00:00,0.0005000000000000001,0.0019,BE_STOP,1.6,67.0,CHOP,2026-09-02 01:14:00+00:00,f3
NEARUSDT,2026-09-02 01:15:00+00:00,-0.0264,-0.025,MAE_KILL,1.6,251.0,TREND,2026-09-02 01:15:00+00:00,f3
NEARUSDT,2026-09-02 01:25:00+00:00,0.0005000000000000001,0.0019,BE_STOP,1.6,11.0,CHOP,2026-09-02 01:25:00+00:00,f3
XRPUSDT,2026-09-02 01:40:00+00:00,0.004600000000000001,0.006,TP,1.6,23.0,CHOP,2026-09-02 01:40:00+00:00,f3
SOLUSDT,2026-09-02 01:40:00+00:00,0.004600000000000001,0.006,TP,1.6,10.0,CHOP,2026-09-02 01:40:00+00:00,f3
SOLUSDT,2026-09-02 01:50:00+00:00,0.004600000000000001,0.006,TP,1.6,10.0,CHOP,2026-09-02 01:50:00+00:00,f3
BTCUSDT,2026-09-02 01:56:00+00:00,0.0005000000000000001,0.0019,BE_STOP,1.6,278.0,CHOP,2026-09-02 01:56:00+00:00,f3
BTCUSDT,2026-09-02 01:56:00+00:00,0.0005000000000000001,0.0019,BE_STOP,1.6,14.0,CHOP,2026-09-02 01:56:00+00:00,f3
BTCUSDT,2026-09-02 01:59:00+00:00,0.0005000000000000001,0.0019,BE_STOP,1.6,286.0,CHOP,2026-09-02 01:59:00+00:00,f3
NEARUSDT,2026-09-02 02:07:00+00:00,0.0005000000000000001,0.0019,BE_STOP,1.6,5.0,TREND,2026-09-02 02:07:00+00:00,f3
BTCUSDT,2026-09-02 02:09:00+00:00,0.0005000000000000001,0.0019,BE_STOP,1.6,4.0,CHOP,2026-09-02 02:09:00+00:00,f3
BTCUSDT,2026-09-02 02:38:00+00:00,0.0005000000000000001,0.0019,BE_STOP,1.6,31.0,CHOP,2026-09-02 02:38:00+00:00,f3
BTCUSDT,2026-09-02 02:41:00+00:00,0.0005000000000000001,0.0019,BE_STOP,1.6,32.0,CHOP,2026-09-02 02:41:00+00:00,f3
SOLUSDT,2026-09-02 03:10:00+00:00,0.004600000000000001,0.006,TP,1.6,29.0,CHOP,2026-09-02 03:10:00+00:00,f3
ETHUSDT,2026-09-02 03:25:00+00:00,0.004600000000000001,0.006,TP,1.6,46.0,CHOP,2026-09-02 03:25:00+00:00,f3
XRPUSDT,2026-09-02 03:30:00+00:00,0.0005000000000000001,0.0019,BE_STOP,1.6,216.0,CHOP,2026-09-02 03:30:00+00:00,f3
BTCUSDT,2026-09-02 03:31:00+00:00,0.0005000000000000001,0.0019,BE_STOP,1.6,20.0,CHOP,2026-09-02 03:31:00+00:00,f3
BTCUSDT,2026-09-02 04:20:00+00:00,0.0005000000000000001,0.0019,BE_STOP,1.6,43.0,CHOP,2026-09-02 04:20:00+00:00,f3
BTCUSDT,2026-09-02 08:44:00+00:00,0.004600000000000001,0.006,TP,1.6,264.0,CHOP,2026-09-02 08:44:00+00:00,f3
XRPUSDT,2026-09-02 08:57:00+00:00,0.0005000000000000001,0.0019,BE_STOP,1.6,13.0,CHOP,2026-09-02 08:57:00+00:00,f3
XRPUSDT,2026-09-02 09:25:00+00:00,0.0005000000000000001,0.0019,BE_STOP,1.6,28.0,CHOP,2026-09-02 09:25:00+00:00,f3
BTCUSDT,2026-09-02 09:26:00+00:00,0.0005000000000000001,0.0019,BE_STOP,1.6,449.0,CHOP,2026-09-02 09:26:00+00:00,f3
SOLUSDT,2026-09-02 09:49:00+00:00,0.0005000000000000001,0.0019,BE_STOP,1.6,479.0,CHOP,2026-09-02 09:49:00+00:00,f3
BTCUSDT,2026-09-02 09:52:00+00:00,0.0005000000000000001,0.0019,BE_STOP,1.6,27.0,CHOP,2026-09-02 09:52:00+00:00,f3
BTCUSDT,2026-09-02 09:53:00+00:00,0.0005000000000000001,0.0019,BE_STOP,1.6,26.0,CHOP,2026-09-02 09:53:00+00:00,f3
NEARUSDT,2026-09-02 09:57:00+00:00,-0.0264,-0.025,MAE_KILL,1.6,391.0,CHOP,2026-09-02 09:57:00+00:00,f3
XRPUSDT,2026-09-02 10:06:00+00:00,-0.0314,-0.03,HARD_SL,1.6,873.0,CHOP,2026-09-02 10:06:00+00:00,f3
BTCUSDT,2026-09-02 10:54:00+00:00,0.0005000000000000001,0.0019,BE_STOP,1.6,968.0,CHOP,2026-09-02 10:54:00+00:00,f3
BTCUSDT,2026-09-02 10:55:00+00:00,0.0005000000000000001,0.0019,BE_STOP,1.6,967.0,CHOP,2026-09-02 10:55:00+00:00,f3
BTCUSDT,2026-09-02 10:55:00+00:00,0.0005000000000000001,0.0019,BE_STOP,1.6,48.0,CHOP,2026-09-02 10:55:00+00:00,f3
SOLUSDT,2026-09-02 11:33:00+00:00,0.0005000000000000001,0.0019,BE_STOP,1.6,39.0,TREND,2026-09-02 11:33:00+00:00,f3
NEARUSDT,2026-09-02 11:39:00+00:00,0.004600000000000001,0.006,TP,1.6,108.0,CHOP,2026-09-02 11:39:00+00:00,f3
SOLUSDT,2026-09-02 12:31:00+00:00,0.0005000000000000001,0.0019,BE_STOP,1.6,52.0,TREND,2026-09-02 12:31:00+00:00,f3
BTCUSDT,2026-09-02 12:38:00+00:00,0.0005000000000000001,0.0019,BE_STOP,1.6,165.0,TREND,2026-09-02 12:38:00+00:00,f3
BTCUSDT,2026-09-02 12:38:00+00:00,0.0005000000000000001,0.0019,BE_STOP,1.6,161.0,CHOP,2026-09-02 12:38:00+00:00,f3
BTCUSDT,2026-09-02 12:39:00+00:00,0.0005000000000000001,0.0019,BE_STOP,1.6,164.0,TREND,2026-09-02 12:39:00+00:00,f3
BTCUSDT,2026-09-02 12:46:00+00:00,0.0005000000000000001,0.0019,BE_STOP,1.6,71.0,TREND,2026-09-02 12:46:00+00:00,f3
BTCUSDT,2026-09-02 12:50:00+00:00,0.0005000000000000001,0.0019,BE_STOP,1.6,110.0,TREND,2026-09-02 12:50:00+00:00,f3
BTCUSDT,2026-09-02 12:50:00+00:00,0.0005000000000000001,0.0019,BE_STOP,1.6,107.0,TREND,2026-09-02 12:50:00+00:00,f3
NEARUSDT,2026-09-02 12:54:00+00:00,0.004600000000000001,0.006,TP,1.6,13.0,CHOP,2026-09-02 12:54:00+00:00,f3
XRPUSDT,2026-09-02 13:01:00+00:00,0.0005000000000000001,0.0019,BE_STOP,1.6,11.0,CHOP,2026-09-02 13:01:00+00:00,f3
BTCUSDT,2026-09-02 13:45:00+00:00,0.004600000000000001,0.006,TP,1.6,74.0,CHOP,2026-09-02 13:45:00+00:00,f3
NEARUSDT,2026-09-02 15:19:00+00:00,0.0005000000000000001,0.0019,BE_STOP,1.6,144.0,CHOP,2026-09-02 15:19:00+00:00,f3
NEARUSDT,2026-09-02 20:38:00+00:00,-0.0264,-0.025,MAE_KILL,1.6,317.0,CHOP,2026-09-02 20:38:00+00:00,f3
BTCUSDT,2026-09-03 02:34:00+00:00,0.004600000000000001,0.006,TP,1.6,769.0,CHOP,2026-09-03 02:34:00+00:00,f3
BTCUSDT,2026-09-03 03:05:00+00:00,0.0005000000000000001,0.0019,BE_STOP,1.6,1415.0,CHOP,2026-09-03 03:05:00+00:00,f3
BTCUSDT,2026-09-03 04:20:00+00:00,0.0005000000000000001,0.0019,BE_STOP,1.6,462.0,CHOP,2026-09-03 04:20:00+00:00,f3
BTCUSDT,2026-09-03 05:23:00+00:00,0.004600000000000001,0.006,TP,1.6,138.0,CHOP,2026-09-03 05:23:00+00:00,f3
SOLUSDT,2026-09-03 05:32:00+00:00,0.0005000000000000001,0.0019,BE_STOP,1.6,72.0,CHOP,2026-09-03 05:32:00+00:00,f3
BTCUSDT,2026-09-03 07:16:00+00:00,0.0005000000000000001,0.0019,BE_STOP,1.6,281.0,CHOP,2026-09-03 07:16:00+00:00,f3
NEARUSDT,2026-09-03 07:40:00+00:00,0.0005000000000000001,0.0019,BE_STOP,1.6,24.0,CHOP,2026-09-03 07:40:00+00:00,f3
XRPUSDT,2026-09-03 08:10:00+00:00,0.0005000000000000001,0.0019,BE_STOP,1.6,29.0,CHOP,2026-09-03 08:10:00+00:00,f3
NEARUSDT,2026-09-03 12:17:00+00:00,0.0005000000000000001,0.0019,BE_STOP,1.6,247.0,CHOP,2026-09-03 12:17:00+00:00,f3
BTCUSDT,2026-09-03 14:16:00+00:00,-0.0314,-0.03,HARD_SL,1.6,1523.0,CHOP,2026-09-03 14:16:00+00:00,f3
BTCUSDT,2026-09-03 14:16:00+00:00,-0.0314,-0.03,HARD_SL,1.6,1515.0,CHOP,2026-09-03 14:16:00+00:00,f3
BTCUSDT,2026-09-03 14:17:00+00:00,-0.0314,-0.03,HARD_SL,1.6,1534.0,CHOP,2026-09-03 14:17:00+00:00,f3
BTCUSDT,2026-09-03 14:17:00+00:00,-0.0314,-0.03,HARD_SL,1.6,1531.0,CHOP,2026-09-03 14:17:00+00:00,f3
BTCUSDT,2026-09-03 14:18:00+00:00,-0.0314,-0.03,HARD_SL,1.6,1539.0,CHOP,2026-09-03 14:18:00+00:00,f3
BTCUSDT,2026-09-03 14:28:00+00:00,-0.0314,-0.03,HARD_SL,1.6,544.0,CHOP,2026-09-03 14:28:00+00:00,f3
BTCUSDT,2026-09-03 14:28:00+00:00,-0.0314,-0.03,HARD_SL,1.6,536.0,CHOP,2026-09-03 14:28:00+00:00,f3
ETHUSDT,2026-09-03 14:30:00+00:00,0.004600000000000001,0.006,TP,1.6,11.0,CHOP,2026-09-03 14:30:00+00:00,f3
ETHUSDT,2026-09-03 14:31:00+00:00,0.004600000000000001,0.006,TP,1.6,10.0,CHOP,2026-09-03 14:31:00+00:00,f3
NEARUSDT,2026-09-03 14:32:00+00:00,0.004600000000000001,0.006,TP,1.6,15.0,CHOP,2026-09-03 14:32:00+00:00,f3
NEARUSDT,2026-09-03 14:32:00+00:00,0.004600000000000001,0.006,TP,1.6,9.0,CHOP,2026-09-03 14:32:00+00:00,f3
SOLUSDT,2026-09-03 14:32:00+00:00,0.004600000000000001,0.006,TP,1.6,7.0,CHOP,2026-09-03 14:32:00+00:00,f3
ETHUSDT,2026-09-03 14:32:00+00:00,0.004600000000000001,0.006,TP,1.6,4.0,TREND,2026-09-03 14:32:00+00:00,f3
BTCUSDT,2026-09-03 14:48:00+00:00,0.004600000000000001,0.006,TP,1.6,15.0,TREND,2026-09-03 14:48:00+00:00,f3
ETHUSDT,2026-09-03 14:48:00+00:00,0.004600000000000001,0.006,TP,1.6,13.0,TREND,2026-09-03 14:48:00+00:00,f3
BTCUSDT,2026-09-03 14:48:00+00:00,0.004600000000000001,0.006,TP,1.6,10.0,TREND,2026-09-03 14:48:00+00:00,f3
BTCUSDT,2026-09-03 14:48:00+00:00,0.004600000000000001,0.006,TP,1.6,8.0,TREND,2026-09-03 14:48:00+00:00,f3
BTCUSDT,2026-09-03 14:48:00+00:00,0.004600000000000001,0.006,TP,1.6,5.0,TREND,2026-09-03 14:48:00+00:00,f3
SOLUSDT,2026-09-03 14:49:00+00:00,-0.0314,-0.03,HARD_SL,1.6,150.0,CHOP,2026-09-03 14:49:00+00:00,f3
SOLUSDT,2026-09-03 14:49:00+00:00,0.004600000000000001,0.006,TP,1.6,2.0,TREND,2026-09-03 14:49:00+00:00,f3
ETHUSDT,2026-09-03 15:00:00+00:00,0.004600000000000001,0.006,TP,1.6,8.0,TREND,2026-09-03 15:00:00+00:00,f3
ETHUSDT,2026-09-03 15:00:00+00:00,0.004600000000000001,0.006,TP,1.6,5.0,TREND,2026-09-03 15:00:00+00:00,f3
BTCUSDT,2026-09-03 15:01:00+00:00,0.004600000000000001,0.006,TP,1.6,11.0,TREND,2026-09-03 15:01:00+00:00,f3
BTCUSDT,2026-09-03 15:01:00+00:00,0.004600000000000001,0.006,TP,1.6,4.0,TREND,2026-09-03 15:01:00+00:00,f3
NEARUSDT,2026-09-03 15:04:00+00:00,0.004600000000000001,0.006,TP,1.6,4.0,TREND,2026-09-03 15:04:00+00:00,f3
BTCUSDT,2026-09-03 15:45:00+00:00,0.0005000000000000001,0.0019,BE_STOP,1.6,21.0,TREND,2026-09-03 15:45:00+00:00,f3
BTCUSDT,2026-09-03 15:46:00+00:00,0.0005000000000000001,0.0019,BE_STOP,1.6,40.0,TREND,2026-09-03 15:46:00+00:00,f3
BTCUSDT,2026-09-03 15:47:00+00:00,0.0005000000000000001,0.0019,BE_STOP,1.6,39.0,TREND,2026-09-03 15:47:00+00:00,f3
SOLUSDT,2026-09-03 15:50:00+00:00,0.0005000000000000001,0.0019,BE_STOP,1.6,29.0,TREND,2026-09-03 15:50:00+00:00,f3
SOLUSDT,2026-09-03 15:50:00+00:00,0.0005000000000000001,0.0019,BE_STOP,1.6,5.0,TREND,2026-09-03 15:50:00+00:00,f3
BTCUSDT,2026-09-03 15:51:00+00:00,0.004600000000000001,0.006,TP,1.6,41.0,TREND,2026-09-03 15:51:00+00:00,f3
BTCUSDT,2026-09-03 15:51:00+00:00,0.004600000000000001,0.006,TP,1.6,37.0,TREND,2026-09-03 15:51:00+00:00,f3
ETHUSDT,2026-09-03 15:52:00+00:00,0.004600000000000001,0.006,TP,1.6,49.0,TREND,2026-09-03 15:52:00+00:00,f3
BTCUSDT,2026-09-03 15:52:00+00:00,0.004600000000000001,0.006,TP,1.6,33.0,TREND,2026-09-03 15:52:00+00:00,f3
NEARUSDT,2026-09-03 15:52:00+00:00,0.004600000000000001,0.006,TP,1.6,5.0,TREND,2026-09-03 15:52:00+00:00,f3
BTCUSDT,2026-09-03 16:33:00+00:00,0.0005000000000000001,0.0019,BE_STOP,1.6,26.0,TREND,2026-09-03 16:33:00+00:00,f3
XRPUSDT,2026-09-03 18:08:00+00:00,0.0005000000000000001,0.0019,BE_STOP,1.6,129.0,TREND,2026-09-03 18:08:00+00:00,f3
BTCUSDT,2026-09-03 18:26:00+00:00,0.0005000000000000001,0.0019,BE_STOP,1.6,111.0,TREND,2026-09-03 18:26:00+00:00,f3
SOLUSDT,2026-09-03 19:04:00+00:00,0.004600000000000001,0.006,TP,1.6,187.0,TREND,2026-09-03 19:04:00+00:00,f3
BTCUSDT,2026-09-03 19:05:00+00:00,0.004600000000000001,0.006,TP,1.6,190.0,TREND,2026-09-03 19:05:00+00:00,f3
SOLUSDT,2026-09-03 19:05:00+00:00,0.004600000000000001,0.006,TP,1.6,57.0,TREND,2026-09-03 19:05:00+00:00,f3
BTCUSDT,2026-09-03 19:06:00+00:00,0.0005000000000000001,0.0019,BE_STOP,1.6,193.0,TREND,2026-09-03 19:06:00+00:00,f3
BTCUSDT,2026-09-03 19:06:00+00:00,0.0005000000000000001,0.0019,BE_STOP,1.6,185.0,TREND,2026-09-03 19:06:00+00:00,f3
NEARUSDT,2026-09-03 19:19:00+00:00,0.0005000000000000001,0.0019,BE_STOP,1.6,6.0,TREND,2026-09-03 19:19:00+00:00,f3
XRPUSDT,2026-09-03 19:48:00+00:00,0.0005000000000000001,0.0019,BE_STOP,1.6,37.0,TREND,2026-09-03 19:48:00+00:00,f3
BTCUSDT,2026-09-03 19:52:00+00:00,0.004600000000000001,0.006,TP,1.6,46.0,TREND,2026-09-03 19:52:00+00:00,f3
NEARUSDT,2026-09-03 20:02:00+00:00,0.0005000000000000001,0.0019,BE_STOP,1.6,10.0,CHOP,2026-09-03 20:02:00+00:00,f3
ETHUSDT,2026-09-03 20:39:00+00:00,0.0005000000000000001,0.0019,BE_STOP,1.6,82.0,TREND,2026-09-03 20:39:00+00:00,f3
ETHUSDT,2026-09-03 20:39:00+00:00,0.0005000000000000001,0.0019,BE_STOP,1.6,37.0,CHOP,2026-09-03 20:39:00+00:00,f3
BTCUSDT,2026-09-03 21:32:00+00:00,0.004600000000000001,0.006,TP,1.6,51.0,CHOP,2026-09-03 21:32:00+00:00,f3
BTCUSDT,2026-09-03 21:34:00+00:00,0.004600000000000001,0.006,TP,1.6,132.0,TREND,2026-09-03 21:34:00+00:00,f3
BTCUSDT,2026-09-03 21:34:00+00:00,0.004600000000000001,0.006,TP,1.6,55.0,CHOP,2026-09-03 21:34:00+00:00,f3
NEARUSDT,2026-09-03 21:36:00+00:00,0.0005000000000000001,0.0019,BE_STOP,1.6,3.0,CHOP,2026-09-03 21:36:00+00:00,f3
XRPUSDT,2026-09-03 22:04:00+00:00,0.0005000000000000001,0.0019,BE_STOP,1.6,169.0,TREND,2026-09-03 22:04:00+00:00,f3
XRPUSDT,2026-09-03 22:05:00+00:00,0.0005000000000000001,0.0019,BE_STOP,1.6,137.0,TREND,2026-09-03 22:05:00+00:00,f3
SOLUSDT,2026-09-03 22:16:00+00:00,0.0005000000000000001,0.0019,BE_STOP,1.6,36.0,CHOP,2026-09-03 22:16:00+00:00,f3
SOLUSDT,2026-09-03 22:32:00+00:00,0.004600000000000001,0.006,TP,1.6,246.0,TREND,2026-09-03 22:32:00+00:00,f3
BTCUSDT,2026-09-03 22:32:00+00:00,0.004600000000000001,0.006,TP,1.6,28.0,CHOP,2026-09-03 22:32:00+00:00,f3
ETHUSDT,2026-09-03 22:32:00+00:00,0.004600000000000001,0.006,TP,1.6,24.0,CHOP,2026-09-03 22:32:00+00:00,f3
BTCUSDT,2026-09-03 23:18:00+00:00,0.0005000000000000001,0.0019,BE_STOP,1.6,62.0,CHOP,2026-09-03 23:18:00+00:00,f3
NEARUSDT,2026-09-04 00:32:00+00:00,0.0005000000000000001,0.0019,BE_STOP,1.6,114.0,CHOP,2026-09-04 00:32:00+00:00,f3
ETHUSDT,2026-09-04 00:36:00+00:00,0.004600000000000001,0.006,TP,1.6,78.0,CHOP,2026-09-04 00:36:00+00:00,f3
XRPUSDT,2026-09-04 01:06:00+00:00,0.0005000000000000001,0.0019,BE_STOP,1.6,542.0,TREND,2026-09-04 01:06:00+00:00,f3
XRPUSDT,2026-09-04 01:34:00+00:00,0.004600000000000001,0.006,TP,1.6,28.0,CHOP,2026-09-04 01:34:00+00:00,f3
BTCUSDT,2026-09-04 01:51:00+00:00,0.0005000000000000001,0.0019,BE_STOP,1.6,197.0,CHOP,2026-09-04 01:51:00+00:00,f3
BTCUSDT,2026-09-04 01:58:00+00:00,0.0005000000000000001,0.0019,BE_STOP,1.6,202.0,CHOP,2026-09-04 01:58:00+00:00,f3
BTCUSDT,2026-09-04 04:38:00+00:00,0.0005000000000000001,0.0019,BE_STOP,1.6,160.0,CHOP,2026-09-04 04:38:00+00:00,f3
BTCUSDT,2026-09-04 04:44:00+00:00,0.0005000000000000001,0.0019,BE_STOP,1.6,173.0,CHOP,2026-09-04 04:44:00+00:00,f3
BTCUSDT,2026-09-04 06:39:00+00:00,0.0005000000000000001,0.0019,BE_STOP,1.6,304.0,CHOP,2026-09-04 06:39:00+00:00,f3
BTCUSDT,2026-09-04 07:08:00+00:00,0.0005000000000000001,0.0019,BE_STOP,1.6,144.0,CHOP,2026-09-04 07:08:00+00:00,f3
BTCUSDT,2026-09-04 08:06:00+00:00,0.0005000000000000001,0.0019,BE_STOP,1.6,87.0,CHOP,2026-09-04 08:06:00+00:00,f3
ETHUSDT,2026-09-04 08:46:00+00:00,0.004600000000000001,0.006,TP,1.6,248.0,CHOP,2026-09-04 08:46:00+00:00,f3
BTCUSDT,2026-09-04 09:24:00+00:00,0.0005000000000000001,0.0019,BE_STOP,1.6,136.0,CHOP,2026-09-04 09:24:00+00:00,f3
SOLUSDT,2026-09-04 10:32:00+00:00,0.0005000000000000001,0.0019,BE_STOP,1.6,67.0,CHOP,2026-09-04 10:32:00+00:00,f3
BTCUSDT,2026-09-04 12:02:00+00:00,0.0005000000000000001,0.0019,BE_STOP,1.6,195.0,CHOP,2026-09-04 12:02:00+00:00,f3
ETHUSDT,2026-09-04 12:30:00+00:00,0.004600000000000001,0.006,TP,1.6,1241.0,TREND,2026-09-04 12:30:00+00:00,f3
SOLUSDT,2026-09-04 12:30:00+00:00,0.004600000000000001,0.006,TP,1.6,264.0,CHOP,2026-09-04 12:30:00+00:00,f3
NEARUSDT,2026-09-04 12:30:00+00:00,0.004600000000000001,0.006,TP,1.6,118.0,CHOP,2026-09-04 12:30:00+00:00,f3
BTCUSDT,2026-09-04 12:30:00+00:00,0.004600000000000001,0.006,TP,1.6,28.0,CHOP,2026-09-04 12:30:00+00:00,f3
BTCUSDT,2026-09-04 12:37:00+00:00,-0.0314,-0.03,HARD_SL,1.6,902.0,TREND,2026-09-04 12:37:00+00:00,f3
ETHUSDT,2026-09-04 12:39:00+00:00,0.0005000000000000001,0.0019,BE_STOP,1.6,6.0,CHOP,2026-09-04 12:39:00+00:00,f3
SOLUSDT,2026-09-04 12:40:00+00:00,0.0005000000000000001,0.0019,BE_STOP,1.6,5.0,CHOP,2026-09-04 12:40:00+00:00,f3
BTCUSDT,2026-09-04 12:45:00+00:00,0.004600000000000001,0.006,TP,1.6,6.0,CHOP,2026-09-04 12:45:00+00:00,f3
BTCUSDT,2026-09-04 12:45:00+00:00,0.004600000000000001,0.006,TP,1.6,4.0,CHOP,2026-09-04 12:45:00+00:00,f3
BTCUSDT,2026-09-04 12:46:00+00:00,-0.0314,-0.03,HARD_SL,1.6,909.0,TREND,2026-09-04 12:46:00+00:00,f3
ETHUSDT,2026-09-04 12:49:00+00:00,0.0005000000000000001,0.0019,BE_STOP,1.6,12.0,CHOP,2026-09-04 12:49:00+00:00,f3
ETHUSDT,2026-09-04 12:58:00+00:00,0.0005000000000000001,0.0019,BE_STOP,1.6,7.0,CHOP,2026-09-04 12:58:00+00:00,f3
BTCUSDT,2026-09-04 13:17:00+00:00,0.0005000000000000001,0.0019,BE_STOP,1.6,28.0,CHOP,2026-09-04 13:17:00+00:00,f3
BTCUSDT,2026-09-04 13:17:00+00:00,0.0005000000000000001,0.0019,BE_STOP,1.6,12.0,CHOP,2026-09-04 13:17:00+00:00,f3
BTCUSDT,2026-09-04 13:22:00+00:00,0.0005000000000000001,0.0019,BE_STOP,1.6,21.0,CHOP,2026-09-04 13:22:00+00:00,f3
BTCUSDT,2026-09-04 13:35:00+00:00,0.004600000000000001,0.006,TP,1.6,42.0,CHOP,2026-09-04 13:35:00+00:00,f3
BTCUSDT,2026-09-04 13:38:00+00:00,0.0005000000000000001,0.0019,BE_STOP,1.6,51.0,CHOP,2026-09-04 13:38:00+00:00,f3
BTCUSDT,2026-09-04 13:38:00+00:00,0.0005000000000000001,0.0019,BE_STOP,1.6,41.0,CHOP,2026-09-04 13:38:00+00:00,f3
SOLUSDT,2026-09-04 13:38:00+00:00,0.0005000000000000001,0.0019,BE_STOP,1.6,21.0,TREND,2026-09-04 13:38:00+00:00,f3
SOLUSDT,2026-09-04 13:38:00+00:00,0.0005000000000000001,0.0019,BE_STOP,1.6,19.0,TREND,2026-09-04 13:38:00+00:00,f3
SOLUSDT,2026-09-04 13:47:00+00:00,0.004600000000000001,0.006,TP,1.6,7.0,TREND,2026-09-04 13:47:00+00:00,f3
ETHUSDT,2026-09-04 13:53:00+00:00,0.0005000000000000001,0.0019,BE_STOP,1.6,31.0,TREND,2026-09-04 13:53:00+00:00,f3
SOLUSDT,2026-09-04 13:54:00+00:00,0.0005000000000000001,0.0019,BE_STOP,1.6,16.0,TREND,2026-09-04 13:54:00+00:00,f3
SOLUSDT,2026-09-04 13:54:00+00:00,0.0005000000000000001,0.0019,BE_STOP,1.6,12.0,TREND,2026-09-04 13:54:00+00:00,f3
SOLUSDT,2026-09-04 13:54:00+00:00,0.0005000000000000001,0.0019,BE_STOP,1.6,10.0,CHOP,2026-09-04 13:54:00+00:00,f3
SOLUSDT,2026-09-04 14:19:00+00:00,0.004600000000000001,0.006,TP,1.6,19.0,TREND,2026-09-04 14:19:00+00:00,f3
NEARUSDT,2026-09-04 14:20:00+00:00,-0.0264,-0.025,MAE_KILL,1.6,22.0,CHOP,2026-09-04 14:20:00+00:00,f3
BTCUSDT,2026-09-04 14:23:00+00:00,0.0005000000000000001,0.0019,BE_STOP,1.6,28.0,TREND,2026-09-04 14:23:00+00:00,f3
SOLUSDT,2026-09-04 14:43:00+00:00,0.004600000000000001,0.006,TP,1.6,18.0,TREND,2026-09-04 14:43:00+00:00,f3
BTCUSDT,2026-09-04 14:44:00+00:00,-0.0314,-0.03,HARD_SL,1.6,852.0,CHOP,2026-09-04 14:44:00+00:00,f3
BTCUSDT,2026-09-04 14:44:00+00:00,-0.0314,-0.03,HARD_SL,1.6,848.0,CHOP,2026-09-04 14:44:00+00:00,f3
ETHUSDT,2026-09-04 14:45:00+00:00,0.0005000000000000001,0.0019,BE_STOP,1.6,25.0,TREND,2026-09-04 14:45:00+00:00,f3
BTCUSDT,2026-09-04 14:47:00+00:00,0.004600000000000001,0.006,TP,1.6,25.0,TREND,2026-09-04 14:47:00+00:00,f3
BTCUSDT,2026-09-04 14:56:00+00:00,0.0005000000000000001,0.0019,BE_STOP,1.6,12.0,TREND,2026-09-04 14:56:00+00:00,f3
BTCUSDT,2026-09-04 17:03:00+00:00,0.0005000000000000001,0.0019,BE_STOP,1.6,181.0,TREND,2026-09-04 17:03:00+00:00,f3
BTCUSDT,2026-09-04 17:14:00+00:00,0.0005000000000000001,0.0019,BE_STOP,1.6,204.0,TREND,2026-09-04 17:14:00+00:00,f3
BTCUSDT,2026-09-04 18:01:00+00:00,0.0005000000000000001,0.0019,BE_STOP,1.6,57.0,CHOP,2026-09-04 18:01:00+00:00,f3
BTCUSDT,2026-09-04 19:39:00+00:00,0.0005000000000000001,0.0019,BE_STOP,1.6,97.0,CHOP,2026-09-04 19:39:00+00:00,f3
ETHUSDT,2026-09-05 05:14:00+00:00,0.0005000000000000001,0.0019,BE_STOP,1.6,575.0,CHOP,2026-09-05 05:14:00+00:00,f3
BTCUSDT,2026-09-05 16:54:00+00:00,0.004600000000000001,0.006,TP,1.6,700.0,CHOP,2026-09-05 16:54:00+00:00,f3
BTCUSDT,2026-09-05 16:55:00+00:00,0.004600000000000001,0.006,TP,1.6,1627.0,TREND,2026-09-05 16:55:00+00:00,f3
ETHUSDT,2026-09-05 17:01:00+00:00,0.0005000000000000001,0.0019,BE_STOP,1.6,7.0,TREND,2026-09-05 17:01:00+00:00,f3
SOLUSDT,2026-09-05 17:09:00+00:00,-0.0314,-0.03,HARD_SL,1.6,1577.0,TREND,2026-09-05 17:09:00+00:00,f3
NEARUSDT,2026-09-05 17:13:00+00:00,0.0005000000000000001,0.0019,BE_STOP,1.6,3.0,TREND,2026-09-05 17:13:00+00:00,f3
ETHUSDT,2026-09-05 17:28:00+00:00,0.0005000000000000001,0.0019,BE_STOP,1.6,27.0,TREND,2026-09-05 17:28:00+00:00,f3
BTCUSDT,2026-09-05 21:50:00+00:00,0.0005000000000000001,0.0019,BE_STOP,1.6,261.0,CHOP,2026-09-05 21:50:00+00:00,f3
ETHUSDT,2026-09-06 03:40:00+00:00,-0.0314,-0.03,HARD_SL,1.6,2200.0,TREND,2026-09-06 03:40:00+00:00,f3
BTCUSDT,2026-09-06 14:33:00+00:00,0.0005000000000000001,0.0019,BE_STOP,1.6,2717.0,CHOP,2026-09-06 14:33:00+00:00,f3
BTCUSDT,2026-09-06 14:50:00+00:00,-0.011981560859515428,-0.010581560859515428,MAX_AGE,1.6,2880.0,TREND,2026-09-06 14:50:00+00:00,f3
BTCUSDT,2026-09-06 14:55:00+00:00,-0.010261835694926918,-0.008861835694926918,MAX_AGE,1.6,2880.0,TREND,2026-09-06 14:55:00+00:00,f3
BTCUSDT,2026-09-06 14:58:00+00:00,-0.008590773318406415,-0.007190773318406415,MAX_AGE,1.6,2880.0,TREND,2026-09-06 14:58:00+00:00,f3
SOLUSDT,2026-09-06 15:01:00+00:00,0.004600000000000001,0.006,TP,1.6,28.0,CHOP,2026-09-06 15:01:00+00:00,f3
XRPUSDT,2026-09-06 18:45:00+00:00,0.0005000000000000001,0.0019,BE_STOP,1.6,230.0,CHOP,2026-09-06 18:45:00+00:00,f3
XRPUSDT,2026-09-06 18:45:00+00:00,0.0005000000000000001,0.0019,BE_STOP,1.6,227.0,CHOP,2026-09-06 18:45:00+00:00,f3
NEARUSDT,2026-09-06 18:51:00+00:00,0.004600000000000001,0.006,TP,1.6,4.0,CHOP,2026-09-06 18:51:00+00:00,f3
BTCUSDT,2026-09-06 19:36:00+00:00,0.0005000000000000001,0.0019,BE_STOP,1.6,285.0,CHOP,2026-09-06 19:36:00+00:00,f3
SOLUSDT,2026-09-06 22:18:00+00:00,0.004600000000000001,0.006,TP,1.6,162.0,CHOP,2026-09-06 22:18:00+00:00,f3
BTCUSDT,2026-09-06 23:06:00+00:00,0.0005000000000000001,0.0019,BE_STOP,1.6,1808.0,TREND,2026-09-06 23:06:00+00:00,f3
BTCUSDT,2026-09-06 23:06:00+00:00,0.0005000000000000001,0.0019,BE_STOP,1.6,1793.0,TREND,2026-09-06 23:06:00+00:00,f3
BTCUSDT,2026-09-06 23:25:00+00:00,0.0005000000000000001,0.0019,BE_STOP,1.6,1184.0,CHOP,2026-09-06 23:25:00+00:00,f3
BTCUSDT,2026-09-06 23:38:00+00:00,0.004600000000000001,0.006,TP,1.6,1548.0,CHOP,2026-09-06 23:38:00+00:00,f3
BTCUSDT,2026-09-06 23:38:00+00:00,0.004600000000000001,0.006,TP,1.6,293.0,CHOP,2026-09-06 23:38:00+00:00,f3
SOLUSDT,2026-09-06 23:57:00+00:00,0.0005000000000000001,0.0019,BE_STOP,1.6,32.0,CHOP,2026-09-06 23:57:00+00:00,f3
NEARUSDT,2026-09-07 00:07:00+00:00,0.0005000000000000001,0.0019,BE_STOP,1.6,29.0,CHOP,2026-09-07 00:07:00+00:00,f3
BTCUSDT,2026-09-07 00:16:00+00:00,0.0005000000000000001,0.0019,BE_STOP,1.6,70.0,CHOP,2026-09-07 00:16:00+00:00,f3
NEARUSDT,2026-09-07 00:53:00+00:00,-0.0264,-0.025,MAE_KILL,1.6,104.0,CHOP,2026-09-07 00:53:00+00:00,f3
NEARUSDT,2026-09-07 01:09:00+00:00,0.004600000000000001,0.006,TP,1.6,15.0,CHOP,2026-09-07 01:09:00+00:00,f3
XRPUSDT,2026-09-07 01:29:00+00:00,0.0005000000000000001,0.0019,BE_STOP,1.6,190.0,CHOP,2026-09-07 01:29:00+00:00,f3
ETHUSDT,2026-09-07 01:44:00+00:00,0.004600000000000001,0.006,TP,1.6,107.0,CHOP,2026-09-07 01:44:00+00:00,f3
ETHUSDT,2026-09-07 01:44:00+00:00,0.004600000000000001,0.006,TP,1.6,97.0,CHOP,2026-09-07 01:44:00+00:00,f3
ETHUSDT,2026-09-07 02:29:00+00:00,0.0005000000000000001,0.0019,BE_STOP,1.6,133.0,CHOP,2026-09-07 02:29:00+00:00,f3
XRPUSDT,2026-09-07 02:38:00+00:00,0.004600000000000001,0.006,TP,1.6,9.0,CHOP,2026-09-07 02:38:00+00:00,f3
BTCUSDT,2026-09-07 04:21:00+00:00,0.0005000000000000001,0.0019,BE_STOP,1.6,157.0,CHOP,2026-09-07 04:21:00+00:00,f3
ETHUSDT,2026-09-07 05:04:00+00:00,0.0005000000000000001,0.0019,BE_STOP,1.6,215.0,CHOP,2026-09-07 05:04:00+00:00,f3
BTCUSDT,2026-09-07 05:05:00+00:00,0.0005000000000000001,0.0019,BE_STOP,1.6,198.0,CHOP,2026-09-07 05:05:00+00:00,f3
BTCUSDT,2026-09-07 05:18:00+00:00,0.0005000000000000001,0.0019,BE_STOP,1.6,248.0,CHOP,2026-09-07 05:18:00+00:00,f3
ETHUSDT,2026-09-07 05:25:00+00:00,0.004600000000000001,0.006,TP,1.6,64.0,CHOP,2026-09-07 05:25:00+00:00,f3
ETHUSDT,2026-09-07 05:51:00+00:00,0.0005000000000000001,0.0019,BE_STOP,1.6,43.0,CHOP,2026-09-07 05:51:00+00:00,f3
ETHUSDT,2026-09-07 07:32:00+00:00,0.0005000000000000001,0.0019,BE_STOP,1.6,761.0,CHOP,2026-09-07 07:32:00+00:00,f3
BTCUSDT,2026-09-07 07:33:00+00:00,0.004600000000000001,0.006,TP,1.6,101.0,CHOP,2026-09-07 07:33:00+00:00,f3
BTCUSDT,2026-09-07 07:41:00+00:00,0.004600000000000001,0.006,TP,1.6,999.0,CHOP,2026-09-07 07:41:00+00:00,f3
ETHUSDT,2026-09-07 07:43:00+00:00,0.0005000000000000001,0.0019,BE_STOP,1.6,9.0,CHOP,2026-09-07 07:43:00+00:00,f3
BTCUSDT,2026-09-07 07:43:00+00:00,0.0005000000000000001,0.0019,BE_STOP,1.6,7.0,CHOP,2026-09-07 07:43:00+00:00,f3
BTCUSDT,2026-09-07 14:52:00+00:00,0.0005000000000000001,0.0019,BE_STOP,1.6,430.0,TREND,2026-09-07 14:52:00+00:00,f3
BTCUSDT,2026-09-07 14:53:00+00:00,0.0005000000000000001,0.0019,BE_STOP,1.6,429.0,TREND,2026-09-07 14:53:00+00:00,f3
BTCUSDT,2026-09-07 14:53:00+00:00,0.0005000000000000001,0.0019,BE_STOP,1.6,426.0,TREND,2026-09-07 14:53:00+00:00,f3
NEARUSDT,2026-09-07 15:43:00+00:00,-0.0264,-0.025,MAE_KILL,1.6,47.0,CHOP,2026-09-07 15:43:00+00:00,f3
BTCUSDT,2026-09-08 01:34:00+00:00,0.0005000000000000001,0.0019,BE_STOP,1.6,636.0,CHOP,2026-09-08 01:34:00+00:00,f3
NEARUSDT,2026-09-08 02:59:00+00:00,-0.0264,-0.025,MAE_KILL,1.6,85.0,CHOP,2026-09-08 02:59:00+00:00,f3
BTCUSDT,2026-09-08 05:19:00+00:00,0.0005000000000000001,0.0019,BE_STOP,1.6,139.0,CHOP,2026-09-08 05:19:00+00:00,f3
BTCUSDT,2026-09-08 06:53:00+00:00,0.004600000000000001,0.006,TP,1.6,910.0,CHOP,2026-09-08 06:53:00+00:00,f3
XRPUSDT,2026-09-08 10:20:00+00:00,0.004600000000000001,0.006,TP,1.6,301.0,CHOP,2026-09-08 10:20:00+00:00,f3
BTCUSDT,2026-09-08 13:39:00+00:00,-0.0314,-0.03,HARD_SL,1.6,2279.0,CHOP,2026-09-08 13:39:00+00:00,f3
BTCUSDT,2026-09-08 13:39:00+00:00,-0.0314,-0.03,HARD_SL,1.6,2099.0,CHOP,2026-09-08 13:39:00+00:00,f3
ETHUSDT,2026-09-08 13:39:00+00:00,0.004600000000000001,0.006,TP,1.6,405.0,TREND,2026-09-08 13:39:00+00:00,f3
XRPUSDT,2026-09-08 15:54:00+00:00,-0.0314,-0.03,HARD_SL,1.6,133.0,CHOP,2026-09-08 15:54:00+00:00,f3
XRPUSDT,2026-09-08 15:55:00+00:00,-0.0314,-0.03,HARD_SL,1.6,130.0,CHOP,2026-09-08 15:55:00+00:00,f3
ETHUSDT,2026-09-08 18:26:00+00:00,0.0005000000000000001,0.0019,BE_STOP,1.6,150.0,CHOP,2026-09-08 18:26:00+00:00,f3
BTCUSDT,2026-09-09 04:44:00+00:00,0.004600000000000001,0.006,TP,1.6,618.0,CHOP,2026-09-09 04:44:00+00:00,f3
BTCUSDT,2026-09-09 05:06:00+00:00,-0.00892220273183316,-0.00752220273183316,MAX_AGE,1.6,2880.0,CHOP,2026-09-09 05:06:00+00:00,f3
BTCUSDT,2026-09-09 05:14:00+00:00,0.004600000000000001,0.006,TP,1.6,796.0,CHOP,2026-09-09 05:14:00+00:00,f3
BTCUSDT,2026-09-09 05:18:00+00:00,-0.00807548042280963,-0.00667548042280963,MAX_AGE,1.6,2880.0,CHOP,2026-09-09 05:18:00+00:00,f3
BTCUSDT,2026-09-09 05:26:00+00:00,-0.010257318249583444,-0.008857318249583444,MAX_AGE,1.6,2880.0,CHOP,2026-09-09 05:26:00+00:00,f3
BTCUSDT,2026-09-09 05:31:00+00:00,0.0005000000000000001,0.0019,BE_STOP,1.6,1150.0,CHOP,2026-09-09 05:31:00+00:00,f3
XRPUSDT,2026-09-09 05:46:00+00:00,0.004600000000000001,0.006,TP,1.6,20.0,CHOP,2026-09-09 05:46:00+00:00,f3
ETHUSDT,2026-09-09 06:15:00+00:00,0.0005000000000000001,0.0019,BE_STOP,1.6,69.0,CHOP,2026-09-09 06:15:00+00:00,f3
XRPUSDT,2026-09-09 06:28:00+00:00,0.0005000000000000001,0.0019,BE_STOP,1.6,104.0,CHOP,2026-09-09 06:28:00+00:00,f3
XRPUSDT,2026-09-09 06:33:00+00:00,0.0005000000000000001,0.0019,BE_STOP,1.6,78.0,CHOP,2026-09-09 06:33:00+00:00,f3
SOLUSDT,2026-09-09 07:14:00+00:00,0.0005000000000000001,0.0019,BE_STOP,1.6,2420.0,CHOP,2026-09-09 07:14:00+00:00,f3
BTCUSDT,2026-09-09 07:14:00+00:00,0.0005000000000000001,0.0019,BE_STOP,1.6,46.0,CHOP,2026-09-09 07:14:00+00:00,f3
BTCUSDT,2026-09-09 07:33:00+00:00,0.0005000000000000001,0.0019,BE_STOP,1.6,78.0,CHOP,2026-09-09 07:33:00+00:00,f3
BTCUSDT,2026-09-09 08:36:00+00:00,0.004600000000000001,0.006,TP,1.6,82.0,CHOP,2026-09-09 08:36:00+00:00,f3
ETHUSDT,2026-09-09 08:44:00+00:00,0.0005000000000000001,0.0019,BE_STOP,1.6,71.0,CHOP,2026-09-09 08:44:00+00:00,f3
ETHUSDT,2026-09-09 09:09:00+00:00,0.0005000000000000001,0.0019,BE_STOP,1.6,113.0,CHOP,2026-09-09 09:09:00+00:00,f3
BTCUSDT,2026-09-09 09:29:00+00:00,0.0005000000000000001,0.0019,BE_STOP,1.6,251.0,CHOP,2026-09-09 09:29:00+00:00,f3
SOLUSDT,2026-09-09 09:35:00+00:00,0.004600000000000001,0.006,TP,1.6,51.0,TREND,2026-09-09 09:35:00+00:00,f3
SOLUSDT,2026-09-09 09:42:00+00:00,0.004600000000000001,0.006,TP,1.6,12.0,CHOP,2026-09-09 09:42:00+00:00,f3
BTCUSDT,2026-09-09 09:46:00+00:00,0.004600000000000001,0.006,TP,1.6,35.0,TREND,2026-09-09 09:46:00+00:00,f3
ETHUSDT,2026-09-09 10:52:00+00:00,0.004600000000000001,0.006,TP,1.6,259.0,CHOP,2026-09-09 10:52:00+00:00,f3
BTCUSDT,2026-09-09 10:53:00+00:00,0.004600000000000001,0.006,TP,1.6,77.0,CHOP,2026-09-09 10:53:00+00:00,f3
NEARUSDT,2026-09-09 11:02:00+00:00,0.0005000000000000001,0.0019,BE_STOP,1.6,10.0,TREND,2026-09-09 11:02:00+00:00,f3
SOLUSDT,2026-09-09 11:09:00+00:00,0.0005000000000000001,0.0019,BE_STOP,1.6,15.0,CHOP,2026-09-09 11:09:00+00:00,f3
BTCUSDT,2026-09-09 11:11:00+00:00,0.0005000000000000001,0.0019,BE_STOP,1.6,339.0,TREND,2026-09-09 11:11:00+00:00,f3
NEARUSDT,2026-09-09 11:16:00+00:00,0.004600000000000001,0.006,TP,1.6,5.0,TREND,2026-09-09 11:16:00+00:00,f3
BTCUSDT,2026-09-09 11:25:00+00:00,0.0005000000000000001,0.0019,BE_STOP,1.6,98.0,CHOP,2026-09-09 11:25:00+00:00,f3
BTCUSDT,2026-09-09 11:29:00+00:00,0.0005000000000000001,0.0019,BE_STOP,1.6,107.0,CHOP,2026-09-09 11:29:00+00:00,f3
BTCUSDT,2026-09-09 12:00:00+00:00,0.004600000000000001,0.006,TP,1.6,35.0,CHOP,2026-09-09 12:00:00+00:00,f3
SOLUSDT,2026-09-09 12:02:00+00:00,0.004600000000000001,0.006,TP,1.6,33.0,CHOP,2026-09-09 12:02:00+00:00,f3
BTCUSDT,2026-09-09 13:11:00+00:00,0.0005000000000000001,0.0019,BE_STOP,1.6,70.0,CHOP,2026-09-09 13:11:00+00:00,f3
BTCUSDT,2026-09-09 13:16:00+00:00,0.0005000000000000001,0.0019,BE_STOP,1.6,73.0,CHOP,2026-09-09 13:16:00+00:00,f3
SOLUSDT,2026-09-09 13:43:00+00:00,0.004600000000000001,0.006,TP,1.6,27.0,CHOP,2026-09-09 13:43:00+00:00,f3
BTCUSDT,2026-09-09 14:01:00+00:00,0.004600000000000001,0.006,TP,1.6,49.0,CHOP,2026-09-09 14:01:00+00:00,f3
BTCUSDT,2026-09-09 14:27:00+00:00,0.0005000000000000001,0.0019,BE_STOP,1.6,43.0,CHOP,2026-09-09 14:27:00+00:00,f3
BTCUSDT,2026-09-09 14:40:00+00:00,0.0005000000000000001,0.0019,BE_STOP,1.6,13.0,CHOP,2026-09-09 14:40:00+00:00,f3
BTCUSDT,2026-09-09 15:02:00+00:00,0.0005000000000000001,0.0019,BE_STOP,1.6,554.0,CHOP,2026-09-09 15:02:00+00:00,f3
BTCUSDT,2026-09-09 15:02:00+00:00,0.0005000000000000001,0.0019,BE_STOP,1.6,233.0,CHOP,2026-09-09 15:02:00+00:00,f3
BTCUSDT,2026-09-09 15:07:00+00:00,0.004600000000000001,0.006,TP,1.6,65.0,CHOP,2026-09-09 15:07:00+00:00,f3
XRPUSDT,2026-09-09 15:08:00+00:00,0.0005000000000000001,0.0019,BE_STOP,1.6,232.0,CHOP,2026-09-09 15:08:00+00:00,f3
BTCUSDT,2026-09-09 15:11:00+00:00,0.004600000000000001,0.006,TP,1.6,8.0,CHOP,2026-09-09 15:11:00+00:00,f3
NEARUSDT,2026-09-09 15:11:00+00:00,0.00718138911236263,0.00858138911236263,TP,1.6,6.0,TREND,2026-09-09 15:11:00+00:00,f3
ETHUSDT,2026-09-09 15:16:00+00:00,0.0005000000000000001,0.0019,BE_STOP,1.6,9.0,CHOP,2026-09-09 15:16:00+00:00,f3
ETHUSDT,2026-09-09 15:16:00+00:00,0.0005000000000000001,0.0019,BE_STOP,1.6,7.0,CHOP,2026-09-09 15:16:00+00:00,f3
SOLUSDT,2026-09-09 15:22:00+00:00,0.004600000000000001,0.006,TP,1.6,8.0,CHOP,2026-09-09 15:22:00+00:00,f3
BTCUSDT,2026-09-09 15:22:00+00:00,0.004600000000000001,0.006,TP,1.6,6.0,CHOP,2026-09-09 15:22:00+00:00,f3
BTCUSDT,2026-09-09 15:24:00+00:00,0.004600000000000001,0.006,TP,1.6,5.0,CHOP,2026-09-09 15:24:00+00:00,f3
BTCUSDT,2026-09-09 15:28:00+00:00,0.0005000000000000001,0.0019,BE_STOP,1.6,16.0,CHOP,2026-09-09 15:28:00+00:00,f3
ETHUSDT,2026-09-09 15:31:00+00:00,0.0005000000000000001,0.0019,BE_STOP,1.6,268.0,CHOP,2026-09-09 15:31:00+00:00,f3
XRPUSDT,2026-09-09 19:50:00+00:00,0.004600000000000001,0.006,TP,1.6,258.0,CHOP,2026-09-09 19:50:00+00:00,f3
BTCUSDT,2026-09-09 20:01:00+00:00,0.0005000000000000001,0.0019,BE_STOP,1.6,272.0,CHOP,2026-09-09 20:01:00+00:00,f3
ETHUSDT,2026-09-09 20:29:00+00:00,0.004600000000000001,0.006,TP,1.6,306.0,CHOP,2026-09-09 20:29:00+00:00,f3
BTCUSDT,2026-09-09 20:30:00+00:00,0.0005000000000000001,0.0019,BE_STOP,1.6,305.0,CHOP,2026-09-09 20:30:00+00:00,f3
BTCUSDT,2026-09-09 20:31:00+00:00,0.0005000000000000001,0.0019,BE_STOP,1.6,304.0,CHOP,2026-09-09 20:31:00+00:00,f3
BTCUSDT,2026-09-09 20:31:00+00:00,0.0005000000000000001,0.0019,BE_STOP,1.6,40.0,CHOP,2026-09-09 20:31:00+00:00,f3
BTCUSDT,2026-09-09 20:31:00+00:00,0.0005000000000000001,0.0019,BE_STOP,1.6,30.0,CHOP,2026-09-09 20:31:00+00:00,f3
BTCUSDT,2026-09-09 23:04:00+00:00,0.0005000000000000001,0.0019,BE_STOP,1.6,154.0,CHOP,2026-09-09 23:04:00+00:00,f3
BTCUSDT,2026-09-10 00:17:00+00:00,0.0005000000000000001,0.0019,BE_STOP,1.6,70.0,TREND,2026-09-10 00:17:00+00:00,f3
XRPUSDT,2026-09-10 01:04:00+00:00,0.0005000000000000001,0.0019,BE_STOP,1.6,47.0,CHOP,2026-09-10 01:04:00+00:00,f3
ETHUSDT,2026-09-10 01:12:00+00:00,0.0005000000000000001,0.0019,BE_STOP,1.6,271.0,CHOP,2026-09-10 01:12:00+00:00,f3
ETHUSDT,2026-09-10 01:13:00+00:00,0.0005000000000000001,0.0019,BE_STOP,1.6,279.0,CHOP,2026-09-10 01:13:00+00:00,f3
BTCUSDT,2026-09-10 01:42:00+00:00,0.0005000000000000001,0.0019,BE_STOP,1.6,23.0,CHOP,2026-09-10 01:42:00+00:00,f3
NEARUSDT,2026-09-10 01:46:00+00:00,0.0005000000000000001,0.0019,BE_STOP,1.6,4.0,CHOP,2026-09-10 01:46:00+00:00,f3
BTCUSDT,2026-09-10 03:07:00+00:00,0.0005000000000000001,0.0019,BE_STOP,1.6,391.0,CHOP,2026-09-10 03:07:00+00:00,f3
BTCUSDT,2026-09-10 03:07:00+00:00,0.0005000000000000001,0.0019,BE_STOP,1.6,388.0,CHOP,2026-09-10 03:07:00+00:00,f3
NEARUSDT,2026-09-10 03:25:00+00:00,0.0005000000000000001,0.0019,BE_STOP,1.6,18.0,CHOP,2026-09-10 03:25:00+00:00,f3
ETHUSDT,2026-09-10 06:04:00+00:00,0.0005000000000000001,0.0019,BE_STOP,1.6,175.0,CHOP,2026-09-10 06:04:00+00:00,f3
BTCUSDT,2026-09-10 06:47:00+00:00,0.0005000000000000001,0.0019,BE_STOP,1.6,41.0,CHOP,2026-09-10 06:47:00+00:00,f3
ETHUSDT,2026-09-10 07:46:00+00:00,0.0005000000000000001,0.0019,BE_STOP,1.6,261.0,TREND,2026-09-10 07:46:00+00:00,f3
NEARUSDT,2026-09-10 09:40:00+00:00,0.004969230404420052,0.006369230404420051,TP,1.6,114.0,CHOP,2026-09-10 09:40:00+00:00,f3
NEARUSDT,2026-09-10 09:42:00+00:00,0.004600000000000001,0.006,TP,1.6,2.0,CHOP,2026-09-10 09:42:00+00:00,f3
BTCUSDT,2026-09-10 11:13:00+00:00,0.0005000000000000001,0.0019,BE_STOP,1.6,90.0,CHOP,2026-09-10 11:13:00+00:00,f3
ETHUSDT,2026-09-10 12:30:00+00:00,0.004600000000000001,0.006,TP,1.6,644.0,CHOP,2026-09-10 12:30:00+00:00,f3
ETHUSDT,2026-09-10 12:30:00+00:00,0.004600000000000001,0.006,TP,1.6,77.0,CHOP,2026-09-10 12:30:00+00:00,f3
NEARUSDT,2026-09-10 12:33:00+00:00,0.0005000000000000001,0.0019,BE_STOP,1.6,2.0,CHOP,2026-09-10 12:33:00+00:00,f3
BTCUSDT,2026-09-10 12:38:00+00:00,0.004600000000000001,0.006,TP,1.6,2815.0,CHOP,2026-09-10 12:38:00+00:00,f3
BTCUSDT,2026-09-10 12:38:00+00:00,-0.0314,-0.03,HARD_SL,1.6,1682.0,TREND,2026-09-10 12:38:00+00:00,f3
BTCUSDT,2026-09-10 12:46:00+00:00,0.004600000000000001,0.006,TP,1.6,11.0,CHOP,2026-09-10 12:46:00+00:00,f3
BTCUSDT,2026-09-10 12:47:00+00:00,-0.0314,-0.03,HARD_SL,1.6,1327.0,CHOP,2026-09-10 12:47:00+00:00,f3
XRPUSDT,2026-09-10 12:47:00+00:00,-0.0314,-0.03,HARD_SL,1.6,703.0,CHOP,2026-09-10 12:47:00+00:00,f3
BTCUSDT,2026-09-10 12:47:00+00:00,0.004600000000000001,0.006,TP,1.6,8.0,CHOP,2026-09-10 12:47:00+00:00,f3
BTCUSDT,2026-09-10 12:47:00+00:00,0.004600000000000001,0.006,TP,1.6,6.0,CHOP,2026-09-10 12:47:00+00:00,f3
NEARUSDT,2026-09-10 12:53:00+00:00,0.0005000000000000001,0.0019,BE_STOP,1.6,16.0,CHOP,2026-09-10 12:53:00+00:00,f3
SOLUSDT,2026-09-10 12:57:00+00:00,0.0005000000000000001,0.0019,BE_STOP,1.6,2.0,CHOP,2026-09-10 12:57:00+00:00,f3
BTCUSDT,2026-09-10 12:58:00+00:00,0.0005000000000000001,0.0019,BE_STOP,1.6,11.0,TREND,2026-09-10 12:58:00+00:00,f3
BTCUSDT,2026-09-10 13:01:00+00:00,0.0005000000000000001,0.0019,BE_STOP,1.6,12.0,TREND,2026-09-10 13:01:00+00:00,f3
NEARUSDT,2026-09-10 13:04:00+00:00,0.0005000000000000001,0.0019,BE_STOP,1.6,12.0,CHOP,2026-09-10 13:04:00+00:00,f3
ETHUSDT,2026-09-10 13:13:00+00:00,0.004600000000000001,0.006,TP,1.6,8.0,TREND,2026-09-10 13:13:00+00:00,f3
SOLUSDT,2026-09-10 13:17:00+00:00,0.0005000000000000001,0.0019,BE_STOP,1.6,9.0,TREND,2026-09-10 13:17:00+00:00,f3
BTCUSDT,2026-09-10 13:22:00+00:00,0.0005000000000000001,0.0019,BE_STOP,1.6,21.0,TREND,2026-09-10 13:22:00+00:00,f3
SOLUSDT,2026-09-10 13:22:00+00:00,0.0005000000000000001,0.0019,BE_STOP,1.6,19.0,TREND,2026-09-10 13:22:00+00:00,f3
NEARUSDT,2026-09-10 13:36:00+00:00,0.004600000000000001,0.006,TP,1.6,8.0,CHOP,2026-09-10 13:36:00+00:00,f3
SOLUSDT,2026-09-10 13:51:00+00:00,0.0005000000000000001,0.0019,BE_STOP,1.6,27.0,TREND,2026-09-10 13:51:00+00:00,f3
ETHUSDT,2026-09-10 14:02:00+00:00,0.004600000000000001,0.006,TP,1.6,11.0,CHOP,2026-09-10 14:02:00+00:00,f3
NEARUSDT,2026-09-10 14:03:00+00:00,-0.0264,-0.025,MAE_KILL,1.6,46.0,CHOP,2026-09-10 14:03:00+00:00,f3
BTCUSDT,2026-09-10 14:06:00+00:00,0.0005000000000000001,0.0019,BE_STOP,1.6,29.0,TREND,2026-09-10 14:06:00+00:00,f3
BTCUSDT,2026-09-10 17:38:00+00:00,0.0005000000000000001,0.0019,BE_STOP,1.6,216.0,CHOP,2026-09-10 17:38:00+00:00,f3
BTCUSDT,2026-09-10 17:39:00+00:00,0.0005000000000000001,0.0019,BE_STOP,1.6,215.0,CHOP,2026-09-10 17:39:00+00:00,f3
NEARUSDT,2026-09-10 17:47:00+00:00,0.0005000000000000001,0.0019,BE_STOP,1.6,6.0,CHOP,2026-09-10 17:47:00+00:00,f3
BTCUSDT,2026-09-10 23:21:00+00:00,0.0005000000000000001,0.0019,BE_STOP,1.6,607.0,TREND,2026-09-10 23:21:00+00:00,f3
BTCUSDT,2026-09-10 23:37:00+00:00,0.0005000000000000001,0.0019,BE_STOP,1.6,640.0,TREND,2026-09-10 23:37:00+00:00,f3
BTCUSDT,2026-09-10 23:37:00+00:00,0.0005000000000000001,0.0019,BE_STOP,1.6,638.0,TREND,2026-09-10 23:37:00+00:00,f3
ETHUSDT,2026-09-11 00:32:00+00:00,0.0005000000000000001,0.0019,BE_STOP,1.6,67.0,CHOP,2026-09-11 00:32:00+00:00,f3
BTCUSDT,2026-09-11 01:15:00+00:00,0.0005000000000000001,0.0019,BE_STOP,1.6,98.0,CHOP,2026-09-11 01:15:00+00:00,f3
BTCUSDT,2026-09-11 01:22:00+00:00,0.0005000000000000001,0.0019,BE_STOP,1.6,103.0,CHOP,2026-09-11 01:22:00+00:00,f3
NEARUSDT,2026-09-11 01:25:00+00:00,0.0005000000000000001,0.0019,BE_STOP,1.6,3.0,CHOP,2026-09-11 01:25:00+00:00,f3
ETHUSDT,2026-09-11 01:36:00+00:00,0.0005000000000000001,0.0019,BE_STOP,1.6,11.0,CHOP,2026-09-11 01:36:00+00:00,f3
SOLUSDT,2026-09-11 04:27:00+00:00,0.004600000000000001,0.006,TP,1.6,192.0,CHOP,2026-09-11 04:27:00+00:00,f3
BTCUSDT,2026-09-11 06:24:00+00:00,0.0005000000000000001,0.0019,BE_STOP,1.6,116.0,CHOP,2026-09-11 06:24:00+00:00,f3
XRPUSDT,2026-09-11 11:04:00+00:00,-0.0314,-0.03,HARD_SL,1.6,1258.0,CHOP,2026-09-11 11:04:00+00:00,f3
SOLUSDT,2026-09-11 11:18:00+00:00,0.0005000000000000001,0.0019,BE_STOP,1.6,579.0,CHOP,2026-09-11 11:18:00+00:00,f3
ETHUSDT,2026-09-11 12:09:00+00:00,0.004600000000000001,0.006,TP,1.6,345.0,CHOP,2026-09-11 12:09:00+00:00,f3
BTCUSDT,2026-09-11 12:12:00+00:00,-0.018651925358287115,-0.017251925358287117,EOD,1.6,2100.0,CHOP,2026-09-11 12:12:00+00:00,f3
BTCUSDT,2026-09-11 12:12:00+00:00,-0.019390531970549504,-0.017990531970549506,EOD,1.6,1764.0,CHOP,2026-09-11 12:12:00+00:00,f3
BTCUSDT,2026-09-11 12:12:00+00:00,-0.00659898191990048,-0.0051989819199004805,EOD,1.6,1114.0,CHOP,2026-09-11 12:12:00+00:00,f3
BTCUSDT,2026-09-11 12:12:00+00:00,-0.006570690972361363,-0.005170690972361364,EOD,1.6,1103.0,CHOP,2026-09-11 12:12:00+00:00,f3
BTCUSDT,2026-09-11 12:12:00+00:00,-0.004699611503663413,-0.003299611503663414,EOD,1.6,700.0,CHOP,2026-09-11 12:12:00+00:00,f3
BTCUSDT,2026-09-11 12:12:00+00:00,-0.0026203165797831127,-0.001220316579783113,EOD,1.6,67.0,CHOP,2026-09-11 12:12:00+00:00,f3
ETHUSDT,2026-09-11 12:12:00+00:00,9.880462185722928e-05,0.0014988046218572292,EOD,1.6,54.0,CHOP,2026-09-11 12:12:00+00:00,f3
SOLUSDT,2026-09-11 12:13:00+00:00,-0.0014907075186454378,-9.070751864543783e-05,EOD,1.6,4.0,CHOP,2026-09-11 12:13:00+00:00,f3
