pair,ts,net_frac,exit_type,hold_min,slots_at_entry,pair_open_at_entry,regime,ts_parsed,fold
NEARUSDT,2026-08-12 13:00:00+00:00,0.0005000000000000001,BE_STOP,15.0,2,0,,2026-08-12 13:00:00+00:00,fold1
SOLUSDT,2026-08-12 13:18:00+00:00,0.0005000000000000001,BE_STOP,20.0,7,0,,2026-08-12 13:18:00+00:00,fold1
BTCUSDT,2026-08-12 13:33:00+00:00,0.0005000000000000001,BE_STOP,27.0,8,4,,2026-08-12 13:33:00+00:00,fold1
BTCUSDT,2026-08-12 13:43:00+00:00,0.0005000000000000001,BE_STOP,51.0,5,2,,2026-08-12 13:43:00+00:00,fold1
BTCUSDT,2026-08-12 13:45:00+00:00,0.0005000000000000001,BE_STOP,62.0,1,0,,2026-08-12 13:45:00+00:00,fold1
ETHUSDT,2026-08-12 13:47:00+00:00,0.0005000000000000001,BE_STOP,60.0,3,0,,2026-08-12 13:47:00+00:00,fold1
NEARUSDT,2026-08-12 13:56:00+00:00,0.004600000000000001,TP,11.0,8,2,,2026-08-12 13:56:00+00:00,fold1
BTCUSDT,2026-08-12 14:02:00+00:00,0.004600000000000001,TP,59.0,7,3,,2026-08-12 14:02:00+00:00,fold1
BTCUSDT,2026-08-12 14:03:00+00:00,0.004600000000000001,TP,73.0,4,1,,2026-08-12 14:03:00+00:00,fold1
BTCUSDT,2026-08-12 14:03:00+00:00,0.004600000000000001,TP,45.0,8,5,,2026-08-12 14:03:00+00:00,fold1
SOLUSDT,2026-08-12 14:03:00+00:00,0.004600000000000001,TP,20.0,8,0,,2026-08-12 14:03:00+00:00,fold1
BTCUSDT,2026-08-12 14:11:00+00:00,0.0005000000000000001,BE_STOP,14.0,8,4,,2026-08-12 14:11:00+00:00,fold1
NEARUSDT,2026-08-12 14:31:00+00:00,0.004600000000000001,TP,20.0,8,2,,2026-08-12 14:31:00+00:00,fold1
SOLUSDT,2026-08-12 14:32:00+00:00,0.0005000000000000001,BE_STOP,27.0,6,0,,2026-08-12 14:32:00+00:00,fold1
NEARUSDT,2026-08-12 14:35:00+00:00,-0.0264,MAE_KILL,99.0,6,1,,2026-08-12 14:35:00+00:00,fold1
NEARUSDT,2026-08-12 14:35:00+00:00,-0.0264,MAE_KILL,62.0,8,1,,2026-08-12 14:35:00+00:00,fold1
BTCUSDT,2026-08-12 14:59:00+00:00,0.004600000000000001,TP,50.0,8,4,,2026-08-12 14:59:00+00:00,fold1
ETHUSDT,2026-08-12 15:02:00+00:00,0.0005000000000000001,BE_STOP,27.0,7,0,,2026-08-12 15:02:00+00:00,fold1
BTCUSDT,2026-08-12 15:18:00+00:00,0.0005000000000000001,BE_STOP,71.0,7,3,,2026-08-12 15:18:00+00:00,fold1
BTCUSDT,2026-08-12 15:18:00+00:00,0.0005000000000000001,BE_STOP,45.0,8,5,,2026-08-12 15:18:00+00:00,fold1
BTCUSDT,2026-08-12 15:18:00+00:00,0.0005000000000000001,BE_STOP,41.0,8,6,,2026-08-12 15:18:00+00:00,fold1
BTCUSDT,2026-08-12 15:43:00+00:00,0.0005000000000000001,BE_STOP,72.0,8,4,,2026-08-12 15:43:00+00:00,fold1
NEARUSDT,2026-08-12 17:21:00+00:00,0.0005000000000000001,BE_STOP,118.0,8,0,,2026-08-12 17:21:00+00:00,fold1
ETHUSDT,2026-08-12 20:27:00+00:00,0.0005000000000000001,BE_STOP,185.0,8,2,,2026-08-12 20:27:00+00:00,fold1
ETHUSDT,2026-08-12 20:29:00+00:00,0.0005000000000000001,BE_STOP,330.0,8,1,,2026-08-12 20:29:00+00:00,fold1
BTCUSDT,2026-08-12 20:38:00+00:00,0.0005000000000000001,BE_STOP,395.0,5,2,,2026-08-12 20:38:00+00:00,fold1
NEARUSDT,2026-08-12 23:13:00+00:00,0.004600000000000001,TP,29.0,6,0,TREND,2026-08-12 23:13:00+00:00,fold1
NEARUSDT,2026-08-12 23:13:00+00:00,0.004600000000000001,TP,27.0,7,1,TREND,2026-08-12 23:13:00+00:00,fold1
NEARUSDT,2026-08-12 23:13:00+00:00,0.004600000000000001,TP,20.0,8,2,TREND,2026-08-12 23:13:00+00:00,fold1
NEARUSDT,2026-08-13 03:55:00+00:00,0.0005000000000000001,BE_STOP,41.0,6,0,TREND,2026-08-13 03:55:00+00:00,fold1
NEARUSDT,2026-08-13 03:55:00+00:00,0.0005000000000000001,BE_STOP,38.0,7,1,TREND,2026-08-13 03:55:00+00:00,fold1
NEARUSDT,2026-08-13 04:22:00+00:00,0.0005000000000000001,BE_STOP,59.0,8,2,TREND,2026-08-13 04:22:00+00:00,fold1
BTCUSDT,2026-08-13 05:15:00+00:00,0.004600000000000001,TP,837.0,6,4,,2026-08-13 05:15:00+00:00,fold1
BTCUSDT,2026-08-13 05:15:00+00:00,0.004600000000000001,TP,811.0,8,4,,2026-08-13 05:15:00+00:00,fold1
ETHUSDT,2026-08-13 05:22:00+00:00,0.0005000000000000001,BE_STOP,842.0,7,1,,2026-08-13 05:22:00+00:00,fold1
SOLUSDT,2026-08-13 06:35:00+00:00,0.0005000000000000001,BE_STOP,160.0,7,0,TREND,2026-08-13 06:35:00+00:00,fold1
ETHUSDT,2026-08-13 09:06:00+00:00,0.004600000000000001,TP,195.0,8,0,TREND,2026-08-13 09:06:00+00:00,fold1
ETHUSDT,2026-08-13 09:15:00+00:00,0.004600000000000001,TP,160.0,8,1,TREND,2026-08-13 09:15:00+00:00,fold1
SOLUSDT,2026-08-13 11:21:00+00:00,0.004600000000000001,TP,418.0,8,1,TREND,2026-08-13 11:21:00+00:00,fold1
NEARUSDT,2026-08-13 12:11:00+00:00,0.0005000000000000001,BE_STOP,494.0,8,1,TREND,2026-08-13 12:11:00+00:00,fold1
BTCUSDT,2026-08-13 13:24:00+00:00,0.0005000000000000001,BE_STOP,73.0,8,2,TREND,2026-08-13 13:24:00+00:00,fold1
SOLUSDT,2026-08-13 16:09:00+00:00,0.0005000000000000001,BE_STOP,326.0,7,3,TREND,2026-08-13 16:09:00+00:00,fold1
SOLUSDT,2026-08-13 16:09:00+00:00,0.0005000000000000001,BE_STOP,324.0,8,4,TREND,2026-08-13 16:09:00+00:00,fold1
BTCUSDT,2026-08-13 16:40:00+00:00,0.004600000000000001,TP,1538.0,8,6,,2026-08-13 16:40:00+00:00,fold1
SOLUSDT,2026-08-13 16:41:00+00:00,0.004600000000000001,TP,319.0,8,4,TREND,2026-08-13 16:41:00+00:00,fold1
NEARUSDT,2026-08-13 19:40:00+00:00,0.004600000000000001,TP,12.0,4,0,TREND,2026-08-13 19:40:00+00:00,fold1
NEARUSDT,2026-08-13 20:09:00+00:00,0.0005000000000000001,BE_STOP,31.0,5,1,TREND,2026-08-13 20:09:00+00:00,fold1
NEARUSDT,2026-08-13 21:58:00+00:00,0.0005000000000000001,BE_STOP,134.0,6,2,TREND,2026-08-13 21:58:00+00:00,fold1
NEARUSDT,2026-08-13 21:59:00+00:00,0.0005000000000000001,BE_STOP,138.0,5,1,TREND,2026-08-13 21:59:00+00:00,fold1
ETHUSDT,2026-08-14 04:06:00+00:00,0.0005000000000000001,BE_STOP,372.0,8,0,TREND,2026-08-14 04:06:00+00:00,fold1
NEARUSDT,2026-08-14 04:38:00+00:00,0.0005000000000000001,BE_STOP,32.0,8,0,TREND,2026-08-14 04:38:00+00:00,fold1
BTCUSDT,2026-08-14 06:52:00+00:00,0.004600000000000001,TP,544.0,6,1,TREND,2026-08-14 06:52:00+00:00,fold1
BTCUSDT,2026-08-14 06:52:00+00:00,0.004600000000000001,TP,542.0,7,2,TREND,2026-08-14 06:52:00+00:00,fold1
NEARUSDT,2026-08-14 07:39:00+00:00,0.004600000000000001,TP,158.0,8,0,TREND,2026-08-14 07:39:00+00:00,fold1
BTCUSDT,2026-08-14 08:49:00+00:00,0.0005000000000000001,BE_STOP,69.0,8,4,TREND,2026-08-14 08:49:00+00:00,fold1
BTCUSDT,2026-08-14 08:53:00+00:00,0.0005000000000000001,BE_STOP,120.0,7,2,TREND,2026-08-14 08:53:00+00:00,fold1
BTCUSDT,2026-08-14 13:04:00+00:00,0.004600000000000001,TP,369.0,8,3,TREND,2026-08-14 13:04:00+00:00,fold1
BTCUSDT,2026-08-14 13:47:00+00:00,-0.02154785408396109,MAX_AGE,2880.0,8,3,,2026-08-14 13:47:00+00:00,fold1
SOLUSDT,2026-08-14 14:23:00+00:00,0.0005000000000000001,BE_STOP,14.0,7,2,TREND,2026-08-14 14:23:00+00:00,fold1
BTCUSDT,2026-08-14 17:56:00+00:00,0.0005000000000000001,BE_STOP,542.0,7,3,TREND,2026-08-14 17:56:00+00:00,fold1
BTCUSDT,2026-08-14 17:56:00+00:00,0.0005000000000000001,BE_STOP,540.0,8,4,TREND,2026-08-14 17:56:00+00:00,fold1
SOLUSDT,2026-08-14 18:17:00+00:00,0.0005000000000000001,BE_STOP,242.0,8,3,TREND,2026-08-14 18:17:00+00:00,fold1
SOLUSDT,2026-08-14 19:15:00+00:00,0.004600000000000001,TP,290.0,8,3,TREND,2026-08-14 19:15:00+00:00,fold1
NEARUSDT,2026-08-14 20:41:00+00:00,0.004600000000000001,TP,7.0,6,1,TREND,2026-08-14 20:41:00+00:00,fold1
NEARUSDT,2026-08-14 20:42:00+00:00,0.004600000000000001,TP,12.0,5,0,TREND,2026-08-14 20:42:00+00:00,fold1
NEARUSDT,2026-08-14 20:52:00+00:00,0.0005000000000000001,BE_STOP,9.0,5,0,TREND,2026-08-14 20:52:00+00:00,fold1
NEARUSDT,2026-08-14 20:54:00+00:00,0.0005000000000000001,BE_STOP,9.0,6,1,TREND,2026-08-14 20:54:00+00:00,fold1
NEARUSDT,2026-08-14 23:48:00+00:00,0.004600000000000001,TP,173.0,7,2,TREND,2026-08-14 23:48:00+00:00,fold1
NEARUSDT,2026-08-14 23:50:00+00:00,0.004600000000000001,TP,177.0,7,2,TREND,2026-08-14 23:50:00+00:00,fold1
NEARUSDT,2026-08-14 23:51:00+00:00,0.004600000000000001,TP,181.0,7,2,TREND,2026-08-14 23:51:00+00:00,fold1
NEARUSDT,2026-08-15 00:09:00+00:00,0.004600000000000001,TP,17.0,6,0,TREND,2026-08-15 00:09:00+00:00,fold1
NEARUSDT,2026-08-15 00:09:00+00:00,0.004600000000000001,TP,15.0,7,1,TREND,2026-08-15 00:09:00+00:00,fold1
NEARUSDT,2026-08-15 00:09:00+00:00,0.004600000000000001,TP,12.0,8,2,TREND,2026-08-15 00:09:00+00:00,fold1
NEARUSDT,2026-08-15 00:23:00+00:00,0.0005000000000000001,BE_STOP,11.0,7,1,TREND,2026-08-15 00:23:00+00:00,fold1
NEARUSDT,2026-08-15 01:22:00+00:00,0.004600000000000001,TP,72.0,6,0,TREND,2026-08-15 01:22:00+00:00,fold1
NEARUSDT,2026-08-15 02:58:00+00:00,0.004600000000000001,TP,95.0,8,0,TREND,2026-08-15 02:58:00+00:00,fold1
SOLUSDT,2026-08-15 05:47:00+00:00,-0.017205010580213797,MAX_AGE,2880.0,6,2,TREND,2026-08-15 05:47:00+00:00,fold1
SOLUSDT,2026-08-15 05:49:00+00:00,-0.016021259677756788,MAX_AGE,2880.0,7,3,TREND,2026-08-15 05:49:00+00:00,fold1
SOLUSDT,2026-08-15 09:55:00+00:00,0.0005000000000000001,BE_STOP,580.0,8,2,TREND,2026-08-15 09:55:00+00:00,fold1
SOLUSDT,2026-08-15 09:57:00+00:00,0.0005000000000000001,BE_STOP,573.0,8,3,TREND,2026-08-15 09:57:00+00:00,fold1
NEARUSDT,2026-08-15 10:38:00+00:00,0.0005000000000000001,BE_STOP,156.0,7,0,TREND,2026-08-15 10:38:00+00:00,fold1
NEARUSDT,2026-08-15 10:38:00+00:00,0.0005000000000000001,BE_STOP,153.0,8,1,TREND,2026-08-15 10:38:00+00:00,fold1
SOLUSDT,2026-08-15 21:40:00+00:00,0.004600000000000001,TP,705.0,8,1,TREND,2026-08-15 21:40:00+00:00,fold1
SOLUSDT,2026-08-15 21:40:00+00:00,0.004600000000000001,TP,703.0,8,1,TREND,2026-08-15 21:40:00+00:00,fold1
BTCUSDT,2026-08-15 21:58:00+00:00,-0.006498293844539073,MAX_AGE,2880.0,8,3,TREND,2026-08-15 21:58:00+00:00,fold1
ETHUSDT,2026-08-15 22:02:00+00:00,-0.004146758401693598,MAX_AGE,2880.0,8,1,TREND,2026-08-15 22:02:00+00:00,fold1
NEARUSDT,2026-08-16 00:02:00+00:00,0.0005000000000000001,BE_STOP,12.0,7,2,TREND,2026-08-16 00:02:00+00:00,fold1
NEARUSDT,2026-08-16 01:02:00+00:00,0.0005000000000000001,BE_STOP,60.0,7,2,TREND,2026-08-16 01:02:00+00:00,fold1
NEARUSDT,2026-08-16 01:30:00+00:00,0.004600000000000001,TP,106.0,5,0,TREND,2026-08-16 01:30:00+00:00,fold1
NEARUSDT,2026-08-16 02:26:00+00:00,0.0005000000000000001,BE_STOP,74.0,7,2,TREND,2026-08-16 02:26:00+00:00,fold1
NEARUSDT,2026-08-16 09:43:00+00:00,0.0005000000000000001,BE_STOP,437.0,7,2,TREND,2026-08-16 09:43:00+00:00,fold1
NEARUSDT,2026-08-16 12:14:00+00:00,0.0005000000000000001,BE_STOP,746.0,6,1,TREND,2026-08-16 12:14:00+00:00,fold1
NEARUSDT,2026-08-16 14:21:00+00:00,0.0005000000000000001,BE_STOP,127.0,8,1,TREND,2026-08-16 14:21:00+00:00,fold1
BTCUSDT,2026-08-16 16:52:00+00:00,0.0005000000000000001,BE_STOP,2274.0,8,2,TREND,2026-08-16 16:52:00+00:00,fold1
BTCUSDT,2026-08-16 16:52:00+00:00,0.0005000000000000001,BE_STOP,130.0,8,4,TREND,2026-08-16 16:52:00+00:00,fold1
NEARUSDT,2026-08-16 20:53:00+00:00,0.0005000000000000001,BE_STOP,1153.0,7,2,TREND,2026-08-16 20:53:00+00:00,fold1
NEARUSDT,2026-08-16 21:06:00+00:00,0.0005000000000000001,BE_STOP,13.0,8,0,TREND,2026-08-16 21:06:00+00:00,fold1
BTCUSDT,2026-08-16 21:40:00+00:00,0.004600000000000001,TP,288.0,7,3,TREND,2026-08-16 21:40:00+00:00,fold1
BTCUSDT,2026-08-16 21:40:00+00:00,0.004600000000000001,TP,286.0,8,4,TREND,2026-08-16 21:40:00+00:00,fold1
SOLUSDT,2026-08-16 21:40:00+00:00,0.004600000000000001,TP,34.0,8,2,TREND,2026-08-16 21:40:00+00:00,fold1
BTCUSDT,2026-08-16 21:42:00+00:00,0.0005000000000000001,BE_STOP,716.0,8,3,TREND,2026-08-16 21:42:00+00:00,fold1
BTCUSDT,2026-08-16 21:49:00+00:00,0.0005000000000000001,BE_STOP,844.0,8,2,TREND,2026-08-16 21:49:00+00:00,fold1
SOLUSDT,2026-08-16 22:05:00+00:00,0.0005000000000000001,BE_STOP,15.0,8,2,TREND,2026-08-16 22:05:00+00:00,fold1
BTCUSDT,2026-08-16 22:27:00+00:00,-0.0017152826078647985,MAX_AGE,2880.0,8,1,TREND,2026-08-16 22:27:00+00:00,fold1
BTCUSDT,2026-08-16 22:51:00+00:00,0.0005000000000000001,BE_STOP,68.0,6,3,TREND,2026-08-16 22:51:00+00:00,fold1
BTCUSDT,2026-08-16 22:51:00+00:00,0.0005000000000000001,BE_STOP,65.0,7,4,TREND,2026-08-16 22:51:00+00:00,fold1
BTCUSDT,2026-08-16 22:54:00+00:00,0.0005000000000000001,BE_STOP,66.0,8,5,TREND,2026-08-16 22:54:00+00:00,fold1
SOLUSDT,2026-08-17 00:24:00+00:00,0.0005000000000000001,BE_STOP,92.0,7,3,TREND,2026-08-17 00:24:00+00:00,fold1
SOLUSDT,2026-08-17 00:47:00+00:00,0.0005000000000000001,BE_STOP,102.0,8,5,TREND,2026-08-17 00:47:00+00:00,fold1
SOLUSDT,2026-08-17 01:04:00+00:00,0.004600000000000001,TP,121.0,7,4,TREND,2026-08-17 01:04:00+00:00,fold1
SOLUSDT,2026-08-17 01:58:00+00:00,0.0005000000000000001,BE_STOP,53.0,8,4,TREND,2026-08-17 01:58:00+00:00,fold1
BTCUSDT,2026-08-17 02:32:00+00:00,0.004600000000000001,TP,105.0,8,2,TREND,2026-08-17 02:32:00+00:00,fold1
ETHUSDT,2026-08-17 02:53:00+00:00,0.004600000000000001,TP,11.0,7,0,TREND,2026-08-17 02:53:00+00:00,fold1
ETHUSDT,2026-08-17 02:53:00+00:00,0.004600000000000001,TP,9.0,8,1,TREND,2026-08-17 02:53:00+00:00,fold1
ETHUSDT,2026-08-17 06:54:00+00:00,0.0005000000000000001,BE_STOP,240.0,7,0,TREND,2026-08-17 06:54:00+00:00,fold1
ETHUSDT,2026-08-17 07:01:00+00:00,0.0005000000000000001,BE_STOP,245.0,8,1,TREND,2026-08-17 07:01:00+00:00,fold1
SOLUSDT,2026-08-17 08:04:00+00:00,0.0005000000000000001,BE_STOP,2541.0,7,2,TREND,2026-08-17 08:04:00+00:00,fold1
SOLUSDT,2026-08-17 08:04:00+00:00,0.0005000000000000001,BE_STOP,2539.0,8,3,TREND,2026-08-17 08:04:00+00:00,fold1
BTCUSDT,2026-08-17 14:54:00+00:00,0.0005000000000000001,BE_STOP,475.0,8,2,TREND,2026-08-17 14:54:00+00:00,fold1
BTCUSDT,2026-08-17 16:07:00+00:00,0.0005000000000000001,BE_STOP,36.0,7,3,TREND,2026-08-17 16:07:00+00:00,fold1
BTCUSDT,2026-08-17 16:09:00+00:00,0.0005000000000000001,BE_STOP,36.0,8,4,TREND,2026-08-17 16:09:00+00:00,fold1
SOLUSDT,2026-08-17 16:20:00+00:00,0.0005000000000000001,BE_STOP,559.0,8,4,TREND,2026-08-17 16:20:00+00:00,fold1
BTCUSDT,2026-08-17 17:23:00+00:00,0.004600000000000001,TP,114.0,6,2,TREND,2026-08-17 17:23:00+00:00,fold1
BTCUSDT,2026-08-17 18:23:00+00:00,0.004600000000000001,TP,44.0,7,4,TREND,2026-08-17 18:23:00+00:00,fold1
BTCUSDT,2026-08-17 19:02:00+00:00,0.0005000000000000001,BE_STOP,95.0,5,2,TREND,2026-08-17 19:02:00+00:00,fold1
BTCUSDT,2026-08-17 19:02:00+00:00,0.0005000000000000001,BE_STOP,80.0,8,5,TREND,2026-08-17 19:02:00+00:00,fold1
BTCUSDT,2026-08-18 02:06:00+00:00,0.0005000000000000001,BE_STOP,420.0,8,5,TREND,2026-08-18 02:06:00+00:00,fold1
BTCUSDT,2026-08-18 04:34:00+00:00,0.0005000000000000001,BE_STOP,570.0,7,4,TREND,2026-08-18 04:34:00+00:00,fold1
ETHUSDT,2026-08-18 07:27:00+00:00,0.0005000000000000001,BE_STOP,171.0,8,0,TREND,2026-08-18 07:27:00+00:00,fold1
BTCUSDT,2026-08-18 14:27:00+00:00,0.004600000000000001,TP,1203.0,8,5,TREND,2026-08-18 14:27:00+00:00,fold1
SOLUSDT,2026-08-18 19:28:00+00:00,-0.0414,MAE_KILL,2700.0,8,2,TREND,2026-08-18 19:28:00+00:00,fold1
BTCUSDT,2026-08-18 21:41:00+00:00,-0.028833726887948292,MAX_AGE,2880.0,6,3,TREND,2026-08-18 21:41:00+00:00,fold1
NEARUSDT,2026-08-18 21:43:00+00:00,0.004600000000000001,TP,66.0,8,0,TREND,2026-08-18 21:43:00+00:00,fold1
BTCUSDT,2026-08-18 22:05:00+00:00,-0.028503875914720034,MAX_AGE,2880.0,8,5,TREND,2026-08-18 22:05:00+00:00,fold1
NEARUSDT,2026-08-19 00:06:00+00:00,0.004600000000000001,TP,68.0,6,0,TREND,2026-08-19 00:06:00+00:00,fold1
NEARUSDT,2026-08-19 00:06:00+00:00,0.004600000000000001,TP,66.0,7,1,TREND,2026-08-19 00:06:00+00:00,fold1
NEARUSDT,2026-08-19 00:15:00+00:00,0.004600000000000001,TP,8.0,7,1,TREND,2026-08-19 00:15:00+00:00,fold1
NEARUSDT,2026-08-19 00:23:00+00:00,0.0005000000000000001,BE_STOP,10.0,8,2,TREND,2026-08-19 00:23:00+00:00,fold1
SOLUSDT,2026-08-19 00:25:00+00:00,-0.034443197936815065,MAX_AGE,2880.0,8,5,TREND,2026-08-19 00:25:00+00:00,fold1
NEARUSDT,2026-08-19 04:32:00+00:00,0.0005000000000000001,BE_STOP,319.0,8,2,TREND,2026-08-19 04:32:00+00:00,fold1
NEARUSDT,2026-08-19 06:05:00+00:00,-0.0264,MAE_KILL,347.0,8,2,TREND,2026-08-19 06:05:00+00:00,fold1
NEARUSDT,2026-08-19 06:40:00+00:00,-0.0264,MAE_KILL,377.0,8,2,TREND,2026-08-19 06:40:00+00:00,fold1
NEARUSDT,2026-08-19 07:04:00+00:00,0.0005000000000000001,BE_STOP,7.0,8,0,TREND,2026-08-19 07:04:00+00:00,fold1
NEARUSDT,2026-08-19 11:31:00+00:00,0.004600000000000001,TP,267.0,8,0,TREND,2026-08-19 11:31:00+00:00,fold1
SOLUSDT,2026-08-19 12:44:00+00:00,0.004600000000000001,TP,72.0,8,1,TREND,2026-08-19 12:44:00+00:00,fold1
BTCUSDT,2026-08-19 13:34:00+00:00,0.0005000000000000001,BE_STOP,1385.0,8,3,TREND,2026-08-19 13:34:00+00:00,fold1
BTCUSDT,2026-08-19 13:37:00+00:00,0.0005000000000000001,BE_STOP,51.0,8,5,TREND,2026-08-19 13:37:00+00:00,fold1
BTCUSDT,2026-08-19 14:17:00+00:00,0.004600000000000001,TP,43.0,8,5,TREND,2026-08-19 14:17:00+00:00,fold1
SOLUSDT,2026-08-19 14:42:00+00:00,-0.0414,MAE_KILL,1835.0,8,2,TREND,2026-08-19 14:42:00+00:00,fold1
XRPUSDT,2026-08-19 14:55:00+00:00,-0.0414,MAE_KILL,2161.0,8,0,TREND,2026-08-19 14:55:00+00:00,fold1
BTCUSDT,2026-08-19 14:55:00+00:00,0.004600000000000001,TP,38.0,8,5,TREND,2026-08-19 14:55:00+00:00,fold1
BTCUSDT,2026-08-19 14:55:00+00:00,0.004600000000000001,TP,13.0,8,6,TREND,2026-08-19 14:55:00+00:00,fold1
NEARUSDT,2026-08-19 15:02:00+00:00,0.0005000000000000001,BE_STOP,7.0,6,0,TREND,2026-08-19 15:02:00+00:00,fold1
BTCUSDT,2026-08-19 15:14:00+00:00,-0.0414,MAE_KILL,2738.0,6,3,TREND,2026-08-19 15:14:00+00:00,fold1
BTCUSDT,2026-08-19 15:16:00+00:00,-0.0414,MAE_KILL,551.0,8,4,TREND,2026-08-19 15:16:00+00:00,fold1
BTCUSDT,2026-08-19 15:23:00+00:00,-0.0414,MAE_KILL,731.0,8,2,TREND,2026-08-19 15:23:00+00:00,fold1
BTCUSDT,2026-08-19 15:23:00+00:00,-0.0414,MAE_KILL,650.0,8,3,TREND,2026-08-19 15:23:00+00:00,fold1
BTCUSDT,2026-08-19 15:26:00+00:00,-0.0414,MAE_KILL,108.0,8,5,TREND,2026-08-19 15:26:00+00:00,fold1
SOLUSDT,2026-08-20 00:22:00+00:00,0.0005000000000000001,BE_STOP,18.0,1,0,TREND,2026-08-20 00:22:00+00:00,fold1
ETHUSDT,2026-08-20 00:39:00+00:00,0.004600000000000001,TP,33.0,2,0,TREND,2026-08-20 00:39:00+00:00,fold1
ETHUSDT,2026-08-20 00:39:00+00:00,0.004600000000000001,TP,31.0,3,1,TREND,2026-08-20 00:39:00+00:00,fold1
ETHUSDT,2026-08-20 00:39:00+00:00,0.004600000000000001,TP,27.0,5,2,TREND,2026-08-20 00:39:00+00:00,fold1
ETHUSDT,2026-08-20 00:39:00+00:00,0.004600000000000001,TP,23.0,6,3,TREND,2026-08-20 00:39:00+00:00,fold1
ETHUSDT,2026-08-20 00:41:00+00:00,0.0005000000000000001,BE_STOP,19.0,7,4,TREND,2026-08-20 00:41:00+00:00,fold1
ETHUSDT,2026-08-20 00:41:00+00:00,0.0005000000000000001,BE_STOP,16.0,8,5,TREND,2026-08-20 00:41:00+00:00,fold1
ETHUSDT,2026-08-20 00:52:00+00:00,0.0005000000000000001,BE_STOP,12.0,5,2,TREND,2026-08-20 00:52:00+00:00,fold1
BTCUSDT,2026-08-20 01:02:00+00:00,0.0005000000000000001,BE_STOP,20.0,4,0,TREND,2026-08-20 01:02:00+00:00,fold1
BTCUSDT,2026-08-20 01:20:00+00:00,0.0005000000000000001,BE_STOP,26.0,8,5,TREND,2026-08-20 01:20:00+00:00,fold1
XRPUSDT,2026-08-20 01:26:00+00:00,0.0005000000000000001,BE_STOP,23.0,8,0,TREND,2026-08-20 01:26:00+00:00,fold1
BTCUSDT,2026-08-20 01:34:00+00:00,0.0005000000000000001,BE_STOP,50.0,5,1,TREND,2026-08-20 01:34:00+00:00,fold1
BTCUSDT,2026-08-20 01:34:00+00:00,0.0005000000000000001,BE_STOP,42.0,7,4,TREND,2026-08-20 01:34:00+00:00,fold1
BTCUSDT,2026-08-20 01:52:00+00:00,0.0005000000000000001,BE_STOP,62.0,7,3,TREND,2026-08-20 01:52:00+00:00,fold1
BTCUSDT,2026-08-20 01:53:00+00:00,0.0005000000000000001,BE_STOP,65.0,6,2,TREND,2026-08-20 01:53:00+00:00,fold1
ETHUSDT,2026-08-20 02:21:00+00:00,0.0005000000000000001,BE_STOP,45.0,7,2,TREND,2026-08-20 02:21:00+00:00,fold1
ETHUSDT,2026-08-20 02:57:00+00:00,0.0005000000000000001,BE_STOP,92.0,8,0,TREND,2026-08-20 02:57:00+00:00,fold1
SOLUSDT,2026-08-20 03:00:00+00:00,0.004600000000000001,TP,30.0,8,2,TREND,2026-08-20 03:00:00+00:00,fold1
ETHUSDT,2026-08-20 03:08:00+00:00,0.004600000000000001,TP,100.0,8,1,TREND,2026-08-20 03:08:00+00:00,fold1
XRPUSDT,2026-08-20 03:10:00+00:00,0.004600000000000001,TP,6.0,8,0,TREND,2026-08-20 03:10:00+00:00,fold1
SOLUSDT,2026-08-20 03:11:00+00:00,0.004600000000000001,TP,10.0,7,2,TREND,2026-08-20 03:11:00+00:00,fold1
SOLUSDT,2026-08-20 07:18:00+00:00,0.0005000000000000001,BE_STOP,418.0,7,2,TREND,2026-08-20 07:18:00+00:00,fold1
SOLUSDT,2026-08-20 07:29:00+00:00,0.004600000000000001,TP,439.0,4,1,TREND,2026-08-20 07:29:00+00:00,fold1
SOLUSDT,2026-08-20 08:09:00+00:00,0.004600000000000001,TP,9.0,7,2,TREND,2026-08-20 08:09:00+00:00,fold1
SOLUSDT,2026-08-20 08:09:00+00:00,0.004600000000000001,TP,6.0,8,3,TREND,2026-08-20 08:09:00+00:00,fold1
ETHUSDT,2026-08-20 08:10:00+00:00,0.004600000000000001,TP,389.0,8,3,TREND,2026-08-20 08:10:00+00:00,fold1
ETHUSDT,2026-08-20 08:12:00+00:00,0.004600000000000001,TP,377.0,8,5,TREND,2026-08-20 08:12:00+00:00,fold1
ETHUSDT,2026-08-20 08:13:00+00:00,0.004600000000000001,TP,381.0,8,4,TREND,2026-08-20 08:13:00+00:00,fold1
BTCUSDT,2026-08-20 08:16:00+00:00,0.0005000000000000001,BE_STOP,4.0,5,0,TREND,2026-08-20 08:16:00+00:00,fold1
SOLUSDT,2026-08-20 08:17:00+00:00,-0.0414,MAE_KILL,308.0,8,3,TREND,2026-08-20 08:17:00+00:00,fold1
SOLUSDT,2026-08-20 08:17:00+00:00,-0.0414,MAE_KILL,305.0,7,3,TREND,2026-08-20 08:17:00+00:00,fold1
XRPUSDT,2026-08-20 08:17:00+00:00,-0.0414,MAE_KILL,303.0,8,0,TREND,2026-08-20 08:17:00+00:00,fold1
BTCUSDT,2026-08-20 08:17:00+00:00,0.004600000000000001,TP,1.0,5,1,TREND,2026-08-20 08:17:00+00:00,fold1
BTCUSDT,2026-08-20 08:19:00+00:00,0.0005000000000000001,BE_STOP,5.0,5,1,TREND,2026-08-20 08:19:00+00:00,fold1
BTCUSDT,2026-08-20 08:31:00+00:00,0.0005000000000000001,BE_STOP,7.0,4,2,TREND,2026-08-20 08:31:00+00:00,fold1
SOLUSDT,2026-08-20 08:37:00+00:00,0.004600000000000001,TP,15.0,3,0,TREND,2026-08-20 08:37:00+00:00,fold1
XRPUSDT,2026-08-20 08:38:00+00:00,0.004600000000000001,TP,6.0,6,0,TREND,2026-08-20 08:38:00+00:00,fold1
BTCUSDT,2026-08-20 08:40:00+00:00,0.004600000000000001,TP,5.0,7,4,TREND,2026-08-20 08:40:00+00:00,fold1
BTCUSDT,2026-08-20 08:41:00+00:00,0.0005000000000000001,BE_STOP,2.0,7,5,TREND,2026-08-20 08:41:00+00:00,fold1
BTCUSDT,2026-08-20 08:42:00+00:00,0.0005000000000000001,BE_STOP,24.0,2,1,TREND,2026-08-20 08:42:00+00:00,fold1
BTCUSDT,2026-08-20 08:43:00+00:00,0.0005000000000000001,BE_STOP,15.0,5,3,TREND,2026-08-20 08:43:00+00:00,fold1
BTCUSDT,2026-08-20 08:47:00+00:00,0.005167838339266931,TP,27.0,2,1,TREND,2026-08-20 08:47:00+00:00,fold1
BTCUSDT,2026-08-20 08:47:00+00:00,0.004600000000000001,TP,17.0,6,4,TREND,2026-08-20 08:47:00+00:00,fold1
BTCUSDT,2026-08-20 09:06:00+00:00,0.004600000000000001,TP,23.0,5,3,TREND,2026-08-20 09:06:00+00:00,fold1
BTCUSDT,2026-08-20 09:09:00+00:00,0.004600000000000001,TP,28.0,6,4,TREND,2026-08-20 09:09:00+00:00,fold1
BTCUSDT,2026-08-20 09:16:00+00:00,0.0005000000000000001,BE_STOP,25.0,7,3,TREND,2026-08-20 09:16:00+00:00,fold1
BTCUSDT,2026-08-20 09:19:00+00:00,0.004600000000000001,TP,30.0,6,2,TREND,2026-08-20 09:19:00+00:00,fold1
BTCUSDT,2026-08-20 09:20:00+00:00,0.0005000000000000001,BE_STOP,26.0,8,4,TREND,2026-08-20 09:20:00+00:00,fold1
BTCUSDT,2026-08-20 09:28:00+00:00,0.0005000000000000001,BE_STOP,8.0,7,2,TREND,2026-08-20 09:28:00+00:00,fold1
XRPUSDT,2026-08-20 09:31:00+00:00,0.0005000000000000001,BE_STOP,3.0,8,0,TREND,2026-08-20 09:31:00+00:00,fold1
BTCUSDT,2026-08-20 09:52:00+00:00,0.0005000000000000001,BE_STOP,45.0,8,4,TREND,2026-08-20 09:52:00+00:00,fold1
SOLUSDT,2026-08-20 09:59:00+00:00,0.0005000000000000001,BE_STOP,50.0,8,2,TREND,2026-08-20 09:59:00+00:00,fold1
SOLUSDT,2026-08-20 10:02:00+00:00,0.0005000000000000001,BE_STOP,31.0,8,3,TREND,2026-08-20 10:02:00+00:00,fold1
BTCUSDT,2026-08-20 10:15:00+00:00,0.004600000000000001,TP,57.0,8,3,TREND,2026-08-20 10:15:00+00:00,fold1
BTCUSDT,2026-08-20 10:15:00+00:00,0.004600000000000001,TP,53.0,8,3,TREND,2026-08-20 10:15:00+00:00,fold1
BTCUSDT,2026-08-20 10:21:00+00:00,0.0005000000000000001,BE_STOP,5.0,7,2,TREND,2026-08-20 10:21:00+00:00,fold1
SOLUSDT,2026-08-20 11:41:00+00:00,0.0005000000000000001,BE_STOP,176.0,6,0,TREND,2026-08-20 11:41:00+00:00,fold1
SOLUSDT,2026-08-20 12:08:00+00:00,0.004600000000000001,TP,135.0,8,4,TREND,2026-08-20 12:08:00+00:00,fold1
BTCUSDT,2026-08-20 12:10:00+00:00,0.0005000000000000001,BE_STOP,129.0,8,2,TREND,2026-08-20 12:10:00+00:00,fold1
BTCUSDT,2026-08-20 12:10:00+00:00,0.0005000000000000001,BE_STOP,125.0,8,3,TREND,2026-08-20 12:10:00+00:00,fold1
BTCUSDT,2026-08-20 12:51:00+00:00,0.0005000000000000001,BE_STOP,40.0,7,4,TREND,2026-08-20 12:51:00+00:00,fold1
XRPUSDT,2026-08-20 13:05:00+00:00,0.0005000000000000001,BE_STOP,10.0,8,1,TREND,2026-08-20 13:05:00+00:00,fold1
XRPUSDT,2026-08-20 13:20:00+00:00,0.004600000000000001,TP,15.0,8,1,TREND,2026-08-20 13:20:00+00:00,fold1
BTCUSDT,2026-08-20 13:33:00+00:00,0.0005000000000000001,BE_STOP,84.0,8,5,TREND,2026-08-20 13:33:00+00:00,fold1
ETHUSDT,2026-08-20 13:36:00+00:00,0.004600000000000001,TP,299.0,7,0,TREND,2026-08-20 13:36:00+00:00,fold1
XRPUSDT,2026-08-20 13:50:00+00:00,0.004600000000000001,TP,26.0,8,1,TREND,2026-08-20 13:50:00+00:00,fold1
XRPUSDT,2026-08-20 13:50:00+00:00,0.0046080439450923985,TP,2.0,8,3,TREND,2026-08-20 13:50:00+00:00,fold1
XRPUSDT,2026-08-20 13:57:00+00:00,0.005149729646950779,TP,3.0,7,2,TREND,2026-08-20 13:57:00+00:00,fold1
XRPUSDT,2026-08-20 14:03:00+00:00,0.0005000000000000001,BE_STOP,3.0,8,3,TREND,2026-08-20 14:03:00+00:00,fold1
XRPUSDT,2026-08-20 14:05:00+00:00,0.00496691828027571,TP,7.0,7,2,TREND,2026-08-20 14:05:00+00:00,fold1
XRPUSDT,2026-08-20 14:10:00+00:00,-0.0414,MAE_KILL,115.0,8,0,TREND,2026-08-20 14:10:00+00:00,fold1
XRPUSDT,2026-08-20 14:10:00+00:00,0.004973572536714513,TP,4.0,7,2,TREND,2026-08-20 14:10:00+00:00,fold1
XRPUSDT,2026-08-20 14:10:00+00:00,0.004738657870419098,TP,2.0,8,3,TREND,2026-08-20 14:10:00+00:00,fold1
XRPUSDT,2026-08-20 14:16:00+00:00,-0.0414,MAE_KILL,38.0,7,2,TREND,2026-08-20 14:16:00+00:00,fold1
XRPUSDT,2026-08-20 14:16:00+00:00,0.005759064598286615,TP,1.0,6,1,TREND,2026-08-20 14:16:00+00:00,fold1
XRPUSDT,2026-08-20 14:29:00+00:00,0.0005000000000000001,BE_STOP,12.0,5,0,TREND,2026-08-20 14:29:00+00:00,fold1
XRPUSDT,2026-08-20 14:35:00+00:00,0.0005000000000000001,BE_STOP,16.0,6,1,TREND,2026-08-20 14:35:00+00:00,fold1
XRPUSDT,2026-08-20 14:38:00+00:00,0.0005000000000000001,BE_STOP,14.0,8,3,TREND,2026-08-20 14:38:00+00:00,fold1
BTCUSDT,2026-08-20 15:04:00+00:00,0.004600000000000001,TP,282.0,8,3,TREND,2026-08-20 15:04:00+00:00,fold1
XRPUSDT,2026-08-20 15:04:00+00:00,0.006587760689266407,TP,42.0,7,2,TREND,2026-08-20 15:04:00+00:00,fold1
XRPUSDT,2026-08-20 15:04:00+00:00,0.004601010890042665,TP,32.0,8,3,TREND,2026-08-20 15:04:00+00:00,fold1
XRPUSDT,2026-08-20 15:04:00+00:00,0.004600000000000001,TP,29.0,8,3,TREND,2026-08-20 15:04:00+00:00,fold1
XRPUSDT,2026-08-20 15:04:00+00:00,0.004600000000000001,TP,26.0,8,3,TREND,2026-08-20 15:04:00+00:00,fold1
BTCUSDT,2026-08-20 15:05:00+00:00,0.0005000000000000001,BE_STOP,285.0,8,3,TREND,2026-08-20 15:05:00+00:00,fold1
BTCUSDT,2026-08-20 15:06:00+00:00,0.0005000000000000001,BE_STOP,205.0,8,4,TREND,2026-08-20 15:06:00+00:00,fold1
XRPUSDT,2026-08-20 15:14:00+00:00,0.005960898650654105,TP,7.0,2,0,TREND,2026-08-20 15:14:00+00:00,fold1
XRPUSDT,2026-08-20 15:17:00+00:00,0.0005000000000000001,BE_STOP,5.0,3,1,TREND,2026-08-20 15:17:00+00:00,fold1
XRPUSDT,2026-08-20 15:37:00+00:00,0.0005000000000000001,BE_STOP,3.0,7,5,TREND,2026-08-20 15:37:00+00:00,fold1
XRPUSDT,2026-08-20 15:47:00+00:00,0.004600000000000001,TP,6.0,8,6,TREND,2026-08-20 15:47:00+00:00,fold1
XRPUSDT,2026-08-20 15:56:00+00:00,0.004600000000000001,TP,8.0,8,6,TREND,2026-08-20 15:56:00+00:00,fold1
XRPUSDT,2026-08-20 15:57:00+00:00,0.007075079339710932,TP,40.0,3,1,TREND,2026-08-20 15:57:00+00:00,fold1
XRPUSDT,2026-08-20 15:57:00+00:00,0.006336432163669312,TP,38.0,4,2,TREND,2026-08-20 15:57:00+00:00,fold1
XRPUSDT,2026-08-20 16:02:00+00:00,0.004600000000000001,TP,2.0,7,5,TREND,2026-08-20 16:02:00+00:00,fold1
XRPUSDT,2026-08-20 16:04:00+00:00,0.0005000000000000001,BE_STOP,49.0,3,1,TREND,2026-08-20 16:04:00+00:00,fold1
XRPUSDT,2026-08-20 16:04:00+00:00,0.0005000000000000001,BE_STOP,6.0,6,4,TREND,2026-08-20 16:04:00+00:00,fold1
XRPUSDT,2026-08-20 16:10:00+00:00,0.0005000000000000001,BE_STOP,8.0,7,5,TREND,2026-08-20 16:10:00+00:00,fold1
XRPUSDT,2026-08-20 16:10:00+00:00,0.0005000000000000001,BE_STOP,3.0,6,4,TREND,2026-08-20 16:10:00+00:00,fold1
XRPUSDT,2026-08-20 16:21:00+00:00,0.004600000000000001,TP,1.0,8,6,TREND,2026-08-20 16:21:00+00:00,fold1
XRPUSDT,2026-08-20 16:23:00+00:00,0.0005000000000000001,BE_STOP,14.0,7,5,TREND,2026-08-20 16:23:00+00:00,fold1
XRPUSDT,2026-08-20 16:29:00+00:00,0.004600000000000001,TP,5.0,8,6,TREND,2026-08-20 16:29:00+00:00,fold1
XRPUSDT,2026-08-20 16:31:00+00:00,0.004600000000000001,TP,9.0,8,6,TREND,2026-08-20 16:31:00+00:00,fold1
XRPUSDT,2026-08-20 16:33:00+00:00,0.004600000000000001,TP,3.0,8,6,TREND,2026-08-20 16:33:00+00:00,fold1
XRPUSDT,2026-08-20 16:40:00+00:00,0.004600000000000001,TP,4.0,7,5,TREND,2026-08-20 16:40:00+00:00,fold1
XRPUSDT,2026-08-20 16:41:00+00:00,-0.0414,MAE_KILL,75.0,5,3,TREND,2026-08-20 16:41:00+00:00,fold1
XRPUSDT,2026-08-20 16:41:00+00:00,-0.0414,MAE_KILL,72.0,6,4,TREND,2026-08-20 16:41:00+00:00,fold1
XRPUSDT,2026-08-20 16:41:00+00:00,0.004600000000000001,TP,3.0,8,6,TREND,2026-08-20 16:41:00+00:00,fold1
XRPUSDT,2026-08-20 16:46:00+00:00,-0.0414,MAE_KILL,69.0,7,5,TREND,2026-08-20 16:46:00+00:00,fold1
XRPUSDT,2026-08-20 16:49:00+00:00,0.005151636246772416,TP,5.0,5,3,TREND,2026-08-20 16:49:00+00:00,fold1
XRPUSDT,2026-08-20 16:52:00+00:00,-0.0414,MAE_KILL,37.0,6,4,TREND,2026-08-20 16:52:00+00:00,fold1
XRPUSDT,2026-08-20 16:52:00+00:00,0.0047394610329466865,TP,4.0,5,3,TREND,2026-08-20 16:52:00+00:00,fold1
XRPUSDT,2026-08-20 16:52:00+00:00,0.004600000000000001,TP,2.0,5,3,TREND,2026-08-20 16:52:00+00:00,fold1
XRPUSDT,2026-08-20 16:54:00+00:00,-0.0414,MAE_KILL,37.0,7,5,TREND,2026-08-20 16:54:00+00:00,fold1
XRPUSDT,2026-08-20 16:59:00+00:00,0.005117631897954465,TP,2.0,2,0,TREND,2026-08-20 16:59:00+00:00,fold1
XRPUSDT,2026-08-20 17:06:00+00:00,0.0005000000000000001,BE_STOP,4.0,2,0,TREND,2026-08-20 17:06:00+00:00,fold1
XRPUSDT,2026-08-20 17:21:00+00:00,0.0005000000000000001,BE_STOP,17.0,3,1,TREND,2026-08-20 17:21:00+00:00,fold1
XRPUSDT,2026-08-20 17:21:00+00:00,0.0005000000000000001,BE_STOP,9.0,4,2,TREND,2026-08-20 17:21:00+00:00,fold1
XRPUSDT,2026-08-20 17:21:00+00:00,0.0005000000000000001,BE_STOP,3.0,5,3,TREND,2026-08-20 17:21:00+00:00,fold1
XRPUSDT,2026-08-20 17:27:00+00:00,0.0005000000000000001,BE_STOP,19.0,3,1,TREND,2026-08-20 17:27:00+00:00,fold1
XRPUSDT,2026-08-20 17:28:00+00:00,0.0005000000000000001,BE_STOP,8.0,6,4,TREND,2026-08-20 17:28:00+00:00,fold1
XRPUSDT,2026-08-20 17:31:00+00:00,0.006157799397629555,TP,8.0,4,2,TREND,2026-08-20 17:31:00+00:00,fold1
XRPUSDT,2026-08-20 17:31:00+00:00,0.006115603328710165,TP,6.0,5,3,TREND,2026-08-20 17:31:00+00:00,fold1
XRPUSDT,2026-08-20 17:37:00+00:00,0.005973550084084395,TP,2.0,3,1,TREND,2026-08-20 17:37:00+00:00,fold1
XRPUSDT,2026-08-20 17:39:00+00:00,0.005911670716758796,TP,6.0,2,0,TREND,2026-08-20 17:39:00+00:00,fold1
XRPUSDT,2026-08-20 17:51:00+00:00,0.0005000000000000001,BE_STOP,7.0,3,1,TREND,2026-08-20 17:51:00+00:00,fold1
XRPUSDT,2026-08-20 17:59:00+00:00,0.004887619624994607,TP,2.0,5,3,TREND,2026-08-20 17:59:00+00:00,fold1
XRPUSDT,2026-08-20 18:01:00+00:00,0.005332398036745875,TP,1.0,5,3,TREND,2026-08-20 18:01:00+00:00,fold1
XRPUSDT,2026-08-20 18:06:00+00:00,-0.0414,MAE_KILL,25.0,2,0,TREND,2026-08-20 18:06:00+00:00,fold1
XRPUSDT,2026-08-20 18:06:00+00:00,-0.0414,MAE_KILL,19.0,4,2,TREND,2026-08-20 18:06:00+00:00,fold1
XRPUSDT,2026-08-20 18:06:00+00:00,0.007444850985887547,TP,3.0,5,3,TREND,2026-08-20 18:06:00+00:00,fold1
XRPUSDT,2026-08-20 18:07:00+00:00,-0.0414,MAE_KILL,17.0,5,3,TREND,2026-08-20 18:07:00+00:00,fold1
XRPUSDT,2026-08-20 18:23:00+00:00,0.0005000000000000001,BE_STOP,11.0,2,0,TREND,2026-08-20 18:23:00+00:00,fold1
BTCUSDT,2026-08-20 20:39:00+00:00,0.0005000000000000001,BE_STOP,56.0,2,0,TREND,2026-08-20 20:39:00+00:00,fold1
BTCUSDT,2026-08-20 20:39:00+00:00,0.0005000000000000001,BE_STOP,46.0,4,2,TREND,2026-08-20 20:39:00+00:00,fold1
BTCUSDT,2026-08-20 20:40:00+00:00,0.0005000000000000001,BE_STOP,49.0,3,1,TREND,2026-08-20 20:40:00+00:00,fold1
XRPUSDT,2026-08-20 23:13:00+00:00,0.004600000000000001,TP,25.0,3,1,TREND,2026-08-20 23:13:00+00:00,fold1
XRPUSDT,2026-08-20 23:22:00+00:00,0.004600000000000001,TP,29.0,4,2,TREND,2026-08-20 23:22:00+00:00,fold1
SOLUSDT,2026-08-21 00:18:00+00:00,0.004600000000000001,TP,931.0,5,1,TREND,2026-08-21 00:18:00+00:00,fold1
XRPUSDT,2026-08-21 01:05:00+00:00,0.0005000000000000001,BE_STOP,46.0,5,1,TREND,2026-08-21 01:05:00+00:00,fold1
XRPUSDT,2026-08-21 01:05:00+00:00,0.0005000000000000001,BE_STOP,44.0,6,2,TREND,2026-08-21 01:05:00+00:00,fold1
XRPUSDT,2026-08-21 01:05:00+00:00,0.0005000000000000001,BE_STOP,38.0,8,4,TREND,2026-08-21 01:05:00+00:00,fold1
XRPUSDT,2026-08-21 01:06:00+00:00,0.0005000000000000001,BE_STOP,43.0,7,3,TREND,2026-08-21 01:06:00+00:00,fold1
XRPUSDT,2026-08-21 01:18:00+00:00,0.004600000000000001,TP,13.0,6,2,TREND,2026-08-21 01:18:00+00:00,fold1
XRPUSDT,2026-08-21 01:18:00+00:00,0.004600000000000001,TP,11.0,6,2,TREND,2026-08-21 01:18:00+00:00,fold1
BTCUSDT,2026-08-21 01:18:00+00:00,0.004600000000000001,TP,6.0,7,0,TREND,2026-08-21 01:18:00+00:00,fold1
BTCUSDT,2026-08-21 01:18:00+00:00,0.004600000000000001,TP,3.0,8,1,TREND,2026-08-21 01:18:00+00:00,fold1
NEARUSDT,2026-08-21 01:20:00+00:00,0.0005000000000000001,BE_STOP,111.0,3,0,TREND,2026-08-21 01:20:00+00:00,fold1
NEARUSDT,2026-08-21 01:20:00+00:00,0.0005000000000000001,BE_STOP,109.0,4,1,TREND,2026-08-21 01:20:00+00:00,fold1
NEARUSDT,2026-08-21 01:20:00+00:00,0.0005000000000000001,BE_STOP,107.0,5,2,TREND,2026-08-21 01:20:00+00:00,fold1
BTCUSDT,2026-08-21 01:28:00+00:00,0.004600000000000001,TP,6.0,3,1,TREND,2026-08-21 01:28:00+00:00,fold1
BTCUSDT,2026-08-21 01:31:00+00:00,0.004600000000000001,TP,11.0,2,0,TREND,2026-08-21 01:31:00+00:00,fold1
BTCUSDT,2026-08-21 01:31:00+00:00,0.004600000000000001,TP,5.0,5,2,TREND,2026-08-21 01:31:00+00:00,fold1
BTCUSDT,2026-08-21 01:34:00+00:00,0.0005000000000000001,BE_STOP,5.0,5,2,TREND,2026-08-21 01:34:00+00:00,fold1
NEARUSDT,2026-08-21 01:41:00+00:00,0.004600000000000001,TP,17.0,4,0,TREND,2026-08-21 01:41:00+00:00,fold1
NEARUSDT,2026-08-21 01:46:00+00:00,0.0005000000000000001,BE_STOP,7.0,6,1,TREND,2026-08-21 01:46:00+00:00,fold1
BTCUSDT,2026-08-21 01:47:00+00:00,0.004600000000000001,TP,14.0,4,1,TREND,2026-08-21 01:47:00+00:00,fold1
BTCUSDT,2026-08-21 01:47:00+00:00,0.004600000000000001,TP,12.0,4,1,TREND,2026-08-21 01:47:00+00:00,fold1
XRPUSDT,2026-08-21 01:47:00+00:00,0.004600000000000001,TP,10.0,5,1,TREND,2026-08-21 01:47:00+00:00,fold1
XRPUSDT,2026-08-21 01:47:00+00:00,0.004600000000000001,TP,6.0,6,2,TREND,2026-08-21 01:47:00+00:00,fold1
BTCUSDT,2026-08-21 01:47:00+00:00,0.004600000000000001,TP,4.0,7,2,TREND,2026-08-21 01:47:00+00:00,fold1
BTCUSDT,2026-08-21 01:47:00+00:00,0.004600000000000001,TP,2.0,8,3,TREND,2026-08-21 01:47:00+00:00,fold1
BTCUSDT,2026-08-21 01:54:00+00:00,0.0005000000000000001,BE_STOP,6.0,2,0,TREND,2026-08-21 01:54:00+00:00,fold1
ETHUSDT,2026-08-21 02:14:00+00:00,0.0005000000000000001,BE_STOP,9.0,8,0,TREND,2026-08-21 02:14:00+00:00,fold1
BTCUSDT,2026-08-21 02:28:00+00:00,0.0005000000000000001,BE_STOP,25.0,7,4,TREND,2026-08-21 02:28:00+00:00,fold1
BTCUSDT,2026-08-21 02:37:00+00:00,0.0005000000000000001,BE_STOP,23.0,8,5,TREND,2026-08-21 02:37:00+00:00,fold1
XRPUSDT,2026-08-21 02:40:00+00:00,0.0005000000000000001,BE_STOP,42.0,6,1,TREND,2026-08-21 02:40:00+00:00,fold1
NEARUSDT,2026-08-21 02:54:00+00:00,0.0005000000000000001,BE_STOP,25.0,8,0,TREND,2026-08-21 02:54:00+00:00,fold1
BTCUSDT,2026-08-21 03:04:00+00:00,0.004600000000000001,TP,27.0,8,4,TREND,2026-08-21 03:04:00+00:00,fold1
BTCUSDT,2026-08-21 03:04:00+00:00,0.004600000000000001,TP,24.0,8,5,TREND,2026-08-21 03:04:00+00:00,fold1
XRPUSDT,2026-08-21 03:30:00+00:00,-0.0414,MAE_KILL,285.0,2,0,TREND,2026-08-21 03:30:00+00:00,fold1
XRPUSDT,2026-08-21 03:39:00+00:00,0.004600000000000001,TP,8.0,8,0,TREND,2026-08-21 03:39:00+00:00,fold1
BTCUSDT,2026-08-21 03:56:00+00:00,0.0005000000000000001,BE_STOP,32.0,8,6,TREND,2026-08-21 03:56:00+00:00,fold1
BTCUSDT,2026-08-21 03:58:00+00:00,0.0005000000000000001,BE_STOP,36.0,7,5,TREND,2026-08-21 03:58:00+00:00,fold1
XRPUSDT,2026-08-21 03:59:00+00:00,0.0005000000000000001,BE_STOP,19.0,8,0,TREND,2026-08-21 03:59:00+00:00,fold1
XRPUSDT,2026-08-21 04:07:00+00:00,0.0005000000000000001,BE_STOP,11.0,8,1,TREND,2026-08-21 04:07:00+00:00,fold1
XRPUSDT,2026-08-21 04:09:00+00:00,0.0005000000000000001,BE_STOP,11.0,8,2,TREND,2026-08-21 04:09:00+00:00,fold1
SOLUSDT,2026-08-21 04:34:00+00:00,0.0005000000000000001,BE_STOP,26.0,8,0,TREND,2026-08-21 04:34:00+00:00,fold1
BTCUSDT,2026-08-21 05:12:00+00:00,0.004600000000000001,TP,62.0,8,6,TREND,2026-08-21 05:12:00+00:00,fold1
BTCUSDT,2026-08-21 05:14:00+00:00,0.004600000000000001,TP,32.0,8,7,TREND,2026-08-21 05:14:00+00:00,fold1
BTCUSDT,2026-08-21 05:23:00+00:00,0.0005000000000000001,BE_STOP,207.0,5,3,TREND,2026-08-21 05:23:00+00:00,fold1
BTCUSDT,2026-08-21 05:24:00+00:00,0.0005000000000000001,BE_STOP,12.0,8,7,TREND,2026-08-21 05:24:00+00:00,fold1
BTCUSDT,2026-08-21 06:11:00+00:00,0.0005000000000000001,BE_STOP,28.0,8,7,TREND,2026-08-21 06:11:00+00:00,fold1
BTCUSDT,2026-08-21 06:42:00+00:00,0.0005000000000000001,BE_STOP,292.0,3,1,TREND,2026-08-21 06:42:00+00:00,fold1
BTCUSDT,2026-08-21 06:42:00+00:00,0.0005000000000000001,BE_STOP,290.0,4,2,TREND,2026-08-21 06:42:00+00:00,fold1
BTCUSDT,2026-08-21 06:43:00+00:00,0.0005000000000000001,BE_STOP,289.0,4,2,TREND,2026-08-21 06:43:00+00:00,fold1
BTCUSDT,2026-08-21 06:43:00+00:00,0.0005000000000000001,BE_STOP,84.0,8,7,TREND,2026-08-21 06:43:00+00:00,fold1
BTCUSDT,2026-08-21 06:43:00+00:00,0.0005000000000000001,BE_STOP,80.0,8,7,TREND,2026-08-21 06:43:00+00:00,fold1
SOLUSDT,2026-08-21 06:48:00+00:00,0.0005000000000000001,BE_STOP,5.0,4,1,TREND,2026-08-21 06:48:00+00:00,fold1
NEARUSDT,2026-08-21 07:10:00+00:00,0.0005000000000000001,BE_STOP,13.0,6,1,TREND,2026-08-21 07:10:00+00:00,fold1
NEARUSDT,2026-08-21 07:15:00+00:00,0.004600000000000001,TP,15.0,7,2,TREND,2026-08-21 07:15:00+00:00,fold1
BTCUSDT,2026-08-21 07:15:00+00:00,0.004600000000000001,TP,2.0,8,2,TREND,2026-08-21 07:15:00+00:00,fold1
NEARUSDT,2026-08-21 07:16:00+00:00,0.004600000000000001,TP,5.0,7,2,TREND,2026-08-21 07:16:00+00:00,fold1
ETHUSDT,2026-08-21 07:18:00+00:00,0.0005000000000000001,BE_STOP,3.0,7,0,TREND,2026-08-21 07:18:00+00:00,fold1
SOLUSDT,2026-08-21 07:21:00+00:00,0.0005000000000000001,BE_STOP,70.0,8,0,TREND,2026-08-21 07:21:00+00:00,fold1
NEARUSDT,2026-08-21 07:41:00+00:00,-0.0264,MAE_KILL,55.0,5,0,TREND,2026-08-21 07:41:00+00:00,fold1
BTCUSDT,2026-08-21 07:42:00+00:00,0.004600000000000001,TP,18.0,8,5,TREND,2026-08-21 07:42:00+00:00,fold1
BTCUSDT,2026-08-21 07:43:00+00:00,0.004600000000000001,TP,22.0,7,4,TREND,2026-08-21 07:43:00+00:00,fold1
BTCUSDT,2026-08-21 07:44:00+00:00,0.0005000000000000001,BE_STOP,27.0,7,2,TREND,2026-08-21 07:44:00+00:00,fold1
BTCUSDT,2026-08-21 07:45:00+00:00,0.0005000000000000001,BE_STOP,4.0,8,6,TREND,2026-08-21 07:45:00+00:00,fold1
BTCUSDT,2026-08-21 07:46:00+00:00,0.0005000000000000001,BE_STOP,27.0,7,3,TREND,2026-08-21 07:46:00+00:00,fold1
NEARUSDT,2026-08-21 08:02:00+00:00,0.0063713331444674795,TP,10.0,8,1,TREND,2026-08-21 08:02:00+00:00,fold1
NEARUSDT,2026-08-21 08:04:00+00:00,0.0005000000000000001,BE_STOP,14.0,7,0,TREND,2026-08-21 08:04:00+00:00,fold1
BTCUSDT,2026-08-21 08:05:00+00:00,0.0005000000000000001,BE_STOP,20.0,6,4,TREND,2026-08-21 08:05:00+00:00,fold1
BTCUSDT,2026-08-21 08:06:00+00:00,0.0005000000000000001,BE_STOP,18.0,6,4,TREND,2026-08-21 08:06:00+00:00,fold1
BTCUSDT,2026-08-21 08:13:00+00:00,0.004600000000000001,TP,8.0,7,4,TREND,2026-08-21 08:13:00+00:00,fold1
NEARUSDT,2026-08-21 08:13:00+00:00,0.0005000000000000001,BE_STOP,5.0,7,1,TREND,2026-08-21 08:13:00+00:00,fold1
BTCUSDT,2026-08-21 08:14:00+00:00,0.004600000000000001,TP,31.0,7,5,TREND,2026-08-21 08:14:00+00:00,fold1
BTCUSDT,2026-08-21 08:14:00+00:00,0.004600000000000001,TP,4.0,8,4,TREND,2026-08-21 08:14:00+00:00,fold1
BTCUSDT,2026-08-21 08:26:00+00:00,-0.0414,MAE_KILL,332.0,8,6,TREND,2026-08-21 08:26:00+00:00,fold1
BTCUSDT,2026-08-21 08:26:00+00:00,0.004600000000000001,TP,12.0,5,2,TREND,2026-08-21 08:26:00+00:00,fold1
BTCUSDT,2026-08-21 08:27:00+00:00,0.0005000000000000001,BE_STOP,8.0,6,3,TREND,2026-08-21 08:27:00+00:00,fold1
NEARUSDT,2026-08-21 08:28:00+00:00,0.0005000000000000001,BE_STOP,25.0,8,1,TREND,2026-08-21 08:28:00+00:00,fold1
BTCUSDT,2026-08-21 08:31:00+00:00,0.004600000000000001,TP,10.0,7,4,TREND,2026-08-21 08:31:00+00:00,fold1
BTCUSDT,2026-08-21 08:31:00+00:00,0.004600000000000001,TP,8.0,8,5,TREND,2026-08-21 08:31:00+00:00,fold1
BTCUSDT,2026-08-21 08:33:00+00:00,0.004600000000000001,TP,5.0,6,4,TREND,2026-08-21 08:33:00+00:00,fold1
BTCUSDT,2026-08-21 08:35:00+00:00,-0.0414,MAE_KILL,275.0,8,5,TREND,2026-08-21 08:35:00+00:00,fold1
BTCUSDT,2026-08-21 08:35:00+00:00,0.004600000000000001,TP,9.0,7,4,TREND,2026-08-21 08:35:00+00:00,fold1
SOLUSDT,2026-08-21 08:38:00+00:00,0.004600000000000001,TP,5.0,4,1,TREND,2026-08-21 08:38:00+00:00,fold1
ETHUSDT,2026-08-21 08:46:00+00:00,0.004600000000000001,TP,6.0,4,0,TREND,2026-08-21 08:46:00+00:00,fold1
ETHUSDT,2026-08-21 08:46:00+00:00,0.004600000000000001,TP,2.0,6,1,TREND,2026-08-21 08:46:00+00:00,fold1
BTCUSDT,2026-08-21 08:47:00+00:00,0.004600000000000001,TP,11.0,3,0,TREND,2026-08-21 08:47:00+00:00,fold1
BTCUSDT,2026-08-21 08:47:00+00:00,0.004600000000000001,TP,9.0,3,1,TREND,2026-08-21 08:47:00+00:00,fold1
SOLUSDT,2026-08-21 08:47:00+00:00,0.004600000000000001,TP,5.0,5,1,TREND,2026-08-21 08:47:00+00:00,fold1
BTCUSDT,2026-08-21 08:51:00+00:00,0.004600000000000001,TP,2.0,2,0,TREND,2026-08-21 08:51:00+00:00,fold1
NEARUSDT,2026-08-21 08:57:00+00:00,0.004600000000000001,TP,6.0,2,0,TREND,2026-08-21 08:57:00+00:00,fold1
BTCUSDT,2026-08-21 08:57:00+00:00,0.004600000000000001,TP,2.0,4,0,TREND,2026-08-21 08:57:00+00:00,fold1
ETHUSDT,2026-08-21 09:01:00+00:00,0.0005000000000000001,BE_STOP,8.0,3,0,TREND,2026-08-21 09:01:00+00:00,fold1
NEARUSDT,2026-08-21 09:03:00+00:00,-0.0264,MAE_KILL,6.0,3,0,TREND,2026-08-21 09:03:00+00:00,fold1
ETHUSDT,2026-08-21 09:07:00+00:00,0.00569296984239893,TP,3.0,3,0,TREND,2026-08-21 09:07:00+00:00,fold1
BTCUSDT,2026-08-21 09:18:00+00:00,0.0005000000000000001,BE_STOP,9.0,4,1,TREND,2026-08-21 09:18:00+00:00,fold1
XRPUSDT,2026-08-21 09:32:00+00:00,0.0060754698153999195,TP,4.0,8,0,TREND,2026-08-21 09:32:00+00:00,fold1
BTCUSDT,2026-08-21 09:37:00+00:00,0.0005000000000000001,BE_STOP,26.0,5,2,TREND,2026-08-21 09:37:00+00:00,fold1
BTCUSDT,2026-08-21 09:44:00+00:00,0.004600000000000001,TP,9.0,8,5,TREND,2026-08-21 09:44:00+00:00,fold1
BTCUSDT,2026-08-21 09:44:00+00:00,0.004600000000000001,TP,6.0,8,5,TREND,2026-08-21 09:44:00+00:00,fold1
BTCUSDT,2026-08-21 11:19:00+00:00,0.004600000000000001,TP,119.0,6,3,TREND,2026-08-21 11:19:00+00:00,fold1
BTCUSDT,2026-08-21 11:22:00+00:00,0.0005000000000000001,BE_STOP,118.0,7,4,TREND,2026-08-21 11:22:00+00:00,fold1
BTCUSDT,2026-08-21 11:23:00+00:00,0.0005000000000000001,BE_STOP,127.0,6,3,TREND,2026-08-21 11:23:00+00:00,fold1
SOLUSDT,2026-08-21 11:34:00+00:00,0.0067596708957899645,TP,147.0,3,1,TREND,2026-08-21 11:34:00+00:00,fold1
SOLUSDT,2026-08-21 11:35:00+00:00,0.0005000000000000001,BE_STOP,280.0,5,1,TREND,2026-08-21 11:35:00+00:00,fold2
BTCUSDT,2026-08-21 14:19:00+00:00,0.004600000000000001,TP,11.0,6,5,TREND,2026-08-21 14:19:00+00:00,fold2
BTCUSDT,2026-08-21 14:19:00+00:00,0.004600000000000001,TP,9.0,7,6,TREND,2026-08-21 14:19:00+00:00,fold2
BTCUSDT,2026-08-21 14:23:00+00:00,0.0005000000000000001,BE_STOP,18.0,5,4,TREND,2026-08-21 14:23:00+00:00,fold2
BTCUSDT,2026-08-21 15:14:00+00:00,0.004600000000000001,TP,77.0,4,3,TREND,2026-08-21 15:14:00+00:00,fold2
ETHUSDT,2026-08-21 20:54:00+00:00,0.0005000000000000001,BE_STOP,17.0,7,3,TREND,2026-08-21 20:54:00+00:00,fold2
ETHUSDT,2026-08-21 21:11:00+00:00,0.004600000000000001,TP,43.0,4,0,TREND,2026-08-21 21:11:00+00:00,fold2
ETHUSDT,2026-08-21 21:11:00+00:00,0.004600000000000001,TP,39.0,6,2,TREND,2026-08-21 21:11:00+00:00,fold2
ETHUSDT,2026-08-21 21:11:00+00:00,0.004600000000000001,TP,30.0,8,4,TREND,2026-08-21 21:11:00+00:00,fold2
ETHUSDT,2026-08-21 21:11:00+00:00,0.004600000000000001,TP,11.0,8,4,TREND,2026-08-21 21:11:00+00:00,fold2
ETHUSDT,2026-08-21 21:12:00+00:00,0.004600000000000001,TP,42.0,5,1,TREND,2026-08-21 21:12:00+00:00,fold2
ETHUSDT,2026-08-21 21:23:00+00:00,0.004600000000000001,TP,9.0,4,0,TREND,2026-08-21 21:23:00+00:00,fold2
ETHUSDT,2026-08-21 21:23:00+00:00,0.004600000000000001,TP,3.0,5,1,TREND,2026-08-21 21:23:00+00:00,fold2
ETHUSDT,2026-08-21 21:33:00+00:00,0.004600000000000001,TP,8.0,4,0,TREND,2026-08-21 21:33:00+00:00,fold2
ETHUSDT,2026-08-21 21:33:00+00:00,0.004600000000000001,TP,5.0,5,1,TREND,2026-08-21 21:33:00+00:00,fold2
ETHUSDT,2026-08-21 21:33:00+00:00,0.004600000000000001,TP,2.0,6,2,TREND,2026-08-21 21:33:00+00:00,fold2
BTCUSDT,2026-08-21 21:36:00+00:00,0.0005000000000000001,BE_STOP,712.0,7,4,TREND,2026-08-21 21:36:00+00:00,fold2
BTCUSDT,2026-08-21 21:36:00+00:00,0.0005000000000000001,BE_STOP,710.0,8,5,TREND,2026-08-21 21:36:00+00:00,fold2
ETHUSDT,2026-08-21 21:45:00+00:00,0.004600000000000001,TP,7.0,4,2,TREND,2026-08-21 21:45:00+00:00,fold2
ETHUSDT,2026-08-21 21:52:00+00:00,0.004974969826343102,TP,18.0,4,0,TREND,2026-08-21 21:52:00+00:00,fold2
ETHUSDT,2026-08-21 21:52:00+00:00,0.005524284078156303,TP,16.0,3,1,TREND,2026-08-21 21:52:00+00:00,fold2
ETHUSDT,2026-08-21 21:52:00+00:00,0.004600000000000001,TP,6.0,4,2,TREND,2026-08-21 21:52:00+00:00,fold2
ETHUSDT,2026-08-21 21:55:00+00:00,0.004600000000000001,TP,2.0,2,0,TREND,2026-08-21 21:55:00+00:00,fold2
ETHUSDT,2026-08-21 22:03:00+00:00,0.004600000000000001,TP,8.0,2,0,TREND,2026-08-21 22:03:00+00:00,fold2
ETHUSDT,2026-08-21 22:03:00+00:00,0.004600000000000001,TP,5.0,3,1,TREND,2026-08-21 22:03:00+00:00,fold2
ETHUSDT,2026-08-21 22:03:00+00:00,0.004600000000000001,TP,2.0,4,2,TREND,2026-08-21 22:03:00+00:00,fold2
ETHUSDT,2026-08-21 22:07:00+00:00,0.005234574095418887,TP,3.0,2,0,TREND,2026-08-21 22:07:00+00:00,fold2
ETHUSDT,2026-08-21 22:16:00+00:00,0.0005000000000000001,BE_STOP,8.0,2,0,TREND,2026-08-21 22:16:00+00:00,fold2
ETHUSDT,2026-08-21 22:21:00+00:00,0.0005000000000000001,BE_STOP,11.0,3,1,TREND,2026-08-21 22:21:00+00:00,fold2
NEARUSDT,2026-08-21 22:31:00+00:00,0.0005000000000000001,BE_STOP,14.0,5,1,TREND,2026-08-21 22:31:00+00:00,fold2
SOLUSDT,2026-08-21 22:31:00+00:00,0.004600000000000001,TP,9.0,6,0,TREND,2026-08-21 22:31:00+00:00,fold2
NEARUSDT,2026-08-21 22:31:00+00:00,0.0005000000000000001,BE_STOP,7.0,7,2,TREND,2026-08-21 22:31:00+00:00,fold2
NEARUSDT,2026-08-21 22:46:00+00:00,0.0005000000000000001,BE_STOP,34.0,4,0,TREND,2026-08-21 22:46:00+00:00,fold2
SOLUSDT,2026-08-21 22:48:00+00:00,0.0005000000000000001,BE_STOP,9.0,8,0,TREND,2026-08-21 22:48:00+00:00,fold2
ETHUSDT,2026-08-21 22:52:00+00:00,0.0005000000000000001,BE_STOP,17.0,7,4,TREND,2026-08-21 22:52:00+00:00,fold2
ETHUSDT,2026-08-21 22:52:00+00:00,0.0005000000000000001,BE_STOP,6.0,8,5,TREND,2026-08-21 22:52:00+00:00,fold2
XRPUSDT,2026-08-21 23:00:00+00:00,0.0005000000000000001,BE_STOP,12.0,8,0,TREND,2026-08-21 23:00:00+00:00,fold2
XRPUSDT,2026-08-21 23:08:00+00:00,0.0005000000000000001,BE_STOP,14.0,8,1,TREND,2026-08-21 23:08:00+00:00,fold2
ETHUSDT,2026-08-21 23:11:00+00:00,0.0005000000000000001,BE_STOP,19.0,7,4,TREND,2026-08-21 23:11:00+00:00,fold2
XRPUSDT,2026-08-21 23:18:00+00:00,0.004600000000000001,TP,10.0,8,0,TREND,2026-08-21 23:18:00+00:00,fold2
SOLUSDT,2026-08-21 23:22:00+00:00,0.004600000000000001,TP,11.0,8,0,TREND,2026-08-21 23:22:00+00:00,fold2
ETHUSDT,2026-08-21 23:24:00+00:00,0.0005000000000000001,BE_STOP,64.0,6,2,TREND,2026-08-21 23:24:00+00:00,fold2
ETHUSDT,2026-08-21 23:24:00+00:00,0.0005000000000000001,BE_STOP,57.0,8,2,TREND,2026-08-21 23:24:00+00:00,fold2
ETHUSDT,2026-08-21 23:24:00+00:00,0.0005000000000000001,BE_STOP,6.0,8,5,TREND,2026-08-21 23:24:00+00:00,fold2
XRPUSDT,2026-08-21 23:35:00+00:00,0.0005000000000000001,BE_STOP,5.0,8,1,TREND,2026-08-21 23:35:00+00:00,fold2
XRPUSDT,2026-08-21 23:37:00+00:00,0.0005000000000000001,BE_STOP,10.0,7,0,TREND,2026-08-21 23:37:00+00:00,fold2
ETHUSDT,2026-08-21 23:41:00+00:00,0.0005000000000000001,BE_STOP,69.0,6,3,TREND,2026-08-21 23:41:00+00:00,fold2
ETHUSDT,2026-08-21 23:41:00+00:00,0.0005000000000000001,BE_STOP,40.0,8,5,TREND,2026-08-21 23:41:00+00:00,fold2
SOLUSDT,2026-08-21 23:50:00+00:00,0.004600000000000001,TP,15.0,8,0,TREND,2026-08-21 23:50:00+00:00,fold2
SOLUSDT,2026-08-21 23:53:00+00:00,0.0005000000000000001,BE_STOP,13.0,8,1,TREND,2026-08-21 23:53:00+00:00,fold2
BTCUSDT,2026-08-22 00:06:00+00:00,0.004600000000000001,TP,23.0,7,3,TREND,2026-08-22 00:06:00+00:00,fold2
BTCUSDT,2026-08-22 00:06:00+00:00,0.004600000000000001,TP,18.0,8,4,TREND,2026-08-22 00:06:00+00:00,fold2
SOLUSDT,2026-08-22 00:06:00+00:00,0.004600000000000001,TP,13.0,8,0,TREND,2026-08-22 00:06:00+00:00,fold2
BTCUSDT,2026-08-22 00:07:00+00:00,0.004600000000000001,TP,16.0,8,5,TREND,2026-08-22 00:07:00+00:00,fold2
BTCUSDT,2026-08-22 00:56:00+00:00,0.0005000000000000001,BE_STOP,46.0,6,4,TREND,2026-08-22 00:56:00+00:00,fold2
ETHUSDT,2026-08-22 01:08:00+00:00,0.0005000000000000001,BE_STOP,12.0,8,3,TREND,2026-08-22 01:08:00+00:00,fold2
ETHUSDT,2026-08-22 02:37:00+00:00,0.0005000000000000001,BE_STOP,138.0,8,2,TREND,2026-08-22 02:37:00+00:00,fold2
XRPUSDT,2026-08-22 02:45:00+00:00,0.006067255858369261,TP,8.0,8,0,TREND,2026-08-22 02:45:00+00:00,fold2
NEARUSDT,2026-08-22 03:13:00+00:00,0.005297459584295658,TP,28.0,8,0,TREND,2026-08-22 03:13:00+00:00,fold2
XRPUSDT,2026-08-22 03:17:00+00:00,0.004600000000000001,TP,4.0,8,0,TREND,2026-08-22 03:17:00+00:00,fold2
NEARUSDT,2026-08-22 03:28:00+00:00,0.004600000000000001,TP,8.0,8,0,TREND,2026-08-22 03:28:00+00:00,fold2
XRPUSDT,2026-08-22 03:42:00+00:00,0.0005000000000000001,BE_STOP,13.0,8,0,TREND,2026-08-22 03:42:00+00:00,fold2
NEARUSDT,2026-08-22 03:48:00+00:00,0.0005000000000000001,BE_STOP,5.0,8,0,TREND,2026-08-22 03:48:00+00:00,fold2
NEARUSDT,2026-08-22 04:11:00+00:00,0.004600000000000001,TP,19.0,8,0,TREND,2026-08-22 04:11:00+00:00,fold2
NEARUSDT,2026-08-22 04:27:00+00:00,0.004600000000000001,TP,15.0,8,0,TREND,2026-08-22 04:27:00+00:00,fold2
XRPUSDT,2026-08-22 04:31:00+00:00,0.0058072072072072305,TP,4.0,8,0,TREND,2026-08-22 04:31:00+00:00,fold2
ETHUSDT,2026-08-22 04:40:00+00:00,0.0005000000000000001,BE_STOP,212.0,8,3,TREND,2026-08-22 04:40:00+00:00,fold2
NEARUSDT,2026-08-22 04:45:00+00:00,0.0005000000000000001,BE_STOP,4.0,8,1,TREND,2026-08-22 04:45:00+00:00,fold2
NEARUSDT,2026-08-22 04:49:00+00:00,0.0005000000000000001,BE_STOP,17.0,8,0,TREND,2026-08-22 04:49:00+00:00,fold2
XRPUSDT,2026-08-22 04:51:00+00:00,0.008495047272096396,TP,6.0,8,0,TREND,2026-08-22 04:51:00+00:00,fold2
XRPUSDT,2026-08-22 05:00:00+00:00,0.008368421052631556,TP,7.0,8,0,TREND,2026-08-22 05:00:00+00:00,fold2
XRPUSDT,2026-08-22 05:06:00+00:00,0.0005000000000000001,BE_STOP,5.0,8,0,TREND,2026-08-22 05:06:00+00:00,fold2
XRPUSDT,2026-08-22 05:08:00+00:00,-0.0414,MAE_KILL,2.0,8,0,TREND,2026-08-22 05:08:00+00:00,fold2
ETHUSDT,2026-08-22 05:09:00+00:00,0.004600000000000001,TP,295.0,7,1,TREND,2026-08-22 05:09:00+00:00,fold2
SOLUSDT,2026-08-22 05:09:00+00:00,-0.0414,MAE_KILL,20.0,8,0,TREND,2026-08-22 05:09:00+00:00,fold2
ETHUSDT,2026-08-22 05:10:00+00:00,-0.0414,MAE_KILL,416.0,5,2,TREND,2026-08-22 05:10:00+00:00,fold2
BTCUSDT,2026-08-22 05:10:00+00:00,0.004600000000000001,TP,302.0,5,3,TREND,2026-08-22 05:10:00+00:00,fold2
XRPUSDT,2026-08-22 05:13:00+00:00,0.04590468897355615,TP,1.0,4,0,TREND,2026-08-22 05:13:00+00:00,fold2
ETHUSDT,2026-08-22 05:42:00+00:00,0.00467535816803283,TP,8.0,5,1,TREND,2026-08-22 05:42:00+00:00,fold2
ETHUSDT,2026-08-22 05:47:00+00:00,0.0005000000000000001,BE_STOP,9.0,6,2,TREND,2026-08-22 05:47:00+00:00,fold2
ETHUSDT,2026-08-22 06:23:00+00:00,0.0005000000000000001,BE_STOP,37.0,7,3,TREND,2026-08-22 06:23:00+00:00,fold2
ETHUSDT,2026-08-22 06:31:00+00:00,0.004600000000000001,TP,47.0,6,2,TREND,2026-08-22 06:31:00+00:00,fold2
ETHUSDT,2026-08-22 06:32:00+00:00,0.004825055259707342,TP,61.0,4,0,TREND,2026-08-22 06:32:00+00:00,fold2
ETHUSDT,2026-08-22 07:09:00+00:00,0.0005000000000000001,BE_STOP,77.0,7,3,TREND,2026-08-22 07:09:00+00:00,fold2
ETHUSDT,2026-08-22 07:09:00+00:00,0.0005000000000000001,BE_STOP,70.0,8,4,TREND,2026-08-22 07:09:00+00:00,fold2
ETHUSDT,2026-08-22 07:10:00+00:00,0.0005000000000000001,BE_STOP,45.0,8,4,TREND,2026-08-22 07:10:00+00:00,fold2
ETHUSDT,2026-08-22 07:20:00+00:00,0.0005000000000000001,BE_STOP,6.0,6,2,TREND,2026-08-22 07:20:00+00:00,fold2
ETHUSDT,2026-08-22 08:37:00+00:00,0.004600000000000001,TP,79.0,7,3,TREND,2026-08-22 08:37:00+00:00,fold2
ETHUSDT,2026-08-22 08:44:00+00:00,0.0005000000000000001,BE_STOP,131.0,7,3,TREND,2026-08-22 08:44:00+00:00,fold2
ETHUSDT,2026-08-22 08:44:00+00:00,0.0005000000000000001,BE_STOP,129.0,8,4,TREND,2026-08-22 08:44:00+00:00,fold2
BTCUSDT,2026-08-22 09:59:00+00:00,0.0005000000000000001,BE_STOP,82.0,8,3,TREND,2026-08-22 09:59:00+00:00,fold2
BTCUSDT,2026-08-22 09:59:00+00:00,0.0005000000000000001,BE_STOP,73.0,7,4,TREND,2026-08-22 09:59:00+00:00,fold2
BTCUSDT,2026-08-22 10:13:00+00:00,0.004600000000000001,TP,85.0,8,5,TREND,2026-08-22 10:13:00+00:00,fold2
BTCUSDT,2026-08-22 10:17:00+00:00,0.0005000000000000001,BE_STOP,13.0,7,4,TREND,2026-08-22 10:17:00+00:00,fold2
BTCUSDT,2026-08-22 10:28:00+00:00,0.0005000000000000001,BE_STOP,18.0,8,5,TREND,2026-08-22 10:28:00+00:00,fold2
NEARUSDT,2026-08-22 19:34:00+00:00,0.004600000000000001,TP,7.0,6,0,TREND,2026-08-22 19:34:00+00:00,fold2
NEARUSDT,2026-08-22 19:37:00+00:00,0.004600000000000001,TP,2.0,6,0,TREND,2026-08-22 19:37:00+00:00,fold2
NEARUSDT,2026-08-22 20:14:00+00:00,0.0005000000000000001,BE_STOP,32.0,8,2,TREND,2026-08-22 20:14:00+00:00,fold2
NEARUSDT,2026-08-22 21:04:00+00:00,-0.0264,MAE_KILL,86.0,6,0,TREND,2026-08-22 21:04:00+00:00,fold2
NEARUSDT,2026-08-22 21:04:00+00:00,-0.0264,MAE_KILL,84.0,7,1,TREND,2026-08-22 21:04:00+00:00,fold2
XRPUSDT,2026-08-22 21:14:00+00:00,0.004600000000000001,TP,9.0,7,0,TREND,2026-08-22 21:14:00+00:00,fold2
XRPUSDT,2026-08-22 21:14:00+00:00,0.004600000000000001,TP,7.0,8,1,TREND,2026-08-22 21:14:00+00:00,fold2
NEARUSDT,2026-08-23 04:18:00+00:00,0.0005000000000000001,BE_STOP,28.0,8,1,TREND,2026-08-23 04:18:00+00:00,fold2
NEARUSDT,2026-08-23 04:37:00+00:00,0.0005000000000000001,BE_STOP,54.0,7,0,TREND,2026-08-23 04:37:00+00:00,fold2
ETHUSDT,2026-08-23 05:05:00+00:00,0.0005000000000000001,BE_STOP,5.0,7,3,TREND,2026-08-23 05:05:00+00:00,fold2
ETHUSDT,2026-08-23 05:09:00+00:00,0.004600000000000001,TP,4.0,8,4,TREND,2026-08-23 05:09:00+00:00,fold2
ETHUSDT,2026-08-23 05:12:00+00:00,0.0005000000000000001,BE_STOP,9.0,8,4,TREND,2026-08-23 05:12:00+00:00,fold2
BTCUSDT,2026-08-23 05:14:00+00:00,-0.0414,MAE_KILL,2655.0,4,0,TREND,2026-08-23 05:14:00+00:00,fold2
BTCUSDT,2026-08-23 05:14:00+00:00,0.004600000000000001,TP,2.0,8,3,TREND,2026-08-23 05:14:00+00:00,fold2
ETHUSDT,2026-08-23 05:17:00+00:00,0.004600000000000001,TP,8.0,8,4,TREND,2026-08-23 05:17:00+00:00,fold2
BTCUSDT,2026-08-23 05:17:00+00:00,0.004600000000000001,TP,2.0,7,2,TREND,2026-08-23 05:17:00+00:00,fold2
BTCUSDT,2026-08-23 06:14:00+00:00,0.0005000000000000001,BE_STOP,53.0,8,3,TREND,2026-08-23 06:14:00+00:00,fold2
XRPUSDT,2026-08-23 06:23:00+00:00,0.0005000000000000001,BE_STOP,5.0,8,0,TREND,2026-08-23 06:23:00+00:00,fold2
XRPUSDT,2026-08-23 06:38:00+00:00,0.0005000000000000001,BE_STOP,15.0,8,0,TREND,2026-08-23 06:38:00+00:00,fold2
ETHUSDT,2026-08-23 07:22:00+00:00,0.0005000000000000001,BE_STOP,44.0,8,4,TREND,2026-08-23 07:22:00+00:00,fold2
SOLUSDT,2026-08-23 08:11:00+00:00,0.0005000000000000001,BE_STOP,47.0,8,0,TREND,2026-08-23 08:11:00+00:00,fold2
BTCUSDT,2026-08-23 10:06:00+00:00,0.004600000000000001,TP,115.0,8,3,TREND,2026-08-23 10:06:00+00:00,fold2
NEARUSDT,2026-08-23 10:08:00+00:00,0.004600000000000001,TP,1.0,8,0,TREND,2026-08-23 10:08:00+00:00,fold2
NEARUSDT,2026-08-23 10:34:00+00:00,0.004600000000000001,TP,23.0,8,0,TREND,2026-08-23 10:34:00+00:00,fold2
NEARUSDT,2026-08-23 10:43:00+00:00,0.004600000000000001,TP,6.0,8,0,TREND,2026-08-23 10:43:00+00:00,fold2
NEARUSDT,2026-08-23 11:09:00+00:00,0.0005000000000000001,BE_STOP,25.0,8,0,TREND,2026-08-23 11:09:00+00:00,fold2
ETHUSDT,2026-08-23 11:21:00+00:00,0.004600000000000001,TP,11.0,8,4,TREND,2026-08-23 11:21:00+00:00,fold2
ETHUSDT,2026-08-23 13:18:00+00:00,0.004600000000000001,TP,1793.0,7,3,TREND,2026-08-23 13:18:00+00:00,fold2
ETHUSDT,2026-08-23 13:18:00+00:00,0.004600000000000001,TP,1790.0,8,4,TREND,2026-08-23 13:18:00+00:00,fold2
ETHUSDT,2026-08-23 13:18:00+00:00,0.004600000000000001,TP,1024.0,8,2,TREND,2026-08-23 13:18:00+00:00,fold2
ETHUSDT,2026-08-23 13:18:00+00:00,-0.0414,MAE_KILL,481.0,6,3,TREND,2026-08-23 13:18:00+00:00,fold2
BTCUSDT,2026-08-23 13:19:00+00:00,0.004600000000000001,TP,117.0,8,3,TREND,2026-08-23 13:19:00+00:00,fold2
NEARUSDT,2026-08-23 13:36:00+00:00,0.004600000000000001,TP,12.0,6,0,TREND,2026-08-23 13:36:00+00:00,fold2
SOLUSDT,2026-08-23 14:06:00+00:00,0.0005000000000000001,BE_STOP,44.0,5,0,TREND,2026-08-23 14:06:00+00:00,fold2
ETHUSDT,2026-08-23 14:07:00+00:00,0.0005000000000000001,BE_STOP,38.0,8,0,TREND,2026-08-23 14:07:00+00:00,fold2
ETHUSDT,2026-08-23 14:07:00+00:00,0.0005000000000000001,BE_STOP,30.0,8,1,TREND,2026-08-23 14:07:00+00:00,fold2
XRPUSDT,2026-08-23 14:11:00+00:00,0.004600000000000001,TP,5.0,8,0,TREND,2026-08-23 14:11:00+00:00,fold2
NEARUSDT,2026-08-23 14:16:00+00:00,0.0005000000000000001,BE_STOP,3.0,7,0,TREND,2026-08-23 14:16:00+00:00,fold2
BTCUSDT,2026-08-23 14:42:00+00:00,0.004600000000000001,TP,34.0,7,5,TREND,2026-08-23 14:42:00+00:00,fold2
XRPUSDT,2026-08-23 14:42:00+00:00,-0.0414,MAE_KILL,27.0,8,0,TREND,2026-08-23 14:42:00+00:00,fold2
ETHUSDT,2026-08-23 19:50:00+00:00,0.0005000000000000001,BE_STOP,8.0,7,0,TREND,2026-08-23 19:50:00+00:00,fold2
ETHUSDT,2026-08-23 21:04:00+00:00,0.004600000000000001,TP,76.0,8,1,TREND,2026-08-23 21:04:00+00:00,fold2
ETHUSDT,2026-08-23 21:04:00+00:00,0.004600000000000001,TP,74.0,8,1,TREND,2026-08-23 21:04:00+00:00,fold2
NEARUSDT,2026-08-23 21:17:00+00:00,0.0005000000000000001,BE_STOP,2.0,8,1,TREND,2026-08-23 21:17:00+00:00,fold2
BTCUSDT,2026-08-23 21:20:00+00:00,0.004600000000000001,TP,473.0,7,4,TREND,2026-08-23 21:20:00+00:00,fold2
BTCUSDT,2026-08-23 21:22:00+00:00,0.004600000000000001,TP,482.0,4,3,TREND,2026-08-23 21:22:00+00:00,fold2
NEARUSDT,2026-08-23 21:24:00+00:00,0.0005000000000000001,BE_STOP,4.0,8,2,TREND,2026-08-23 21:24:00+00:00,fold2
BTCUSDT,2026-08-23 21:29:00+00:00,0.004600000000000001,TP,432.0,8,6,TREND,2026-08-23 21:29:00+00:00,fold2
NEARUSDT,2026-08-23 21:36:00+00:00,0.0005000000000000001,BE_STOP,19.0,8,1,TREND,2026-08-23 21:36:00+00:00,fold2
NEARUSDT,2026-08-23 21:45:00+00:00,0.004600000000000001,TP,32.0,7,0,TREND,2026-08-23 21:45:00+00:00,fold2
NEARUSDT,2026-08-23 21:45:00+00:00,0.004600000000000001,TP,13.0,8,2,TREND,2026-08-23 21:45:00+00:00,fold2
NEARUSDT,2026-08-23 21:45:00+00:00,0.004600000000000001,TP,7.0,8,2,TREND,2026-08-23 21:45:00+00:00,fold2
NEARUSDT,2026-08-23 21:58:00+00:00,0.004679329569262468,TP,8.0,7,1,TREND,2026-08-23 21:58:00+00:00,fold2
NEARUSDT,2026-08-23 21:58:00+00:00,0.004600000000000001,TP,5.0,8,2,TREND,2026-08-23 21:58:00+00:00,fold2
BTCUSDT,2026-08-23 23:23:00+00:00,-0.016286807112402088,MAX_AGE,2880.0,8,1,TREND,2026-08-23 23:23:00+00:00,fold2
BTCUSDT,2026-08-23 23:25:00+00:00,-0.015736698665954195,MAX_AGE,2880.0,6,2,TREND,2026-08-23 23:25:00+00:00,fold2
NEARUSDT,2026-08-24 00:14:00+00:00,0.004600000000000001,TP,148.0,6,0,TREND,2026-08-24 00:14:00+00:00,fold2
BTCUSDT,2026-08-24 11:37:00+00:00,0.004600000000000001,TP,850.0,7,4,TREND,2026-08-24 11:37:00+00:00,fold2
BTCUSDT,2026-08-24 11:40:00+00:00,0.004600000000000001,TP,850.0,7,4,TREND,2026-08-24 11:40:00+00:00,fold2
BTCUSDT,2026-08-24 12:51:00+00:00,-0.0414,MAE_KILL,1892.0,7,2,TREND,2026-08-24 12:51:00+00:00,fold2
BTCUSDT,2026-08-24 12:51:00+00:00,0.004600000000000001,TP,8.0,2,1,TREND,2026-08-24 12:51:00+00:00,fold2
BTCUSDT,2026-08-24 12:57:00+00:00,0.004600000000000001,TP,10.0,3,2,TREND,2026-08-24 12:57:00+00:00,fold2
BTCUSDT,2026-08-24 13:01:00+00:00,0.0005000000000000001,BE_STOP,9.0,2,1,TREND,2026-08-24 13:01:00+00:00,fold2
BTCUSDT,2026-08-24 13:16:00+00:00,0.0005000000000000001,BE_STOP,16.0,3,2,TREND,2026-08-24 13:16:00+00:00,fold2
BTCUSDT,2026-08-24 13:16:00+00:00,0.0005000000000000001,BE_STOP,14.0,3,2,TREND,2026-08-24 13:16:00+00:00,fold2
BTCUSDT,2026-08-24 13:16:00+00:00,0.0005000000000000001,BE_STOP,12.0,4,3,TREND,2026-08-24 13:16:00+00:00,fold2
BTCUSDT,2026-08-24 13:33:00+00:00,0.004600000000000001,TP,12.0,6,5,TREND,2026-08-24 13:33:00+00:00,fold2
BTCUSDT,2026-08-24 13:40:00+00:00,0.004600000000000001,TP,23.0,4,3,TREND,2026-08-24 13:40:00+00:00,fold2
BTCUSDT,2026-08-24 13:40:00+00:00,0.004600000000000001,TP,21.0,5,4,TREND,2026-08-24 13:40:00+00:00,fold2
BTCUSDT,2026-08-24 13:40:00+00:00,0.004600000000000001,TP,16.0,7,6,TREND,2026-08-24 13:40:00+00:00,fold2
BTCUSDT,2026-08-24 13:40:00+00:00,0.004600000000000001,TP,13.0,8,7,TREND,2026-08-24 13:40:00+00:00,fold2
BTCUSDT,2026-08-24 13:42:00+00:00,0.004600000000000001,TP,9.0,8,7,TREND,2026-08-24 13:42:00+00:00,fold2
BTCUSDT,2026-08-24 13:45:00+00:00,0.004600000000000001,TP,4.0,5,4,TREND,2026-08-24 13:45:00+00:00,fold2
BTCUSDT,2026-08-24 14:23:00+00:00,0.004600000000000001,TP,71.0,5,4,TREND,2026-08-24 14:23:00+00:00,fold2
BTCUSDT,2026-08-24 14:24:00+00:00,0.0005000000000000001,BE_STOP,87.0,2,1,TREND,2026-08-24 14:24:00+00:00,fold2
BTCUSDT,2026-08-24 14:24:00+00:00,0.0005000000000000001,BE_STOP,70.0,6,5,TREND,2026-08-24 14:24:00+00:00,fold2
BTCUSDT,2026-08-24 15:37:00+00:00,0.0005000000000000001,BE_STOP,55.0,1,0,TREND,2026-08-24 15:37:00+00:00,fold2
BTCUSDT,2026-08-24 15:38:00+00:00,0.0005000000000000001,BE_STOP,51.0,2,1,TREND,2026-08-24 15:38:00+00:00,fold2
BTCUSDT,2026-08-24 15:46:00+00:00,0.0005000000000000001,BE_STOP,53.0,3,2,TREND,2026-08-24 15:46:00+00:00,fold2
BTCUSDT,2026-08-24 15:46:00+00:00,0.0005000000000000001,BE_STOP,51.0,4,3,TREND,2026-08-24 15:46:00+00:00,fold2
NEARUSDT,2026-08-24 20:42:00+00:00,0.0005000000000000001,BE_STOP,8.0,4,0,TREND,2026-08-24 20:42:00+00:00,fold2
ETHUSDT,2026-08-24 21:20:00+00:00,0.0005000000000000001,BE_STOP,41.0,6,3,TREND,2026-08-24 21:20:00+00:00,fold2
ETHUSDT,2026-08-24 21:45:00+00:00,0.004600000000000001,TP,69.0,5,2,TREND,2026-08-24 21:45:00+00:00,fold2
ETHUSDT,2026-08-24 21:45:00+00:00,0.004600000000000001,TP,64.0,7,4,TREND,2026-08-24 21:45:00+00:00,fold2
SOLUSDT,2026-08-24 22:34:00+00:00,0.004600000000000001,TP,3.0,4,0,TREND,2026-08-24 22:34:00+00:00,fold2
SOLUSDT,2026-08-24 22:58:00+00:00,0.0005000000000000001,BE_STOP,5.0,7,3,TREND,2026-08-24 22:58:00+00:00,fold2
XRPUSDT,2026-08-24 23:05:00+00:00,0.0005000000000000001,BE_STOP,155.0,2,0,TREND,2026-08-24 23:05:00+00:00,fold2
SOLUSDT,2026-08-24 23:06:00+00:00,0.0005000000000000001,BE_STOP,19.0,6,2,TREND,2026-08-24 23:06:00+00:00,fold2
SOLUSDT,2026-08-24 23:25:00+00:00,0.004600000000000001,TP,16.0,8,5,TREND,2026-08-24 23:25:00+00:00,fold2
SOLUSDT,2026-08-24 23:28:00+00:00,0.0005000000000000001,BE_STOP,47.0,5,1,TREND,2026-08-24 23:28:00+00:00,fold2
SOLUSDT,2026-08-24 23:49:00+00:00,0.0005000000000000001,BE_STOP,70.0,4,0,TREND,2026-08-24 23:49:00+00:00,fold2
SOLUSDT,2026-08-25 00:05:00+00:00,0.0005000000000000001,BE_STOP,19.0,8,5,TREND,2026-08-25 00:05:00+00:00,fold2
SOLUSDT,2026-08-25 00:07:00+00:00,0.004600000000000001,TP,23.0,7,4,TREND,2026-08-25 00:07:00+00:00,fold2
SOLUSDT,2026-08-25 00:07:00+00:00,0.004600000000000001,TP,10.0,8,5,TREND,2026-08-25 00:07:00+00:00,fold2
SOLUSDT,2026-08-25 00:07:00+00:00,0.004600000000000001,TP,2.0,8,5,TREND,2026-08-25 00:07:00+00:00,fold2
SOLUSDT,2026-08-25 00:11:00+00:00,0.004600000000000001,TP,2.0,6,3,TREND,2026-08-25 00:11:00+00:00,fold2
SOLUSDT,2026-08-25 00:13:00+00:00,-0.0414,MAE_KILL,76.0,8,4,TREND,2026-08-25 00:13:00+00:00,fold2
SOLUSDT,2026-08-25 00:13:00+00:00,-0.0414,MAE_KILL,71.0,8,4,TREND,2026-08-25 00:13:00+00:00,fold2
SOLUSDT,2026-08-25 00:13:00+00:00,-0.0414,MAE_KILL,68.0,8,5,TREND,2026-08-25 00:13:00+00:00,fold2
SOLUSDT,2026-08-25 00:27:00+00:00,0.0005000000000000001,BE_STOP,12.0,4,1,TREND,2026-08-25 00:27:00+00:00,fold2
SOLUSDT,2026-08-25 00:27:00+00:00,0.0005000000000000001,BE_STOP,5.0,6,3,TREND,2026-08-25 00:27:00+00:00,fold2
SOLUSDT,2026-08-25 00:27:00+00:00,0.0005000000000000001,BE_STOP,3.0,7,4,TREND,2026-08-25 00:27:00+00:00,fold2
SOLUSDT,2026-08-25 00:29:00+00:00,0.0005000000000000001,BE_STOP,12.0,5,2,TREND,2026-08-25 00:29:00+00:00,fold2
SOLUSDT,2026-08-25 00:40:00+00:00,0.0075994301459878,TP,27.0,3,0,TREND,2026-08-25 00:40:00+00:00,fold2
SOLUSDT,2026-08-25 00:40:00+00:00,0.004600000000000001,TP,4.0,4,1,TREND,2026-08-25 00:40:00+00:00,fold2
SOLUSDT,2026-08-25 01:04:00+00:00,0.0063195877217558614,TP,12.0,5,2,TREND,2026-08-25 01:04:00+00:00,fold2
SOLUSDT,2026-08-25 01:05:00+00:00,0.0005000000000000001,BE_STOP,18.0,3,0,TREND,2026-08-25 01:05:00+00:00,fold2
SOLUSDT,2026-08-25 01:05:00+00:00,0.0005000000000000001,BE_STOP,10.0,6,3,TREND,2026-08-25 01:05:00+00:00,fold2
SOLUSDT,2026-08-25 01:10:00+00:00,0.0005000000000000001,BE_STOP,21.0,4,1,TREND,2026-08-25 01:10:00+00:00,fold2
NEARUSDT,2026-08-25 01:12:00+00:00,0.004600000000000001,TP,1.0,8,1,TREND,2026-08-25 01:12:00+00:00,fold2
SOLUSDT,2026-08-25 01:33:00+00:00,0.0005000000000000001,BE_STOP,24.0,8,1,TREND,2026-08-25 01:33:00+00:00,fold2
BTCUSDT,2026-08-25 02:17:00+00:00,0.004600000000000001,TP,79.0,7,0,TREND,2026-08-25 02:17:00+00:00,fold2
BTCUSDT,2026-08-25 02:17:00+00:00,0.004600000000000001,TP,73.0,8,1,TREND,2026-08-25 02:17:00+00:00,fold2
BTCUSDT,2026-08-25 02:17:00+00:00,0.004600000000000001,TP,70.0,7,2,TREND,2026-08-25 02:17:00+00:00,fold2
ETHUSDT,2026-08-25 02:17:00+00:00,0.004600000000000001,TP,44.0,8,2,TREND,2026-08-25 02:17:00+00:00,fold2
NEARUSDT,2026-08-25 02:18:00+00:00,0.004600000000000001,TP,78.0,8,0,TREND,2026-08-25 02:18:00+00:00,fold2
BTCUSDT,2026-08-25 02:44:00+00:00,0.0005000000000000001,BE_STOP,14.0,4,1,TREND,2026-08-25 02:44:00+00:00,fold2
BTCUSDT,2026-08-25 02:44:00+00:00,0.0005000000000000001,BE_STOP,12.0,5,2,TREND,2026-08-25 02:44:00+00:00,fold2
BTCUSDT,2026-08-25 02:44:00+00:00,0.0005000000000000001,BE_STOP,9.0,6,3,TREND,2026-08-25 02:44:00+00:00,fold2
XRPUSDT,2026-08-25 03:49:00+00:00,0.004600000000000001,TP,52.0,8,1,TREND,2026-08-25 03:49:00+00:00,fold2
BTCUSDT,2026-08-25 03:52:00+00:00,0.0005000000000000001,BE_STOP,57.0,7,3,TREND,2026-08-25 03:52:00+00:00,fold2
BTCUSDT,2026-08-25 04:00:00+00:00,0.0005000000000000001,BE_STOP,68.0,6,2,TREND,2026-08-25 04:00:00+00:00,fold2
BTCUSDT,2026-08-25 04:03:00+00:00,0.0005000000000000001,BE_STOP,11.0,8,4,TREND,2026-08-25 04:03:00+00:00,fold2
BTCUSDT,2026-08-25 04:11:00+00:00,0.0005000000000000001,BE_STOP,21.0,8,4,TREND,2026-08-25 04:11:00+00:00,fold2
BTCUSDT,2026-08-25 06:25:00+00:00,0.0005000000000000001,BE_STOP,56.0,6,2,TREND,2026-08-25 06:25:00+00:00,fold2
XRPUSDT,2026-08-25 07:49:00+00:00,-0.0414,MAE_KILL,312.0,7,0,TREND,2026-08-25 07:49:00+00:00,fold2
BTCUSDT,2026-08-25 07:52:00+00:00,0.0005000000000000001,BE_STOP,396.0,8,3,TREND,2026-08-25 07:52:00+00:00,fold2
XRPUSDT,2026-08-25 08:39:00+00:00,0.0005000000000000001,BE_STOP,21.0,6,0,TREND,2026-08-25 08:39:00+00:00,fold2
NEARUSDT,2026-08-25 12:09:00+00:00,0.0005000000000000001,BE_STOP,117.0,8,0,TREND,2026-08-25 12:09:00+00:00,fold2
ETHUSDT,2026-08-25 12:28:00+00:00,0.0005000000000000001,BE_STOP,960.0,1,0,TREND,2026-08-25 12:28:00+00:00,fold2
ETHUSDT,2026-08-25 12:28:00+00:00,0.0005000000000000001,BE_STOP,956.0,3,1,TREND,2026-08-25 12:28:00+00:00,fold2
XRPUSDT,2026-08-25 12:40:00+00:00,0.004600000000000001,TP,8.0,8,3,TREND,2026-08-25 12:40:00+00:00,fold2
BTCUSDT,2026-08-25 13:24:00+00:00,0.0005000000000000001,BE_STOP,56.0,7,3,TREND,2026-08-25 13:24:00+00:00,fold2
BTCUSDT,2026-08-25 13:33:00+00:00,0.0005000000000000001,BE_STOP,52.0,8,4,TREND,2026-08-25 13:33:00+00:00,fold2
SOLUSDT,2026-08-25 13:46:00+00:00,0.004600000000000001,TP,13.0,8,0,TREND,2026-08-25 13:46:00+00:00,fold2
SOLUSDT,2026-08-25 13:50:00+00:00,0.004600000000000001,TP,4.0,8,0,TREND,2026-08-25 13:50:00+00:00,fold2
BTCUSDT,2026-08-25 13:51:00+00:00,0.004600000000000001,TP,27.0,8,4,TREND,2026-08-25 13:51:00+00:00,fold2
XRPUSDT,2026-08-25 21:07:00+00:00,-0.0414,MAE_KILL,763.0,7,1,TREND,2026-08-25 21:07:00+00:00,fold2
XRPUSDT,2026-08-25 21:07:00+00:00,-0.0414,MAE_KILL,761.0,8,2,TREND,2026-08-25 21:07:00+00:00,fold2
SOLUSDT,2026-08-25 21:07:00+00:00,0.004600000000000001,TP,432.0,8,1,TREND,2026-08-25 21:07:00+00:00,fold2
BTCUSDT,2026-08-25 21:08:00+00:00,-0.0414,MAE_KILL,1106.0,8,4,TREND,2026-08-25 21:08:00+00:00,fold2
XRPUSDT,2026-08-25 21:08:00+00:00,-0.0414,MAE_KILL,532.0,8,2,TREND,2026-08-25 21:08:00+00:00,fold2
SOLUSDT,2026-08-25 21:08:00+00:00,0.004600000000000001,TP,435.0,7,0,TREND,2026-08-25 21:08:00+00:00,fold2
ETHUSDT,2026-08-25 21:26:00+00:00,0.0005000000000000001,BE_STOP,10.0,6,1,TREND,2026-08-25 21:26:00+00:00,fold2
BTCUSDT,2026-08-25 22:05:00+00:00,0.004600000000000001,TP,45.0,7,4,TREND,2026-08-25 22:05:00+00:00,fold2
BTCUSDT,2026-08-25 22:08:00+00:00,0.004600000000000001,TP,46.0,8,5,TREND,2026-08-25 22:08:00+00:00,fold2
BTCUSDT,2026-08-25 22:08:00+00:00,0.004600000000000001,TP,42.0,8,6,TREND,2026-08-25 22:08:00+00:00,fold2
SOLUSDT,2026-08-25 23:57:00+00:00,0.0005000000000000001,BE_STOP,13.0,6,0,TREND,2026-08-25 23:57:00+00:00,fold2
SOLUSDT,2026-08-25 23:57:00+00:00,0.0005000000000000001,BE_STOP,11.0,7,1,TREND,2026-08-25 23:57:00+00:00,fold2
SOLUSDT,2026-08-26 00:20:00+00:00,0.0005000000000000001,BE_STOP,18.0,8,2,TREND,2026-08-26 00:20:00+00:00,fold2
SOLUSDT,2026-08-26 00:29:00+00:00,0.0005000000000000001,BE_STOP,36.0,8,2,TREND,2026-08-26 00:29:00+00:00,fold2
SOLUSDT,2026-08-26 00:29:00+00:00,0.0005000000000000001,BE_STOP,30.0,7,1,TREND,2026-08-26 00:29:00+00:00,fold2
NEARUSDT,2026-08-26 02:27:00+00:00,0.004600000000000001,TP,28.0,7,0,TREND,2026-08-26 02:27:00+00:00,fold2
NEARUSDT,2026-08-26 03:21:00+00:00,0.0005000000000000001,BE_STOP,76.0,8,1,TREND,2026-08-26 03:21:00+00:00,fold2
NEARUSDT,2026-08-26 07:44:00+00:00,-0.0264,MAE_KILL,316.0,8,1,TREND,2026-08-26 07:44:00+00:00,fold2
NEARUSDT,2026-08-26 07:45:00+00:00,0.0005000000000000001,BE_STOP,12.0,8,1,TREND,2026-08-26 07:45:00+00:00,fold2
NEARUSDT,2026-08-26 08:10:00+00:00,0.0005000000000000001,BE_STOP,23.0,7,0,TREND,2026-08-26 08:10:00+00:00,fold2
NEARUSDT,2026-08-26 08:10:00+00:00,0.0005000000000000001,BE_STOP,14.0,8,1,TREND,2026-08-26 08:10:00+00:00,fold2
NEARUSDT,2026-08-26 08:18:00+00:00,0.0005000000000000001,BE_STOP,4.0,7,0,TREND,2026-08-26 08:18:00+00:00,fold2
NEARUSDT,2026-08-26 08:52:00+00:00,0.0005000000000000001,BE_STOP,35.0,8,1,TREND,2026-08-26 08:52:00+00:00,fold2
NEARUSDT,2026-08-26 09:21:00+00:00,0.0005000000000000001,BE_STOP,61.0,8,1,TREND,2026-08-26 09:21:00+00:00,fold2
SOLUSDT,2026-08-26 09:47:00+00:00,0.004600000000000001,TP,567.0,8,2,TREND,2026-08-26 09:47:00+00:00,fold2
XRPUSDT,2026-08-26 10:15:00+00:00,0.0005000000000000001,BE_STOP,32.0,7,0,TREND,2026-08-26 10:15:00+00:00,fold2
XRPUSDT,2026-08-26 10:16:00+00:00,0.0005000000000000001,BE_STOP,31.0,8,1,TREND,2026-08-26 10:16:00+00:00,fold2
XRPUSDT,2026-08-26 13:33:00+00:00,0.0005000000000000001,BE_STOP,3.0,7,0,TREND,2026-08-26 13:33:00+00:00,fold2
NEARUSDT,2026-08-26 13:34:00+00:00,0.0005000000000000001,BE_STOP,227.0,8,0,TREND,2026-08-26 13:34:00+00:00,fold2
XRPUSDT,2026-08-26 13:47:00+00:00,0.0005000000000000001,BE_STOP,6.0,8,2,TREND,2026-08-26 13:47:00+00:00,fold2
XRPUSDT,2026-08-26 14:31:00+00:00,0.004600000000000001,TP,58.0,7,0,TREND,2026-08-26 14:31:00+00:00,fold2
BTCUSDT,2026-08-26 15:04:00+00:00,0.004600000000000001,TP,1074.0,4,3,TREND,2026-08-26 15:04:00+00:00,fold2
BTCUSDT,2026-08-26 15:10:00+00:00,0.0005000000000000001,BE_STOP,1082.0,3,2,TREND,2026-08-26 15:10:00+00:00,fold2
XRPUSDT,2026-08-26 15:51:00+00:00,0.0005000000000000001,BE_STOP,8.0,5,1,TREND,2026-08-26 15:51:00+00:00,fold2
XRPUSDT,2026-08-26 15:51:00+00:00,0.0005000000000000001,BE_STOP,4.0,6,2,TREND,2026-08-26 15:51:00+00:00,fold2
XRPUSDT,2026-08-26 16:12:00+00:00,0.0005000000000000001,BE_STOP,15.0,7,3,TREND,2026-08-26 16:12:00+00:00,fold2
XRPUSDT,2026-08-26 16:46:00+00:00,0.0005000000000000001,BE_STOP,52.0,6,2,TREND,2026-08-26 16:46:00+00:00,fold2
XRPUSDT,2026-08-26 16:46:00+00:00,0.0005000000000000001,BE_STOP,28.0,8,4,TREND,2026-08-26 16:46:00+00:00,fold2
XRPUSDT,2026-08-26 17:16:00+00:00,0.004600000000000001,TP,87.0,7,3,TREND,2026-08-26 17:16:00+00:00,fold2
XRPUSDT,2026-08-26 17:16:00+00:00,0.004600000000000001,TP,70.0,8,4,TREND,2026-08-26 17:16:00+00:00,fold2
XRPUSDT,2026-08-26 17:16:00+00:00,0.004600000000000001,TP,27.0,7,3,TREND,2026-08-26 17:16:00+00:00,fold2
XRPUSDT,2026-08-26 17:18:00+00:00,0.004600000000000001,TP,27.0,8,4,TREND,2026-08-26 17:18:00+00:00,fold2
ETHUSDT,2026-08-26 21:32:00+00:00,0.0005000000000000001,BE_STOP,5.0,5,1,TREND,2026-08-26 21:32:00+00:00,fold2
NEARUSDT,2026-08-26 21:55:00+00:00,0.0005000000000000001,BE_STOP,20.0,7,0,TREND,2026-08-26 21:55:00+00:00,fold2
ETHUSDT,2026-08-26 22:10:00+00:00,0.0005000000000000001,BE_STOP,33.0,8,3,TREND,2026-08-26 22:10:00+00:00,fold2
XRPUSDT,2026-08-26 22:12:00+00:00,0.004600000000000001,TP,514.0,7,1,TREND,2026-08-26 22:12:00+00:00,fold2
SOLUSDT,2026-08-26 22:13:00+00:00,0.004600000000000001,TP,18.0,8,0,TREND,2026-08-26 22:13:00+00:00,fold2
ETHUSDT,2026-08-26 22:16:00+00:00,0.004600000000000001,TP,46.0,6,2,TREND,2026-08-26 22:16:00+00:00,fold2
ETHUSDT,2026-08-26 22:16:00+00:00,0.004600000000000001,TP,43.0,6,2,TREND,2026-08-26 22:16:00+00:00,fold2
ETHUSDT,2026-08-26 22:19:00+00:00,0.004600000000000001,TP,9.0,8,3,TREND,2026-08-26 22:19:00+00:00,fold2
ETHUSDT,2026-08-26 22:23:00+00:00,0.0005000000000000001,BE_STOP,6.0,6,3,TREND,2026-08-26 22:23:00+00:00,fold2
ETHUSDT,2026-08-26 22:32:00+00:00,0.0005000000000000001,BE_STOP,19.0,7,4,TREND,2026-08-26 22:32:00+00:00,fold2
ETHUSDT,2026-08-26 23:26:00+00:00,0.0005000000000000001,BE_STOP,52.0,8,5,TREND,2026-08-26 23:26:00+00:00,fold2
SOLUSDT,2026-08-26 23:44:00+00:00,0.004600000000000001,TP,18.0,8,0,TREND,2026-08-26 23:44:00+00:00,fold2
NEARUSDT,2026-08-27 04:36:00+00:00,-0.0264,MAE_KILL,290.0,8,0,TREND,2026-08-27 04:36:00+00:00,fold2
NEARUSDT,2026-08-27 04:58:00+00:00,0.0005000000000000001,BE_STOP,16.0,8,0,TREND,2026-08-27 04:58:00+00:00,fold2
BTCUSDT,2026-08-27 05:33:00+00:00,-0.027822109706313696,MAX_AGE,2880.0,7,3,TREND,2026-08-27 05:33:00+00:00,fold2
BTCUSDT,2026-08-27 05:35:00+00:00,-0.02851947075746861,MAX_AGE,2880.0,8,4,TREND,2026-08-27 05:35:00+00:00,fold2
NEARUSDT,2026-08-27 05:37:00+00:00,0.0005000000000000001,BE_STOP,32.0,8,0,TREND,2026-08-27 05:37:00+00:00,fold2
ETHUSDT,2026-08-27 08:05:00+00:00,0.0005000000000000001,BE_STOP,586.0,6,3,TREND,2026-08-27 08:05:00+00:00,fold2
ETHUSDT,2026-08-27 08:05:00+00:00,0.0005000000000000001,BE_STOP,583.0,7,4,TREND,2026-08-27 08:05:00+00:00,fold2
ETHUSDT,2026-08-27 08:06:00+00:00,0.0005000000000000001,BE_STOP,582.0,7,4,TREND,2026-08-27 08:06:00+00:00,fold2
ETHUSDT,2026-08-27 08:06:00+00:00,0.0005000000000000001,BE_STOP,579.0,8,5,TREND,2026-08-27 08:06:00+00:00,fold2
ETHUSDT,2026-08-27 08:09:00+00:00,-0.0414,MAE_KILL,2096.0,5,0,TREND,2026-08-27 08:09:00+00:00,fold2
BTCUSDT,2026-08-27 08:39:00+00:00,0.0005000000000000001,BE_STOP,27.0,1,0,TREND,2026-08-27 08:39:00+00:00,fold2
BTCUSDT,2026-08-27 08:43:00+00:00,0.004600000000000001,TP,28.0,2,1,TREND,2026-08-27 08:43:00+00:00,fold2
BTCUSDT,2026-08-27 08:43:00+00:00,0.004600000000000001,TP,26.0,3,2,TREND,2026-08-27 08:43:00+00:00,fold2
BTCUSDT,2026-08-27 08:43:00+00:00,0.004600000000000001,TP,23.0,4,3,TREND,2026-08-27 08:43:00+00:00,fold2
NEARUSDT,2026-08-27 08:43:00+00:00,0.004600000000000001,TP,12.0,7,0,TREND,2026-08-27 08:43:00+00:00,fold2
BTCUSDT,2026-08-27 08:47:00+00:00,0.0005000000000000001,BE_STOP,7.0,8,6,TREND,2026-08-27 08:47:00+00:00,fold2
NEARUSDT,2026-08-27 08:51:00+00:00,0.0005000000000000001,BE_STOP,6.0,6,0,TREND,2026-08-27 08:51:00+00:00,fold2
BTCUSDT,2026-08-27 08:55:00+00:00,0.0005000000000000001,BE_STOP,28.0,6,5,TREND,2026-08-27 08:55:00+00:00,fold2
SOLUSDT,2026-08-27 09:01:00+00:00,0.0005000000000000001,BE_STOP,9.0,7,0,TREND,2026-08-27 09:01:00+00:00,fold2
BTCUSDT,2026-08-27 09:20:00+00:00,0.004600000000000001,TP,57.0,5,4,TREND,2026-08-27 09:20:00+00:00,fold2
SOLUSDT,2026-08-27 09:20:00+00:00,0.004600000000000001,TP,26.0,8,1,TREND,2026-08-27 09:20:00+00:00,fold2
ETHUSDT,2026-08-27 09:25:00+00:00,0.004600000000000001,TP,36.0,7,0,TREND,2026-08-27 09:25:00+00:00,fold2
ETHUSDT,2026-08-27 09:25:00+00:00,0.004600000000000001,TP,2.0,8,1,TREND,2026-08-27 09:25:00+00:00,fold2
BTCUSDT,2026-08-27 09:26:00+00:00,0.004600000000000001,TP,52.0,8,6,TREND,2026-08-27 09:26:00+00:00,fold2
BTCUSDT,2026-08-27 09:26:00+00:00,0.004600000000000001,TP,43.0,5,4,TREND,2026-08-27 09:26:00+00:00,fold2
BTCUSDT,2026-08-27 09:26:00+00:00,0.004600000000000001,TP,39.0,6,4,TREND,2026-08-27 09:26:00+00:00,fold2
BTCUSDT,2026-08-27 09:35:00+00:00,0.0005000000000000001,BE_STOP,14.0,7,5,TREND,2026-08-27 09:35:00+00:00,fold2
SOLUSDT,2026-08-27 09:44:00+00:00,0.0005000000000000001,BE_STOP,8.0,8,1,TREND,2026-08-27 09:44:00+00:00,fold2
BTCUSDT,2026-08-27 10:28:00+00:00,0.0005000000000000001,BE_STOP,87.0,8,5,TREND,2026-08-27 10:28:00+00:00,fold2
BTCUSDT,2026-08-27 10:29:00+00:00,0.0005000000000000001,BE_STOP,93.0,8,4,TREND,2026-08-27 10:29:00+00:00,fold2
SOLUSDT,2026-08-27 11:26:00+00:00,0.0005000000000000001,BE_STOP,9.0,7,1,TREND,2026-08-27 11:26:00+00:00,fold2
SOLUSDT,2026-08-27 11:42:00+00:00,0.0005000000000000001,BE_STOP,11.0,8,2,TREND,2026-08-27 11:42:00+00:00,fold2
SOLUSDT,2026-08-27 11:53:00+00:00,0.0005000000000000001,BE_STOP,11.0,8,2,TREND,2026-08-27 11:53:00+00:00,fold2
SOLUSDT,2026-08-27 12:07:00+00:00,0.0005000000000000001,BE_STOP,8.0,8,2,TREND,2026-08-27 12:07:00+00:00,fold2
SOLUSDT,2026-08-27 12:27:00+00:00,0.0005000000000000001,BE_STOP,16.0,8,2,TREND,2026-08-27 12:27:00+00:00,fold2
SOLUSDT,2026-08-27 12:52:00+00:00,0.0005000000000000001,BE_STOP,25.0,8,2,TREND,2026-08-27 12:52:00+00:00,fold2
SOLUSDT,2026-08-27 13:10:00+00:00,0.0005000000000000001,BE_STOP,18.0,8,2,TREND,2026-08-27 13:10:00+00:00,fold2
SOLUSDT,2026-08-27 13:31:00+00:00,0.0005000000000000001,BE_STOP,130.0,8,2,TREND,2026-08-27 13:31:00+00:00,fold2
SOLUSDT,2026-08-27 13:57:00+00:00,0.004600000000000001,TP,271.0,4,0,TREND,2026-08-27 13:57:00+00:00,fold2
ETHUSDT,2026-08-27 14:42:00+00:00,0.004600000000000001,TP,15.0,6,1,TREND,2026-08-27 14:42:00+00:00,fold2
ETHUSDT,2026-08-27 14:42:00+00:00,0.004600000000000001,TP,12.0,7,2,TREND,2026-08-27 14:42:00+00:00,fold2
ETHUSDT,2026-08-27 14:42:00+00:00,0.004600000000000001,TP,10.0,8,3,TREND,2026-08-27 14:42:00+00:00,fold2
BTCUSDT,2026-08-27 15:13:00+00:00,0.004600000000000001,TP,339.0,8,5,TREND,2026-08-27 15:13:00+00:00,fold2
BTCUSDT,2026-08-27 15:13:00+00:00,0.004600000000000001,TP,329.0,8,5,TREND,2026-08-27 15:13:00+00:00,fold2
BTCUSDT,2026-08-27 15:22:00+00:00,0.0005000000000000001,BE_STOP,352.0,6,3,TREND,2026-08-27 15:22:00+00:00,fold2
BTCUSDT,2026-08-27 15:22:00+00:00,0.0005000000000000001,BE_STOP,350.0,7,4,TREND,2026-08-27 15:22:00+00:00,fold2
XRPUSDT,2026-08-27 15:46:00+00:00,0.0005000000000000001,BE_STOP,6.0,4,0,TREND,2026-08-27 15:46:00+00:00,fold2
XRPUSDT,2026-08-27 15:58:00+00:00,0.0005000000000000001,BE_STOP,13.0,6,1,TREND,2026-08-27 15:58:00+00:00,fold2
SOLUSDT,2026-08-27 16:18:00+00:00,0.004600000000000001,TP,35.0,5,2,TREND,2026-08-27 16:18:00+00:00,fold2
SOLUSDT,2026-08-27 16:21:00+00:00,0.0005000000000000001,BE_STOP,53.0,2,0,TREND,2026-08-27 16:21:00+00:00,fold2
XRPUSDT,2026-08-27 16:26:00+00:00,0.0005000000000000001,BE_STOP,34.0,8,1,TREND,2026-08-27 16:26:00+00:00,fold2
XRPUSDT,2026-08-27 16:36:00+00:00,0.0005000000000000001,BE_STOP,38.0,8,1,TREND,2026-08-27 16:36:00+00:00,fold2
XRPUSDT,2026-08-27 17:01:00+00:00,0.004600000000000001,TP,24.0,8,3,TREND,2026-08-27 17:01:00+00:00,fold2
XRPUSDT,2026-08-27 18:05:00+00:00,0.004600000000000001,TP,63.0,8,3,TREND,2026-08-27 18:05:00+00:00,fold2
XRPUSDT,2026-08-27 18:13:00+00:00,0.004600000000000001,TP,7.0,8,3,TREND,2026-08-27 18:13:00+00:00,fold2
SOLUSDT,2026-08-28 02:50:00+00:00,0.004600000000000001,TP,660.0,7,4,TREND,2026-08-28 02:50:00+00:00,fold2
SOLUSDT,2026-08-28 02:51:00+00:00,0.004600000000000001,TP,676.0,3,1,TREND,2026-08-28 02:51:00+00:00,fold2
SOLUSDT,2026-08-28 02:51:00+00:00,0.004600000000000001,TP,663.0,6,3,TREND,2026-08-28 02:51:00+00:00,fold2
SOLUSDT,2026-08-28 04:23:00+00:00,0.0005000000000000001,BE_STOP,61.0,8,2,TREND,2026-08-28 04:23:00+00:00,fold2
SOLUSDT,2026-08-28 04:46:00+00:00,0.0005000000000000001,BE_STOP,18.0,8,2,TREND,2026-08-28 04:46:00+00:00,fold2
NEARUSDT,2026-08-28 05:11:00+00:00,0.004600000000000001,TP,119.0,6,0,TREND,2026-08-28 05:11:00+00:00,fold2
ETHUSDT,2026-08-28 06:08:00+00:00,0.004600000000000001,TP,41.0,7,1,TREND,2026-08-28 06:08:00+00:00,fold2
ETHUSDT,2026-08-28 07:08:00+00:00,0.0005000000000000001,BE_STOP,95.0,8,2,TREND,2026-08-28 07:08:00+00:00,fold2
SOLUSDT,2026-08-28 08:52:00+00:00,0.0005000000000000001,BE_STOP,337.0,7,1,TREND,2026-08-28 08:52:00+00:00,fold2
XRPUSDT,2026-08-28 09:06:00+00:00,0.0005000000000000001,BE_STOP,117.0,8,3,TREND,2026-08-28 09:06:00+00:00,fold2
XRPUSDT,2026-08-28 09:35:00+00:00,-0.0414,MAE_KILL,1034.0,7,2,TREND,2026-08-28 09:35:00+00:00,fold2
XRPUSDT,2026-08-28 09:35:00+00:00,-0.0414,MAE_KILL,1030.0,8,3,TREND,2026-08-28 09:35:00+00:00,fold2
XRPUSDT,2026-08-28 09:35:00+00:00,-0.0414,MAE_KILL,1028.0,8,3,TREND,2026-08-28 09:35:00+00:00,fold2
SOLUSDT,2026-08-28 09:44:00+00:00,-0.0414,MAE_KILL,616.0,8,3,TREND,2026-08-28 09:44:00+00:00,fold2
BTCUSDT,2026-08-28 14:01:00+00:00,0.0005000000000000001,BE_STOP,6.0,5,3,TREND,2026-08-28 14:01:00+00:00,fold2
BTCUSDT,2026-08-28 14:06:00+00:00,0.004600000000000001,TP,23.0,3,1,TREND,2026-08-28 14:06:00+00:00,fold2
BTCUSDT,2026-08-28 14:06:00+00:00,0.004600000000000001,TP,21.0,4,2,TREND,2026-08-28 14:06:00+00:00,fold2
ETHUSDT,2026-08-28 16:03:00+00:00,-0.0414,MAE_KILL,1835.0,5,0,TREND,2026-08-28 16:03:00+00:00,fold2
BTCUSDT,2026-08-28 16:24:00+00:00,0.004600000000000001,TP,5.0,2,1,TREND,2026-08-28 16:24:00+00:00,fold2
BTCUSDT,2026-08-28 17:22:00+00:00,0.0005000000000000001,BE_STOP,43.0,6,3,TREND,2026-08-28 17:22:00+00:00,fold2
BTCUSDT,2026-08-28 17:24:00+00:00,0.0005000000000000001,BE_STOP,43.0,7,4,TREND,2026-08-28 17:24:00+00:00,fold2
ETHUSDT,2026-08-28 18:39:00+00:00,0.004600000000000001,TP,124.0,5,1,TREND,2026-08-28 18:39:00+00:00,fold2
ETHUSDT,2026-08-28 18:47:00+00:00,0.0046092291634991945,TP,137.0,4,0,TREND,2026-08-28 18:47:00+00:00,fold2
BTCUSDT,2026-08-28 18:52:00+00:00,0.0005000000000000001,BE_STOP,144.0,3,2,TREND,2026-08-28 18:52:00+00:00,fold2
BTCUSDT,2026-08-28 19:33:00+00:00,0.0005000000000000001,BE_STOP,36.0,3,2,TREND,2026-08-28 19:33:00+00:00,fold2
BTCUSDT,2026-08-28 19:56:00+00:00,0.0005000000000000001,BE_STOP,14.0,6,5,TREND,2026-08-28 19:56:00+00:00,fold2
XRPUSDT,2026-08-28 20:17:00+00:00,0.0005000000000000001,BE_STOP,16.0,8,0,TREND,2026-08-28 20:17:00+00:00,fold2
ETHUSDT,2026-08-28 20:49:00+00:00,0.0005000000000000001,BE_STOP,60.0,7,0,TREND,2026-08-28 20:49:00+00:00,fold2
BTCUSDT,2026-08-28 22:01:00+00:00,0.0005000000000000001,BE_STOP,103.0,8,6,TREND,2026-08-28 22:01:00+00:00,fold2
SOLUSDT,2026-08-29 00:14:00+00:00,0.0005000000000000001,BE_STOP,16.0,8,0,TREND,2026-08-29 00:14:00+00:00,fold2
BTCUSDT,2026-08-29 00:32:00+00:00,0.0005000000000000001,BE_STOP,321.0,6,5,TREND,2026-08-29 00:32:00+00:00,fold2
BTCUSDT,2026-08-29 00:51:00+00:00,0.0005000000000000001,BE_STOP,349.0,4,3,TREND,2026-08-29 00:51:00+00:00,fold2
BTCUSDT,2026-08-29 01:01:00+00:00,0.0005000000000000001,BE_STOP,355.0,5,4,TREND,2026-08-29 01:01:00+00:00,fold2
NEARUSDT,2026-08-29 13:56:00+00:00,0.004600000000000001,TP,14.0,5,0,TREND,2026-08-29 13:56:00+00:00,fold2
NEARUSDT,2026-08-29 14:02:00+00:00,0.004600000000000001,TP,17.0,6,1,TREND,2026-08-29 14:02:00+00:00,fold2
NEARUSDT,2026-08-29 14:11:00+00:00,0.0005000000000000001,BE_STOP,19.0,7,2,TREND,2026-08-29 14:11:00+00:00,fold2
NEARUSDT,2026-08-29 14:35:00+00:00,0.004600000000000001,TP,38.0,7,2,TREND,2026-08-29 14:35:00+00:00,fold2
NEARUSDT,2026-08-29 14:35:00+00:00,0.004600000000000001,TP,32.0,7,2,TREND,2026-08-29 14:35:00+00:00,fold2
NEARUSDT,2026-08-29 14:35:00+00:00,0.004600000000000001,TP,21.0,7,2,TREND,2026-08-29 14:35:00+00:00,fold2
NEARUSDT,2026-08-29 14:42:00+00:00,0.004600000000000001,TP,5.0,5,0,TREND,2026-08-29 14:42:00+00:00,fold2
NEARUSDT,2026-08-29 14:42:00+00:00,0.004600000000000001,TP,3.0,6,1,TREND,2026-08-29 14:42:00+00:00,fold2
SOLUSDT,2026-08-29 15:02:00+00:00,0.0005000000000000001,BE_STOP,15.0,6,1,TREND,2026-08-29 15:02:00+00:00,fold2
SOLUSDT,2026-08-29 15:02:00+00:00,0.0005000000000000001,BE_STOP,12.0,7,2,TREND,2026-08-29 15:02:00+00:00,fold2
SOLUSDT,2026-08-29 15:06:00+00:00,0.0005000000000000001,BE_STOP,23.0,5,0,TREND,2026-08-29 15:06:00+00:00,fold2
NEARUSDT,2026-08-29 15:19:00+00:00,0.004600000000000001,TP,27.0,8,0,TREND,2026-08-29 15:19:00+00:00,fold2
SOLUSDT,2026-08-29 17:47:00+00:00,0.0005000000000000001,BE_STOP,148.0,8,1,TREND,2026-08-29 17:47:00+00:00,fold2
SOLUSDT,2026-08-29 19:16:00+00:00,0.004600000000000001,TP,254.0,7,1,TREND,2026-08-29 19:16:00+00:00,fold2
BTCUSDT,2026-08-29 19:56:00+00:00,0.0005000000000000001,BE_STOP,129.0,8,4,TREND,2026-08-29 19:56:00+00:00,fold2
BTCUSDT,2026-08-30 06:09:00+00:00,-0.02357299342925006,MAX_AGE,2880.0,8,0,TREND,2026-08-30 06:09:00+00:00,fold2
BTCUSDT,2026-08-30 12:32:00+00:00,0.004600000000000001,TP,1035.0,8,5,TREND,2026-08-30 12:32:00+00:00,fold2
BTCUSDT,2026-08-30 14:06:00+00:00,0.0005000000000000001,BE_STOP,83.0,6,3,TREND,2026-08-30 14:06:00+00:00,fold2
SOLUSDT,2026-08-30 14:24:00+00:00,0.0005000000000000001,BE_STOP,17.0,8,0,TREND,2026-08-30 14:24:00+00:00,fold2
BTCUSDT,2026-08-30 14:37:00+00:00,0.0005000000000000001,BE_STOP,111.0,7,4,TREND,2026-08-30 14:37:00+00:00,fold2
BTCUSDT,2026-08-30 14:37:00+00:00,0.0005000000000000001,BE_STOP,104.0,8,5,TREND,2026-08-30 14:37:00+00:00,fold3
BTCUSDT,2026-08-30 16:26:00+00:00,-0.025789579987478637,MAX_AGE,2880.0,2,1,TREND,2026-08-30 16:26:00+00:00,fold3
BTCUSDT,2026-08-30 17:09:00+00:00,0.0005000000000000001,BE_STOP,43.0,8,5,TREND,2026-08-30 17:09:00+00:00,fold3
ETHUSDT,2026-08-30 17:19:00+00:00,0.004600000000000001,TP,9.0,8,2,TREND,2026-08-30 17:19:00+00:00,fold3
ETHUSDT,2026-08-30 17:25:00+00:00,0.004600000000000001,TP,6.0,8,2,TREND,2026-08-30 17:25:00+00:00,fold3
BTCUSDT,2026-08-30 19:52:00+00:00,-0.019495151977058152,MAX_AGE,2880.0,8,6,TREND,2026-08-30 19:52:00+00:00,fold3
BTCUSDT,2026-08-30 20:48:00+00:00,0.0005000000000000001,BE_STOP,369.0,7,4,TREND,2026-08-30 20:48:00+00:00,fold3
BTCUSDT,2026-08-30 20:48:00+00:00,0.0005000000000000001,BE_STOP,367.0,8,5,TREND,2026-08-30 20:48:00+00:00,fold3
ETHUSDT,2026-08-30 20:48:00+00:00,0.0005000000000000001,BE_STOP,202.0,8,2,TREND,2026-08-30 20:48:00+00:00,fold3
BTCUSDT,2026-08-30 20:51:00+00:00,-0.01825889798861358,MAX_AGE,2880.0,8,7,TREND,2026-08-30 20:51:00+00:00,fold3
BTCUSDT,2026-08-30 20:51:00+00:00,0.0005000000000000001,BE_STOP,387.0,8,5,TREND,2026-08-30 20:51:00+00:00,fold3
SOLUSDT,2026-08-30 21:20:00+00:00,0.0005000000000000001,BE_STOP,3.0,4,1,TREND,2026-08-30 21:20:00+00:00,fold3
SOLUSDT,2026-08-30 22:06:00+00:00,0.0005000000000000001,BE_STOP,33.0,6,3,TREND,2026-08-30 22:06:00+00:00,fold3
SOLUSDT,2026-08-30 22:06:00+00:00,0.0005000000000000001,BE_STOP,31.0,7,4,TREND,2026-08-30 22:06:00+00:00,fold3
SOLUSDT,2026-08-30 22:06:00+00:00,0.0005000000000000001,BE_STOP,29.0,8,5,TREND,2026-08-30 22:06:00+00:00,fold3
SOLUSDT,2026-08-30 22:19:00+00:00,0.0005000000000000001,BE_STOP,56.0,5,2,TREND,2026-08-30 22:19:00+00:00,fold3
SOLUSDT,2026-08-30 22:19:00+00:00,0.0005000000000000001,BE_STOP,5.0,6,3,TREND,2026-08-30 22:19:00+00:00,fold3
SOLUSDT,2026-08-30 22:22:00+00:00,0.004600000000000001,TP,68.0,3,0,TREND,2026-08-30 22:22:00+00:00,fold3
SOLUSDT,2026-08-30 22:22:00+00:00,0.004600000000000001,TP,62.0,4,1,TREND,2026-08-30 22:22:00+00:00,fold3
SOLUSDT,2026-08-30 22:32:00+00:00,0.0005000000000000001,BE_STOP,9.0,5,2,TREND,2026-08-30 22:32:00+00:00,fold3
SOLUSDT,2026-08-30 22:40:00+00:00,0.0005000000000000001,BE_STOP,20.0,6,3,TREND,2026-08-30 22:40:00+00:00,fold3
SOLUSDT,2026-08-30 22:41:00+00:00,0.0005000000000000001,BE_STOP,23.0,7,4,TREND,2026-08-30 22:41:00+00:00,fold3
SOLUSDT,2026-08-30 23:17:00+00:00,0.004600000000000001,TP,51.0,6,3,TREND,2026-08-30 23:17:00+00:00,fold3
SOLUSDT,2026-08-30 23:17:00+00:00,0.004600000000000001,TP,49.0,7,4,TREND,2026-08-30 23:17:00+00:00,fold3
SOLUSDT,2026-08-30 23:17:00+00:00,0.004600000000000001,TP,46.0,8,5,TREND,2026-08-30 23:17:00+00:00,fold3
SOLUSDT,2026-08-30 23:17:00+00:00,0.004600000000000001,TP,40.0,8,5,TREND,2026-08-30 23:17:00+00:00,fold3
SOLUSDT,2026-08-30 23:23:00+00:00,0.004600000000000001,TP,5.0,5,2,TREND,2026-08-30 23:23:00+00:00,fold3
ETHUSDT,2026-08-30 23:29:00+00:00,0.004600000000000001,TP,1942.0,7,0,TREND,2026-08-30 23:29:00+00:00,fold3
ETHUSDT,2026-08-30 23:29:00+00:00,0.004600000000000001,TP,1940.0,8,1,TREND,2026-08-30 23:29:00+00:00,fold3
SOLUSDT,2026-08-30 23:29:00+00:00,0.004600000000000001,TP,4.0,5,2,TREND,2026-08-30 23:29:00+00:00,fold3
BTCUSDT,2026-08-30 23:37:00+00:00,0.0005000000000000001,BE_STOP,4.0,4,1,TREND,2026-08-30 23:37:00+00:00,fold3
BTCUSDT,2026-08-30 23:41:00+00:00,0.004600000000000001,TP,11.0,3,0,TREND,2026-08-30 23:41:00+00:00,fold3
ETHUSDT,2026-08-30 23:43:00+00:00,0.0005000000000000001,BE_STOP,3.0,5,0,TREND,2026-08-30 23:43:00+00:00,fold3
BTCUSDT,2026-08-30 23:46:00+00:00,0.004600000000000001,TP,10.0,5,2,TREND,2026-08-30 23:46:00+00:00,fold3
BTCUSDT,2026-08-30 23:47:00+00:00,0.004600000000000001,TP,4.0,4,1,TREND,2026-08-30 23:47:00+00:00,fold3
ETHUSDT,2026-08-31 00:23:00+00:00,0.004600000000000001,TP,21.0,8,0,TREND,2026-08-31 00:23:00+00:00,fold3
BTCUSDT,2026-08-31 00:35:00+00:00,0.004600000000000001,TP,35.0,7,2,TREND,2026-08-31 00:35:00+00:00,fold3
SOLUSDT,2026-08-31 00:36:00+00:00,0.004600000000000001,TP,38.0,6,2,TREND,2026-08-31 00:36:00+00:00,fold3
NEARUSDT,2026-08-31 00:38:00+00:00,-0.0264,MAE_KILL,44.0,5,0,TREND,2026-08-31 00:38:00+00:00,fold3
SOLUSDT,2026-08-31 05:25:00+00:00,0.004600000000000001,TP,301.0,8,3,TREND,2026-08-31 05:25:00+00:00,fold3
ETHUSDT,2026-08-31 05:27:00+00:00,0.0005000000000000001,BE_STOP,290.0,7,0,TREND,2026-08-31 05:27:00+00:00,fold3
ETHUSDT,2026-08-31 05:27:00+00:00,0.0005000000000000001,BE_STOP,288.0,7,1,TREND,2026-08-31 05:27:00+00:00,fold3
ETHUSDT,2026-08-31 05:27:00+00:00,0.0005000000000000001,BE_STOP,285.0,8,2,TREND,2026-08-31 05:27:00+00:00,fold3
XRPUSDT,2026-08-31 08:02:00+00:00,0.0005000000000000001,BE_STOP,17.0,6,1,TREND,2026-08-31 08:02:00+00:00,fold3
XRPUSDT,2026-08-31 08:02:00+00:00,0.0005000000000000001,BE_STOP,10.0,8,3,TREND,2026-08-31 08:02:00+00:00,fold3
XRPUSDT,2026-08-31 08:03:00+00:00,0.0005000000000000001,BE_STOP,20.0,5,0,TREND,2026-08-31 08:03:00+00:00,fold3
XRPUSDT,2026-08-31 08:03:00+00:00,0.0005000000000000001,BE_STOP,16.0,7,2,TREND,2026-08-31 08:03:00+00:00,fold3
SOLUSDT,2026-08-31 08:09:00+00:00,0.0005000000000000001,BE_STOP,6.0,5,2,TREND,2026-08-31 08:09:00+00:00,fold3
BTCUSDT,2026-08-31 08:44:00+00:00,0.0005000000000000001,BE_STOP,32.0,7,3,TREND,2026-08-31 08:44:00+00:00,fold3
ETHUSDT,2026-08-31 08:44:00+00:00,0.0005000000000000001,BE_STOP,30.0,8,0,TREND,2026-08-31 08:44:00+00:00,fold3
XRPUSDT,2026-08-31 09:11:00+00:00,0.0005000000000000001,BE_STOP,27.0,7,0,TREND,2026-08-31 09:11:00+00:00,fold3
XRPUSDT,2026-08-31 09:11:00+00:00,0.0005000000000000001,BE_STOP,25.0,8,1,TREND,2026-08-31 09:11:00+00:00,fold3
SOLUSDT,2026-08-31 10:12:00+00:00,0.0005000000000000001,BE_STOP,59.0,8,3,TREND,2026-08-31 10:12:00+00:00,fold3
SOLUSDT,2026-08-31 10:56:00+00:00,0.0005000000000000001,BE_STOP,732.0,8,5,TREND,2026-08-31 10:56:00+00:00,fold3
SOLUSDT,2026-08-31 11:26:00+00:00,0.0005000000000000001,BE_STOP,764.0,7,4,TREND,2026-08-31 11:26:00+00:00,fold3
BTCUSDT,2026-08-31 12:30:00+00:00,0.004600000000000001,TP,138.0,8,4,TREND,2026-08-31 12:30:00+00:00,fold3
BTCUSDT,2026-08-31 13:00:00+00:00,0.0005000000000000001,BE_STOP,293.0,6,2,TREND,2026-08-31 13:00:00+00:00,fold3
SOLUSDT,2026-08-31 13:38:00+00:00,0.0005000000000000001,BE_STOP,329.0,6,2,TREND,2026-08-31 13:38:00+00:00,fold3
BTCUSDT,2026-08-31 16:57:00+00:00,0.0005000000000000001,BE_STOP,466.0,7,3,TREND,2026-08-31 16:57:00+00:00,fold3
BTCUSDT,2026-08-31 16:57:00+00:00,0.0005000000000000001,BE_STOP,357.0,8,5,TREND,2026-08-31 16:57:00+00:00,fold3
SOLUSDT,2026-08-31 18:37:00+00:00,0.004600000000000001,TP,431.0,8,1,TREND,2026-08-31 18:37:00+00:00,fold3
BTCUSDT,2026-08-31 21:27:00+00:00,0.0005000000000000001,BE_STOP,127.0,8,7,TREND,2026-08-31 21:27:00+00:00,fold3
NEARUSDT,2026-08-31 23:21:00+00:00,0.004600000000000001,TP,7.0,8,0,TREND,2026-08-31 23:21:00+00:00,fold3
NEARUSDT,2026-08-31 23:27:00+00:00,0.0005000000000000001,BE_STOP,5.0,8,0,TREND,2026-08-31 23:27:00+00:00,fold3
NEARUSDT,2026-09-01 00:08:00+00:00,0.0005000000000000001,BE_STOP,40.0,8,0,TREND,2026-09-01 00:08:00+00:00,fold3
SOLUSDT,2026-09-01 00:32:00+00:00,0.0005000000000000001,BE_STOP,20.0,8,0,TREND,2026-09-01 00:32:00+00:00,fold3
NEARUSDT,2026-09-01 01:29:00+00:00,0.0005000000000000001,BE_STOP,56.0,8,0,TREND,2026-09-01 01:29:00+00:00,fold3
NEARUSDT,2026-09-01 02:59:00+00:00,0.004600000000000001,TP,75.0,8,0,TREND,2026-09-01 02:59:00+00:00,fold3
NEARUSDT,2026-09-01 03:39:00+00:00,0.0005000000000000001,BE_STOP,26.0,8,0,TREND,2026-09-01 03:39:00+00:00,fold3
NEARUSDT,2026-09-01 03:50:00+00:00,0.004600000000000001,TP,6.0,8,0,TREND,2026-09-01 03:50:00+00:00,fold3
NEARUSDT,2026-09-01 04:04:00+00:00,0.004600000000000001,TP,11.0,8,0,TREND,2026-09-01 04:04:00+00:00,fold3
BTCUSDT,2026-09-01 13:11:00+00:00,0.0005000000000000001,BE_STOP,269.0,8,7,TREND,2026-09-01 13:11:00+00:00,fold3
NEARUSDT,2026-09-01 13:30:00+00:00,0.0005000000000000001,BE_STOP,3.0,8,0,TREND,2026-09-01 13:30:00+00:00,fold3
NEARUSDT,2026-09-01 13:35:00+00:00,0.004600000000000001,TP,4.0,8,0,TREND,2026-09-01 13:35:00+00:00,fold3
NEARUSDT,2026-09-01 13:47:00+00:00,0.004600000000000001,TP,11.0,8,0,TREND,2026-09-01 13:47:00+00:00,fold3
NEARUSDT,2026-09-01 13:54:00+00:00,0.0048457472334634665,TP,6.0,8,0,TREND,2026-09-01 13:54:00+00:00,fold3
NEARUSDT,2026-09-01 14:02:00+00:00,0.004600000000000001,TP,6.0,8,0,TREND,2026-09-01 14:02:00+00:00,fold3
NEARUSDT,2026-09-01 14:07:00+00:00,0.004600000000000001,TP,5.0,8,0,TREND,2026-09-01 14:07:00+00:00,fold3
NEARUSDT,2026-09-01 14:19:00+00:00,0.0005000000000000001,BE_STOP,11.0,8,0,TREND,2026-09-01 14:19:00+00:00,fold3
NEARUSDT,2026-09-01 14:23:00+00:00,0.004600000000000001,TP,4.0,8,0,TREND,2026-09-01 14:23:00+00:00,fold3
NEARUSDT,2026-09-01 16:17:00+00:00,-0.0264,MAE_KILL,112.0,8,0,TREND,2026-09-01 16:17:00+00:00,fold3
BTCUSDT,2026-09-01 18:27:00+00:00,0.004600000000000001,TP,2557.0,4,1,TREND,2026-09-01 18:27:00+00:00,fold3
BTCUSDT,2026-09-01 18:28:00+00:00,0.004600000000000001,TP,2560.0,3,0,TREND,2026-09-01 18:28:00+00:00,fold3
SOLUSDT,2026-09-01 18:32:00+00:00,0.0005000000000000001,BE_STOP,3.0,6,0,TREND,2026-09-01 18:32:00+00:00,fold3
SOLUSDT,2026-09-01 18:37:00+00:00,0.004600000000000001,TP,6.0,7,1,TREND,2026-09-01 18:37:00+00:00,fold3
SOLUSDT,2026-09-01 18:40:00+00:00,0.0005000000000000001,BE_STOP,3.0,6,0,TREND,2026-09-01 18:40:00+00:00,fold3
SOLUSDT,2026-09-01 18:49:00+00:00,0.0005000000000000001,BE_STOP,10.0,7,1,TREND,2026-09-01 18:49:00+00:00,fold3
SOLUSDT,2026-09-01 18:49:00+00:00,0.0005000000000000001,BE_STOP,8.0,7,1,TREND,2026-09-01 18:49:00+00:00,fold3
ETHUSDT,2026-09-01 19:16:00+00:00,0.004600000000000001,TP,22.0,7,1,TREND,2026-09-01 19:16:00+00:00,fold3
SOLUSDT,2026-09-01 19:23:00+00:00,0.004600000000000001,TP,26.0,8,0,TREND,2026-09-01 19:23:00+00:00,fold3
NEARUSDT,2026-09-01 19:48:00+00:00,0.004600000000000001,TP,32.0,8,0,TREND,2026-09-01 19:48:00+00:00,fold3
NEARUSDT,2026-09-01 19:48:00+00:00,0.004600000000000001,TP,23.0,8,1,TREND,2026-09-01 19:48:00+00:00,fold3
NEARUSDT,2026-09-01 19:56:00+00:00,0.0005000000000000001,BE_STOP,8.0,7,0,TREND,2026-09-01 19:56:00+00:00,fold3
NEARUSDT,2026-09-01 20:19:00+00:00,0.0005000000000000001,BE_STOP,29.0,8,1,TREND,2026-09-01 20:19:00+00:00,fold3
NEARUSDT,2026-09-01 20:19:00+00:00,0.0005000000000000001,BE_STOP,21.0,8,1,TREND,2026-09-01 20:19:00+00:00,fold3
NEARUSDT,2026-09-01 20:31:00+00:00,0.0005000000000000001,BE_STOP,8.0,7,0,TREND,2026-09-01 20:31:00+00:00,fold3
NEARUSDT,2026-09-01 20:52:00+00:00,0.0005000000000000001,BE_STOP,24.0,8,1,TREND,2026-09-01 20:52:00+00:00,fold3
NEARUSDT,2026-09-01 20:52:00+00:00,0.0005000000000000001,BE_STOP,21.0,8,1,TREND,2026-09-01 20:52:00+00:00,fold3
NEARUSDT,2026-09-01 21:03:00+00:00,0.004600000000000001,TP,8.0,7,0,TREND,2026-09-01 21:03:00+00:00,fold3
NEARUSDT,2026-09-01 21:04:00+00:00,0.0005000000000000001,BE_STOP,6.0,8,1,TREND,2026-09-01 21:04:00+00:00,fold3
NEARUSDT,2026-09-01 21:20:00+00:00,0.0005000000000000001,BE_STOP,6.0,8,1,TREND,2026-09-01 21:20:00+00:00,fold3
NEARUSDT,2026-09-01 21:36:00+00:00,0.0005000000000000001,BE_STOP,16.0,8,1,TREND,2026-09-01 21:36:00+00:00,fold3
NEARUSDT,2026-09-01 22:46:00+00:00,0.0005000000000000001,BE_STOP,4.0,8,1,TREND,2026-09-01 22:46:00+00:00,fold3
NEARUSDT,2026-09-01 23:28:00+00:00,0.0005000000000000001,BE_STOP,42.0,8,1,TREND,2026-09-01 23:28:00+00:00,fold3
NEARUSDT,2026-09-02 01:15:00+00:00,-0.0264,MAE_KILL,251.0,7,0,TREND,2026-09-02 01:15:00+00:00,fold3
NEARUSDT,2026-09-02 01:55:00+00:00,0.0005000000000000001,BE_STOP,11.0,7,0,TREND,2026-09-02 01:55:00+00:00,fold3
NEARUSDT,2026-09-02 01:55:00+00:00,0.0005000000000000001,BE_STOP,9.0,8,1,TREND,2026-09-02 01:55:00+00:00,fold3
NEARUSDT,2026-09-02 02:07:00+00:00,0.0005000000000000001,BE_STOP,5.0,7,0,TREND,2026-09-02 02:07:00+00:00,fold3
NEARUSDT,2026-09-02 02:16:00+00:00,0.004600000000000001,TP,5.0,8,1,TREND,2026-09-02 02:16:00+00:00,fold3
NEARUSDT,2026-09-02 03:10:00+00:00,-0.0264,MAE_KILL,65.0,8,1,TREND,2026-09-02 03:10:00+00:00,fold3
SOLUSDT,2026-09-02 09:25:00+00:00,0.0005000000000000001,BE_STOP,26.0,7,0,TREND,2026-09-02 09:25:00+00:00,fold3
ETHUSDT,2026-09-02 09:28:00+00:00,0.0005000000000000001,BE_STOP,882.0,8,0,TREND,2026-09-02 09:28:00+00:00,fold3
ETHUSDT,2026-09-02 10:37:00+00:00,0.0005000000000000001,BE_STOP,54.0,7,0,TREND,2026-09-02 10:37:00+00:00,fold3
SOLUSDT,2026-09-02 10:50:00+00:00,0.004600000000000001,TP,12.0,8,1,TREND,2026-09-02 10:50:00+00:00,fold3
BTCUSDT,2026-09-02 10:55:00+00:00,0.0005000000000000001,BE_STOP,69.0,8,5,TREND,2026-09-02 10:55:00+00:00,fold3
SOLUSDT,2026-09-02 11:28:00+00:00,0.0005000000000000001,BE_STOP,37.0,8,1,TREND,2026-09-02 11:28:00+00:00,fold3
BTCUSDT,2026-09-02 12:50:00+00:00,0.0005000000000000001,BE_STOP,110.0,8,5,TREND,2026-09-02 12:50:00+00:00,fold3
SOLUSDT,2026-09-02 13:47:00+00:00,0.0005000000000000001,BE_STOP,284.0,8,1,TREND,2026-09-02 13:47:00+00:00,fold3
BTCUSDT,2026-09-02 19:01:00+00:00,-0.023373405675429684,MAX_AGE,2880.0,3,2,TREND,2026-09-02 19:01:00+00:00,fold3
BTCUSDT,2026-09-02 19:03:00+00:00,-0.023449493389200243,MAX_AGE,2880.0,4,3,TREND,2026-09-02 19:03:00+00:00,fold3
BTCUSDT,2026-09-02 19:10:00+00:00,-0.02442774548946285,MAX_AGE,2880.0,5,4,TREND,2026-09-02 19:10:00+00:00,fold3
BTCUSDT,2026-09-02 19:14:00+00:00,-0.02409548528767015,MAX_AGE,2880.0,6,5,TREND,2026-09-02 19:14:00+00:00,fold3
BTCUSDT,2026-09-02 19:16:00+00:00,-0.02380457952538495,MAX_AGE,2880.0,7,6,TREND,2026-09-02 19:16:00+00:00,fold3
XRPUSDT,2026-09-03 04:52:00+00:00,0.0005000000000000001,BE_STOP,90.0,4,1,TREND,2026-09-03 04:52:00+00:00,fold3
XRPUSDT,2026-09-03 04:52:00+00:00,0.0005000000000000001,BE_STOP,87.0,5,2,TREND,2026-09-03 04:52:00+00:00,fold3
XRPUSDT,2026-09-03 04:52:00+00:00,0.0005000000000000001,BE_STOP,85.0,6,3,TREND,2026-09-03 04:52:00+00:00,fold3
XRPUSDT,2026-09-03 07:10:00+00:00,0.0005000000000000001,BE_STOP,235.0,3,0,TREND,2026-09-03 07:10:00+00:00,fold3
SOLUSDT,2026-09-03 12:54:00+00:00,-0.0414,MAE_KILL,1526.0,8,1,TREND,2026-09-03 12:54:00+00:00,fold3
SOLUSDT,2026-09-03 12:57:00+00:00,-0.0414,MAE_KILL,1446.0,8,2,TREND,2026-09-03 12:57:00+00:00,fold3
BTCUSDT,2026-09-03 13:55:00+00:00,0.0005000000000000001,BE_STOP,56.0,1,0,TREND,2026-09-03 13:55:00+00:00,fold3
BTCUSDT,2026-09-03 13:55:00+00:00,0.0005000000000000001,BE_STOP,53.0,2,1,TREND,2026-09-03 13:55:00+00:00,fold3
XRPUSDT,2026-09-03 14:04:00+00:00,0.0005000000000000001,BE_STOP,7.0,5,3,TREND,2026-09-03 14:04:00+00:00,fold3
BTCUSDT,2026-09-03 14:16:00+00:00,0.004600000000000001,TP,72.0,3,2,TREND,2026-09-03 14:16:00+00:00,fold3
XRPUSDT,2026-09-03 14:23:00+00:00,0.004600000000000001,TP,36.0,5,1,TREND,2026-09-03 14:23:00+00:00,fold3
XRPUSDT,2026-09-03 14:24:00+00:00,0.004600000000000001,TP,33.0,6,2,TREND,2026-09-03 14:24:00+00:00,fold3
XRPUSDT,2026-09-03 14:27:00+00:00,0.004600000000000001,TP,43.0,4,0,TREND,2026-09-03 14:27:00+00:00,fold3
ETHUSDT,2026-09-03 14:32:00+00:00,0.004600000000000001,TP,4.0,1,0,TREND,2026-09-03 14:32:00+00:00,fold3
BTCUSDT,2026-09-03 14:48:00+00:00,0.004600000000000001,TP,15.0,1,0,TREND,2026-09-03 14:48:00+00:00,fold3
ETHUSDT,2026-09-03 14:48:00+00:00,0.004600000000000001,TP,13.0,2,0,TREND,2026-09-03 14:48:00+00:00,fold3
BTCUSDT,2026-09-03 14:48:00+00:00,0.004600000000000001,TP,10.0,3,1,TREND,2026-09-03 14:48:00+00:00,fold3
BTCUSDT,2026-09-03 14:48:00+00:00,0.004600000000000001,TP,8.0,4,2,TREND,2026-09-03 14:48:00+00:00,fold3
BTCUSDT,2026-09-03 14:48:00+00:00,0.004600000000000001,TP,5.0,5,3,TREND,2026-09-03 14:48:00+00:00,fold3
SOLUSDT,2026-09-03 14:49:00+00:00,0.004600000000000001,TP,2.0,6,0,TREND,2026-09-03 14:49:00+00:00,fold3
ETHUSDT,2026-09-03 15:00:00+00:00,0.004600000000000001,TP,8.0,2,0,TREND,2026-09-03 15:00:00+00:00,fold3
ETHUSDT,2026-09-03 15:00:00+00:00,0.004600000000000001,TP,5.0,3,1,TREND,2026-09-03 15:00:00+00:00,fold3
BTCUSDT,2026-09-03 15:01:00+00:00,0.004600000000000001,TP,11.0,1,0,TREND,2026-09-03 15:01:00+00:00,fold3
BTCUSDT,2026-09-03 15:01:00+00:00,0.004600000000000001,TP,4.0,4,1,TREND,2026-09-03 15:01:00+00:00,fold3
NEARUSDT,2026-09-03 15:04:00+00:00,0.004600000000000001,TP,4.0,3,0,TREND,2026-09-03 15:04:00+00:00,fold3
BTCUSDT,2026-09-03 15:45:00+00:00,0.0005000000000000001,BE_STOP,21.0,8,5,TREND,2026-09-03 15:45:00+00:00,fold3
BTCUSDT,2026-09-03 15:46:00+00:00,0.0005000000000000001,BE_STOP,40.0,2,0,TREND,2026-09-03 15:46:00+00:00,fold3
BTCUSDT,2026-09-03 15:47:00+00:00,0.0005000000000000001,BE_STOP,39.0,3,1,TREND,2026-09-03 15:47:00+00:00,fold3
SOLUSDT,2026-09-03 15:50:00+00:00,0.0005000000000000001,BE_STOP,29.0,7,0,TREND,2026-09-03 15:50:00+00:00,fold3
SOLUSDT,2026-09-03 15:50:00+00:00,0.0005000000000000001,BE_STOP,5.0,8,1,TREND,2026-09-03 15:50:00+00:00,fold3
BTCUSDT,2026-09-03 15:51:00+00:00,0.004600000000000001,TP,41.0,4,2,TREND,2026-09-03 15:51:00+00:00,fold3
BTCUSDT,2026-09-03 15:51:00+00:00,0.004600000000000001,TP,37.0,5,3,TREND,2026-09-03 15:51:00+00:00,fold3
ETHUSDT,2026-09-03 15:52:00+00:00,0.004600000000000001,TP,49.0,2,0,TREND,2026-09-03 15:52:00+00:00,fold3
BTCUSDT,2026-09-03 15:52:00+00:00,0.004600000000000001,TP,33.0,6,4,TREND,2026-09-03 15:52:00+00:00,fold3
NEARUSDT,2026-09-03 15:52:00+00:00,0.004600000000000001,TP,5.0,7,0,TREND,2026-09-03 15:52:00+00:00,fold3
BTCUSDT,2026-09-03 16:33:00+00:00,0.0005000000000000001,BE_STOP,26.0,8,3,TREND,2026-09-03 16:33:00+00:00,fold3
XRPUSDT,2026-09-03 18:08:00+00:00,0.0005000000000000001,BE_STOP,129.0,5,0,TREND,2026-09-03 18:08:00+00:00,fold3
BTCUSDT,2026-09-03 18:26:00+00:00,0.0005000000000000001,BE_STOP,111.0,8,3,TREND,2026-09-03 18:26:00+00:00,fold3
SOLUSDT,2026-09-03 19:04:00+00:00,0.004600000000000001,TP,187.0,4,0,TREND,2026-09-03 19:04:00+00:00,fold3
BTCUSDT,2026-09-03 19:05:00+00:00,0.004600000000000001,TP,190.0,3,1,TREND,2026-09-03 19:05:00+00:00,fold3
SOLUSDT,2026-09-03 19:05:00+00:00,0.004600000000000001,TP,57.0,8,1,TREND,2026-09-03 19:05:00+00:00,fold3
BTCUSDT,2026-09-03 19:06:00+00:00,0.0005000000000000001,BE_STOP,193.0,2,0,TREND,2026-09-03 19:06:00+00:00,fold3
BTCUSDT,2026-09-03 19:06:00+00:00,0.0005000000000000001,BE_STOP,185.0,6,2,TREND,2026-09-03 19:06:00+00:00,fold3
NEARUSDT,2026-09-03 19:19:00+00:00,0.0005000000000000001,BE_STOP,6.0,6,0,TREND,2026-09-03 19:19:00+00:00,fold3
XRPUSDT,2026-09-03 19:48:00+00:00,0.0005000000000000001,BE_STOP,37.0,5,1,TREND,2026-09-03 19:48:00+00:00,fold3
BTCUSDT,2026-09-03 19:52:00+00:00,0.004600000000000001,TP,46.0,4,0,TREND,2026-09-03 19:52:00+00:00,fold3
ETHUSDT,2026-09-03 20:39:00+00:00,0.0005000000000000001,BE_STOP,82.0,8,1,TREND,2026-09-03 20:39:00+00:00,fold3
BTCUSDT,2026-09-03 21:34:00+00:00,0.004600000000000001,TP,132.0,8,1,TREND,2026-09-03 21:34:00+00:00,fold3
BTCUSDT,2026-09-03 21:34:00+00:00,0.004600000000000001,TP,101.0,8,1,TREND,2026-09-03 21:34:00+00:00,fold3
BTCUSDT,2026-09-03 21:34:00+00:00,0.004600000000000001,TP,7.0,8,2,TREND,2026-09-03 21:34:00+00:00,fold3
XRPUSDT,2026-09-03 22:04:00+00:00,0.0005000000000000001,BE_STOP,169.0,7,2,TREND,2026-09-03 22:04:00+00:00,fold3
XRPUSDT,2026-09-03 22:05:00+00:00,0.0005000000000000001,BE_STOP,137.0,8,2,TREND,2026-09-03 22:05:00+00:00,fold3
SOLUSDT,2026-09-03 22:32:00+00:00,0.004600000000000001,TP,246.0,8,2,TREND,2026-09-03 22:32:00+00:00,fold3
BTCUSDT,2026-09-03 22:33:00+00:00,0.004600000000000001,TP,46.0,8,2,TREND,2026-09-03 22:33:00+00:00,fold3
NEARUSDT,2026-09-04 00:29:00+00:00,0.004600000000000001,TP,75.0,6,1,TREND,2026-09-04 00:29:00+00:00,fold3
NEARUSDT,2026-09-04 01:02:00+00:00,0.0005000000000000001,BE_STOP,139.0,5,0,TREND,2026-09-04 01:02:00+00:00,fold3
XRPUSDT,2026-09-04 01:06:00+00:00,0.0005000000000000001,BE_STOP,542.0,7,1,TREND,2026-09-04 01:06:00+00:00,fold3
SOLUSDT,2026-09-04 01:06:00+00:00,0.0005000000000000001,BE_STOP,38.0,8,0,TREND,2026-09-04 01:06:00+00:00,fold3
SOLUSDT,2026-09-04 01:06:00+00:00,0.0005000000000000001,BE_STOP,36.0,8,1,TREND,2026-09-04 01:06:00+00:00,fold3
SOLUSDT,2026-09-04 01:48:00+00:00,0.0005000000000000001,BE_STOP,20.0,8,3,TREND,2026-09-04 01:48:00+00:00,fold3
XRPUSDT,2026-09-04 02:02:00+00:00,0.0005000000000000001,BE_STOP,11.0,8,0,TREND,2026-09-04 02:02:00+00:00,fold3
SOLUSDT,2026-09-04 03:12:00+00:00,0.0005000000000000001,BE_STOP,119.0,6,1,TREND,2026-09-04 03:12:00+00:00,fold3
SOLUSDT,2026-09-04 04:39:00+00:00,0.0005000000000000001,BE_STOP,87.0,8,3,TREND,2026-09-04 04:39:00+00:00,fold3
NEARUSDT,2026-09-04 07:03:00+00:00,0.004600000000000001,TP,467.0,7,2,TREND,2026-09-04 07:03:00+00:00,fold3
SOLUSDT,2026-09-04 08:06:00+00:00,0.0005000000000000001,BE_STOP,353.0,8,3,TREND,2026-09-04 08:06:00+00:00,fold3
NEARUSDT,2026-09-04 10:01:00+00:00,0.004600000000000001,TP,4.0,6,0,TREND,2026-09-04 10:01:00+00:00,fold3
NEARUSDT,2026-09-04 11:20:00+00:00,0.004600000000000001,TP,38.0,8,2,TREND,2026-09-04 11:20:00+00:00,fold3
NEARUSDT,2026-09-04 11:36:00+00:00,0.004600000000000001,TP,15.0,8,2,TREND,2026-09-04 11:36:00+00:00,fold3
ETHUSDT,2026-09-04 12:30:00+00:00,0.004600000000000001,TP,1241.0,8,1,TREND,2026-09-04 12:30:00+00:00,fold3
SOLUSDT,2026-09-04 12:30:00+00:00,0.004600000000000001,TP,685.0,8,2,TREND,2026-09-04 12:30:00+00:00,fold3
SOLUSDT,2026-09-04 12:30:00+00:00,0.004600000000000001,TP,664.0,7,2,TREND,2026-09-04 12:30:00+00:00,fold3
NEARUSDT,2026-09-04 12:30:00+00:00,-0.0264,MAE_KILL,148.0,6,0,TREND,2026-09-04 12:30:00+00:00,fold3
NEARUSDT,2026-09-04 12:30:00+00:00,-0.0264,MAE_KILL,146.0,7,1,TREND,2026-09-04 12:30:00+00:00,fold3
NEARUSDT,2026-09-04 12:30:00+00:00,-0.0264,MAE_KILL,53.0,8,2,TREND,2026-09-04 12:30:00+00:00,fold3
XRPUSDT,2026-09-04 13:00:00+00:00,0.004684787022353305,TP,7.0,6,3,TREND,2026-09-04 13:00:00+00:00,fold3
XRPUSDT,2026-09-04 13:02:00+00:00,0.0005000000000000001,BE_STOP,13.0,4,1,TREND,2026-09-04 13:02:00+00:00,fold3
XRPUSDT,2026-09-04 13:02:00+00:00,0.0005000000000000001,BE_STOP,11.0,5,2,TREND,2026-09-04 13:02:00+00:00,fold3
XRPUSDT,2026-09-04 13:02:00+00:00,0.0005000000000000001,BE_STOP,5.0,7,4,TREND,2026-09-04 13:02:00+00:00,fold3
BTCUSDT,2026-09-04 13:38:00+00:00,0.0005000000000000001,BE_STOP,23.0,4,2,TREND,2026-09-04 13:38:00+00:00,fold3
SOLUSDT,2026-09-04 13:38:00+00:00,0.0005000000000000001,BE_STOP,21.0,5,0,TREND,2026-09-04 13:38:00+00:00,fold3
SOLUSDT,2026-09-04 13:38:00+00:00,0.0005000000000000001,BE_STOP,19.0,6,1,TREND,2026-09-04 13:38:00+00:00,fold3
SOLUSDT,2026-09-04 13:47:00+00:00,0.004600000000000001,TP,7.0,7,1,TREND,2026-09-04 13:47:00+00:00,fold3
ETHUSDT,2026-09-04 13:53:00+00:00,0.0005000000000000001,BE_STOP,31.0,7,0,TREND,2026-09-04 13:53:00+00:00,fold3
ETHUSDT,2026-09-04 13:53:00+00:00,0.0005000000000000001,BE_STOP,29.0,8,1,TREND,2026-09-04 13:53:00+00:00,fold3
SOLUSDT,2026-09-04 13:54:00+00:00,0.0005000000000000001,BE_STOP,16.0,6,0,TREND,2026-09-04 13:54:00+00:00,fold3
SOLUSDT,2026-09-04 13:54:00+00:00,0.0005000000000000001,BE_STOP,12.0,8,2,TREND,2026-09-04 13:54:00+00:00,fold3
SOLUSDT,2026-09-04 14:19:00+00:00,0.004600000000000001,TP,18.0,7,0,TREND,2026-09-04 14:19:00+00:00,fold3
XRPUSDT,2026-09-04 14:23:00+00:00,0.0005000000000000001,BE_STOP,96.0,3,0,TREND,2026-09-04 14:23:00+00:00,fold3
BTCUSDT,2026-09-04 14:23:00+00:00,0.0005000000000000001,BE_STOP,28.0,5,3,TREND,2026-09-04 14:23:00+00:00,fold3
BTCUSDT,2026-09-04 14:23:00+00:00,0.0005000000000000001,BE_STOP,24.0,6,4,TREND,2026-09-04 14:23:00+00:00,fold3
SOLUSDT,2026-09-04 14:43:00+00:00,0.004600000000000001,TP,20.0,6,0,TREND,2026-09-04 14:43:00+00:00,fold3
SOLUSDT,2026-09-04 14:43:00+00:00,0.004600000000000001,TP,18.0,7,1,TREND,2026-09-04 14:43:00+00:00,fold3
SOLUSDT,2026-09-04 14:43:00+00:00,0.004600000000000001,TP,16.0,8,2,TREND,2026-09-04 14:43:00+00:00,fold3
ETHUSDT,2026-09-04 14:45:00+00:00,0.0005000000000000001,BE_STOP,25.0,8,0,TREND,2026-09-04 14:45:00+00:00,fold3
BTCUSDT,2026-09-04 14:56:00+00:00,0.0005000000000000001,BE_STOP,12.0,6,4,TREND,2026-09-04 14:56:00+00:00,fold3
BTCUSDT,2026-09-04 17:15:00+00:00,0.0005000000000000001,BE_STOP,192.0,8,5,TREND,2026-09-04 17:15:00+00:00,fold3
XRPUSDT,2026-09-04 17:48:00+00:00,0.0005000000000000001,BE_STOP,31.0,8,0,TREND,2026-09-04 17:48:00+00:00,fold3
NEARUSDT,2026-09-04 19:36:00+00:00,0.006591325562483046,TP,4.0,8,0,TREND,2026-09-04 19:36:00+00:00,fold3
NEARUSDT,2026-09-04 19:48:00+00:00,0.00874606606926486,TP,8.0,8,0,TREND,2026-09-04 19:48:00+00:00,fold3
NEARUSDT,2026-09-04 20:10:00+00:00,-0.0264,MAE_KILL,21.0,8,0,TREND,2026-09-04 20:10:00+00:00,fold3
NEARUSDT,2026-09-04 20:15:00+00:00,0.007267721625534533,TP,4.0,8,0,TREND,2026-09-04 20:15:00+00:00,fold3
NEARUSDT,2026-09-04 21:53:00+00:00,0.005969415025509024,TP,95.0,8,0,TREND,2026-09-04 21:53:00+00:00,fold3
NEARUSDT,2026-09-04 23:20:00+00:00,-0.0264,MAE_KILL,84.0,8,0,TREND,2026-09-04 23:20:00+00:00,fold3
NEARUSDT,2026-09-04 23:30:00+00:00,0.004600000000000001,TP,2.0,8,0,TREND,2026-09-04 23:30:00+00:00,fold3
NEARUSDT,2026-09-04 23:36:00+00:00,0.004600000000000001,TP,5.0,8,0,TREND,2026-09-04 23:36:00+00:00,fold3
NEARUSDT,2026-09-04 23:43:00+00:00,0.0005000000000000001,BE_STOP,6.0,8,0,TREND,2026-09-04 23:43:00+00:00,fold3
NEARUSDT,2026-09-05 00:15:00+00:00,0.004600000000000001,TP,3.0,8,0,TREND,2026-09-05 00:15:00+00:00,fold3
NEARUSDT,2026-09-05 00:18:00+00:00,0.005104317253502941,TP,1.0,8,0,TREND,2026-09-05 00:18:00+00:00,fold3
NEARUSDT,2026-09-05 00:23:00+00:00,0.005569396045860817,TP,4.0,8,0,TREND,2026-09-05 00:23:00+00:00,fold3
NEARUSDT,2026-09-05 00:29:00+00:00,0.005670487120697846,TP,3.0,8,0,TREND,2026-09-05 00:29:00+00:00,fold3
NEARUSDT,2026-09-05 01:17:00+00:00,0.0055711142375501664,TP,5.0,8,0,TREND,2026-09-05 01:17:00+00:00,fold3
NEARUSDT,2026-09-05 02:00:00+00:00,-0.0264,MAE_KILL,43.0,8,0,TREND,2026-09-05 02:00:00+00:00,fold3
SOLUSDT,2026-09-05 12:54:00+00:00,0.004600000000000001,TP,325.0,8,1,TREND,2026-09-05 12:54:00+00:00,fold3
BTCUSDT,2026-09-05 16:55:00+00:00,0.004600000000000001,TP,1627.0,8,2,TREND,2026-09-05 16:55:00+00:00,fold3
SOLUSDT,2026-09-05 17:01:00+00:00,0.0005000000000000001,BE_STOP,241.0,8,1,TREND,2026-09-05 17:01:00+00:00,fold3
ETHUSDT,2026-09-05 17:01:00+00:00,0.0005000000000000001,BE_STOP,6.0,8,0,TREND,2026-09-05 17:01:00+00:00,fold3
ETHUSDT,2026-09-05 17:28:00+00:00,0.0005000000000000001,BE_STOP,27.0,7,0,TREND,2026-09-05 17:28:00+00:00,fold3
BTCUSDT,2026-09-05 21:35:00+00:00,-0.026779390191178844,MAX_AGE,2880.0,6,0,TREND,2026-09-05 21:35:00+00:00,fold3
BTCUSDT,2026-09-05 21:37:00+00:00,-0.025362935239409332,MAX_AGE,2880.0,7,1,TREND,2026-09-05 21:37:00+00:00,fold3
ETHUSDT,2026-09-05 22:21:00+00:00,0.0005000000000000001,BE_STOP,288.0,8,0,TREND,2026-09-05 22:21:00+00:00,fold3
NEARUSDT,2026-09-05 23:19:00+00:00,0.004600000000000001,TP,18.0,6,0,TREND,2026-09-05 23:19:00+00:00,fold3
NEARUSDT,2026-09-06 00:09:00+00:00,0.0005000000000000001,BE_STOP,65.0,7,1,TREND,2026-09-06 00:09:00+00:00,fold3
NEARUSDT,2026-09-06 00:09:00+00:00,0.0005000000000000001,BE_STOP,63.0,8,2,TREND,2026-09-06 00:09:00+00:00,fold3
NEARUSDT,2026-09-06 01:08:00+00:00,0.004600000000000001,TP,108.0,8,2,TREND,2026-09-06 01:08:00+00:00,fold3
ETHUSDT,2026-09-06 02:02:00+00:00,0.0005000000000000001,BE_STOP,5.0,6,0,TREND,2026-09-06 02:02:00+00:00,fold3
SOLUSDT,2026-09-06 02:40:00+00:00,-0.0414,MAE_KILL,2148.0,7,0,TREND,2026-09-06 02:40:00+00:00,fold3
ETHUSDT,2026-09-06 03:48:00+00:00,0.0005000000000000001,BE_STOP,105.0,7,1,TREND,2026-09-06 03:48:00+00:00,fold3
ETHUSDT,2026-09-06 05:39:00+00:00,0.004600000000000001,TP,218.0,7,1,TREND,2026-09-06 05:39:00+00:00,fold3
ETHUSDT,2026-09-06 05:39:00+00:00,0.004600000000000001,TP,209.0,8,2,TREND,2026-09-06 05:39:00+00:00,fold3
ETHUSDT,2026-09-06 05:40:00+00:00,0.004600000000000001,TP,112.0,8,3,TREND,2026-09-06 05:40:00+00:00,fold3
ETHUSDT,2026-09-06 07:13:00+00:00,0.004600000000000001,TP,225.0,8,3,TREND,2026-09-06 07:13:00+00:00,fold3
NEARUSDT,2026-09-06 08:25:00+00:00,-0.0264,MAE_KILL,10.0,8,0,TREND,2026-09-06 08:25:00+00:00,fold3
NEARUSDT,2026-09-06 12:12:00+00:00,0.004600000000000001,TP,66.0,8,0,TREND,2026-09-06 12:12:00+00:00,fold3
SOLUSDT,2026-09-06 12:42:00+00:00,0.004600000000000001,TP,27.0,8,0,TREND,2026-09-06 12:42:00+00:00,fold3
SOLUSDT,2026-09-06 12:56:00+00:00,0.0005000000000000001,BE_STOP,12.0,8,0,TREND,2026-09-06 12:56:00+00:00,fold3
BTCUSDT,2026-09-06 14:50:00+00:00,-0.011981560859515428,MAX_AGE,2880.0,6,5,TREND,2026-09-06 14:50:00+00:00,fold3
BTCUSDT,2026-09-06 14:55:00+00:00,-0.010261835694926918,MAX_AGE,2880.0,8,6,TREND,2026-09-06 14:55:00+00:00,fold3
BTCUSDT,2026-09-06 14:58:00+00:00,-0.008590773318406415,MAX_AGE,2880.0,8,6,TREND,2026-09-06 14:58:00+00:00,fold3
BTCUSDT,2026-09-06 23:06:00+00:00,0.0005000000000000001,BE_STOP,1803.0,8,5,TREND,2026-09-06 23:06:00+00:00,fold3
ETHUSDT,2026-09-06 23:41:00+00:00,0.0005000000000000001,BE_STOP,1075.0,7,2,TREND,2026-09-06 23:41:00+00:00,fold3
ETHUSDT,2026-09-06 23:48:00+00:00,0.0005000000000000001,BE_STOP,1086.0,6,1,TREND,2026-09-06 23:48:00+00:00,fold3
ETHUSDT,2026-09-06 23:51:00+00:00,0.0005000000000000001,BE_STOP,1080.0,8,3,TREND,2026-09-06 23:51:00+00:00,fold3
ETHUSDT,2026-09-07 01:44:00+00:00,0.004600000000000001,TP,65.0,8,6,TREND,2026-09-07 01:44:00+00:00,fold3
ETHUSDT,2026-09-07 02:39:00+00:00,0.004600000000000001,TP,130.0,5,3,TREND,2026-09-07 02:39:00+00:00,fold3
ETHUSDT,2026-09-07 02:39:00+00:00,0.004600000000000001,TP,128.0,6,4,TREND,2026-09-07 02:39:00+00:00,fold3
ETHUSDT,2026-09-07 02:39:00+00:00,0.004600000000000001,TP,126.0,7,5,TREND,2026-09-07 02:39:00+00:00,fold3
SOLUSDT,2026-09-07 14:50:00+00:00,0.0005000000000000001,BE_STOP,421.0,8,1,TREND,2026-09-07 14:50:00+00:00,fold3
BTCUSDT,2026-09-07 14:52:00+00:00,0.0005000000000000001,BE_STOP,430.0,5,0,TREND,2026-09-07 14:52:00+00:00,fold3
BTCUSDT,2026-09-07 14:53:00+00:00,0.0005000000000000001,BE_STOP,429.0,6,1,TREND,2026-09-07 14:53:00+00:00,fold3
BTCUSDT,2026-09-07 14:53:00+00:00,0.0005000000000000001,BE_STOP,426.0,7,2,TREND,2026-09-07 14:53:00+00:00,fold3
ETHUSDT,2026-09-07 15:35:00+00:00,0.0005000000000000001,BE_STOP,1471.0,7,4,TREND,2026-09-07 15:35:00+00:00,fold3
ETHUSDT,2026-09-07 15:36:00+00:00,0.0005000000000000001,BE_STOP,1469.0,8,5,TREND,2026-09-07 15:36:00+00:00,fold3
ETHUSDT,2026-09-07 15:48:00+00:00,0.0005000000000000001,BE_STOP,1486.0,6,3,TREND,2026-09-07 15:48:00+00:00,fold3
SOLUSDT,2026-09-07 18:39:00+00:00,0.0005000000000000001,BE_STOP,36.0,2,1,TREND,2026-09-07 18:39:00+00:00,fold3
SOLUSDT,2026-09-07 18:41:00+00:00,0.0005000000000000001,BE_STOP,30.0,5,4,TREND,2026-09-07 18:41:00+00:00,fold3
SOLUSDT,2026-09-07 18:42:00+00:00,0.0005000000000000001,BE_STOP,37.0,3,2,TREND,2026-09-07 18:42:00+00:00,fold3
XRPUSDT,2026-09-07 22:10:00+00:00,0.0005000000000000001,BE_STOP,82.0,7,0,TREND,2026-09-07 22:10:00+00:00,fold3
SOLUSDT,2026-09-07 22:22:00+00:00,0.0005000000000000001,BE_STOP,253.0,4,3,TREND,2026-09-07 22:22:00+00:00,fold3
SOLUSDT,2026-09-07 22:40:00+00:00,0.004600000000000001,TP,266.0,6,5,TREND,2026-09-07 22:40:00+00:00,fold3
SOLUSDT,2026-09-07 22:40:00+00:00,0.004600000000000001,TP,262.0,7,6,TREND,2026-09-07 22:40:00+00:00,fold3
SOLUSDT,2026-09-07 22:40:00+00:00,0.004600000000000001,TP,256.0,8,7,TREND,2026-09-07 22:40:00+00:00,fold3
SOLUSDT,2026-09-07 22:56:00+00:00,0.0005000000000000001,BE_STOP,257.0,8,7,TREND,2026-09-07 22:56:00+00:00,fold3
XRPUSDT,2026-09-08 01:17:00+00:00,0.0005000000000000001,BE_STOP,267.0,8,1,TREND,2026-09-08 01:17:00+00:00,fold3
SOLUSDT,2026-09-08 03:21:00+00:00,-0.0414,MAE_KILL,2305.0,8,0,TREND,2026-09-08 03:21:00+00:00,fold3
NEARUSDT,2026-09-08 06:20:00+00:00,0.004600000000000001,TP,12.0,4,1,TREND,2026-09-08 06:20:00+00:00,fold3
NEARUSDT,2026-09-08 06:20:00+00:00,0.004600000000000001,TP,10.0,5,2,TREND,2026-09-08 06:20:00+00:00,fold3
BTCUSDT,2026-09-08 07:07:00+00:00,0.0005000000000000001,BE_STOP,61.0,3,1,TREND,2026-09-08 07:07:00+00:00,fold3
BTCUSDT,2026-09-08 07:07:00+00:00,0.0005000000000000001,BE_STOP,55.0,6,2,TREND,2026-09-08 07:07:00+00:00,fold3
BTCUSDT,2026-09-08 07:11:00+00:00,0.0005000000000000001,BE_STOP,72.0,1,0,TREND,2026-09-08 07:11:00+00:00,fold3
NEARUSDT,2026-09-08 07:30:00+00:00,0.004600000000000001,TP,88.0,2,0,TREND,2026-09-08 07:30:00+00:00,fold3
ETHUSDT,2026-09-08 07:45:00+00:00,0.0005000000000000001,BE_STOP,38.0,7,0,TREND,2026-09-08 07:45:00+00:00,fold3
BTCUSDT,2026-09-08 07:54:00+00:00,0.0005000000000000001,BE_STOP,94.0,5,3,TREND,2026-09-08 07:54:00+00:00,fold3
BTCUSDT,2026-09-08 07:54:00+00:00,0.0005000000000000001,BE_STOP,90.0,7,5,TREND,2026-09-08 07:54:00+00:00,fold3
BTCUSDT,2026-09-08 07:54:00+00:00,0.0005000000000000001,BE_STOP,88.0,8,6,TREND,2026-09-08 07:54:00+00:00,fold3
BTCUSDT,2026-09-08 07:56:00+00:00,0.0005000000000000001,BE_STOP,94.0,6,4,TREND,2026-09-08 07:56:00+00:00,fold3
BTCUSDT,2026-09-08 10:20:00+00:00,0.004600000000000001,TP,191.0,8,5,TREND,2026-09-08 10:20:00+00:00,fold3
BTCUSDT,2026-09-08 10:20:00+00:00,0.004600000000000001,TP,189.0,8,5,TREND,2026-09-08 10:20:00+00:00,fold3
BTCUSDT,2026-09-08 10:20:00+00:00,0.004600000000000001,TP,170.0,8,6,TREND,2026-09-08 10:20:00+00:00,fold3
XRPUSDT,2026-09-08 16:38:00+00:00,0.0005000000000000001,BE_STOP,20.0,4,0,TREND,2026-09-08 16:38:00+00:00,fold3
XRPUSDT,2026-09-08 18:21:00+00:00,0.004600000000000001,TP,86.0,8,4,TREND,2026-09-08 18:21:00+00:00,fold3
XRPUSDT,2026-09-08 18:22:00+00:00,0.004600000000000001,TP,99.0,6,2,TREND,2026-09-08 18:22:00+00:00,fold3
XRPUSDT,2026-09-08 18:22:00+00:00,0.004600000000000001,TP,90.0,7,3,TREND,2026-09-08 18:22:00+00:00,fold3
XRPUSDT,2026-09-08 18:53:00+00:00,0.004600000000000001,TP,13.0,8,4,TREND,2026-09-08 18:53:00+00:00,fold3
XRPUSDT,2026-09-08 18:54:00+00:00,0.0005000000000000001,BE_STOP,153.0,5,1,TREND,2026-09-08 18:54:00+00:00,fold3
XRPUSDT,2026-09-08 18:54:00+00:00,0.0005000000000000001,BE_STOP,150.0,6,2,TREND,2026-09-08 18:54:00+00:00,fold3
ETHUSDT,2026-09-08 20:00:00+00:00,0.0005000000000000001,BE_STOP,67.0,8,3,TREND,2026-09-08 20:00:00+00:00,fold3
ETHUSDT,2026-09-08 20:00:00+00:00,0.0005000000000000001,BE_STOP,65.0,7,4,TREND,2026-09-08 20:00:00+00:00,fold3
SOLUSDT,2026-09-08 20:00:00+00:00,0.0005000000000000001,BE_STOP,63.0,8,0,TREND,2026-09-08 20:00:00+00:00,fold3
NEARUSDT,2026-09-08 21:02:00+00:00,0.004600000000000001,TP,6.0,8,2,TREND,2026-09-08 21:02:00+00:00,fold3
NEARUSDT,2026-09-08 21:34:00+00:00,0.0005000000000000001,BE_STOP,51.0,6,0,TREND,2026-09-08 21:34:00+00:00,fold3
NEARUSDT,2026-09-08 21:34:00+00:00,0.0005000000000000001,BE_STOP,49.0,7,1,TREND,2026-09-08 21:34:00+00:00,fold3
BTCUSDT,2026-09-09 05:22:00+00:00,0.0005000000000000001,BE_STOP,17.0,8,2,TREND,2026-09-09 05:22:00+00:00,fold3
BTCUSDT,2026-09-09 06:12:00+00:00,0.0005000000000000001,BE_STOP,45.0,8,2,TREND,2026-09-09 06:12:00+00:00,fold3
NEARUSDT,2026-09-09 07:40:00+00:00,0.004758827317684182,TP,12.0,8,0,TREND,2026-09-09 07:40:00+00:00,fold3
XRPUSDT,2026-09-09 08:12:00+00:00,0.0005000000000000001,BE_STOP,823.0,6,2,TREND,2026-09-09 08:12:00+00:00,fold3
XRPUSDT,2026-09-09 08:12:00+00:00,0.0005000000000000001,BE_STOP,820.0,7,3,TREND,2026-09-09 08:12:00+00:00,fold3
XRPUSDT,2026-09-09 08:12:00+00:00,0.0005000000000000001,BE_STOP,32.0,8,2,TREND,2026-09-09 08:12:00+00:00,fold3
BTCUSDT,2026-09-09 08:28:00+00:00,0.004600000000000001,TP,211.0,6,0,TREND,2026-09-09 08:28:00+00:00,fold3
BTCUSDT,2026-09-09 08:28:00+00:00,0.004600000000000001,TP,209.0,7,1,TREND,2026-09-09 08:28:00+00:00,fold3
BTCUSDT,2026-09-09 08:38:00+00:00,0.0005000000000000001,BE_STOP,26.0,6,2,TREND,2026-09-09 08:38:00+00:00,fold3
XRPUSDT,2026-09-09 08:59:00+00:00,0.0005000000000000001,BE_STOP,31.0,7,0,TREND,2026-09-09 08:59:00+00:00,fold3
BTCUSDT,2026-09-09 09:09:00+00:00,0.0005000000000000001,BE_STOP,55.0,7,3,TREND,2026-09-09 09:09:00+00:00,fold3
XRPUSDT,2026-09-09 09:18:00+00:00,0.004600000000000001,TP,40.0,8,1,TREND,2026-09-09 09:18:00+00:00,fold3
NEARUSDT,2026-09-09 09:35:00+00:00,0.004600000000000001,TP,17.0,8,0,TREND,2026-09-09 09:35:00+00:00,fold3
NEARUSDT,2026-09-09 09:42:00+00:00,0.004600000000000001,TP,5.0,8,0,TREND,2026-09-09 09:42:00+00:00,fold3
BTCUSDT,2026-09-09 09:46:00+00:00,0.004600000000000001,TP,35.0,8,2,TREND,2026-09-09 09:46:00+00:00,fold3
NEARUSDT,2026-09-09 10:18:00+00:00,0.004600000000000001,TP,5.0,7,0,TREND,2026-09-09 10:18:00+00:00,fold3
NEARUSDT,2026-09-09 10:26:00+00:00,0.004600000000000001,TP,4.0,7,0,TREND,2026-09-09 10:26:00+00:00,fold3
NEARUSDT,2026-09-09 10:43:00+00:00,0.007682997072553203,TP,12.0,7,0,TREND,2026-09-09 10:43:00+00:00,fold3
NEARUSDT,2026-09-09 10:43:00+00:00,0.007175048644735047,TP,8.0,8,1,TREND,2026-09-09 10:43:00+00:00,fold3
NEARUSDT,2026-09-09 11:36:00+00:00,0.004715939583157557,TP,49.0,8,1,TREND,2026-09-09 11:36:00+00:00,fold3
NEARUSDT,2026-09-09 11:37:00+00:00,0.0056475293273220845,TP,53.0,7,0,TREND,2026-09-09 11:37:00+00:00,fold3
NEARUSDT,2026-09-09 11:41:00+00:00,0.004600000000000001,TP,2.0,8,0,TREND,2026-09-09 11:41:00+00:00,fold3
XRPUSDT,2026-09-09 12:16:00+00:00,0.004600000000000001,TP,39.0,7,0,TREND,2026-09-09 12:16:00+00:00,fold3
XRPUSDT,2026-09-09 12:26:00+00:00,0.004600000000000001,TP,45.0,8,1,TREND,2026-09-09 12:26:00+00:00,fold3
NEARUSDT,2026-09-09 12:42:00+00:00,0.0005000000000000001,BE_STOP,13.0,8,1,TREND,2026-09-09 12:42:00+00:00,fold3
NEARUSDT,2026-09-09 13:00:00+00:00,0.0005000000000000001,BE_STOP,18.0,8,1,TREND,2026-09-09 13:00:00+00:00,fold3
NEARUSDT,2026-09-09 13:20:00+00:00,0.0005000000000000001,BE_STOP,13.0,8,1,TREND,2026-09-09 13:20:00+00:00,fold3
NEARUSDT,2026-09-09 14:13:00+00:00,-0.0264,MAE_KILL,117.0,8,0,TREND,2026-09-09 14:13:00+00:00,fold3
NEARUSDT,2026-09-09 14:19:00+00:00,0.004600000000000001,TP,59.0,8,1,TREND,2026-09-09 14:19:00+00:00,fold3
NEARUSDT,2026-09-09 14:32:00+00:00,0.0005000000000000001,BE_STOP,5.0,7,0,TREND,2026-09-09 14:32:00+00:00,fold3
NEARUSDT,2026-09-09 14:43:00+00:00,0.005658939300338386,TP,10.0,8,1,TREND,2026-09-09 14:43:00+00:00,fold3
NEARUSDT,2026-09-09 14:52:00+00:00,0.0005000000000000001,BE_STOP,22.0,8,1,TREND,2026-09-09 14:52:00+00:00,fold3
NEARUSDT,2026-09-09 15:02:00+00:00,0.0005000000000000001,BE_STOP,5.0,8,1,TREND,2026-09-09 15:02:00+00:00,fold3
NEARUSDT,2026-09-09 15:11:00+00:00,0.007183362072268892,TP,8.0,8,1,TREND,2026-09-09 15:11:00+00:00,fold3
NEARUSDT,2026-09-09 15:20:00+00:00,-0.0264,MAE_KILL,33.0,8,1,TREND,2026-09-09 15:20:00+00:00,fold3
NEARUSDT,2026-09-09 21:36:00+00:00,0.004600000000000001,TP,7.0,7,0,TREND,2026-09-09 21:36:00+00:00,fold3
NEARUSDT,2026-09-09 21:36:00+00:00,0.004600000000000001,TP,1.0,8,1,TREND,2026-09-09 21:36:00+00:00,fold3
NEARUSDT,2026-09-09 21:47:00+00:00,0.004600000000000001,TP,8.0,8,1,TREND,2026-09-09 21:47:00+00:00,fold3
NEARUSDT,2026-09-09 21:50:00+00:00,0.004600000000000001,TP,13.0,7,0,TREND,2026-09-09 21:50:00+00:00,fold3
NEARUSDT,2026-09-09 22:08:00+00:00,0.004600000000000001,TP,20.0,8,1,TREND,2026-09-09 22:08:00+00:00,fold3
XRPUSDT,2026-09-09 22:08:00+00:00,0.004600000000000001,TP,18.0,8,0,TREND,2026-09-09 22:08:00+00:00,fold3
BTCUSDT,2026-09-10 11:08:00+00:00,0.0005000000000000001,BE_STOP,777.0,8,3,TREND,2026-09-10 11:08:00+00:00,fold3
BTCUSDT,2026-09-10 12:30:00+00:00,0.004600000000000001,TP,861.0,7,2,TREND,2026-09-10 12:30:00+00:00,fold3
ETHUSDT,2026-09-10 12:35:00+00:00,0.0005000000000000001,BE_STOP,2812.0,1,0,TREND,2026-09-10 12:35:00+00:00,fold3
ETHUSDT,2026-09-10 12:38:00+00:00,0.004600000000000001,TP,2812.0,2,1,TREND,2026-09-10 12:38:00+00:00,fold3
ETHUSDT,2026-09-10 12:38:00+00:00,0.004600000000000001,TP,2805.0,3,2,TREND,2026-09-10 12:38:00+00:00,fold3
ETHUSDT,2026-09-10 12:47:00+00:00,-0.0414,MAE_KILL,1710.0,8,3,TREND,2026-09-10 12:47:00+00:00,fold3
BTCUSDT,2026-09-10 12:47:00+00:00,0.004600000000000001,TP,5.0,4,2,TREND,2026-09-10 12:47:00+00:00,fold3
BTCUSDT,2026-09-10 12:58:00+00:00,0.0005000000000000001,BE_STOP,11.0,3,2,TREND,2026-09-10 12:58:00+00:00,fold3
BTCUSDT,2026-09-10 13:01:00+00:00,0.0005000000000000001,BE_STOP,12.0,4,3,TREND,2026-09-10 13:01:00+00:00,fold3
ETHUSDT,2026-09-10 13:13:00+00:00,0.004600000000000001,TP,8.0,7,0,TREND,2026-09-10 13:13:00+00:00,fold3
SOLUSDT,2026-09-10 13:17:00+00:00,0.0005000000000000001,BE_STOP,9.0,8,1,TREND,2026-09-10 13:17:00+00:00,fold3
BTCUSDT,2026-09-10 13:22:00+00:00,0.0005000000000000001,BE_STOP,21.0,5,4,TREND,2026-09-10 13:22:00+00:00,fold3
SOLUSDT,2026-09-10 13:22:00+00:00,0.0005000000000000001,BE_STOP,19.0,6,0,TREND,2026-09-10 13:22:00+00:00,fold3
SOLUSDT,2026-09-10 13:51:00+00:00,0.0005000000000000001,BE_STOP,27.0,7,1,TREND,2026-09-10 13:51:00+00:00,fold3
BTCUSDT,2026-09-10 14:08:00+00:00,0.0005000000000000001,BE_STOP,39.0,8,5,TREND,2026-09-10 14:08:00+00:00,fold3
BTCUSDT,2026-09-10 14:51:00+00:00,0.0005000000000000001,BE_STOP,57.0,8,6,TREND,2026-09-10 14:51:00+00:00,fold3
SOLUSDT,2026-09-10 16:37:00+00:00,0.0005000000000000001,BE_STOP,198.0,8,1,TREND,2026-09-10 16:37:00+00:00,fold3
BTCUSDT,2026-09-10 16:38:00+00:00,0.0005000000000000001,BE_STOP,142.0,8,6,TREND,2026-09-10 16:38:00+00:00,fold3
XRPUSDT,2026-09-10 23:07:00+00:00,0.004600000000000001,TP,390.0,8,0,TREND,2026-09-10 23:07:00+00:00,fold3
XRPUSDT,2026-09-10 23:08:00+00:00,0.004600000000000001,TP,389.0,8,1,TREND,2026-09-10 23:08:00+00:00,fold3
BTCUSDT,2026-09-10 23:09:00+00:00,0.0005000000000000001,BE_STOP,613.0,5,4,TREND,2026-09-10 23:09:00+00:00,fold3
BTCUSDT,2026-09-10 23:14:00+00:00,-0.0414,MAE_KILL,2295.0,8,2,TREND,2026-09-10 23:14:00+00:00,fold3
BTCUSDT,2026-09-10 23:14:00+00:00,0.004600000000000001,TP,406.0,8,6,TREND,2026-09-10 23:14:00+00:00,fold3
BTCUSDT,2026-09-10 23:15:00+00:00,-0.0414,MAE_KILL,2325.0,8,2,TREND,2026-09-10 23:15:00+00:00,fold3
BTCUSDT,2026-09-10 23:21:00+00:00,0.0005000000000000001,BE_STOP,607.0,8,5,TREND,2026-09-10 23:21:00+00:00,fold3
BTCUSDT,2026-09-10 23:37:00+00:00,0.0005000000000000001,BE_STOP,638.0,5,4,TREND,2026-09-10 23:37:00+00:00,fold3
ETHUSDT,2026-09-11 00:54:00+00:00,0.004600000000000001,TP,50.0,8,5,TREND,2026-09-11 00:54:00+00:00,fold3
NEARUSDT,2026-09-11 07:24:00+00:00,0.004600000000000001,TP,11.0,8,0,TREND,2026-09-11 07:24:00+00:00,fold3
NEARUSDT,2026-09-11 07:33:00+00:00,0.0005000000000000001,BE_STOP,8.0,8,0,TREND,2026-09-11 07:33:00+00:00,fold3
XRPUSDT,2026-09-11 11:02:00+00:00,0.004600000000000001,TP,663.0,6,0,TREND,2026-09-11 11:02:00+00:00,fold3
BTCUSDT,2026-09-11 11:07:00+00:00,0.004600000000000001,TP,213.0,8,0,TREND,2026-09-11 11:07:00+00:00,fold3
ETHUSDT,2026-09-11 12:12:00+00:00,-0.005993509260776936,EOD,0.0,1,0,TREND,2026-09-11 12:12:00+00:00,fold3
ETHUSDT,2026-09-11 12:12:00+00:00,-0.005927649391942907,EOD,0.0,2,1,TREND,2026-09-11 12:12:00+00:00,fold3
ETHUSDT,2026-09-11 12:12:00+00:00,-0.005763037493445238,EOD,0.0,3,2,TREND,2026-09-11 12:12:00+00:00,fold3
ETHUSDT,2026-09-11 12:12:00+00:00,-0.006331176677952844,EOD,0.0,4,3,TREND,2026-09-11 12:12:00+00:00,fold3
ETHUSDT,2026-09-11 12:12:00+00:00,-0.00737856415980048,EOD,0.0,5,4,TREND,2026-09-11 12:12:00+00:00,fold3
SOLUSDT,2026-09-11 12:13:00+00:00,-0.0058742729306486986,EOD,0.0,7,0,TREND,2026-09-11 12:13:00+00:00,fold3
XRPUSDT,2026-09-11 12:13:00+00:00,-0.001853240670796143,EOD,0.0,7,0,TREND,2026-09-11 12:13:00+00:00,fold3
XRPUSDT,2026-09-11 12:13:00+00:00,-0.0014,EOD,0.0,8,1,TREND,2026-09-11 12:13:00+00:00,fold3
