pair,i,side,mkt_taker,v1,v2_fill,v2,v2_best,v3_fill,v3,v3_best
BTCUSDT,93,long,-0.0024267873186409,,1,-0.0019267873186408998,0.0002160723911845398,1,-0.0019273009691254625,-0.0019273009691254625
BTCUSDT,124,short,0.0007612525259766633,,1,0.001261252525976663,0.001261252525976663,1,0.0012604223148192538,0.0012604223148192538
BTCUSDT,1728,short,-0.0023653381365601506,,1,-0.0018653381365601506,0.00017920288193609026,1,-0.0018648557087057975,0.0005648557087057977
BTCUSDT,2978,short,-0.0022489188912446613,,1,-0.0017489188912446613,0.0009582702259914583,1,0.0009575914302763201,0.0009575914302763201
BTCUSDT,7297,long,-0.0022187793747478514,,1,-0.0017187793747478514,-0.0017187793747478514,1,-0.0017191889692324673,0.0009107023507719478
BTCUSDT,8727,long,0.00041674227383349917,,1,0.0009167422738334991,0.0009167422738334991,1,0.0009174009743206593,0.0009174009743206593
BTCUSDT,8789,long,-0.002477016019372612,,1,-0.001977016019372612,-0.001977016019372612,1,-0.001977554796770997,0.0013240876748335953
BTCUSDT,10165,short,-0.0025579385433371106,,1,-0.0020579385433371106,0.0007579385433371106,1,-0.002057359863405408,-0.002057359863405408
BTCUSDT,10204,long,0.0009378470809242656,,1,0.0014378470809242652,0.0014378470809242652,1,0.0014387664641563435,0.0014387664641563435
BTCUSDT,10264,long,0.0024892399740491108,,1,0.0029892399740491108,0.0029892399740491108,1,0.002990935441769996,0.002990935441769996
BTCUSDT,10324,long,0.001727449209011316,,1,0.002227449209011316,0.002227449209011316,1,0.0022287635908067194,0.0022287635908067194
BTCUSDT,10348,short,-0.002464663381828304,,1,-0.001964663381828304,0.0013034614109252863,1,0.0013026101058723502,0.0013026101058723502
BTCUSDT,10413,long,0.0005429116002674849,,1,0.0010429116002674847,0.0010429116002674847,0,,
BTCUSDT,10502,short,-0.0023686451939836637,,1,-0.0018686451939836637,-0.0018686451939836637,1,-0.0018681611134269503,-0.0018681611134269503
BTCUSDT,10599,long,0.0018664035946532992,,1,0.0023664035946532993,0.0023664035946532993,1,0.002367787488397498,0.002367787488397498
BTCUSDT,10659,long,-0.003600907604278627,,1,-0.003100907604278627,-0.003100907604278627,1,-0.0031020086085829183,0.0009212051651497508
BTCUSDT,10669,short,0.001602447452893826,,1,0.002102447452893826,0.002102447452893826,0,,
BTCUSDT,10726,long,0.0005606257926408314,,1,0.0010606257926408312,0.0010606257926408312,1,0.001061356470876269,0.001061356470876269
BTCUSDT,10793,long,0.0005384404588718275,,1,0.0010384404588718273,0.0010384404588718273,1,0.001039160038891273,0.001039160038891273
BTCUSDT,10820,short,-0.0022893394300175364,,1,-0.0017893394300175364,0.001022943088028058,1,0.001022231972042037,0.001022231972042037
BTCUSDT,10979,short,-0.002213118449087909,,1,-0.0017131184490879088,-0.0017131184490879088,1,-0.0017127120930413883,8.762725582483292e-05
BTCUSDT,11172,long,-0.0022788557642598535,,1,-0.0017788557642598535,0.0010061692228157657,1,-0.0017792954119658366,0.0010068726591453386
BTCUSDT,11223,short,0.0006598889902492647,,1,0.0011598889902492645,0.0011598889902492645,0,,
BTCUSDT,11318,long,-0.0032081189563693585,,1,-0.0027081189563693585,0.0024929903301909736,1,-0.0027090234681034103,0.002494437548965456
BTCUSDT,11382,short,-0.0023553595591555574,,1,-0.0018553595591555574,-0.0018553595591555574,1,-0.001854882118096509,0.00017292927085790536
BTCUSDT,11394,long,0.0007754702816361893,,1,0.001275470281636189,0.001275470281636189,1,0.0012763084358541161,0.0012763084358541161
BTCUSDT,11458,short,-0.0025682660856667407,,1,-0.0020682660856667407,0.0003009596514000444,1,-0.0020676822445444684,0.0007676822445444684
BTCUSDT,11470,long,-0.0025002455914204676,,1,-0.0020002455914204676,0.0013603929462727479,1,0.0013612735830642797,0.0013612735830642797
BTCUSDT,11518,short,-0.0027787004471342336,,1,-0.0022787004471342335,0.00042722026828054,1,-0.0022780114414135267,0.0009780114414135264
BTCUSDT,11535,long,0.0008668174961092443,,1,0.0013668174961092442,0.0013668174961092442,1,0.0013677013467826352,0.0013677013467826352
BTCUSDT,11594,short,0.000544680402020831,,1,0.0010446804020208308,0.0010446804020208308,1,0.0010439584228094261,0.0010439584228094261
BTCUSDT,11620,long,-0.0031640531822655126,,1,-0.0026640531822655126,0.00242248509162482,1,-0.002664935650090558,0.0024238970401448926
BTCUSDT,11658,short,-0.002789650426336676,,1,-0.002289650426336676,0.0009896504263366757,1,-0.002288955948362495,0.0009889559483624948
BTCUSDT,11681,long,0.0011242439914470105,,1,0.0016242439914470105,0.0016242439914470105,1,0.0016252566197568884,0.0016252566197568884
BTCUSDT,11733,short,-0.003037671529203592,,1,-0.002537671529203592,-0.002537671529203592,1,-0.002536853102652266,-0.002536853102652266
BTCUSDT,11744,long,-0.0028064984625819473,,1,-0.0023064984625819473,-0.0023064984625819473,1,-0.002307202063613754,0.0004443212381682523
BTCUSDT,11807,long,0.0010775802704178607,,1,0.0015775802704178607,0.0015775802704178607,1,-0.0021366059719971618,0.0015785695551954583
BTCUSDT,11818,short,-0.00276762559217359,,1,-0.00226762559217359,0.0004205753553041538,1,-0.0022669421211130333,0.0009669421211130333
BTCUSDT,11880,short,-0.0025667245318971503,,1,-0.0020667245318971503,0.0014667592510354405,1,0.0014658263378665073,0.0014658263378665073
BTCUSDT,11889,long,-0.0023091139707985993,,1,-0.0018091139707985993,0.00014546838247915948,1,-0.0018095687551761873,0.00014574125310571237
BTCUSDT,12195,long,-0.002898840861319465,,1,-0.002398840861319465,0.000499304516791679,1,-0.0023995906566477887,0.0004997543939886732
BTCUSDT,12255,long,-0.0031783869638479954,,1,-0.0026783869638479954,0.0006670321783087973,1,-0.00267927660214907,0.0013792766021490698
BTCUSDT,12316,long,0.003958230829085041,,1,0.004458230829085042,0.004458230829085042,1,0.0044606611596648745,0.0044606611596648745
BTCUSDT,12350,short,-0.003219407997689964,,1,-0.002719407997689964,0.0025110527963039422,1,-0.002718498748315806,0.0025095979973052897
BTCUSDT,12378,long,-0.0025141105744263103,,1,-0.0020141105744263103,-0.0020141105744263103,1,-0.0020146679083805005,-0.0020146679083805005
BTCUSDT,12415,short,-0.0022693169474026407,,1,-0.0017693169474026407,-0.0017693169474026407,1,-0.0017688825061495657,-0.0017688825061495657
BTCUSDT,12558,short,-0.002751439735826592,,1,-0.002251439735826592,0.0004108638414959552,1,-0.0022507643536497676,-0.0022507643536497676
BTCUSDT,12567,long,0.0009469166573161828,,1,0.0014469166573161827,0.0014469166573161827,1,0.0014478405776049853,0.0014478405776049853
BTCUSDT,12627,long,-0.0025900339683265594,,1,-0.0020900339683265594,-0.0020900339683265594,1,-0.002090629282968043,-0.002090629282968043
BTCUSDT,12633,short,-0.002739695503219382,,1,-0.002239695503219382,-0.002239695503219382,1,-0.0022390259902242697,-0.0022390259902242697
BTCUSDT,12688,long,0.0017804875963031825,,1,0.0022804875963031825,0.0022804875963031825,1,-0.002576142819099038,0.0006056856914594228
BTCUSDT,12701,short,-0.0028146764656546337,,1,-0.0023146764656546337,0.0004488058793927802,1,-0.002313969480914177,0.0010139694809141765
BTCUSDT,12750,long,0.002600145501946723,,1,0.003100145501946723,0.003100145501946723,1,0.0031018964501718085,0.0031018964501718085
BTCUSDT,12775,short,-0.00714956494103394,,1,-0.006649564941033939,0.008799303905654303,1,-0.006646691595236322,0.008794706552378115
BTCUSDT,12811,long,-0.00319678544795653,,1,-0.00269678544795653,0.0013967854479565297,1,-0.0026976842901015805,0.0013976842901015803
BTCUSDT,12836,short,-0.003491510711025472,,1,-0.002991510711025472,-0.002991510711025472,1,-0.0029904654782863293,-0.0029904654782863293
BTCUSDT,12874,long,-0.002487215746975495,,1,-0.001987215746975495,-0.001987215746975495,1,-0.0019877596267888894,-0.0019877596267888894
BTCUSDT,12901,short,0.0016347767314864588,,1,0.0021347767314864588,0.0021347767314864588,1,0.00213350997649821,0.00213350997649821
BTCUSDT,12961,long,-0.0030700701227063753,,1,-0.0025700701227063753,-0.0025700701227063753,1,-0.0025709055754941225,-0.0025709055754941225
BTCUSDT,12969,short,0.0010100974973503338,,1,0.0015100974973503338,0.0015100974973503338,1,0.0015091429258873904,0.0015091429258873904
BTCUSDT,13029,short,-0.0026821070016080583,,1,-0.0021821070016080583,0.00036926420096483495,1,-0.0021814662684738217,-0.0021814662684738217
BTCUSDT,13050,long,0.0038038713147913283,,1,0.004303871314791329,0.004303871314791329,1,0.004306224427004832,0.004306224427004832
BTCUSDT,13107,short,-0.002971835296695825,,1,-0.002471835296695825,-0.002471835296695825,1,-0.0024710497718099197,-0.0024710497718099197
BTCUSDT,13115,long,0.0015243185947349846,,1,0.0020243185947349846,0.0020243185947349846,0,,
BTCUSDT,13173,short,0.0008099772148080347,,1,0.0013099772148080346,0.0013099772148080346,0,,
BTCUSDT,13212,long,0.0012618352699310664,,1,0.0017618352699310664,0.0017618352699310664,0,,
BTCUSDT,13264,short,0.0008275244591476046,,1,0.0013275244591476046,0.0013275244591476046,1,0.0013266611285833129,0.0013266611285833129
BTCUSDT,13278,long,-0.0024105935991993806,,1,-0.0019105935991993806,0.00020635615951962826,1,-0.0019110991487737675,0.00020665948926426036
BTCUSDT,13325,short,-0.002232133017045176,,1,-0.0017321330170451759,-0.0017321330170451759,1,-0.0017317171584659433,-0.0017317171584659433
BTCUSDT,13367,long,-0.0027190723831352517,,1,-0.0022190723831352517,-0.0022190723831352517,1,-0.0022197322492598817,0.0017115715988158101
BTCUSDT,13410,short,-0.0023226149957814553,,1,-0.0018226149957814553,0.0010761839932503286,1,0.0010754462701152712,0.0010754462701152712
BTCUSDT,13438,long,0.0013961286151918497,,1,0.0018961286151918497,0.0018961286151918497,0,,
BTCUSDT,13475,short,-0.002260996754690315,,1,-0.001760996754690315,-0.001760996754690315,1,-0.001760566471454588,0.00046056647145458786
BTCUSDT,13499,long,0.0009215756821193346,,1,0.0014215756821193345,0.0014215756821193345,0,,
BTCUSDT,13562,long,-0.0032556934827579903,,1,-0.0027556934827579903,-0.0027556934827579903,1,-0.0027566217936548175,0.0007139730761928904
BTCUSDT,13576,short,0.0017197398533675737,,1,0.0022197398533675737,0.0022197398533675737,1,0.0022184306380485493,0.0022184306380485493
BTCUSDT,13626,long,-0.0022975182774627304,,1,-0.0017975182774627304,0.0004975182774627304,1,0.0010367476177492428,0.0010367476177492428
BTCUSDT,13636,short,-0.0024059784539429306,,1,-0.0019059784539429306,0.0012095655263086888,1,0.001208761145735821,0.001208761145735821
BTCUSDT,13697,short,0.0006959791937791353,,1,0.001195979193779135,0.001195979193779135,1,0.0011951816029776461,0.0011951816029776461
BTCUSDT,13725,long,0.0009407381442133805,,1,0.0014407381442133804,0.0014407381442133804,0,,
BTCUSDT,13769,short,0.00047897578548424316,,1,0.000978975785484243,0.000978975785484243,0,,
BTCUSDT,13793,long,0.0005905072549311377,,1,0.0010905072549311375,0.0010905072549311375,0,,
BTCUSDT,13854,long,-0.0022403618000704285,,1,-0.0017403618000704285,-0.0017403618000704285,1,-0.0017407821911660116,-0.0017407821911660116
BTCUSDT,13862,short,-0.0022349792452960645,,1,-0.0017349792452960645,-0.0017349792452960645,1,-0.0017345619643139073,-0.0017345619643139073
BTCUSDT,13931,long,0.000524603877639179,,1,0.0010246038776391788,0.0010246038776391788,0,,
BTCUSDT,13987,short,-0.006292276615406534,,1,-0.005792276615406534,0.004492276615406535,1,-0.005789831699556756,0.004489831699556757
BTCUSDT,14016,long,-0.003097384452545718,,1,-0.002597384452545718,0.0006184306715274306,1,-0.0025982335693303825,0.0012982335693303823
BTCUSDT,14056,short,0.0004292271628799425,,1,0.0009292271628799424,0.0009292271628799424,1,-0.0017303518008995144,-0.0017303518008995144
BTCUSDT,14076,long,0.0008276456326487387,,1,0.0013276456326487386,0.0013276456326487386,1,0.0013285098875925351,0.0013285098875925351
BTCUSDT,14160,long,-0.002332813935440279,,1,-0.001832813935440279,0.0005328139354402789,1,-0.0018332805757281427,0.0001599683454368857
BTCUSDT,14188,short,-0.002436100113983972,,1,-0.001936100113983972,-0.001936100113983972,1,-0.0019355823228225607,0.001256931716516097
BTCUSDT,14222,long,-0.002281192132217032,,1,-0.001781192132217032,-0.001781192132217032,1,-0.0017816329486913776,0.00012897976921482656
BTCUSDT,14296,long,0.0013830133562669203,,1,0.0018830133562669203,0.0018830133562669203,1,0.0018841554339839124,0.0018841554339839124
BTCUSDT,14993,long,-0.002375925019888382,,1,-0.0018759250198883818,0.0005759250198883819,0,,
BTCUSDT,15417,short,0.0018246657675234671,,1,0.002324665767523467,0.002324665767523467,1,0.002323304115465734,0.002323304115465734
BTCUSDT,15441,long,-0.00252248270466055,,1,-0.00202248270466055,0.00027348962279632983,1,-0.0020230442267739368,0.00027382653606436197
BTCUSDT,15477,short,-0.00224906489064012,,1,-0.00174906489064012,-0.00174906489064012,1,-0.0017486405703549426,0.00044864057035494246
BTCUSDT,15929,long,-0.00231739160580228,,1,-0.00181739160580228,0.0010678265692836482,1,-0.001817850531067814,0.0010685608497085024
BTCUSDT,15999,short,-0.0031574388215042013,,1,-0.0026574388215042013,0.0024119021144067216,1,0.0024104968659737344,0.0024104968659737344
BTCUSDT,16013,long,-0.00256860055992247,,1,-0.00206860055992247,-0.00206860055992247,1,-0.002069185152498719,-0.002069185152498719
BTCUSDT,16389,long,0.0007666107290541099,,1,0.0012666107290541097,0.0012666107290541097,1,0.0012674444512797494,0.0012674444512797494
BTCUSDT,16408,short,-0.0026117175210101603,,1,-0.0021117175210101603,0.00081171752101016,1,-0.0021111119650276465,-0.0021111119650276465
BTCUSDT,16451,long,-0.002349571218576255,,1,-0.0018495712185762551,-0.0018495712185762551,1,-0.0018500462416971035,0.00017002774501826212
BTCUSDT,16519,long,-0.002260951743686893,,1,-0.001760951743686893,-0.001760951743686893,1,-0.0017613824349043453,-0.0017613824349043453
BTCUSDT,16531,short,-0.00225856192813643,,1,-0.0017585619281364302,-0.0017585619281364302,1,-0.001758132861705577,-0.001758132861705577
BTCUSDT,16592,short,0.0006215352342291431,,1,-0.0018509595213932143,0.0005509595213932144,1,-0.0018504842792535876,-0.0018504842792535876
BTCUSDT,16601,long,0.0009717711394720249,,1,0.0014717711394720246,0.0014717711394720246,1,-0.0020704421832616463,0.0003022653099569877
BTCUSDT,16684,long,0.0008427205081334204,,1,0.00134272050813342,0.00134272050813342,0,,
BTCUSDT,16840,short,-0.002540523843242726,,1,-0.002040523843242726,0.0002843143059456356,1,-0.002039953866309571,-0.002039953866309571
BTCUSDT,16862,long,-0.0022160857153971612,,1,-0.0017160857153971612,-0.0017160857153971612,1,-0.0017164939623783501,-0.0017164939623783501
BTCUSDT,16923,long,-0.0022507974760321604,,1,-0.0017507974760321604,0.00011047848561929628,1,-0.0017512230875759483,0.0009619569401215171
BTCUSDT,17219,long,0.0006610757467670617,,1,0.0011610757467670615,0.0011610757467670615,0,,
BTCUSDT,17262,short,-0.0025856718417149463,,1,-0.0020856718417149463,-0.0020856718417149463,1,-0.0020850793020639148,-0.0020850793020639148
BTCUSDT,17293,long,0.0008157412517877193,,1,0.0013157412517877192,0.0013157412517877192,1,0.001316599551563501,0.001316599551563501
BTCUSDT,17344,short,-0.0031725685507286777,,1,-0.0026725685507286777,0.002436109681165884,1,0.002434692334998385,0.002434692334998385
BTCUSDT,17389,long,-0.0031274300798221763,,1,-0.0026274300798221763,0.0023638881277154816,1,-0.0026282942269356437,0.00236527076309703
BTCUSDT,17440,short,-0.0035429785963040105,,1,-0.0030429785963040105,0.000885787157782406,1,-0.0030419076424827696,0.0008851445854896615
BTCUSDT,17451,long,0.0014959003865863195,,1,0.0019959003865863195,0.0019959003865863195,1,0.001997098936054346,0.001997098936054346
BTCUSDT,17500,short,0.0028423973312897513,,1,0.0033423973312897513,0.0033423973312897513,1,0.0033405270677558736,0.0033405270677558736
BTCUSDT,17515,long,-0.0031465834754636508,,1,-0.0026465834754636508,0.0023945335607418413,1,0.0023959315265050934,0.0023959315265050934
BTCUSDT,17562,short,-0.0026478888418737493,,1,-0.0021478888418737492,0.0015966221469979982,1,0.0015956243348305833,0.0015956243348305833
BTCUSDT,17608,long,-0.002753327713510928,,1,-0.002253327713510928,-0.002253327713510928,1,-0.0022540047158688624,0.0017664075453901794
BTCUSDT,17623,short,-0.0024269917599013956,,1,-0.0019269917599013956,-0.0019269917599013956,1,-0.001926478520641075,-0.001926478520641075
BTCUSDT,17673,long,-0.0023558164029132225,,1,-0.0018558164029132225,0.0005558164029132223,1,0.001130071280301306,0.001130071280301306
BTCUSDT,17745,short,0.0005223286875726282,,1,0.001022328687572628,0.001022328687572628,1,0.0010216178786333113,0.0010216178786333113
BTCUSDT,18026,long,0.0005067337513834994,,1,0.0010067337513834991,0.0010067337513834991,1,0.0010074374701185586,0.0010074374701185586
BTCUSDT,18063,short,-0.0028195885993464475,,1,-0.0023195885993464475,-0.0023195885993464475,1,-0.0023188791597665644,-0.0023188791597665644
BTCUSDT,18087,long,-0.0023529790826329767,,1,-0.0018529790826329767,-0.0018529790826329767,1,-0.0018534558105382458,-0.0018534558105382458
BTCUSDT,18149,long,-0.0029815650013435614,,1,-0.0024815650013435614,-0.0024815650013435614,1,-0.0024823561794332775,-0.0024823561794332775
BTCUSDT,18159,short,-0.0030581979337816413,,1,-0.0025581979337816413,-0.0025581979337816413,1,-0.002557369249157063,-0.002557369249157063
BTCUSDT,18219,short,0.001018738531476123,,1,0.0015187385314761228,0.0015187385314761228,0,,
BTCUSDT,18548,long,0.00041245048867872116,,1,0.0009124504886787211,0.0009124504886787211,1,0.0009131070421998208,0.0009131070421998208
BTCUSDT,18574,short,0.0004612621829734743,,1,0.0009612621829734742,0.0009612621829734742,0,,
BTCUSDT,18744,long,-0.002503746564145231,,1,-0.002003746564145231,-0.002003746564145231,1,-0.0020042987135019817,0.0013668779416031703
BTCUSDT,18776,short,0.00045917210108976296,,1,0.0009591721010897629,0.0009591721010897629,1,0.0009584928546624319,0.0009584928546624319
BTCUSDT,18805,long,-0.003038700830395503,,1,-0.002538700830395503,-0.002538700830395503,1,-0.002539520590690848,-0.002539520590690848
BTCUSDT,18865,long,0.0014686263180702258,,1,0.0019686263180702258,0.0019686263180702258,1,0.001969811223682067,0.001969811223682067
BTCUSDT,18891,short,-0.0025180904159862677,,1,-0.0020180904159862677,0.001388944665578028,1,-0.002017531650161187,0.001388050640257899
BTCUSDT,18926,long,-0.0024406104578559994,,1,-0.0019406104578559994,0.0012649767325695986,1,0.0012658096373882929,0.0012658096373882929
BTCUSDT,18960,short,-0.002246424488197458,,1,-0.001746424488197458,0.0009542791811159326,1,0.0009536023799259697,0.0009536023799259697
BTCUSDT,19021,short,0.0005186910518972093,,1,0.0010186910518972091,0.0010186910518972091,1,0.0010179820608667758,0.0010179820608667758
BTCUSDT,19267,long,0.0019517482890131005,,1,0.0024517482890131005,0.0024517482890131005,0,,
BTCUSDT,19327,long,-0.002254056869819915,,1,-0.0017540568698199148,-0.0017540568698199148,1,-0.001754484111875853,-0.001754484111875853
BTCUSDT,19336,short,-0.0022600827300366735,,1,-0.0017600827300366735,-0.0017600827300366735,1,-0.0017596529035848814,-0.0017596529035848814
BTCUSDT,19446,long,0.0008590168726558212,,1,0.001359016872655821,0.001359016872655821,1,0.0013598968210663544,0.0013598968210663544
BTCUSDT,19467,short,-0.002266239971711624,,1,-0.001766239971711624,0.00011974398302697442,1,-0.0017658070681775355,0.0004658070681775354
BTCUSDT,19507,long,-0.002222329662744236,,1,-0.001722329662744236,-0.001722329662744236,1,-0.0017227410332608666,0.0009163856532173866
BTCUSDT,19752,long,0.00048684978525861695,,1,0.0009868497852586167,0.0009868497852586167,1,0.0009875435570371354,0.0009875435570371354
BTCUSDT,19801,short,0.0004278787787784712,,1,0.0009278787787784711,0.0009278787787784711,1,0.0009272151711928748,0.0009272151711928748
BTCUSDT,20217,short,0.0007945937447467168,,1,0.0012945937447467165,0.0012945937447467165,1,0.0012937468713110612,0.0012937468713110612
BTCUSDT,20242,long,0.0011880838256563956,,1,0.0016880838256563956,0.0016880838256563956,0,,
BTCUSDT,20295,short,0.0004958549364810273,,1,0.000995854936481027,0.000995854936481027,1,0.000995157357802126,0.000995157357802126
BTCUSDT,20351,long,0.0005131045938735902,,1,0.00101310459387359,0.00101310459387359,0,,
BTCUSDT,20483,long,0.0004041555299789058,,1,0.0009041555299789057,0.0009041555299789057,1,-0.0017155049587161742,0.0009048079339458785
BTCUSDT,20872,short,-0.0022233277400414042,,1,-0.0017233277400414042,0.0009173243840662465,1,0.0009166660510407264,0.0009166660510407264
BTCUSDT,21385,long,0.0006151276270357506,,1,0.0011151276270357504,0.0011151276270357504,0,,
BTCUSDT,21403,short,-0.0024058545410180605,,1,-0.0019058545410180604,0.0006058545410180605,1,-0.0019053518650855176,0.0006053518650855176
BTCUSDT,21448,long,-0.0024979848675002274,,1,-0.0019979848675002274,-0.0019979848675002274,1,-0.001998534134567511,-0.001998534134567511
BTCUSDT,21685,short,-0.0027282224545349108,,1,-0.0022282224545349108,0.0017251559272558567,1,0.0017240938803156991,0.0017240938803156991
BTCUSDT,21728,long,0.0009426402572582858,,1,0.0014426402572582857,0.0014426402572582857,0,,
BTCUSDT,21792,long,-0.0032994029078799694,,1,-0.0027994029078799694,0.0014994029078799693,1,-0.0028003530844221804,0.0007402118506533082
BTCUSDT,21802,short,-0.0024370393273531184,,1,-0.0019370393273531183,0.0006370393273531182,1,-0.0019365210668197083,0.0012584337069115332
BTCUSDT,21852,long,-0.002380772803500499,,1,-0.001880772803500499,0.00018846368210029933,1,-0.0018812634352181083,-0.0018812634352181083
BTCUSDT,21913,long,-0.0023322340102889874,,1,-0.0018322340102889874,-0.0018322340102889874,1,-0.0018327003604692222,0.0001596202162815332
BTCUSDT,21926,short,0.00049548084455924,,1,0.0009954808445592398,0.0009954808445592398,0,,
BTCUSDT,22392,long,0.001008856275419667,,1,0.001508856275419667,0.001508856275419667,1,-0.0020936319881313574,-0.0020936319881313574
BTCUSDT,22408,short,0.001606972592568391,,1,0.002106972592568391,0.002106972592568391,0,,
BTCUSDT,22468,short,0.0007312578997322526,,1,0.0012312578997322524,0.0012312578997322524,0,,
BTCUSDT,22504,long,0.0004407991413164544,,1,0.0009407991413164543,0.0009407991413164543,1,-0.0017384186726591136,0.0004384186726591135
BTCUSDT,23130,short,-0.002514478228207183,,1,-0.002014478228207183,0.0002686869369243097,1,-0.0020139212675733963,-0.0020139212675733963
BTCUSDT,23186,long,-0.0033787675161698043,,1,-0.0028787675161698043,0.0007872605097018823,1,-0.0028797573948672376,-0.0028797573948672376
BTCUSDT,23217,short,-0.0026563370443448793,,1,-0.0021563370443448793,0.0016101392709518066,1,0.0016091347036000067,0.0016091347036000067
BTCUSDT,23286,short,-0.002835452398466114,,1,0.0018967238375457818,0.0018967238375457818,1,0.0018955760495210213,0.0018955760495210213
BTCUSDT,23306,long,-0.003930445337830593,,1,-0.003430445337830593,0.002130445337830593,1,-0.0034317111934273068,0.0021317111934273064
BTCUSDT,23365,short,-0.0023298920222615416,,1,-0.0018298920222615416,-0.0018298920222615416,1,-0.001829427308607238,-0.001829427308607238
BTCUSDT,23375,long,-0.002232674720560041,,1,-0.001732674720560041,-0.001732674720560041,1,-0.0017330912661931374,-0.0017330912661931374
BTCUSDT,23426,short,-0.002227141382773695,,1,0.000923426212437912,0.000923426212437912,1,0.0009227648300229007,0.0009227648300229007
BTCUSDT,23444,long,0.0004178201095896778,,1,0.0009178201095896777,0.0009178201095896777,0,,
BTCUSDT,25929,long,0.0004412120499360521,,1,0.000941212049936052,0.000941212049936052,0,,
BTCUSDT,26615,short,-0.0035049200922474474,,1,-0.0030049200922474474,-0.0030049200922474474,1,-0.0030038681581683636,-0.0030038681581683636
BTCUSDT,26626,long,-0.002993934290601681,,1,-0.002493934290601681,0.0021502948649626892,1,0.0021515706502878333,0.0021515706502878333
BTCUSDT,26712,long,-0.002338658402530662,,1,-0.001838658402530662,-0.001838658402530662,1,-0.0018391279665139187,0.00110260474642227
BTCUSDT,26808,short,-0.0022377560532578313,,1,-0.0017377560532578313,-0.0017377560532578313,1,-0.001737337384565549,-0.001737337384565549
BTCUSDT,27156,long,0.00043175759518003076,,1,0.0009317575951800307,0.0009317575951800307,1,0.0009324238070835725,0.0009324238070835725
BTCUSDT,27369,short,0.0003999051848457987,,1,0.0008999051848457986,0.0008999051848457986,1,0.0008992555570672649,0.0008992555570672649
BTCUSDT,27415,long,-0.002343021848916129,,1,-0.001843021848916129,0.0001658131093496775,1,-0.0018434935957139863,0.0011095897531423777
BTCUSDT,27434,short,-0.0022275454627749282,,1,-0.0017275454627749282,-0.0017275454627749282,1,-0.0017271318968265148,9.627913809590882e-05
BTCUSDT,27476,long,-0.0028264542932479562,,1,-0.0023264542932479562,0.0010264542932479559,1,-0.0023271678771865493,0.0018834686034984787
BTCUSDT,27494,short,-0.002413874987056902,,1,-0.0019138749870569018,-0.0019138749870569018,1,-0.001913368302905449,-0.001913368302905449
BTCUSDT,27537,long,-0.002567704808594731,,1,-0.002067704808594731,-0.002067704808594731,1,-0.0020682889530712666,-0.0020682889530712666
BTCUSDT,27599,long,-0.0023777811175164807,,1,-0.0018777811175164807,-0.0018777811175164807,1,-0.001878270252642802,-0.001878270252642802
BTCUSDT,27615,short,-0.0022042892030537035,,1,-0.0017042892030537035,-0.0017042892030537035,1,-0.0017038872594239917,0.00040388725942399164
BTCUSDT,27676,short,-0.002253969721832944,,1,-0.0017539697218329439,-0.0017539697218329439,1,-0.001753542950357765,-0.001753542950357765
BTCUSDT,28291,long,-0.002259468627490798,,1,-0.0017594686274907982,-0.0017594686274907982,1,-0.0017598985767791875,0.0009758377228467002
BTCUSDT,28835,long,-0.002328640382935719,,1,-0.001828640382935719,-0.001828640382935719,1,-0.0018291049354034208,0.00015746296124205243
BTCUSDT,28867,short,-0.002482758925942821,,1,-0.001982758925942821,0.000682758925942821,1,-0.001982217817034304,-0.001982217817034304
BTCUSDT,28895,long,0.0018825528849351048,,1,0.002382552884935105,0.002382552884935105,1,0.0023839448573637866,0.0023839448573637866
BTCUSDT,28963,short,0.0004456404677646497,,1,0.0009456404677646496,0.0009456404677646496,0,,
BTCUSDT,29078,long,-0.002290044089515832,,1,-0.001790044089515832,0.0004900440895158321,0,,
BTCUSDT,29201,long,0.001148310040196398,,1,0.001648310040196398,0.001648310040196398,0,,
BTCUSDT,29640,long,0.0005375300458383071,,1,0.001037530045838307,0.001037530045838307,1,0.0010382491704235186,0.0010382491704235186
BTCUSDT,30053,long,-0.002232881292331834,,1,-0.001732881292331834,-0.001732881292331834,1,-0.0017332979413024851,-0.0017332979413024851
BTCUSDT,30074,short,0.0006197208290393955,,1,0.0011197208290393953,0.0011197208290393953,1,0.0011189613483652127,0.0011189613483652127
BTCUSDT,30326,short,-0.0024255756895720567,,1,-0.0019255756895720567,-0.0019255756895720567,1,-0.0019250631579930603,-0.0019250631579930603
BTCUSDT,30356,long,0.0014605693377433408,,1,0.001960569337743341,0.001960569337743341,0,,
BTCUSDT,30386,short,-0.0023074156465415145,,1,-0.0018074156465415145,-0.0018074156465415145,1,-0.0018069621654587852,0.00014417729927527099
BTCUSDT,30430,long,0.0007461672453489933,,1,0.0012461672453489931,0.0012461672453489931,0,,
BTCUSDT,30715,long,-0.0022149311944652463,,1,-0.0017149311944652463,-0.0017149311944652463,1,-0.001715338863897195,8.920331833831688e-05
BTCUSDT,31016,long,0.00045408807602333266,,1,0.0009540880760233326,0.0009540880760233326,0,,
BTCUSDT,31052,short,-0.0022794312666267608,,1,-0.0017794312666267608,0.0010070900266028172,1,0.0010063868331862242,0.0010063868331862242
BTCUSDT,31435,long,-0.0023380978220333844,,1,-0.0018380978220333844,-0.0018380978220333844,1,-0.0018385671055861775,0.0001631402633517066
BTCUSDT,31701,long,-0.0023517614752658826,,1,-0.0018517614752658826,0.001122818360425412,1,0.0011235801505006622,0.0011235801505006622
BTCUSDT,31761,long,-0.002262108617322838,,1,-0.0017621086173228379,0.031041469697027466,1,0.03171048924754553,0.03171048924754553
BTCUSDT,31823,long,-0.002945402494800541,,1,-0.002445402494800541,0.0020726439916808658,1,0.002073880932146939,0.002073880932146939
BTCUSDT,31883,long,-0.0023379568287145032,,1,0.0011007309259432052,0.0011007309259432052,1,0.0011014816667765936,0.0011014816667765936
BTCUSDT,31912,short,-0.0031385981693033108,,1,-0.0026385981693033108,0.0023817570708852967,1,-0.0026377293046509855,0.0023803668874415765
BTCUSDT,32150,short,-0.002690178292088581,,1,-0.002190178292088581,0.0016642852673417288,1,-0.0021895335253259178,0.0016632536405214683
BTCUSDT,32156,long,-0.002482003070329229,,1,-0.001982003070329229,-0.001982003070329229,1,-0.001982544342500479,-0.001982544342500479
BTCUSDT,32222,long,0.00045977122578375203,,1,0.0009597712257837519,0.0009597712257837519,0,,
BTCUSDT,32280,short,0.0005686003776872678,,1,0.0010686003776872676,0.0010686003776872676,0,,
BTCUSDT,32314,long,-0.002282529506087957,,1,-0.0017825295060879568,-0.0017825295060879568,1,-0.0017829709915837483,0.0010127535865339975
BTCUSDT,32438,short,-0.0023366236234744773,,1,-0.0018366236234744772,0.0010985977975591634,1,0.0010978488731226022,0.0010978488731226022
BTCUSDT,33154,short,-0.0040578504291498025,,1,-0.003557850429149803,0.0038525606866396844,1,-0.00355652216806577,0.003850435468905232
BTCUSDT,33215,long,-0.0032547214401780025,,1,-0.0027547214401780025,-0.0027547214401780025,1,-0.0027556492648104077,-0.0027556492648104077
BTCUSDT,33222,short,-0.0029925490669859087,,1,-0.0024925490669859087,0.002148078507177454,1,-0.002491753190390714,0.0021468051046251418
BTCUSDT,33282,short,-0.0031903594276424616,,1,-0.0026903594276424616,0.0013903594276424615,1,-0.0026894646952948143,0.001389464695294814
BTCUSDT,33297,long,0.0005924607689112684,,1,0.0010924607689112682,0.0010924607689112682,1,0.0010932073725975669,0.0010932073725975669
BTCUSDT,36150,long,-0.0024946021032573973,,1,-0.0019946021032573973,-0.0019946021032573973,1,-0.0019951496780964456,0.00025708980685786725
BTCUSDT,37649,short,-0.002247621696720361,,1,-0.001747621696720361,0.00010857301803221647,1,-0.001747198097671525,0.00044719809767152505
BTCUSDT,38630,short,-0.002222016885676632,,1,-0.0017220168856766321,9.321013140597921e-05,1,-0.0017216060826353145,0.00042160608263531443
BTCUSDT,38974,short,0.0012244432590620504,,1,0.0017244432590620504,0.0017244432590620504,1,0.0017233815682779112,0.0017233815682779112
BTCUSDT,38990,long,0.0011613914795819058,,1,0.0016613914795819058,0.0016613914795819058,0,,
BTCUSDT,40439,short,-0.002709417014384403,,1,-0.002209417014384403,0.0003856502086306418,1,-0.002208762633067869,0.0009087626330678689
BTCUSDT,40457,long,0.0009180368851852808,,1,0.0014180368851852804,0.0014180368851852804,1,-0.0020368414739777895,-0.0020368414739777895
BTCUSDT,40499,short,-0.004275103134843373,,1,-0.0037751031348433736,0.002475103134843373,1,-0.003773666301692527,0.0024736663016925267
BTCUSDT,40522,long,0.0012264799523295598,,1,0.0017264799523295598,0.0017264799523295598,0,,
BTCUSDT,40559,short,0.0005406312250928625,,1,0.0010406312250928623,0.0010406312250928623,1,0.0010399112694581332,0.0010399112694581332
BTCUSDT,40582,long,-0.0023585957682215513,,1,-0.0018585957682215513,0.00017515746093293058,1,-0.0018590753058744885,0.0005590753058744884
BTCUSDT,41795,short,-0.0032918900355508045,,1,-0.0027918900355508045,0.0026270240568812874,1,0.002625511301230672,0.002625511301230672
BTCUSDT,41836,long,-0.002320700843463385,,1,-0.0018207008434633848,-0.0018207008434633848,1,-0.0018211614241754725,0.001073858278680756
BTCUSDT,41876,short,-0.0023353032752862456,,1,-0.0018353032752862456,0.0005353032752862456,1,0.0010957373717721069,0.0010957373717721069
BTCUSDT,41896,long,0.0009197815625992669,,1,0.0014197815625992668,0.0014197815625992668,1,0.0014206919085535433,0.0014206919085535433
BTCUSDT,42573,long,0.0005471160910752897,,1,0.0010471160910752895,0.0010471160910752895,0,,
ETHUSDT,61,short,-0.0023438942658704086,,1,-0.0018438942658704086,0.0011102308253926538,1,0.0011094760873489795,0.0011094760873489795
ETHUSDT,121,long,-0.0029820106655954496,,1,-0.0024820106655954496,-0.0024820106655954496,1,-0.002482802066628764,-0.002482802066628764
ETHUSDT,128,short,0.0013621636539673685,,1,0.0018621636539673686,0.0018621636539673686,1,0.0018610331373986695,0.0018610331373986695
ETHUSDT,181,long,0.0005183700976413251,,1,0.001018370097641325,0.001018370097641325,1,0.001019079637460055,0.001019079637460055
ETHUSDT,1537,long,-0.002373869778619288,,1,-0.0018738697786192882,-0.0018738697786192882,1,-0.001874356957097837,0.0011589711313565393
ETHUSDT,1636,short,-0.0023087787726256653,,1,-0.0018087787726256653,-0.0018087787726256653,1,-0.0018083246103205055,-0.0018083246103205055
ETHUSDT,2996,short,-0.0022546550569323654,,1,-0.0017546550569323654,-0.0017546550569323654,1,-0.0017542279429608853,0.0009667647087374163
ETHUSDT,3017,long,0.0005307821644863666,,1,0.0010307821644863664,0.0010307821644863664,0,,
ETHUSDT,3077,long,0.0007006249015026399,,1,0.0012006249015026396,0.0012006249015026396,1,0.0012014256143097943,0.0012014256143097943
ETHUSDT,6333,short,-0.002360293137298276,,1,-0.0018602931372982759,0.0011364690196772416,1,-0.0018598132306829347,0.0011357011690926954
ETHUSDT,6358,long,-0.0023059998507764935,,1,-0.0018059998507764935,0.000143599910465896,1,-0.0018064530773151508,-0.0018064530773151508
ETHUSDT,6558,long,-0.0022595047052324465,,1,-0.0017595047052324465,-0.0017595047052324465,1,-0.0017599346725687306,0.00011596080354123842
ETHUSDT,6886,long,-0.002250349059106953,,1,-0.0017503490591069528,-0.0017503490591069528,1,-0.001750774446330118,-0.001750774446330118
ETHUSDT,8727,long,-0.002283335039533692,,1,-0.001783335039533692,0.00013000102372021525,1,-0.0017837769279976908,0.0010140430847963052
ETHUSDT,8787,long,-0.0028658165453808956,,1,-0.0023658165453808956,0.0019453064726094324,1,0.0019464797124656651,0.0019464797124656651
ETHUSDT,8805,short,-0.002208333420532188,,1,-0.0017083334205321879,-0.0017083334205321879,1,-0.0017079294558042858,-0.0017079294558042858
ETHUSDT,10167,short,-0.002659308779403313,,1,-0.002159308779403313,0.00035558526764198773,1,-0.002158679439683471,0.0008586794396834712
ETHUSDT,10193,long,-0.0024008746581636485,,1,-0.0019008746581636485,0.001201399453061837,1,0.0012022005533385064,0.0012022005533385064
ETHUSDT,10255,long,0.006520626638896845,,1,0.0070206266388968454,0.0070206266388968454,1,0.007024338808300996,0.007024338808300996
ETHUSDT,10317,long,-0.00416246676609818,,1,-0.00366246676609818,0.0040199468257570885,1,-0.0036638486904434016,0.004022157904709443
ETHUSDT,10349,short,0.0015406724134400438,,1,0.002040672413440044,0.002040672413440044,0,,
ETHUSDT,10404,long,0.0014149786957349244,,1,0.0019149786957349244,0.0019149786957349244,0,,
ETHUSDT,10437,short,-0.002424080301074138,,1,-0.0019240803010741382,0.00021444818064448286,1,-0.0019235685168157305,-0.0019235685168157305
ETHUSDT,10471,long,-0.0022235762284926967,,1,-0.0017235762284926967,0.0009177219655883147,1,0.0009183811561663979,0.0009183811561663979
ETHUSDT,10517,short,-0.002721575375203106,,1,-0.002221575375203106,-0.002221575375203106,1,-0.0022209149177442335,-0.0022209149177442335
ETHUSDT,10593,long,0.001002330610687625,,1,0.001502330610687625,0.001502330610687625,1,0.0015032822518135317,0.0015032822518135317
ETHUSDT,10654,long,-0.004882854239699835,,1,-0.004382854239699836,-0.004382854239699836,1,-0.00438459653796882,-0.00438459653796882
ETHUSDT,10669,short,0.004168539160077428,,1,0.004668539160077428,0.004668539160077428,1,0.00466600615699893,0.00466600615699893
ETHUSDT,10731,short,-0.0032316484454812796,,1,-0.0027316484454812796,0.0014316484454812792,1,0.0025291729263068937,0.0025291729263068937
ETHUSDT,10756,long,-0.0028628981496812487,,1,-0.0023628981496812487,0.0019406370394899975,1,-0.0023636299646635803,0.0019418079434617278
ETHUSDT,10819,long,0.0013697011804112537,,1,0.0018697011804112537,0.0018697011804112537,0,,
ETHUSDT,10844,short,0.0014043631276671885,,1,0.0019043631276671885,0.0019043631276671885,1,0.0019032115219062354,0.0019032115219062354
ETHUSDT,10883,long,0.0006452009842060791,,1,0.001145200984206079,0.001145200984206079,1,0.0011459739711916746,0.0011459739711916746
ETHUSDT,10928,short,0.0007880825290408423,,1,0.001288082529040842,0.001288082529040842,0,,
ETHUSDT,10994,short,-0.0029072608625353834,,1,-0.0024072608625353834,0.0005043565175212299,1,-0.002406507608731018,-0.002406507608731018
ETHUSDT,11001,long,0.0012740543641056854,,1,0.0017740543641056854,0.0017740543641056854,1,0.001775141935073222,0.001775141935073222
ETHUSDT,11078,long,0.0004702070022092398,,1,0.0009702070022092397,0.0009702070022092397,1,-0.0017568077802709104,0.0009708924484334566
ETHUSDT,11167,long,0.001021221522412815,,1,0.0015212215224128147,0.0015212215224128147,0,,
ETHUSDT,11219,short,0.0006413975244720074,,1,0.0011413975244720072,0.0011413975244720072,0,,
ETHUSDT,11262,long,0.0003892210532996875,,1,0.0008892210532996874,0.0008892210532996874,1,0.0008898659862928339,0.0008898659862928339
ETHUSDT,11303,short,-0.002886108987199248,,1,-0.002386108987199248,-0.002386108987199248,1,-0.0023853663040472248,-0.0023853663040472248
ETHUSDT,11325,long,-0.002664421921320396,,1,-0.002164421921320396,0.001623075074112633,1,-0.002165054448544668,0.0016240871176714687
ETHUSDT,11380,short,-0.0026864843577549076,,1,-0.0021864843577549076,0.0008864843577549075,1,-0.0021858414370363893,-0.0021858414370363893
ETHUSDT,11403,long,0.0013169038292429394,,1,0.0018169038292429394,0.0018169038292429394,1,0.0018180128356607692,0.0018180128356607692
ETHUSDT,11466,long,0.0009826183467945603,,1,0.00148261834679456,0.00148261834679456,1,0.001483560126857989,0.001483560126857989
ETHUSDT,11505,short,0.0025782781900504266,,1,0.0030782781900504266,0.0030782781900504266,1,0.0030765399200903816,0.0030765399200903816
ETHUSDT,11549,long,-0.0029162581967521434,,1,-0.0024162581967521433,0.0005097549180512859,1,-0.0024170167051046952,0.0005102100230628172
ETHUSDT,11594,short,0.0011418772040510815,,1,0.0016418772040510815,0.0016418772040510815,1,0.0016408567756632498,0.0016408567756632498
ETHUSDT,11620,long,0.0028228121387972325,,1,0.0033228121387972325,0.0033228121387972325,1,0.0033246744760352495,0.0033246744760352495
ETHUSDT,11656,short,-0.002990911661825511,,1,-0.002490911661825511,-0.002490911661825511,1,-0.002490116603523749,-0.002490116603523749
ETHUSDT,11681,long,-0.002787163470191343,,1,-0.002287163470191343,0.0018194615523061484,1,0.0018205718382252605,0.0018205718382252605
ETHUSDT,11741,long,-0.0039430214894507366,,1,-0.0034430214894507366,-0.0034430214894507366,1,-0.0034442936362688707,-0.0034442936362688707
ETHUSDT,11765,short,-0.0034283919477363445,,1,-0.0029283919477363445,0.0008170351686418064,1,-0.002927378258607041,0.0016273782586070408
ETHUSDT,11804,long,-0.003470300591427362,,1,-0.002970300591427362,0.0008421803548564168,1,-0.0029713362595571403,0.0008428017557342839
ETHUSDT,11870,short,0.0019506651858228522,,1,0.002450665185822852,0.002450665185822852,1,0.0024492405655400827,0.0024492405655400827
ETHUSDT,11920,long,-0.0026112331480605466,,1,-0.0021112331480605466,-0.0021112331480605466,1,-0.0021118390675943437,0.0003271034405566061
ETHUSDT,11931,short,-0.002773365408339508,,1,-0.002273365408339508,-0.002273365408339508,1,-0.0022726790688051054,-0.0022726790688051054
ETHUSDT,11991,short,0.0008457585443815858,,1,0.0013457585443815857,0.0013457585443815857,1,0.0013448861013309202,0.0013448861013309202
ETHUSDT,12014,long,0.000608104402691821,,1,0.0011081044026918208,0.0011081044026918208,1,-0.0018430367700674219,-0.0018430367700674219
ETHUSDT,12082,long,-0.0022331101238581524,,1,-0.0017331101238581524,9.986607431489134e-05,1,-0.0017335268873018032,0.0001001161323810819
ETHUSDT,12111,short,-0.0025439262096447262,,1,-0.0020439262096447262,-0.0020439262096447262,1,-0.002043354532378537,-0.002043354532378537
ETHUSDT,12146,long,-0.0023451842538046155,,1,-0.0018451842538046155,0.0011122948060873846,1,0.0011130513317532612,0.0011130513317532612
ETHUSDT,12210,short,-0.0022515913787359005,,1,-0.0017515913787359005,-0.0017515913787359005,1,-0.0017511657958379817,0.0009618652733407704
ETHUSDT,12229,long,-0.002430143041316224,,1,-0.001930143041316224,0.0012482288661059583,1,0.0012490533928023592,0.0012490533928023592
ETHUSDT,12270,short,-0.003511348897654591,,1,-0.003011348897654591,0.0008668093385927543,1,-0.0030102937507792017,0.0008661762504675207
ETHUSDT,12291,long,0.0014555864352479519,,1,0.001955586435247952,0.001955586435247952,1,0.00195676481765678,0.00195676481765678
ETHUSDT,12351,short,-0.0033665952037906077,,1,-0.0028665952037906076,-0.0028665952037906076,1,-0.002865612397591812,0.002744979836146899
ETHUSDT,12376,long,0.0012727174716235432,,1,0.0017727174716235432,0.0017727174716235432,1,0.0017738043738104487,0.0017738043738104487
ETHUSDT,12415,short,-0.00250911181300245,,1,-0.00200911181300245,-0.00200911181300245,1,-0.0020085575342353324,-0.0020085575342353324
ETHUSDT,12440,long,-0.0023580044842504587,,1,-0.0018580044842504586,-0.0018580044842504586,1,-0.0018584837261135154,-0.0018584837261135154
ETHUSDT,12475,short,-0.002622471554320048,,1,-0.002122471554320048,0.000822471554320048,1,0.0015549769984128706,0.0015549769984128706
ETHUSDT,12500,long,-0.00221232099274752,,1,-0.0017123209927475199,0.0008997135883960316,1,0.0009003637702811718,0.0009003637702811718
ETHUSDT,12554,short,-0.002668415719607263,,1,-0.002168415719607263,-0.002168415719607263,1,-0.0021677818286929165,0.00036066909721575
ETHUSDT,12578,long,0.0007365530797807504,,1,0.0012365530797807502,0.0012365530797807502,0,,
ETHUSDT,12617,short,-0.0027683055086014257,,1,-0.0022683055086014257,-0.0022683055086014257,1,-0.0022676216977525494,-0.0022676216977525494
ETHUSDT,12638,long,0.002509844757827645,,1,0.003009844757827645,0.003009844757827645,1,0.0030115505330941925,0.0030115505330941925
ETHUSDT,12685,short,-0.003315613134601385,,1,-0.002815613134601385,-0.002815613134601385,1,-0.002814655806698036,-0.002814655806698036
ETHUSDT,12711,long,0.0010549169514882449,,1,0.001554916951488245,0.001554916951488245,1,0.0015558948989377141,0.0015558948989377141
ETHUSDT,12771,short,0.0061929698423989306,,1,0.006692969842398931,0.006692969842398931,1,0.006689425129834015,0.006689425129834015
ETHUSDT,12805,long,0.0026095894574068123,,1,0.0031095894574068124,0.0031095894574068124,0,,
ETHUSDT,12831,short,-0.003848209575325656,,1,-0.003348209575325656,-0.003348209575325656,1,-0.003346986082284514,-0.003346986082284514
ETHUSDT,12874,long,-0.0028173952403356536,,1,-0.0023173952403356536,-0.0023173952403356536,1,-0.0023181042924818943,-0.0023181042924818943
ETHUSDT,12901,short,0.002115523719704786,,1,0.002615523719704786,0.002615523719704786,1,0.002614016711349112,0.002614016711349112
ETHUSDT,12955,long,-0.0031451922932212153,,1,-0.0026451922932212153,0.0023923076691539447,1,0.002393704521414652,0.002393704521414652
ETHUSDT,13009,short,-0.002585144984833011,,1,-0.002085144984833011,-0.002085144984833011,1,-0.0020845527084787717,-0.0020845527084787717
ETHUSDT,13015,long,-0.002649573465776572,,1,-0.002149573465776572,-0.002149573465776572,1,-0.0021501985650591014,-0.0021501985650591014
ETHUSDT,13070,short,-0.003718276502463651,,1,-0.003218276502463651,0.0033092424039418413,1,-0.003217117943491905,0.0033073887095870476
ETHUSDT,13098,long,-0.0036132216481918346,,1,-0.0031132216481918346,0.0009279329889151005,1,-0.0031143288125981337,0.0018143288125981333
ETHUSDT,13158,long,-0.0027008928571428583,,1,-0.0022008928571428583,0.0003805357142857149,1,-0.002201543628957337,0.0009015436289573367
ETHUSDT,13163,short,-0.0027293831209458685,,1,-0.0022293831209458685,0.0017270129935133896,1,-0.002228718761565086,0.001725950018504137
ETHUSDT,13218,long,0.001174465645831681,,1,0.001674465645831681,0.001674465645831681,0,,
ETHUSDT,13268,short,0.0021322481896804526,,1,0.0026322481896804526,0.0026322481896804526,1,-0.002794208014543011,-0.002794208014543011
ETHUSDT,13278,long,0.0020296385154479524,,1,0.0025296385154479524,0.0025296385154479524,0,,
ETHUSDT,13340,short,0.001088565864170906,,1,0.001588565864170906,0.001588565864170906,1,0.0015875720781318402,0.0015875720781318402
ETHUSDT,13366,long,-0.0031826069756085516,,1,-0.0026826069756085516,-0.0026826069756085516,1,-0.002683498724971037,-0.002683498724971037
ETHUSDT,13421,short,0.0008174787667337998,,1,0.0013174787667337997,0.0013174787667337997,1,-0.0019728877853159668,-0.0019728877853159668
ETHUSDT,13432,long,0.001693152302243226,,1,0.002193152302243226,0.002193152302243226,0,,
ETHUSDT,13492,long,-0.002322462203656434,,1,-0.0018224622036564341,-0.0018224622036564341,1,-0.0018229236654891787,0.0010766778647826856
ETHUSDT,13496,short,-0.0022939312975084176,,1,-0.0017939312975084176,-0.0017939312975084176,1,-0.0017934845552308024,-0.0017934845552308024
ETHUSDT,13555,long,-0.00514748252977035,,1,-0.0046474825297703505,0.00334748252977035,1,-0.004649357208374537,0.003349357208374537
ETHUSDT,13579,short,-0.004078132065245751,,1,-0.0035781320652457506,-0.0035781320652457506,1,-0.003576793668411545,0.0022767936684115445
ETHUSDT,13625,long,0.0018349147987925707,,1,0.0023349147987925707,0.0023349147987925707,1,0.0023362829402627018,0.0023362829402627018
ETHUSDT,13639,short,0.0028832861534010094,,1,0.0033832861534010094,0.0033832861534010094,0,,
ETHUSDT,13692,long,-0.0031271166999205847,,1,-0.0026271166999205847,0.002363386719872935,1,0.0023647691044251474,0.0023647691044251474
ETHUSDT,13710,short,-0.0028908096673119516,,1,-0.0023908096673119516,-0.0023908096673119516,1,-0.0023900646349944545,0.0004940387809966725
ETHUSDT,13761,long,-0.0026392764190040904,,1,-0.0021392764190040904,-0.0021392764190040904,1,-0.0021398963671876844,-0.0021398963671876844
ETHUSDT,13771,short,-0.0028431708484605482,,1,-0.0023431708484605482,-0.0023431708484605482,1,-0.002342449623648724,0.00046546977418923435
ETHUSDT,13831,short,-0.0032873327803229833,,1,-0.0027873327803229833,0.0014873327803229832,1,-0.0027863895855302183,0.0014863895855302181
ETHUSDT,13844,long,-0.002522623202850504,,1,0.0013961971245608064,0.0013961971245608064,1,0.001397095672397005,0.001397095672397005
ETHUSDT,13891,short,-0.0025384995648666236,,1,-0.0020384995648666236,0.0014215993037865976,1,-0.0020379305995668405,0.0014206889593069445
ETHUSDT,13919,long,-0.0026404181738140004,,1,-0.0021404181738140004,-0.0021404181738140004,1,-0.0021410386931605806,-0.0021410386931605806
ETHUSDT,13958,short,0.0016691468529880828,,1,0.0021691468529880828,0.0021691468529880828,0,,
ETHUSDT,14019,long,-0.0036485519711876016,,1,-0.0031485519711876016,0.0009491311827125607,1,-0.0031496768095923976,0.0009498060857554383
ETHUSDT,14034,short,-0.003307598424086269,,1,-0.002807598424086269,0.00265215747853803,1,0.002650632162456802,0.002650632162456802
ETHUSDT,14079,long,0.001323760633616923,,1,0.001823760633616923,0.001823760633616923,1,0.0018248730701519987,0.0018248730701519987
ETHUSDT,14101,short,0.002008542610889071,,1,0.002508542610889071,0.002508542610889071,1,0.0025070890663558927,0.0025070890663558927
ETHUSDT,14159,long,-0.0028818330432948086,,1,-0.0023818330432948086,-0.0023818330432948086,1,-0.0023825743304600384,-0.0023825743304600384
ETHUSDT,14170,short,0.0008063105670700895,,1,0.0013063105670700892,0.0013063105670700892,0,,
ETHUSDT,14222,long,-0.002787277107865947,,1,-0.002287277107865947,0.0009872771078659468,1,-0.0022879710934126532,0.0009879710934126529
ETHUSDT,14242,short,0.00053525126625084,,1,0.0010352512662508398,0.0010352512662508398,1,0.0010345339992512141,0.0010345339992512141
ETHUSDT,14299,long,0.002777583478652082,,1,0.003277583478652082,0.003277583478652082,1,0.003279423190247206,0.003279423190247206
ETHUSDT,14324,short,-0.0024961861855627445,,1,-0.0019961861855627445,-0.0019961861855627445,1,-0.001995638366379555,0.0013530213862072873
ETHUSDT,14359,long,0.0008094128237879683,,1,0.001309412823787968,0.001309412823787968,1,0.0013102679577668512,0.0013102679577668512
ETHUSDT,14423,short,0.0009368178283249911,,1,0.0014368178283249908,0.0014368178283249908,1,0.001435899878385798,0.001435899878385798
ETHUSDT,14496,long,0.00041873202103569294,,1,0.0009187320210356928,0.0009187320210356928,1,-0.0017246198230588374,-0.0017246198230588374
ETHUSDT,14547,short,0.0008689236997938091,,1,0.001368923699793809,0.001368923699793809,0,,
ETHUSDT,14596,long,0.0006736896538439478,,1,0.0011736896538439476,0.0011736896538439476,0,,
ETHUSDT,14949,short,0.0012194117994448984,,1,0.0017194117994448984,0.0017194117994448984,1,0.0017183526231333316,0.0017183526231333316
ETHUSDT,14993,long,0.0016452039316254582,,1,0.0021452039316254582,0.0021452039316254582,0,,
ETHUSDT,15021,short,-0.0026424213187423453,,1,-0.0021424213187423453,0.000842421318742345,1,0.0015868806696529257,0.0015868806696529257
ETHUSDT,15132,long,0.0006215295847413322,,1,0.001121529584741332,0.001121529584741332,0,,
ETHUSDT,15179,short,-0.0023771310138440173,,1,-0.0018771310138440173,0.00018627860830641032,1,-0.0018766426924977687,0.0011626283079964295
ETHUSDT,15192,long,-0.0022357261616681653,,1,-0.0017357261616681653,0.0004357261616681654,1,0.0009378307740560925,0.0009378307740560925
ETHUSDT,15261,long,-0.0022489340341345036,,1,-0.0017489340341345035,0.0009582944546152053,1,0.0009589739415859984,0.0009589739415859984
ETHUSDT,15359,short,-0.0025933216668800434,,1,-0.0020933216668800434,-0.0020933216668800434,1,-0.0020927253042279294,0.001508360486764687
ETHUSDT,15419,short,0.0031406713123883086,,1,0.0036406713123883086,0.0036406713123883086,1,0.003638651986395111,0.003638651986395111
ETHUSDT,15433,long,-0.003949895586559965,,1,-0.003449895586559965,0.0036798329384959434,1,-0.003451171172146038,0.003681873875433661
ETHUSDT,15493,long,0.0016130524083219759,,1,0.002113052408321976,0.002113052408321976,1,0.0021143095631035273,0.0021143095631035273
ETHUSDT,15524,short,-0.002211181680160392,,1,-0.001711181680160392,-0.001711181680160392,1,-0.0017107762920143847,8.646577520863086e-05
ETHUSDT,15738,short,-0.002250051304871669,,1,-0.001750051304871669,-0.001750051304871669,1,-0.0017496264916258561,0.00010977589497551359
ETHUSDT,15818,short,-0.0023669917029288854,,1,-0.0018669917029288854,-0.0018669917029288854,1,-0.0018665084487045334,0.0011464135179272532
ETHUSDT,15820,long,-0.0022271106600607934,,1,-0.0017271106600607934,0.0004271106600607934,1,0.0009240390756350868,0.0009240390756350868
ETHUSDT,15939,short,-0.0025574087554259776,,1,-0.0020574087554259776,-0.0020574087554259776,1,-0.0020568303402558495,-0.0020568303402558495
ETHUSDT,15945,long,0.0009341617863201434,,1,0.001434161786320143,0.001434161786320143,1,-0.0020469245787394594,0.0014350793259831347
ETHUSDT,15999,short,-0.005914064559751027,,1,-0.0054140645597510265,0.004114064559751027,1,-0.005411808655423314,0.004111808655423315
ETHUSDT,16034,long,0.0016692246371714388,,1,0.002169224637171439,0.002169224637171439,1,0.002170509892117497,0.002170509892117497
ETHUSDT,16066,short,-0.0024825130478866985,,1,-0.0019825130478866985,-0.0019825130478866985,1,-0.0019819720618557703,-0.0019819720618557703
ETHUSDT,16131,short,-0.003102916936634167,,1,-0.002602916936634167,-0.002602916936634167,1,-0.0026020659036823258,-0.0026020659036823258
ETHUSDT,16200,long,-0.0025467126208487956,,1,-0.0020467126208487956,0.0007467126208487956,1,0.0014356580223692575,0.0014356580223692575
ETHUSDT,16319,short,-0.0023428915575211145,,1,-0.0018428915575211145,0.00016573493451266878,1,-0.0018424203473474407,-0.0018424203473474407
ETHUSDT,16407,short,-0.0038548992069456656,,1,-0.0033548992069456656,-0.0033548992069456656,1,-0.0033536723707602856,0.001072203422456171
ETHUSDT,16419,long,0.0014357698001480493,,1,0.0019357698001480493,0.0019357698001480493,1,-0.002360586418301682,0.0010605864183016816
ETHUSDT,16469,short,0.0009359934903572787,,1,0.0014359934903572786,0.0014359934903572786,1,0.0014350759523810883,0.0014350759523810883
ETHUSDT,16506,long,-0.0028584865632303165,,1,-0.0023584865632303165,0.001933578501168506,1,-0.0023592161713159743,0.0019347458741055586
ETHUSDT,16531,short,-0.0029914756313484192,,1,-0.0024914756313484192,-0.0024914756313484192,1,-0.002490680291202818,-0.002490680291202818
ETHUSDT,16583,long,-0.0027477802960924774,,1,-0.0022477802960924774,-0.0022477802960924774,1,-0.0022484545233541543,-0.0022484545233541543
ETHUSDT,16592,short,-0.0028863441944732746,,1,-0.0023863441944732746,0.0010863441944732742,1,-0.0023856013937763863,-0.0023856013937763863
ETHUSDT,16653,short,0.0015890678476066567,,1,0.0020890678476066567,0.0020890678476066567,0,,
ETHUSDT,16681,long,0.0015764890832043734,,1,0.0020764890832043735,0.0020764890832043735,0,,
ETHUSDT,16715,short,-0.0024819227832148776,,1,-0.0019819227832148776,0.0013310764531438042,1,0.0013302113474700692,0.0013302113474700692
ETHUSDT,16753,long,-0.002345445343418063,,1,-0.001845445343418063,-0.001845445343418063,1,-0.0018459183025693474,-0.0018459183025693474
ETHUSDT,16785,short,-0.0023497611919752965,,1,-0.0018497611919752965,-0.0018497611919752965,1,-0.0018492865487009461,-0.0018492865487009461
ETHUSDT,16813,long,0.0003835411129874103,,1,0.0008835411129874102,0.0008835411129874102,1,-0.0017026145028685657,0.0004026145028685656
ETHUSDT,16845,short,-0.002709731005235408,,1,-0.002209731005235408,0.0009097310052354077,1,-0.002209076467001907,0.0009090764670019069
ETHUSDT,16875,long,-0.00291392449312514,,1,-0.00241392449312514,-0.00241392449312514,1,-0.002414681834042161,-0.002414681834042161
ETHUSDT,16912,short,-0.0024038313236262065,,1,-0.0019038313236262065,0.00020229879417572392,1,-0.0019033296587968084,-0.0019033296587968084
ETHUSDT,16936,long,-0.0022573152520576614,,1,-0.0017573152520576614,-0.0017573152520576614,1,-0.0017577441241197213,-0.0017577441241197213
ETHUSDT,16996,short,0.000781976624379227,,1,0.001281976624379227,0.001281976624379227,0,,
ETHUSDT,17056,short,-0.002751842089849479,,1,-0.002251842089849479,-0.002251842089849479,1,-0.002251166506596181,-0.002251166506596181
ETHUSDT,17067,long,0.0008330436374790184,,1,0.0013330436374790183,0.0013330436374790183,1,0.0013339105927754058,0.0013339105927754058
ETHUSDT,17189,short,-0.0026240809689298474,,1,-0.0021240809689298474,0.0015585295502877558,1,0.0015575507749003054,0.0015575507749003054
ETHUSDT,17219,long,0.0015595955033275298,,1,0.00205959550332753,0.00205959550332753,1,0.002060825916285673,0.002060825916285673
ETHUSDT,17273,short,0.001082824409933958,,1,0.001582824409933958,0.001582824409933958,1,0.0015818334931873641,0.0015818334931873641
ETHUSDT,17293,long,0.001480465144540108,,1,0.001980465144540108,0.001980465144540108,1,0.001981655972526371,0.001981655972526371
ETHUSDT,17354,short,0.00192317496654205,,1,0.00242317496654205,0.00242317496654205,0,,
ETHUSDT,17389,long,-0.003289672006521387,,1,-0.002789672006521387,0.002623475210434219,1,0.002624987704286362,0.002624987704286362
ETHUSDT,17438,short,-0.0036366485023697284,,1,-0.0031366485023697284,0.0009419891014218368,1,-0.0031355307370012275,0.0009413184422007362
ETHUSDT,17457,long,0.0015773190781064174,,1,0.0020773190781064174,0.0020773190781064174,1,0.0020785583572850595,0.0020785583572850595
ETHUSDT,17500,short,0.003328568213279435,,1,0.0038285682132794354,0.0038285682132794354,1,0.003826454985786543,0.003826454985786543
ETHUSDT,17517,long,-0.003390726525122942,,1,-0.002890726525122942,0.0015907265251229414,1,-0.0028917223863161,0.0015917223863160996
ETHUSDT,17560,short,0.0013320458004202882,,1,0.0018320458004202882,0.0018320458004202882,0,,
ETHUSDT,17618,long,-0.0026971258635189238,,1,-0.0021971258635189238,0.0016754013816302777,1,-0.002197774750894371,0.0016764396014309932
ETHUSDT,17623,short,-0.0026730918267504618,,1,-0.0021730918267504618,-0.0021730918267504618,1,-0.0021724555989509862,-0.0021724555989509862
ETHUSDT,17684,short,0.0008482224768987121,,1,0.0013482224768987118,0.0013482224768987118,1,0.0013473488024974632,0.0013473488024974632
ETHUSDT,17720,long,0.0007498138230928745,,1,0.0012498138230928742,0.0012498138230928742,1,-0.0019316494641651288,0.001250639142664206
ETHUSDT,17750,short,-0.0024681823054311576,,1,-0.0019681823054311575,-0.0019681823054311575,1,-0.0019676484811905624,-0.0019676484811905624
ETHUSDT,17783,long,0.0004856933061234724,,1,0.0009856933061234722,0.0009856933061234722,1,0.0009863864993731588,0.0009863864993731588
ETHUSDT,17930,short,-0.0022511235176770543,,1,-0.0017511235176770543,0.00011067411060623254,1,-0.001750698168592758,-0.001750698168592758
ETHUSDT,17940,long,0.00039319968269995527,,1,0.0008931996826999552,0.0008931996826999552,0,,
ETHUSDT,17994,short,-0.002317010809891733,,1,-0.001817010809891733,0.0010672172958267724,1,-0.0018165525336249207,0.0010664840537998727
ETHUSDT,18013,long,-0.002511302604586645,,1,-0.002011302604586645,0.0013780841673386316,1,0.0013789736541657146,0.0013789736541657146
ETHUSDT,18056,short,0.0010865643104316291,,1,0.0015865643104316291,0.0015865643104316291,1,-0.0021409822029183094,0.0003445893217509856
ETHUSDT,18075,long,-0.0030655915380515078,,1,-0.0025655915380515077,0.0005993549228309044,1,-0.0025664247504267206,0.0005998548502560324
ETHUSDT,18121,short,-0.0024177597937890547,,1,-0.0019177597937890547,-0.0019177597937890547,1,-0.0019172511682049522,-0.0019172511682049522
ETHUSDT,18137,long,-0.004502713821508719,,1,-0.0040027138215087184,-0.0040027138215087184,1,-0.0040042659544859615,0.0014625595726915764
ETHUSDT,18185,short,0.0007755071535340686,,1,0.0012755071535340684,0.0012755071535340684,1,0.0012746698186247558,0.0012746698186247558
ETHUSDT,18247,short,0.0010414017786639401,,1,0.0015414017786639402,0.0015414017786639402,1,0.0015404315628824985,0.0015404315628824985
ETHUSDT,18414,long,-0.002336546749553067,,1,-0.0018365467495530668,-0.0018365467495530668,1,-0.001837015257181658,-0.001837015257181658
ETHUSDT,18485,long,0.00039987652781740563,,1,0.0008998765278174055,0.0008998765278174055,0,,
ETHUSDT,18507,short,-0.0022383958883548547,,1,-0.0017383958883548547,-0.0017383958883548547,1,-0.0017379768999049023,0.0009407630398478435
ETHUSDT,18545,long,0.00047683111702656296,,1,0.0009768311170265628,0.0009768311170265628,1,-0.0017609499231031533,0.0009775198769650453
ETHUSDT,18607,long,-0.002236886907548651,,1,-0.0017368869075486508,-0.0017368869075486508,1,-0.0017373055603288152,0.0009396888965261045
ETHUSDT,18678,long,0.0005690960299949783,,1,0.0010690960299949781,0.0010690960299949781,1,0.001069830945467712,0.001069830945467712
ETHUSDT,18714,short,-0.0026343507130068395,,1,-0.0021343507130068395,-0.0021343507130068395,1,-0.0021337338460837977,-0.0021337338460837977
ETHUSDT,18753,long,0.001063708646357746,,1,0.001563708646357746,0.001563708646357746,0,,
ETHUSDT,18776,short,0.0004647629765249623,,1,0.0009647629765249622,0.0009647629765249622,1,0.0009640809360569337,0.0009640809360569337
ETHUSDT,18833,long,0.002119949338515231,,1,0.002619949338515231,0.002619949338515231,0,,
ETHUSDT,18889,short,-0.002342790382325286,,1,-0.001842790382325286,0.0011084646117204573,1,0.0011077107563422861,0.0011077107563422861
ETHUSDT,18908,long,-0.0027252578798298067,,1,-0.0022252578798298067,-0.0022252578798298067,1,-0.0022259208402499314,0.0017214733443998904
ETHUSDT,18957,short,0.0006874233969545096,,1,0.0011874233969545094,0.0011874233969545094,0,,
ETHUSDT,18982,long,0.0006062466600228269,,1,0.0011062466600228267,0.0011062466600228267,0,,
ETHUSDT,19018,short,-0.002811486997043242,,1,-0.002311486997043242,-0.002311486997043242,1,-0.002310781606240122,-0.002310781606240122
ETHUSDT,19042,long,0.0007956654146787325,,1,0.0012956654146787322,0.0012956654146787322,0,,
ETHUSDT,19222,short,0.0004255200437184284,,1,0.0009255200437184283,0.0009255200437184283,0,,
ETHUSDT,19278,long,0.0013019417977667563,,1,0.0018019417977667563,0.0018019417977667563,0,,
ETHUSDT,19335,short,-0.0022311492772157703,,1,-0.0017311492772157703,-0.0017311492772157703,1,-0.0017307339102606398,0.00043073391026063985
ETHUSDT,19448,long,0.000838748576464005,,1,0.0013387485764640046,0.0013387485764640046,1,0.0013396183856568332,0.0013396183856568332
ETHUSDT,19467,short,-0.002416461997503112,,1,-0.0019164619975031122,-0.0019164619975031122,1,-0.0019159540204928657,0.00020957241229571934
ETHUSDT,19509,long,-0.00223834301503081,,1,-0.0017383430150308102,0.0009413488240492962,1,0.0009420198339662793,0.0009420198339662793
ETHUSDT,19752,long,0.0006491960294885363,,1,0.001149196029488536,0.001149196029488536,1,0.0011499710149960338,0.0011499710149960338
ETHUSDT,20225,short,-0.0028542049712580327,,1,-0.0023542049712580327,0.0019267279540128518,1,0.0019255651714271387,0.0019255651714271387
ETHUSDT,20242,long,0.0019535275492293543,,1,0.0024535275492293543,0.0024535275492293543,0,,
ETHUSDT,20290,short,0.0007730869944718834,,1,0.0012730869944718832,0.0012730869944718832,0,,
ETHUSDT,20349,long,0.0008881877971872733,,1,0.0013881877971872732,0.0013881877971872732,0,,
ETHUSDT,20438,long,-0.0027571565716900163,,1,-0.0022571565716900163,0.0017714505147040259,1,-0.0022578354894347338,0.001772536783095574
ETHUSDT,20495,short,-0.002274125365914639,,1,-0.001774125365914639,-0.001774125365914639,1,-0.001773688521653812,-0.001773688521653812
ETHUSDT,20608,short,-0.002364046727912006,,1,-0.0018640467279120061,0.0011424747646592095,1,-0.0018635649454392866,0.0011417039127028584
ETHUSDT,20696,long,0.0011485041126333847,,1,0.0010999997124233637,0.0010999997124233637,1,0.001100750087467097,0.001100750087467097
ETHUSDT,20756,long,0.0008851715588259211,,1,0.0013851715588259208,0.0013851715588259208,1,0.0013860645911214812,0.0013860645911214812
ETHUSDT,20796,short,0.0004309080822980419,,1,0.0009309080822980418,0.0009309080822980418,1,0.000930242960817633,0.000930242960817633
ETHUSDT,20872,short,-0.0024066433895846757,,1,-0.0019066433895846757,-0.0019066433895846757,1,-0.0019061403194249632,-0.0019061403194249632
ETHUSDT,20936,short,0.000713775844194413,,1,0.0012137758441944128,0.0012137758441944128,1,-0.0019081058496966596,-0.0019081058496966596
ETHUSDT,20949,long,0.000605164978437382,,1,0.0011051649784373817,0.0011051649784373817,0,,
ETHUSDT,21396,long,-0.003019302423119093,,1,-0.002519302423119093,0.0005715814538714558,1,-0.0025201124793587724,-0.0025201124793587724
ETHUSDT,21410,short,-0.002591017776258175,,1,-0.002091017776258175,0.000314610665754905,1,-0.002090422564975687,0.000790422564975687
ETHUSDT,21471,short,-0.0024846848918527805,,1,-0.0019846848918527804,0.0013354958269644482,1,-0.0019841428204425593,0.0013346285127080945
ETHUSDT,21531,long,-0.0023470571403491247,,1,-0.0018470571403491247,0.0005470571403491248,1,0.001116049449283241,0.001116049449283241
ETHUSDT,21555,short,0.0008205676594043094,,1,0.001320567659404309,0.001320567659404309,1,0.0013197078055015583,0.0013197078055015583
ETHUSDT,21674,long,-0.0022532145921645864,,1,-0.0017532145921645864,-0.0017532145921645864,1,-0.0017536414128710219,-0.0017536414128710219
ETHUSDT,21686,short,0.00197876571887411,,1,0.00247876571887411,0.00247876571887411,1,0.002477327055346437,0.002477327055346437
ETHUSDT,21734,long,0.0014223756880859203,,1,0.0019223756880859203,0.0019223756880859203,0,,
ETHUSDT,21802,short,-0.0025366338949052046,,1,-0.0020366338949052046,-0.0020366338949052046,1,-0.002036065861974218,-0.002036065861974218
ETHUSDT,21806,long,-0.0028093968460045074,,1,-0.0023093968460045074,-0.0023093968460045074,1,-0.002310101896952984,0.0004460611381717902
ETHUSDT,21862,short,-0.002225110104438352,,1,-0.0017251101044383518,-0.0017251101044383518,1,-0.0017246977555605719,-0.0017246977555605719
ETHUSDT,21869,long,0.0006150684544414041,,1,0.0011150684544414039,0.0011150684544414039,1,0.0011158263676252162,0.0011158263676252162
ETHUSDT,21922,short,0.00044394629650388803,,1,0.0009439462965038879,0.0009439462965038879,0,,
ETHUSDT,21982,short,-0.002464033325008194,,1,-0.001964033325008194,0.00023841999500491635,1,-0.0019635015742210838,0.0006635015742210836
ETHUSDT,22048,short,-0.002254267005297063,,1,-0.001754267005297063,0.0009668272084753007,1,0.0009661441364070973,0.0009661441364070973
ETHUSDT,22386,long,0.0007028382273748983,,1,0.0012028382273748981,0.0012028382273748981,1,0.0012036400473985974,0.0012036400473985974
ETHUSDT,22406,short,0.0011806430583820417,,1,0.0016806430583820417,0.0016806430583820417,0,,
ETHUSDT,22468,short,0.0005554230924309585,,1,0.0010554230924309583,0.0010554230924309583,0,,
ETHUSDT,22857,long,-0.0022503708753139366,,1,-0.0017503708753139366,0.0004503708753139364,0,,
ETHUSDT,23128,short,-0.0024718545685763985,,1,-0.0019718545685763985,0.0006718545685763986,1,-0.001971318909121838,-0.001971318909121838
ETHUSDT,23186,long,-0.004247474014986708,,1,-0.0037474740149867087,0.0024474740149867083,1,-0.0037488984642188175,0.002448898464218817
ETHUSDT,23217,short,-0.0028059675766195606,,1,-0.0023059675766195606,0.0004435805459717363,1,-0.0023052649441474868,0.0018484239106359786
ETHUSDT,23279,short,0.0035497567742412985,,1,0.004049756774241299,0.004049756774241299,0,,
ETHUSDT,23313,long,-0.0032689970028169572,,1,-0.002768997002816957,0.0025903952045071314,1,0.002591891150082172,0.002591891150082172
ETHUSDT,23353,short,-0.0026193722384805613,,1,-0.0021193722384805613,0.0003316233430883368,1,-0.0021187628570520354,0.0015500205712832562
ETHUSDT,23375,long,-0.002290226794482115,,1,-0.0017902267944821149,0.00013413607668926882,1,-0.0017906721305473885,0.00013440327832843304
ETHUSDT,23413,short,0.000762820913929224,,1,0.0012628209139292238,0.0012628209139292238,0,,
ETHUSDT,23449,long,-0.0024748561814220875,,1,-0.0019748561814220875,0.0013197698902753397,1,0.0013206302053780285,0.0013206302053780285
ETHUSDT,26156,long,0.00047402471863559567,,1,0.0009740247186355956,0.0009740247186355956,0,,
ETHUSDT,26214,short,0.0010250333640728629,,1,0.0015250333640728626,0.0015250333640728626,1,0.0015240713284086582,0.0015240713284086582
ETHUSDT,26274,short,0.000497868809852263,,1,0.0009978688098522628,0.0009978688098522628,1,-0.0017732313904624333,0.0001239388342774599
ETHUSDT,26313,long,-0.002208448342027105,,1,-0.001708448342027105,-0.001708448342027105,1,-0.0017088527684113106,0.0004088527684113106
ETHUSDT,26479,long,0.0007893603847756787,,1,0.0012893603847756784,0.0012893603847756784,1,-0.0019563784296996486,0.0012902054875194378
ETHUSDT,26494,short,-0.0022458122625752023,,1,-0.0017458122625752023,-0.0017458122625752023,1,-0.0017453895677913066,-0.0017453895677913066
ETHUSDT,26548,long,-0.0025540720896502747,,1,-0.0020540720896502747,-0.0020540720896502747,1,-0.0020546494143574537,-0.0020546494143574537
ETHUSDT,26559,short,-0.002356026267118566,,1,-0.0018560262671185662,-0.0018560262671185662,1,-0.00185554849287213,-0.00185554849287213
ETHUSDT,26629,long,-0.003587352021201931,,1,-0.003087352021201931,0.0009124112127211584,1,-0.003088446244324093,-0.003088446244324093
ETHUSDT,26637,short,-0.0031470691980495648,,1,-0.0026470691980495648,-0.0026470691980495648,1,-0.002646196099999565,-0.002646196099999565
ETHUSDT,26697,short,-0.0027199374707337254,,1,-0.0022199374707337254,0.00039196248244023515,1,-0.0022192778318178164,0.0009192778318178164
ETHUSDT,26728,long,-0.0027660573401830715,,1,-0.0022660573401830715,-0.0022660573401830715,1,-0.0022667407105383406,0.0004200444263230044
ETHUSDT,26770,short,0.0006535982529705052,,1,0.001153598252970505,0.001153598252970505,1,0.0011528218420494803,0.0011528218420494803
ETHUSDT,26814,long,0.0007255017474499087,,1,0.0012255017474499085,0.0012255017474499085,0,,
ETHUSDT,26970,long,-0.0023887271611651682,,1,-0.0018887271611651682,0.0011819634578642691,1,-0.0018892217720511938,0.0011827548352819099
ETHUSDT,27030,long,-0.0023341962022613897,,1,-0.0018341962022613897,-0.0018341962022613897,1,-0.0018346635340284038,-0.0018346635340284038
ETHUSDT,27119,long,-0.0023062809541166884,,1,-0.0018062809541166884,-0.0018062809541166884,1,-0.0018067343212773272,-0.0018067343212773272
ETHUSDT,27185,long,0.0009108117417853443,,1,0.0014108117417853442,0.0014108117417853442,0,,
ETHUSDT,27246,long,0.0005779935910012156,,1,0.0010779935910012154,0.0010779935910012154,1,0.0010787329574799551,0.0010787329574799551
ETHUSDT,27367,long,-0.002649641984252575,,1,-0.002149641984252575,-0.002149641984252575,1,-0.0021502671178114806,0.00035016027068688834
ETHUSDT,27378,short,-0.0033967574174222164,,1,-0.0028967574174222164,0.002794811867875546,1,0.0027932152602454232,0.0027932152602454232
ETHUSDT,27441,short,-0.003007249268531023,,1,-0.002507249268531023,0.0021715988296496366,1,-0.002506446045508269,0.00217031367281323
ETHUSDT,27449,long,-0.003351624188255417,,1,-0.002851624188255417,-0.002851624188255417,1,-0.0028526004884996668,-0.0028526004884996668
ETHUSDT,27510,long,-0.0036334175975948606,,1,-0.0031334175975948606,-0.0031334175975948606,1,-0.003134534865027374,0.003175255784043798
ETHUSDT,27541,short,-0.0026630451239427998,,1,-0.0021630451239427998,-0.0021630451239427998,1,-0.0021624139169843077,-0.0021624139169843077
ETHUSDT,27572,long,-0.0027525415017137424,,1,-0.0022525415017137424,-0.0022525415017137424,1,-0.002253218110769127,-0.002253218110769127
ETHUSDT,27609,short,-0.002623224933160123,,1,-0.002123224933160123,0.0008232249331601229,1,0.001556181802155119,0.001556181802155119
ETHUSDT,27672,short,0.00040479858677709224,,1,0.0009047985867770921,0.0009047985867770921,1,-0.0017150915709502074,-0.0017150915709502074
ETHUSDT,27692,long,0.0007255798618743035,,1,0.0012255798618743033,0.0012255798618743033,1,0.0012263930584035052,0.0012263930584035052
ETHUSDT,27733,short,-0.0025422901920401334,,1,-0.0020422901920401334,-0.0020422901920401334,1,-0.0020417193323739465,-0.0020417193323739465
ETHUSDT,27752,long,-0.0025929795484287295,,1,-0.0020929795484287295,-0.0020929795484287295,1,-0.002093576336597028,0.0015097221385552441
ETHUSDT,28169,long,-0.002211803542383838,,1,-0.001711803542383838,8.708212543030266e-05,1,-0.0017122096472074414,0.0004122096472074416
ETHUSDT,28558,short,0.0007603554756588195,,1,0.0012603554756588193,0.0012603554756588193,1,0.0012595257128024183,0.0012595257128024183
ETHUSDT,28619,short,-0.002385828028361469,,1,-0.001885828028361469,0.0001914968170168814,1,-0.0018853353606811288,-0.0018853353606811288
ETHUSDT,28692,long,0.0005481974582110785,,1,0.0010481974582110783,0.0010481974582110783,1,0.0010489219191706638,0.0010489219191706638
ETHUSDT,28863,short,-0.003218934120991902,,1,-0.002718934120991902,0.002510294593587043,1,-0.002718025108437683,0.0025088401735002927
ETHUSDT,28878,long,-0.0025190472295767027,,1,-0.0020190472295767026,-0.0020190472295767026,1,-0.002019607033093249,-0.002019607033093249
ETHUSDT,28938,long,0.0007729037270248255,,1,0.0012729037270248252,0.0012729037270248252,1,0.0012737405973234867,0.0012737405973234867
ETHUSDT,28963,short,0.0007035646177387398,,1,0.0012035646177387396,0.0012035646177387396,0,,
ETHUSDT,29078,long,-0.002582742011278235,,1,-0.002082742011278235,0.001492387218045176,1,-0.002083333678117294,0.0014933338849876696
ETHUSDT,29154,short,0.001154518296353537,,1,0.001654518296353537,0.001654518296353537,1,0.0016534915505782483,0.0016534915505782483
ETHUSDT,29201,long,0.00208527847733694,,1,0.00258527847733694,0.00258527847733694,1,0.002586771863268574,0.002586771863268574
ETHUSDT,29282,long,-0.0022464396061648143,,1,-0.0017464396061648143,0.0009543033698637032,1,0.00095498086029385,0.00095498086029385
ETHUSDT,29352,long,-0.002834476181009674,,1,-0.002334476181009674,-0.002334476181009674,1,-0.0023351937778986233,0.001035193777898623
ETHUSDT,29586,long,-0.0022749170515887172,,1,-0.0017749170515887172,0.00012495023095323023,1,-0.0017753547289531936,0.0004753547289531937
ETHUSDT,29632,short,-0.002606176961602686,,1,-0.002106176961602686,-0.002106176961602686,1,-0.0021055741745154284,-0.0021055741745154284
ETHUSDT,29648,long,0.0006587742236722073,,1,0.001158774223672207,0.001158774223672207,0,,
ETHUSDT,29708,long,0.000809546167733846,,1,0.0013095461677338459,0.0013095461677338459,1,-0.0019690008552612844,0.0006690008552612842
ETHUSDT,29837,long,0.0005584922458560571,,1,0.001058492245856057,0.001058492245856057,0,,
ETHUSDT,30053,long,-0.0024106720775700315,,1,-0.0019106720775700315,-0.0019106720775700315,1,-0.0019111776664032334,-0.0019111776664032334
ETHUSDT,30075,short,0.0020577137490806565,,1,0.0025577137490806565,0.0025577137490806565,1,0.002556235631265024,0.002556235631265024
ETHUSDT,30127,long,-0.0022257760038217143,,1,-0.0017257760038217143,-0.0017257760038217143,1,-0.0017261890983709,-0.0017261890983709
ETHUSDT,30140,short,-0.0024360240357576214,,1,-0.0019360240357576214,0.0012576384572121943,1,0.001256810052186101,0.001256810052186101
ETHUSDT,30258,long,-0.002324660119262268,,1,-0.0018246601192622681,-0.0018246601192622681,1,-0.0018251226806025693,-0.0018251226806025693
ETHUSDT,30326,short,-0.002383912535243647,,1,-0.0018839125352436469,-0.0018839125352436469,1,-0.0018834208248312313,-0.0018834208248312313
ETHUSDT,30332,long,-0.0033879951583270875,,1,-0.0028879951583270875,-0.0028879951583270875,1,-0.002888989653153664,-0.002888989653153664
ETHUSDT,30386,short,-0.0025908337982234056,,1,-0.0020908337982234056,-0.0020908337982234056,1,-0.002090238678883964,-0.002090238678883964
ETHUSDT,30392,long,-0.0024406795973858004,,1,-0.0019406795973858004,-0.0019406795973858004,1,-0.0019412001974845423,-0.0019412001974845423
ETHUSDT,30452,long,-0.002892555138551733,,1,-0.002392555138551733,-0.002392555138551733,1,-0.002393301789446456,-0.002393301789446456
ETHUSDT,30458,short,-0.0027618674712504357,,1,-0.0022618674712504357,0.0004171204827502614,1,-0.00226118687781153,-0.00226118687781153
ETHUSDT,30518,short,0.000582061055460058,,1,0.0010820610554600578,0.0010820610554600578,0,,
ETHUSDT,30562,long,0.00040368856808304905,,1,0.000903688568083049,0.000903688568083049,0,,
ETHUSDT,31055,short,-0.0023881056150501442,,1,-0.0018881056150501442,0.0011809689840802306,1,-0.0018876118091455717,0.0011801788946329142
ETHUSDT,31082,long,0.0004390595116955129,,1,0.0009390595116955128,0.0009390595116955128,0,,
ETHUSDT,31271,short,0.0011065514912821824,,1,0.0016065514912821824,0.0016065514912821824,1,-0.0021534679480773255,-0.0021534679480773255
ETHUSDT,31299,long,-0.0022499543658639,,1,-0.0017499543658639001,0.0009599269853822404,1,0.0009606072890267536,0.0009606072890267536
ETHUSDT,31385,short,0.0006996718135501951,,1,0.001199671813550195,0.001199671813550195,1,0.0011988723773615143,0.0011988723773615143
ETHUSDT,31435,long,-0.0024719117617415607,,1,-0.0019719117617415607,-0.0019719117617415607,1,-0.001972447985734428,-0.001972447985734428
ETHUSDT,31446,short,0.0007122964347970639,,1,0.0012122964347970637,0.0012122964347970637,1,-0.0019071816809077113,0.0012114906894523376
ETHUSDT,31688,short,-0.002234593685590686,,1,-0.0017345936855906862,-0.0017345936855906862,1,-0.00173417659729204,-0.00173417659729204
ETHUSDT,31698,long,0.00039198966408271756,,1,-0.0017074935400516983,0.00040749354005169844,1,0.0008926359820737542,0.0008926359820737542
ETHUSDT,31761,long,-0.002619413079788083,,1,-0.002119413079788083,0.0015510609276609324,1,0.0015520369461339992,0.0015520369461339992
ETHUSDT,31783,short,-0.0024417249740010835,,1,-0.0019417249740010835,-0.0019417249740010835,1,-0.001941204371815176,0.00022472262308910547
ETHUSDT,31822,long,-0.0031649573519532616,,1,-0.0026649573519532616,0.0024239317631252187,1,-0.0026658402720893064,0.00242534443534289
ETHUSDT,31882,long,-0.0027724141882986674,,1,-0.0022724141882986674,0.00042344851297920045,1,-0.0022731007386680015,0.0017969611818688018
ETHUSDT,31896,short,-0.0025674091721809614,,1,-0.0020674091721809614,-0.0020674091721809614,1,-0.0020668257593013106,-0.0020668257593013106
ETHUSDT,31960,long,-0.0022315573582657507,,1,-0.0017315573582657507,0.0009304917732252009,1,0.0009311573519011515,0.0009311573519011515
ETHUSDT,32092,long,-0.0028310846912800204,,1,-0.0023310846912800204,-0.0023310846912800204,1,-0.002331800591575808,-0.002331800591575808
ETHUSDT,32103,short,-0.0032330719677270132,,1,-0.0027330719677270132,-0.0027330719677270132,1,-0.002732155889782122,-0.002732155889782122
ETHUSDT,32156,long,-0.002600181802687271,,1,-0.002100181802687271,-0.002100181802687271,1,-0.002100782193784163,-0.002100782193784163
ETHUSDT,32222,long,-0.0024175488745180533,,1,-0.0019175488745180533,0.0012280781992288852,1,0.0012288926455516608,0.0012288926455516608
ETHUSDT,32254,short,-0.0027546404915808464,,1,-0.0022546404915808464,-0.0022546404915808464,1,-0.0022539635098259335,-0.0022539635098259335
ETHUSDT,32314,long,-0.002213128115012876,,1,-0.001713128115012876,0.0009010049840206016,1,0.0009016558119265648,0.0009016558119265648
ETHUSDT,32459,long,-0.002262559938794154,,1,-0.0017625599387941539,0.000980095902070646,1,0.0009807862952182552,0.0009807862952182552
ETHUSDT,32473,short,-0.0022260755675096036,,1,-0.0017260755675096036,-0.0017260755675096036,1,-0.001725662736141533,0.0009210603778264528
ETHUSDT,32937,long,0.0006725835859043925,,1,0.0011725835859043923,0.0011725835859043923,1,-0.001883356419399945,0.000583356419399945
ETHUSDT,32954,short,-0.0035410450972841808,,1,-0.0030410450972841807,0.003025672155654689,1,-0.0030399751097293162,0.0030239601755669056
ETHUSDT,33017,long,0.00047900767016312274,,1,0.0009790076701631225,0.0009790076701631225,0,,
ETHUSDT,33175,short,-0.0033251522718487575,,1,-0.0028251522718487575,0.0026802436349580116,1,0.0026787042828166035,0.0026787042828166035
ETHUSDT,33189,long,0.001112678334620548,,1,0.001612678334620548,0.001612678334620548,1,0.0016136851772091524,0.0016136851772091524
ETHUSDT,33237,short,-0.002725478645066282,,1,-0.002225478645066282,0.0017207658321060511,1,-0.0022248162369478083,0.001719705979116493
ETHUSDT,33253,long,0.001593442067859789,,1,0.002093442067859789,0.002093442067859789,1,-0.002459180882853795,-0.002459180882853795
ETHUSDT,33344,short,-0.002262105133123721,,1,-0.0017621051331237212,0.000462105133123721,1,0.000978678873561173,0.000978678873561173
ETHUSDT,34887,short,-0.002205785028560348,,1,-0.0017057850285603481,-0.0017057850285603481,1,-0.0017053823373916525,-0.0017053823373916525
ETHUSDT,36160,long,-0.0023775044561434194,,1,-0.0018775044561434194,-0.0018775044561434194,1,-0.0018779934528698541,-0.0018779934528698541
ETHUSDT,36177,short,-0.0024503819964179353,,1,-0.0019503819964179353,0.0006503819964179351,1,-0.0019498570678839933,0.0006498570678839931
ETHUSDT,36544,long,-0.0026784807462960623,,1,-0.0021784807462960623,0.0008784807462960622,1,-0.002179120306449287,-0.002179120306449287
ETHUSDT,36558,short,-0.0022590839934945473,,1,-0.0017590839934945473,-0.0017590839934945473,1,-0.0017586546661614664,0.00011519279969687994
ETHUSDT,36704,short,0.000746937257124185,,1,0.0012469372571241848,0.0012469372571241848,1,0.0012461142000241728,0.0012461142000241728
ETHUSDT,36766,short,-0.002283473612374852,,1,-0.001783473612374852,0.0010135577797997634,1,0.001012851354122702,0.001012851354122702
ETHUSDT,36899,short,-0.0023664908063701796,,1,-0.0018664908063701796,0.0011463852901922868,1,0.001145612483950312,0.001145612483950312
ETHUSDT,37310,short,-0.002231774175753408,,1,-0.001731774175753408,9.906450545204483e-05,1,-0.0017313584965051557,0.0004313584965051555
ETHUSDT,37509,long,-0.00220462919553599,,1,-0.0017046291955359898,-0.0017046291955359898,1,-0.0017050317113916857,8.301902683501133e-05
ETHUSDT,37523,short,0.00046863640678047576,,1,-0.0017553977542377973,0.0009686364067804757,1,0.0009679524305651932,0.0009679524305651932
ETHUSDT,37586,short,0.0006415981403089027,,1,0.0011415981403089025,0.0011415981403089025,1,-0.0018630173290285499,-0.0018630173290285499
ETHUSDT,37649,short,-0.0028264134394701793,,1,-0.0023264134394701793,0.0010264134394701789,1,-0.0023257005891755916,0.0010257005891755912
ETHUSDT,37670,long,-0.0023059027781788446,,1,-0.0018059027781788446,0.0010494444450861514,1,-0.0018063559561569231,0.0010501695298510772
ETHUSDT,38361,long,-0.0022691551972490918,,1,-0.0017691551972490917,0.0004691551972490916,0,,
ETHUSDT,38523,long,-0.0023470199898861367,,1,-0.0018470199898861367,-0.0018470199898861367,1,-0.0018474937367545141,-0.0018474937367545141
ETHUSDT,38652,long,0.0004315046904228041,,1,0.000931504690422804,0.000931504690422804,0,,
ETHUSDT,38996,long,0.0012194980820493177,,1,0.0017194980820493177,0.0017194980820493177,0,,
ETHUSDT,39057,long,0.0007502638456458161,,1,0.001250263845645816,0.001250263845645816,1,-0.0019319308689631168,0.0012510893903409865
ETHUSDT,39071,short,-0.0023434971450656057,,1,-0.0018434971450656057,0.0005434971450656058,1,-0.001843025632249481,-0.001843025632249481
ETHUSDT,39349,long,-0.0022292966746987313,,1,-0.0017292966746987313,0.00092687467951797,1,0.0009275384487423412,0.0009275384487423412
ETHUSDT,39830,long,0.0004890024722734698,,1,0.0009890024722734696,0.0009890024722734696,1,-0.0017685608255837105,0.0009896973209339366
ETHUSDT,39904,long,-0.002209487351261647,,1,-0.001709487351261647,-0.001709487351261647,1,-0.0017098922974103522,-0.0017098922974103522
ETHUSDT,40025,long,0.001377105106575613,,1,0.001877105106575613,0.001877105106575613,0,,
ETHUSDT,40172,short,0.0007728469193949152,,1,0.001272846919394915,0.001272846919394915,0,,
ETHUSDT,40411,short,-0.003313494631941213,,1,-0.002813494631941213,0.002661591411105941,1,-0.0028125383627598333,0.0026600613804157332
ETHUSDT,40457,long,-0.0026998400109316204,,1,-0.0021998400109316204,0.0008998400109316204,1,0.0016807844096954397,0.0016807844096954397
ETHUSDT,40472,short,-0.002741144450875678,,1,-0.002241144450875678,0.0017458311214010843,1,0.0017447587420300688,0.0017447587420300688
ETHUSDT,40522,long,0.001550308499306637,,1,0.002050308499306637,0.002050308499306637,0,,
ETHUSDT,40557,short,-0.002306409486856186,,1,-0.0018064094868561861,0.0005064094868561862,1,-0.0018059565086018855,0.0010495304137630164
ETHUSDT,40582,long,-0.002369833568661294,,1,-0.0018698335686612938,0.000569833568661294,1,-0.0018703187280253064,0.0005703187280253066
ETHUSDT,40617,short,-0.00224251257755008,,1,-0.0017425125775500801,-0.0017425125775500801,1,-0.0017420915317841882,0.0009473464508547009
ETHUSDT,40926,short,-0.0031004512186518325,,1,-0.0026004512186518325,-0.0026004512186518325,1,-0.0025996014179428613,-0.0025996014179428613
ETHUSDT,40934,long,-0.0024163666464092027,,1,-0.0019163666464092027,0.0006163666464092026,1,-0.0019168750839511782,0.0012270001343218848
ETHUSDT,41110,short,0.0006697009277400023,,1,0.001169700927740002,0.001169700927740002,1,0.0011689164695052497,0.0011689164695052497
ETHUSDT,41146,long,-0.0022822531387851944,,1,-0.0017822531387851944,0.0010116050220563106,1,-0.0017826944860282082,0.001012311177645133
ETHUSDT,41704,long,0.000457794974350066,,1,0.0009577949743500659,0.0009577949743500659,0,,
ETHUSDT,41795,short,0.0038232124443921245,,1,0.004323212444392125,0.004323212444392125,1,0.004320852018382935,0.004320852018382935
ETHUSDT,41836,long,-0.0025280309186778106,,1,0.0014048494698844969,0.0014048494698844969,1,0.001405752346057526,0.001405752346057526
ETHUSDT,41883,short,-0.002703892917279502,,1,-0.002203892917279502,0.0003823357503677014,1,-0.002203241296631187,-0.002203241296631187
ETHUSDT,41896,long,0.0011549622721770624,,1,0.0016549622721770624,0.0016549622721770624,0,,
ETHUSDT,41965,long,-0.002339795742868572,,1,-0.0018397957428685722,-0.0018397957428685722,1,-0.0018402658758064753,-0.0018402658758064753
ETHUSDT,42006,short,-0.0023293936748390517,,1,-0.0018293936748390517,-0.0018293936748390517,1,-0.0018289292102339348,-0.0018289292102339348
ETHUSDT,42029,long,-0.002212373853627432,,1,0.0008997981658038907,0.0008997981658038907,1,0.0009004483899988899,0.0009004483899988899
ETHUSDT,42089,long,0.001679533390194977,,1,0.002179533390194977,0.002179533390194977,1,0.0021808238020960247,0.0021808238020960247
ETHUSDT,42112,short,0.00043844033618907724,,1,0.0009384403361890771,0.0009384403361890771,0,,
ETHUSDT,42432,long,-0.002545196666179262,,1,-0.002045196666179262,0.000287117999707557,1,-0.002045769550954739,0.00028746173057284346
NEARUSDT,61,short,-0.0026254795825574754,,1,-0.0021254795825574753,-0.0021254795825574753,1,-0.002124867148982984,-0.002124867148982984
NEARUSDT,68,long,-0.002638296587133823,,1,-0.002138296587133823,0.00034297795228029374,1,-0.0021389160451564014,0.0003433496270938408
NEARUSDT,124,short,-0.003079279532081693,,1,-0.002579279532081693,0.0022868472513307087,1,0.002285504499081168,0.002285504499081168
NEARUSDT,171,long,0.0013231573041587968,,1,0.0018231573041587968,0.0018231573041587968,1,0.0018242694388782362,0.0018242694388782362
NEARUSDT,201,short,-0.0025304484988695926,,1,-0.0020304484988695926,-0.0020304484988695926,1,-0.002029883557091047,-0.002029883557091047
NEARUSDT,344,short,-0.0022276926010348377,,1,-0.0017276926010348376,-0.0017276926010348376,1,-0.0017272789615540604,0.017851862920690315
NEARUSDT,404,short,0.0006699350491472843,,1,0.001169935049147284,0.001169935049147284,1,0.001169150473910329,0.001169150473910329
NEARUSDT,469,long,0.0008098192476795292,,1,0.0013098192476795288,0.0013098192476795288,0,,
NEARUSDT,570,long,0.0007472732370671891,,1,0.001247273237067189,0.001247273237067189,1,-0.0019300608035687774,-0.0019300608035687774
NEARUSDT,631,long,-0.002258251982782158,,1,-0.001758251982782158,0.0009732031724514525,1,0.0009738901175102074,0.0009738901175102074
NEARUSDT,691,long,-0.0023215468076227615,,1,-0.0018215468076227615,0.0010744748921964185,1,0.0010752124984456412,0.0010752124984456412
NEARUSDT,743,short,0.0007254091741844798,,1,0.0012254091741844796,0.0012254091741844796,1,-0.001915373047341629,-0.001915373047341629
NEARUSDT,760,long,-0.0025608063272607832,,1,-0.0020608063272607832,-0.0020608063272607832,1,-0.0020613870207711687,-0.0020613870207711687
NEARUSDT,822,long,-0.002203397720956085,,1,-0.001703397720956085,-0.001703397720956085,1,-0.0017037996207664684,8.227977245988085e-05
NEARUSDT,1022,short,0.0010964667341302973,,1,0.0015964667341302973,0.0015964667341302973,1,0.0015954689996304822,0.0015954689996304822
NEARUSDT,1080,long,0.0009005836492627205,,1,0.0014005836492627204,0.0014005836492627204,1,-0.002025927744661531,-0.002025927744661531
NEARUSDT,1095,short,0.0004980742212932169,,1,0.0009980742212932167,0.0009980742212932167,1,0.0009973755335264537,0.0009973755335264537
NEARUSDT,1155,long,0.0005475189048017417,,1,0.0010475189048017414,0.0010475189048017414,0,,
NEARUSDT,1316,short,-0.002226261339576163,,1,-0.001726261339576163,-0.001726261339576163,1,-0.001725848415368479,-0.001725848415368479
NEARUSDT,1525,long,-0.0022625597322614888,,1,-0.0017625597322614888,0.0009800955716183816,1,-0.0017629912278754262,0.000980785964600682
NEARUSDT,1590,short,0.000776327880115059,,1,0.0012763278801150588,0.0012763278801150588,0,,
NEARUSDT,1650,short,0.00047001703872202763,,1,0.0009700170387220275,0.0009700170387220275,0,,
NEARUSDT,1710,short,-0.003033656844231694,,1,-0.002533656844231694,-0.002533656844231694,1,-0.002532840424019684,-0.002532840424019684
NEARUSDT,1718,long,-0.003409744214372727,,1,-0.002909744214372727,-0.002909744214372727,1,-0.0029107495891673107,-0.0029107495891673107
NEARUSDT,2030,long,0.0003928725132844389,,1,0.0008928725132844388,0.0008928725132844388,0,,
NEARUSDT,2109,short,-0.0023249240864193174,,1,-0.0018249240864193174,-0.0018249240864193174,1,-0.0018244618554915716,-0.0018244618554915716
NEARUSDT,2212,long,-0.002507147250584313,,1,-0.002007147250584313,-0.002007147250584313,1,-0.0020077011011348806,0.0002646206606809284
NEARUSDT,2263,short,-0.0026037780109883176,,1,-0.0021037780109883176,0.001526044817581308,1,0.0015250822764430868,0.0015250822764430868
NEARUSDT,2400,short,-0.0022307714179091386,,1,-0.0017307714179091386,-0.0017307714179091386,1,-0.0017303562397892442,-0.0017303562397892442
NEARUSDT,2476,long,0.0005433409096939231,,1,0.0010433409096939229,0.0010433409096939229,0,,
NEARUSDT,2941,short,-0.0024415076721405428,,1,-0.0019415076721405427,0.0006415076721405426,1,-0.001940987178551267,0.0006409871785512671
NEARUSDT,2952,long,-0.0023984061319149894,,1,-0.0018984061319149894,0.0005984061319149892,1,-0.0018989055847073427,0.0005989055847073427
NEARUSDT,3002,short,-0.0023415092979673976,,1,-0.0018415092979673976,-0.0018415092979673976,1,-0.0018410387785781084,0.00016462326714686507
NEARUSDT,3065,short,-0.0022435735036720234,,1,-0.0017435735036720234,-0.0017435735036720234,1,-0.001743151927708169,0.0004431519277081692
NEARUSDT,3077,long,-0.0022382154123478924,,1,-0.0017382154123478924,0.0009411446597566276,1,0.000941815567540398,0.000941815567540398
NEARUSDT,3274,long,-0.00241836632602016,,1,-0.00191836632602016,0.00021101979561209582,1,-0.0019188757639021108,0.0006188757639021109
NEARUSDT,3299,short,-0.002383827493261447,,1,-0.0018838274932614471,0.00019029649595686817,1,-0.0018833358253487727,-0.0018833358253487727
NEARUSDT,3397,long,-0.0028730252255569815,,1,-0.0023730252255569815,-0.0023730252255569815,1,-0.0023737621066102863,-0.0023737621066102863
NEARUSDT,3423,short,0.000473287791823614,,1,0.0009732877918236139,0.0009732877918236139,0,,
NEARUSDT,3614,long,-0.0027572816207590512,,1,-0.0022572816207590512,0.001771650593214482,1,0.0017727369616953293,0.0017727369616953293
NEARUSDT,3630,short,-0.002528413450688333,,1,-0.002028413450688333,0.000277048070413,1,-0.002027849525925371,0.0007278495259253708
NEARUSDT,3693,short,0.00038082418251747497,,1,0.0008808241825174749,0.0008808241825174749,0,,
NEARUSDT,3783,short,-0.0026650248687482775,,1,-0.0021650248687482775,0.0016240397899972437,1,0.0016230282758593144,0.0016230282758593144
NEARUSDT,4131,long,0.0008909612424793826,,1,0.0013909612424793823,0.0013909612424793823,1,0.0013918571710649144,0.0013918571710649144
NEARUSDT,4553,long,0.0007240894991809919,,1,0.0012240894991809917,0.0012240894991809917,0,,
NEARUSDT,6340,short,0.0012110831867303568,,1,0.0017110831867303568,0.0017110831867303568,1,-0.002218767607902522,0.00039126056474151315
NEARUSDT,6358,long,-0.0027893121560332063,,1,-0.0022893121560332063,0.00182289944965313,1,0.0018240114553808202,0.0018240114553808202
NEARUSDT,6622,long,-0.0023939040551285433,,1,-0.0018939040551285433,0.0011902464882056693,1,0.0011910420092102743,0.0011910420092102743
NEARUSDT,6807,short,0.000675585397948614,,1,0.0011755853979486138,0.0011755853979486138,1,0.0011747979989491393,0.0011747979989491393
NEARUSDT,6890,short,0.000969889735591346,,1,0.0014698897355913457,0.0014698897355913457,0,,
NEARUSDT,6930,long,0.0007437974507208919,,1,0.0012437974507208916,0.0012437974507208916,0,,
NEARUSDT,6959,short,0.0008265385686438426,,1,0.0013265385686438425,0.0013265385686438425,1,0.0013256757307784535,0.0013256757307784535
NEARUSDT,7365,long,-0.002283553713972335,,1,-0.001783553713972335,0.0010136859423557358,1,-0.0017839957118282491,0.0010143931389251983
NEARUSDT,7382,short,0.000837734663968109,,1,0.001337734663968109,0.001337734663968109,0,,
NEARUSDT,7425,long,0.0005854074409846995,,1,0.0010854074409846993,0.0010854074409846993,1,-0.0018288440726517631,-0.0018288440726517631
NEARUSDT,7442,short,-0.0023770331490260235,,1,-0.0018770331490260235,0.0005770331490260235,1,-0.0018765448765877294,-0.0018765448765877294
NEARUSDT,7503,short,-0.002603678299273373,,1,-0.002103678299273373,-0.002103678299273373,1,-0.0021030767608929265,-0.0021030767608929265
NEARUSDT,7565,long,-0.0024485333805247212,,1,-0.0019485333805247212,-0.0019485333805247212,1,-0.001949057909479461,0.0012784926551671373
NEARUSDT,7670,short,0.0006296637926455323,,1,0.001129663792645532,0.001129663792645532,1,0.001128899342974045,0.001128899342974045
NEARUSDT,7760,long,0.0007484188101349399,,1,0.0012484188101349397,0.0012484188101349397,1,0.0012492434318508649,0.0012492434318508649
NEARUSDT,7954,long,0.0004221070210841521,,1,0.000922107021084152,0.000922107021084152,1,0.0009227684052867954,0.0009227684052867954
NEARUSDT,7974,short,0.0006536280349740782,,1,0.001153628034974078,0.001153628034974078,1,-0.0018705322557309332,0.0011528516091694934
NEARUSDT,8037,long,-0.0026177556632185333,,1,-0.0021177556632185333,-0.0021177556632185333,1,-0.002118364845641354,-0.002118364845641354
NEARUSDT,8043,short,-0.0023240606113690064,,1,-0.0018240606113690064,-0.0018240606113690064,1,-0.001823598811963025,-0.001823598811963025
NEARUSDT,8279,long,0.0011465148545760475,,1,0.0016465148545760475,0.0016465148545760475,1,0.0016475386238879912,0.0016475386238879912
NEARUSDT,8317,short,0.0011381021469160655,,1,0.0016381021469160655,0.0016381021469160655,0,,
NEARUSDT,8377,short,0.0007326530612244502,,1,0.00123265306122445,0.00123265306122445,0,,
NEARUSDT,8423,long,-0.0023060052680891866,,1,-0.0018060052680891866,0.0005060052680891865,1,-0.0018064584973378553,0.0010503335957405685
NEARUSDT,8711,long,-0.002240284104478268,,1,-0.001740284104478268,-0.001740284104478268,1,-0.0017407044567066213,0.0009451271307305938
NEARUSDT,8721,short,-0.002573137367745342,,1,-0.002073137367745342,-0.002073137367745342,1,-0.0020725510921992423,0.0007725510921992422
NEARUSDT,8778,long,-0.0030717882459754668,,1,-0.0025717882459754668,-0.0025717882459754668,1,-0.002572624558254594,0.0006035747349527564
NEARUSDT,8796,short,0.000817369970559354,,1,0.001317369970559354,0.001317369970559354,1,0.0013165117147020031,0.0013165117147020031
NEARUSDT,8839,long,-0.0027429527576165818,,1,-0.0022429527576165818,0.0009429527576165817,1,-0.0022436245699015323,0.00040617474194091943
NEARUSDT,8858,short,0.001645588055317648,,1,0.002145588055317648,0.002145588055317648,0,,
NEARUSDT,8920,long,-0.0022655867441572822,,1,-0.0017655867441572822,-0.0017655867441572822,1,-0.0017660197540342996,-0.0017660197540342996
NEARUSDT,8928,short,-0.0023968632037854104,,1,-0.0018968632037854104,0.0011949811260566566,1,0.0011941840340396368,0.0011941840340396368
NEARUSDT,9354,short,0.0009918355697705141,,1,0.0014918355697705141,0.0014918355697705141,0,,
NEARUSDT,9387,long,-0.0024355916498610096,,1,-0.0019355916498610096,-0.0019355916498610096,1,-0.0019361097047133663,0.0012577755275413856
NEARUSDT,9477,short,-0.0024925113314192113,,1,-0.0019925113314192113,-0.0019925113314192113,1,-0.001991965348744839,-0.001991965348744839
NEARUSDT,9718,short,-0.002261714857214309,,1,-0.0017617148572143088,-0.0017617148572143088,1,-0.0017612842151067554,-0.0017612842151067554
NEARUSDT,9780,long,-0.0022667657256067388,,1,-0.0017048538880634467,0.0009868251609707818,1,0.0009875189204309972,0.0009875189204309972
NEARUSDT,9793,short,0.0005013234721681617,,1,0.0010013234721681615,0.0010013234721681615,1,-0.0017753894753674174,0.0004753894753674173
NEARUSDT,9855,long,0.0003801357934101301,,1,0.00088013579341013,0.00088013579341013,1,0.0008807761815008804,0.0008807761815008804
NEARUSDT,10051,short,-0.002499172751110186,,1,-0.0019991727511101858,0.0013586764017762968,1,0.0013577975030247844,0.0013577975030247844
NEARUSDT,10120,short,0.0012429011992140335,,1,0.0017429011992140335,0.0017429011992140335,1,0.0017418302840719975,0.0017418302840719975
NEARUSDT,10221,long,0.0005417582417582703,,1,0.0010417582417582701,0.0010417582417582701,0,,
NEARUSDT,10282,long,0.006603298012681412,,1,0.007103298012681412,0.007103298012681412,1,-0.005591907211531647,-0.005591907211531647
NEARUSDT,10305,short,-0.0039033176498974565,,1,-0.0034033176498974565,-0.0034033176498974565,1,-0.0034020666165891617,-0.0034020666165891617
NEARUSDT,10343,long,-0.004011485456946461,,1,-0.003511485456946461,-0.003511485456946461,1,-0.0035127918528728972,-0.0035127918528728972
NEARUSDT,10366,short,0.001446100882337984,,1,0.001946100882337984,0.001946100882337984,1,-0.0023655802613305747,0.0004793481567983448
NEARUSDT,10406,long,0.0023490608183571815,,1,0.0028490608183571815,0.0028490608183571815,0,,
NEARUSDT,10437,short,-0.002943261932872312,,1,-0.002443261932872312,-0.002443261932872312,1,-0.002442490687528548,-0.002442490687528548
NEARUSDT,10497,short,-0.0026116555351971323,,1,-0.0021116555351971323,-0.0021116555351971323,1,-0.002111050010192036,-0.002111050010192036
NEARUSDT,10500,long,-0.003081958472445326,,1,-0.002581958472445326,-0.002581958472445326,1,-0.0025827998723815166,-0.0025827998723815166
NEARUSDT,10561,long,-0.0025059907834101003,,1,-0.0020059907834101003,-0.0020059907834101003,1,-0.002006544055437819,0.0013704704887005101
NEARUSDT,10622,long,0.0059044379619463015,,1,0.006404437961946302,0.006404437961946302,1,0.006407841882887745,0.006407841882887745
NEARUSDT,10671,short,0.0024607709621588003,,1,0.0029607709621588003,0.0029607709621588003,1,0.002959091416450575,0.002959091416450575
NEARUSDT,10709,long,-0.0035714812133973797,,1,-0.0030714812133973797,-0.0030714812133973797,1,-0.0030725674971459524,-0.0030725674971459524
NEARUSDT,10751,short,-0.0026035281510180487,,1,-0.0021035281510180487,0.0008035281510180484,1,0.001524682700278738,0.001524682700278738
NEARUSDT,10790,long,-0.002804182987214563,,1,-0.002304182987214563,-0.002304182987214563,1,-0.0023048854299295277,-0.0023048854299295277
NEARUSDT,10829,short,-0.0031570445609436413,,1,-0.0026570445609436413,0.002411271297509826,1,-0.0026561664777047887,0.002409866364327662
NEARUSDT,10850,long,-0.002746782050547298,,1,-0.002246782050547298,-0.002246782050547298,1,-0.002247455778436516,-0.002247455778436516
NEARUSDT,10911,long,-0.0025697574893009966,,1,-0.0020697574893009966,0.0003018544935805979,1,-0.002070342660631312,0.0007703426606313121
NEARUSDT,10933,short,0.0005258733883297232,,1,0.001025873388329723,0.001025873388329723,1,0.0010251608079257602,0.0010251608079257602
NEARUSDT,10994,short,0.0010655203897839464,,1,0.0015655203897839464,0.0015655203897839464,1,0.001564538120723585,0.001564538120723585
NEARUSDT,11011,long,0.0005875072632190719,,1,0.0010875072632190717,0.0010875072632190717,1,-0.0018301571180709551,-0.0018301571180709551
NEARUSDT,11081,long,0.0004877361309384837,,1,0.0009877361309384835,0.0009877361309384835,0,,
NEARUSDT,11172,long,0.0008639335056526764,,1,0.0013639335056526763,0.0013639335056526763,1,0.0013648159136094812,0.0013648159136094812
NEARUSDT,11226,short,-0.002248134515781073,,1,-0.001748134515781073,-0.001748134515781073,1,-0.0017477106604508476,0.0009563370567213565
NEARUSDT,11258,long,-0.0024878489326765176,,1,-0.0019878489326765176,0.001340558292282428,1,-0.0019883931292411384,0.001341429006785821
NEARUSDT,11324,long,0.0006142775904788905,,1,0.0011142775904788903,0.0011142775904788903,1,-0.0018468969425205666,0.0011150351080329067
NEARUSDT,11358,short,-0.0032236909229744416,,1,-0.0027236909229744416,-0.0027236909229744416,1,-0.002722779533207838,-0.002722779533207838
NEARUSDT,11391,long,0.001081194887867615,,1,0.0015811948878676151,0.0015811948878676151,0,,
NEARUSDT,11423,short,0.0007800045405528148,,1,0.0012800045405528145,0.0012800045405528145,1,0.0012791649580737776,0.0012791649580737776
NEARUSDT,11482,long,0.0010413522691182894,,1,0.0015413522691182895,0.0015413522691182895,0,,
NEARUSDT,11503,short,0.00043361661790906046,,1,0.0009336166179090604,0.0009336166179090604,1,0.0009329501428376417,0.0009329501428376417
NEARUSDT,11562,long,0.001864870272683681,,1,0.002364870272683681,0.002364870272683681,1,0.0023662533993833723,0.0023662533993833723
NEARUSDT,11593,short,0.001357773510887483,,1,0.001857773510887483,0.001857773510887483,1,0.0018566451882933363,0.0018566451882933363
NEARUSDT,11623,long,-0.003101173022955494,,1,-0.002601173022955494,0.0006207038137732962,1,-0.00260202403497298,0.0013020240349729797
NEARUSDT,11662,short,0.002407239567336033,,1,0.002907239567336033,0.002907239567336033,0,,
NEARUSDT,11692,long,-0.0034555578486812357,,1,-0.0029555578486812357,-0.0029555578486812357,1,-0.0029565861417521115,-0.0029565861417521115
NEARUSDT,11727,short,-0.0030125421789631707,,1,-0.0025125421789631707,-0.0025125421789631707,1,-0.002511736310807767,-0.002511736310807767
NEARUSDT,11771,long,0.0010344722290996046,,1,0.0015344722290996044,0.0015344722290996044,0,,
NEARUSDT,11834,long,0.002208446831120178,,1,0.002708446831120178,0.002708446831120178,0,,
NEARUSDT,11870,short,0.0023561887938262833,,1,0.0028561887938262833,0.0028561887938262833,0,,
NEARUSDT,11930,short,-0.002826995096778484,,1,-0.002326995096778484,0.0018831921548455748,1,-0.0023262819558005844,0.0018820511292809345
NEARUSDT,11952,long,-0.003195979991206736,,1,-0.002695979991206736,-0.002695979991206736,1,-0.0026968784304219466,-0.0026968784304219466
NEARUSDT,12014,long,-0.002550942617878811,,1,-0.002050942617878811,0.0014415081886060973,1,0.0014424294033077512,0.0014424294033077512
NEARUSDT,12075,short,-0.0022873114463176692,,1,-0.0017873114463176692,0.0004873114463176694,1,-0.0017868680123115138,-0.0017868680123115138
NEARUSDT,12080,long,0.00054134700429127,,1,0.0010413470042912698,0.0010413470042912698,1,-0.0018012925239440157,-0.0018012925239440157
NEARUSDT,12142,long,-0.0034445105296332626,,1,-0.0029445105296332626,0.0028712168474132197,1,-0.002945533296281403,0.002872853274050244
NEARUSDT,12204,short,0.0020884946184506234,,1,0.0025884946184506234,0.0025884946184506234,0,,
NEARUSDT,12235,long,0.0014946684739635938,,1,0.001994668473963594,0.001994668473963594,1,0.0019958664071671774,0.0019958664071671774
NEARUSDT,12265,short,0.0024366678498821924,,1,0.0029366678498821924,0.0029366678498821924,1,0.002935000349707339,0.002935000349707339
NEARUSDT,12298,long,0.001163850370848101,,1,0.001663850370848101,0.001663850370848101,1,-0.002190551757658893,-0.002190551757658893
NEARUSDT,12326,short,0.0017556984162969296,,1,0.0022556984162969296,0.0022556984162969296,1,0.002254371230681589,0.002254371230681589
NEARUSDT,12363,long,0.0029559318635667257,,1,0.0034559318635667257,0.0034559318635667257,1,0.003457860793963707,0.003457860793963707
NEARUSDT,12390,short,0.0019573033798046856,,1,0.0024573033798046856,0.0024573033798046856,1,0.002455875442083644,0.002455875442083644
NEARUSDT,12428,long,0.0020645518356370083,,1,0.0025645518356370084,0.0025645518356370084,1,0.00256603485306354,0.00256603485306354
NEARUSDT,12475,short,0.0033820719907517306,,1,0.003882071990751731,0.003882071990751731,1,0.003879932024739361,0.003879932024739361
NEARUSDT,12502,long,0.0014500720540959787,,1,0.0019500720540959787,0.0019500720540959787,1,0.0019512476779349457,0.0019512476779349457
NEARUSDT,12535,short,-0.003365380881343083,,1,-0.002865380881343083,0.0015653808813430826,1,-0.002864398682002082,0.0015643986820020818
NEARUSDT,12565,long,-0.004867444333249946,,1,-0.004367444333249946,0.005147910933199914,1,-0.004369178922711301,0.005150686276338083
NEARUSDT,12604,short,0.0027027893568116815,,1,0.0032027893568116815,0.0032027893568116815,0,,
NEARUSDT,12643,long,-0.0037839145654475384,,1,-0.0032839145654475384,0.0034142633047160613,1,-0.0032851071190070414,0.0034161713904112658
NEARUSDT,12704,long,-0.006343192400819521,,1,-0.0058431924008195205,0.0075091078413112335,1,0.007513064373497984,0.007513064373497984
NEARUSDT,12764,long,-0.004362729088345857,,1,-0.0038627290883458567,-0.0038627290883458567,1,-0.003864211193942828,-0.003864211193942828
NEARUSDT,12776,short,-0.008109577637773795,,1,-0.007609577637773795,0.006309577637773796,1,-0.007606224525511039,0.00630622452551104
NEARUSDT,12836,short,-0.004582573240712785,,1,-0.004082573240712786,0.004692117185140458,1,-0.004080982749338116,0.004689572398940987
NEARUSDT,12858,long,-0.004543611006407837,,1,-0.004043611006407837,0.00462977761025254,1,-0.0040451835982069405,0.004632293757131105
NEARUSDT,12896,short,0.0020783841513861714,,1,0.0025783841513861714,0.0025783841513861714,1,0.0025768957035344044,0.0025768957035344044
NEARUSDT,12962,long,-0.003991358612301029,,1,-0.003491358612301029,-0.003491358612301029,1,-0.0034926549397709143,-0.0034926549397709143
NEARUSDT,12969,short,-0.0038114109787447054,,1,-0.0033114109787447054,0.003458257565991528,1,0.003456329401290883,0.003456329401290883
NEARUSDT,13029,short,-0.0032416486560530966,,1,-0.0027416486560530966,-0.0027416486560530966,1,-0.0027407282919071434,-0.0027407282919071434
NEARUSDT,13053,long,0.0030281160828122132,,1,0.0035281160828122132,0.0035281160828122132,1,0.0035300811233739005,0.0035300811233739005
NEARUSDT,13107,short,0.004060547953472249,,1,-0.004000342470920156,0.0027003424709201554,1,-0.003998793074382965,-0.003998793074382965
NEARUSDT,13114,long,0.003678157622001622,,1,0.004178157622001623,0.004178157622001623,1,-0.0037627799037028655,0.004180447845924585
NEARUSDT,13177,short,0.0029452050800959687,,1,0.0034452050800959687,0.0034452050800959687,0,,
NEARUSDT,13217,long,0.002132266815366299,,1,0.002632266815366299,0.002632266815366299,1,0.002633783707219909,0.002633783707219909
NEARUSDT,13260,short,0.0016344651134790082,,1,0.002134465113479008,0.002134465113479008,1,0.002133198514221897,0.002133198514221897
NEARUSDT,13282,long,0.002109899795670593,,1,0.002609899795670593,0.002609899795670593,1,0.0026114054984198026,0.0026114054984198026
NEARUSDT,13338,short,0.0010219796390282007,,1,0.0015219796390282005,0.0015219796390282005,0,,
NEARUSDT,13393,long,0.0017340945300053034,,1,0.0022340945300053034,0.0022340945300053034,1,-0.002547132647577103,-0.002547132647577103
NEARUSDT,13402,short,0.0011758191419744507,,1,0.0016758191419744507,0.0016758191419744507,0,,
NEARUSDT,13453,long,0.0018965509205313169,,1,0.002396550920531317,0.002396550920531317,1,0.0023979498954790563,0.0023979498954790563
NEARUSDT,13514,long,-0.005741264981191496,,1,-0.005241264981191496,0.0065460239699063946,1,-0.005243436699541266,0.006549498719266027
NEARUSDT,13574,long,-0.003400951804101414,,1,-0.002900951804101414,0.047959277205733786,1,-0.0029019527804916598,-0.0029019527804916598
NEARUSDT,13583,short,-0.0037855376328516433,,1,-0.0032855376328516433,-0.0032855376328516433,1,-0.0032843454601215825,-0.0032843454601215825
NEARUSDT,13639,long,-0.0030454371594558463,,1,-0.0025454371594558463,-0.0025454371594558463,1,-0.0025462602896006463,-0.0025462602896006463
NEARUSDT,13650,short,-0.003454999525488573,,1,-0.002954999525488573,0.0016549995254885727,1,0.002886356062750342,0.002886356062750342
NEARUSDT,13699,long,0.002030402930402929,,1,0.002530402930402929,0.002530402930402929,1,0.0025318688648353466,0.0025318688648353466
NEARUSDT,13714,short,0.0025281058114833047,,1,0.0030281058114833047,0.0030281058114833047,1,-0.0030414953844848233,-0.0030414953844848233
NEARUSDT,13762,long,0.0018955937760648843,,1,0.0023955937760648843,0.0023955937760648843,1,0.0023969922722009845,0.0023969922722009845
NEARUSDT,13822,long,-0.005743815398171616,,1,-0.005243815398171615,0.006550104637074586,1,-0.005245988392367799,0.006553581427788479
NEARUSDT,13839,short,-0.004379787167924677,,1,-0.0038797871679246776,-0.0038797871679246776,1,-0.00387829801891522,-0.00387829801891522
NEARUSDT,13883,long,0.0042065905918386385,,1,0.004706590591838639,0.004706590591838639,1,0.004709145164420848,0.004709145164420848
NEARUSDT,13906,short,-0.004683915626532949,,1,-0.0041839156265329495,0.002883915626532949,1,-0.004182274489288306,0.0028822744892883054
NEARUSDT,13943,long,-0.004525419181757208,,1,-0.004025419181757209,0.004600670690811535,1,-0.004026982673093755,0.00460317227695001
NEARUSDT,13972,short,0.0050663305162019275,,1,0.005566330516201928,0.005566330516201928,1,0.005563348841781038,0.005563348841781038
NEARUSDT,14004,long,-0.009545298893857386,,1,-0.009045298893857388,0.01263247823017182,1,-0.009049373580647712,0.012638997729036339
NEARUSDT,14033,short,-0.006581003478568483,,1,-0.006081003478568482,-0.006081003478568482,1,-0.006078414271432767,-0.006078414271432767
NEARUSDT,14068,long,0.007159806097418521,,1,0.00765980609741852,0.00765980609741852,1,0.007663838016426733,0.007663838016426733
NEARUSDT,14105,short,-0.004749005424954785,,1,-0.004249005424954784,-0.004249005424954784,1,-0.004247331759075247,-0.004247331759075247
NEARUSDT,14143,long,-0.004217765476309359,,1,-0.0037177654763093596,-0.0037177654763093596,1,-0.0037191750638412803,-0.0037191750638412803
NEARUSDT,14168,short,0.0034203586712859336,,1,0.0039203586712859345,0.0039203586712859345,1,0.003918199571500185,0.003918199571500185
NEARUSDT,14204,long,-0.004405049949793664,,1,-0.003905049949793664,0.0026050499497936638,1,0.004410485162250988,0.004410485162250988
NEARUSDT,14233,short,-0.004073934282922815,,1,-0.003573934282922815,0.0038782948526765036,1,0.00387615677428936,0.00387615677428936
NEARUSDT,14293,short,-0.00555855195325926,,1,-0.005058551953259259,-0.005058551953259259,1,-0.005056473716401059,-0.005056473716401059
NEARUSDT,14308,long,-0.004439195137287786,,1,-0.0039391951372877865,-0.0039391951372877865,1,-0.0039407154950353036,-0.0039407154950353036
NEARUSDT,14368,long,0.002087664566750894,,1,0.002587664566750894,0.002587664566750894,1,0.002589159146324056,0.002589159146324056
NEARUSDT,14388,short,-0.004557043041650254,,1,-0.004057043041650254,0.0014942258249901522,1,-0.004055465308995756,0.0014932791853974534
NEARUSDT,14428,long,0.0022845424456570027,,1,-0.002890339028535627,0.0015903390285356266,1,-0.0028913346958835684,-0.0028913346958835684
NEARUSDT,14451,short,-0.0031241638934481715,,1,-0.0026241638934481715,-0.0026241638934481715,1,-0.002623302242327008,-0.002623302242327008
NEARUSDT,14498,long,-0.003658433604295511,,1,-0.003158433604295511,0.0018584336042955108,1,-0.0031595633859885053,0.0018595633859885049
NEARUSDT,14515,short,-0.00419535864978904,,1,-0.00369535864978904,0.004072573839662465,1,0.004070338670327301,0.004070338670327301
NEARUSDT,14571,long,-0.004509542242051921,,1,-0.0040095422420519215,0.0014657253452311524,1,-0.004011097790947395,0.0027110977909473952
NEARUSDT,14578,short,0.0037410750307130245,,1,0.004241075030713025,0.004241075030713025,0,,
NEARUSDT,14634,long,-0.0037312594125074464,,1,-0.0032312594125074464,-0.0032312594125074464,1,-0.0032324256253201066,0.0033318810005121702
NEARUSDT,14680,short,-0.003475644015729597,,1,-0.002975644015729597,-0.002975644015729597,1,-0.00297460671237341,-0.00297460671237341
NEARUSDT,14707,long,0.0012039696692691497,,1,0.0017039696692691497,0.0017039696692691497,1,-0.002215638862724581,-0.002215638862724581
NEARUSDT,14768,long,-0.003865090189826705,,1,-0.003365090189826705,0.0010790541138960227,1,-0.003366323351502456,0.0010797940109014733
NEARUSDT,14798,short,-0.0038584510645871734,,1,-0.0033584510645871734,0.002058451064587173,1,-0.0033572224533604937,-0.0033572224533604937
NEARUSDT,14831,long,0.003685556086972523,,1,0.004185556086972524,0.004185556086972524,1,0.004187850011978513,0.004187850011978513
NEARUSDT,14860,short,0.0015501491140868986,,1,0.0020501491140868986,0.0020501491140868986,1,-0.0024305779073506366,-0.0024305779073506366
NEARUSDT,14911,long,-0.0033032003045120506,,1,-0.0028032003045120506,0.0015032003045120502,1,0.0026466438091238423,0.0026466438091238423
NEARUSDT,14932,short,0.005224253978163764,,1,0.005724253978163765,0.005724253978163765,1,0.005721193381473028,0.005721193381473028
NEARUSDT,14995,long,0.004104027007293788,,1,0.004604027007293788,0.004604027007293788,1,0.004606530272430002,0.004606530272430002
NEARUSDT,15046,short,0.0024163666894054755,,1,0.0029163666894054755,0.0029163666894054755,0,,
NEARUSDT,15090,long,0.0017573869028788508,,1,0.002257386902878851,0.002257386902878851,1,-0.002561697663130847,0.0012616976631308469
NEARUSDT,15107,short,-0.005020435515978558,,1,-0.004520435515978558,0.0017722613095871344,1,-0.004518626202877119,0.0017711757217262715
NEARUSDT,15152,long,0.0032733211934862544,,1,0.003773321193486255,0.003773321193486255,1,0.0037754088979352215,0.0037754088979352215
NEARUSDT,15172,short,0.002220734536178579,,1,0.0027207345361785792,0.0027207345361785792,1,0.002719174948704227,0.002719174948704227
NEARUSDT,15234,short,0.002250992653755115,,1,0.002750992653755115,0.002750992653755115,1,0.002749417944782724,0.002749417944782724
NEARUSDT,15277,long,0.0012217086461151104,,1,0.0017217086461151104,0.0017217086461151104,1,0.0017227700311306755,0.0017227700311306755
NEARUSDT,15294,short,0.0015233664188456504,,1,0.0020233664188456504,0.0020233664188456504,0,,
NEARUSDT,15337,long,-0.0036487707496679128,,1,-0.0031487707496679128,0.0009492624498007475,1,-0.003149895697516671,0.0009499374185100022
NEARUSDT,15358,short,-0.0037261804585229314,,1,-0.0032261804585229314,-0.0032261804585229314,1,-0.0032250179495481573,-0.0032250179495481573
NEARUSDT,15418,short,0.004436933147063887,,1,0.004936933147063887,0.004936933147063887,1,0.004934266014056859,0.004934266014056859
NEARUSDT,15433,long,-0.006044528395752684,,1,-0.005544528395752683,0.00238671703745161,1,-0.005546851821663514,-0.005546851821663514
NEARUSDT,15494,long,0.002537868022679969,,1,0.003037868022679969,0.003037868022679969,1,0.003039587816588263,0.003039587816588263
NEARUSDT,15517,short,-0.0025581746854990055,,1,-0.0020581746854990055,0.0007581746854990053,1,-0.002057595887555228,0.0014521534200883641
NEARUSDT,15554,long,-0.002918203062542274,,1,-0.002418203062542274,-0.002418203062542274,1,-0.002418962543814181,-0.002418962543814181
NEARUSDT,15615,long,-0.0030334381583366475,,1,-0.0025334381583366474,0.002213501053338636,1,0.0022148084575674197,0.0022148084575674197
NEARUSDT,15687,long,0.002117065465483612,,1,0.002617065465483612,0.002617065465483612,1,0.002618574752860042,0.002618574752860042
NEARUSDT,15748,long,0.0035458166100648153,,1,0.004045816610064816,0.004045816610064816,1,0.004048040630380005,0.004048040630380005
NEARUSDT,15768,short,-0.004119828283273785,,1,-0.003619828283273786,-0.003619828283273786,1,-0.0036184690487494112,-0.0036184690487494112
NEARUSDT,15822,long,-0.003322040857929137,,1,-0.002822040857929137,0.001522040857929137,1,-0.0028230023591086914,-0.0028230023591086914
NEARUSDT,15831,short,0.002661741978404391,,1,0.003161741978404391,0.003161741978404391,1,0.003159961997405688,0.003159961997405688
NEARUSDT,15892,short,-0.0025141180450353805,,1,-0.0020141180450353804,0.0013825888720566083,1,0.0013816980230450858,0.0013816980230450858
NEARUSDT,15904,long,0.0014092177745134108,,1,0.0019092177745134108,0.0019092177745134108,1,-0.0023439831006211924,0.01225439210607863
NEARUSDT,15960,short,-0.004413483081187225,,1,-0.003913483081187225,0.0026134830811872247,1,0.004419163348225448,0.004419163348225448
NEARUSDT,15976,long,0.0026671065521811444,,1,0.0031671065521811444,0.0031671065521811444,1,0.003168890997679984,0.003168890997679984
NEARUSDT,16024,short,0.0026796944915908143,,1,0.0031796944915908143,0.0031796944915908143,1,0.003177905538821404,0.003177905538821404
NEARUSDT,16043,long,-0.003477218498561643,,1,-0.002977218498561643,0.0029235495976986286,1,0.002925212203800529,0.002925212203800529
NEARUSDT,16091,short,0.0019210730047946396,,1,0.0024210730047946397,0.0024210730047946397,1,-0.0026622894832550223,-0.0026622894832550223
NEARUSDT,16103,long,-0.003420047049197108,,1,-0.002920047049197108,0.0028320752787153727,1,-0.002921057577986101,0.0028336921247777615
NEARUSDT,16159,short,-0.004015233736515187,,1,-0.0035152337365151874,-0.0035152337365151874,1,-0.0035139267731286233,-0.0035139267731286233
NEARUSDT,16173,long,-0.0034122250802000134,,1,-0.0029122250802000134,-0.0029122250802000134,1,-0.002913231696048037,0.000807939017628822
NEARUSDT,16230,short,0.002028760662610266,,1,0.002528760662610266,0.002528760662610266,1,-0.002729560633814509,0.0006977363802887053
NEARUSDT,16248,long,0.0013353035341371298,,1,0.0018353035341371299,0.0018353035341371299,1,0.0018364217450096343,0.0018364217450096343
NEARUSDT,16305,short,0.0012542469960627237,,1,0.0017542469960627237,0.0017542469960627237,0,,
NEARUSDT,16323,long,0.0027731159636472462,,1,0.0032731159636472463,0.0032731159636472463,0,,
NEARUSDT,16384,long,-0.003930822305169102,,1,-0.0034308223051691027,0.003649315688270564,1,-0.003432088349343774,0.0036513413589500388
NEARUSDT,16417,short,0.005179329569262469,,1,0.005679329569262469,0.005679329569262469,0,,
NEARUSDT,16453,long,-0.003614922104424828,,1,-0.003114922104424828,0.0018149221044248278,1,-0.00311603011948457,0.0009296180716907417
NEARUSDT,16511,short,-0.004681045379490978,,1,-0.004181045379490977,0.0015686272276945862,1,-0.004179405676652651,0.0028794056766526513
NEARUSDT,16518,long,-0.0046454676584551735,,1,-0.004145467658455174,-0.004145467658455174,1,-0.004147091204057202,-0.004147091204057202
NEARUSDT,16583,long,0.006430781361808008,,1,0.0069307813618080085,0.0069307813618080085,1,0.006934448586101058,0.006934448586101058
NEARUSDT,16603,short,-0.007437648575913909,,1,-0.006937648575913909,-0.006937648575913909,1,-0.006934631260283767,0.009255410016454028
NEARUSDT,16648,long,-0.006208797208738759,,1,-0.005708797208738759,0.002485278325243255,1,-0.005711202810143831,0.0024867216860862983
NEARUSDT,16666,short,-0.008383290758175494,,1,-0.007883290758175494,0.003789974454905297,1,-0.00787980085774662,0.006579800857746621
NEARUSDT,16709,long,-0.0038395918971704784,,1,-0.0033395918971704784,-0.0033395918971704784,1,-0.0033408123033221394,-0.0033408123033221394
NEARUSDT,16733,short,0.003343140493514285,,1,0.0038431404935142855,0.0038431404935142855,1,0.0038410199835225253,0.0038410199835225253
NEARUSDT,16790,long,0.003511269100321964,,1,0.004011269100321965,0.004011269100321965,1,0.004013475838241086,0.004013475838241086
NEARUSDT,16831,short,-0.005142037086957113,,1,0.005587259339131382,0.005587259339131382,1,0.005584267205528618,0.005584267205528618
NEARUSDT,16859,long,0.0030755978595110186,,1,0.0035755978595110186,0.0035755978595110186,1,-0.0033859916580233984,-0.0033859916580233984
NEARUSDT,16894,short,0.004449301397205596,,1,0.004949301397205596,0.004949301397205596,0,,
NEARUSDT,16921,long,-0.003590994797279444,,1,-0.003090994797279444,-0.003090994797279444,1,-0.0030920908427007946,-0.0030920908427007946
NEARUSDT,16963,short,-0.003427266737620988,,1,-0.002927266737620988,0.0016272667376209878,1,-0.0029262536108155806,0.0016262536108155802
NEARUSDT,16981,long,-0.0039725480065444015,,1,-0.003472548006544402,-0.003472548006544402,1,-0.0034738349240064047,-0.0034738349240064047
NEARUSDT,17030,short,0.005586858519378871,,1,0.006086858519378871,0.006086858519378871,1,0.006083616711023358,0.006083616711023358
NEARUSDT,17073,long,-0.003169963071140869,,1,-0.002669963071140869,0.00243194091382539,1,0.0024333575926217006,0.0024333575926217006
NEARUSDT,17113,short,-0.003578428491818213,,1,-0.003078428491818213,0.0009070570950909276,1,-0.0030773398219072594,0.001777339821907259
NEARUSDT,17151,long,-0.0044113529810591275,,1,-0.003911352981059127,-0.003911352981059127,1,-0.0039128594107645095,-0.0039128594107645095
NEARUSDT,17181,short,0.0025299017445937788,,1,0.0030299017445937788,0.0030299017445937788,1,0.003028187650768395,0.003028187650768395
NEARUSDT,17222,long,0.0027221000597850674,,1,0.0032221000597850674,0.0032221000597850674,1,0.0032239120157929635,0.0032239120157929635
NEARUSDT,17274,short,0.0028939323068927353,,1,0.0033939323068927353,0.0033939323068927353,1,-0.003270022680467726,-0.003270022680467726
NEARUSDT,17288,long,0.004095657510353811,,1,0.004595657510353812,0.004595657510353812,1,0.004598156588648135,0.004598156588648135
NEARUSDT,17335,short,-0.0036641321656050913,,1,-0.0031641321656050913,0.003222611464968146,1,-0.003163000665272455,0.003220801064435928
NEARUSDT,17393,long,0.0038556142668428185,,1,0.004355614266842819,0.004355614266842819,1,0.0043579932634745565,0.0043579932634745565
NEARUSDT,17433,short,0.004019222176727112,,1,0.004519222176727113,0.004519222176727113,1,-0.003972977371768561,0.002672977371768561
NEARUSDT,17455,long,0.0044960289584976155,,1,0.004996028958497616,0.004996028958497616,1,0.004998728322658946,0.004998728322658946
NEARUSDT,17493,short,0.0057344788412382105,,1,0.006234478841238211,0.006234478841238211,1,0.006231163259608407,0.006231163259608407
NEARUSDT,17519,long,0.004083571036557113,,1,0.004583571036557113,0.004583571036557113,0,,
NEARUSDT,17553,short,0.003201134780011885,,1,0.003701134780011885,0.003701134780011885,1,0.003699085237393189,0.003699085237393189
NEARUSDT,17614,short,-0.0037093585930903046,,1,-0.0032093585930903046,-0.0032093585930903046,1,-0.003208204490844882,-0.003208204490844882
NEARUSDT,17621,long,0.001987452321163188,,1,0.002487452321163188,0.002487452321163188,0,,
NEARUSDT,17675,short,0.0029005583897326556,,1,0.0034005583897326556,0.0034005583897326556,1,0.003398659060202554,0.003398659060202554
NEARUSDT,17716,long,-0.0038112760034196462,,1,-0.0033112760034196462,-0.0033112760034196462,1,-0.003312482244541917,-0.003312482244541917
NEARUSDT,17741,short,-0.004236433563847515,,1,-0.0037364335638475155,0.002436433563847515,1,-0.0037350160558196057,0.0024350160558196054
NEARUSDT,17781,long,0.00221950499930109,,1,0.00271950499930109,0.00271950499930109,0,,
NEARUSDT,17829,short,-0.0032896447467875996,,1,-0.0027896447467875996,0.0007337868480725596,1,-0.0027887003965893047,0.0014887003965893045
NEARUSDT,17852,long,0.0008679687385660398,,1,0.0013679687385660395,0.0013679687385660395,1,0.001368853165148614,0.001368853165148614
NEARUSDT,17891,short,-0.002986322375958408,,1,-0.002486322375958408,0.0011863223759584077,1,-0.0024855296111528317,0.0011855296111528313
NEARUSDT,17955,short,-0.0030865335646012336,,1,-0.0025865335646012336,0.0012865335646012335,1,-0.002585690719241613,0.0012856907192416128
NEARUSDT,17968,long,-0.0028126787921596242,,1,-0.0023126787921596242,0.0018602860674553985,1,-0.0023133854849020754,0.00186141677584332
NEARUSDT,18016,short,-0.0032470686064566545,,1,-0.0027470686064566545,-0.0027470686064566545,1,-0.0027461455336898095,0.0007076873202138858
NEARUSDT,18028,long,0.0017980461160599752,,1,0.002298046116059975,0.002298046116059975,0,,
NEARUSDT,18080,short,-0.0034074289524005045,,1,-0.0029074289524005045,0.0008044573714403024,1,-0.0029064257395307394,0.001606425739530739
NEARUSDT,18106,long,0.0016698626528417189,,1,0.002169862652841719,0.002169862652841719,1,0.0021711482269551963,0.0021711482269551963
NEARUSDT,18159,short,-0.00428410927890058,,1,-0.00378410927890058,-0.00378410927890058,1,-0.003782667944928116,-0.003782667944928116
NEARUSDT,18175,long,-0.003360322221270038,,1,-0.002860322221270038,-0.002860322221270038,1,-0.002861302872706391,-0.002861302872706391
NEARUSDT,18219,short,0.0024445826827180052,,1,0.0029445826827180052,0.0029445826827180052,0,,
NEARUSDT,18242,long,0.002056857546326978,,1,0.002556857546326978,0.002556857546326978,1,0.00255833671468432,0.00255833671468432
NEARUSDT,18302,long,0.0011395920815836995,,1,0.0016395920815836995,0.0016395920815836995,0,,
NEARUSDT,18323,short,0.0011988219146745306,,1,0.0016988219146745307,0.0016988219146745307,1,0.0016977730281604506,0.0016977730281604506
NEARUSDT,18385,short,-0.0030444980106293265,,1,-0.0025444980106293265,0.002231196817006922,1,0.0022298818760688875,0.0022298818760688875
NEARUSDT,18420,long,-0.0032633222046506323,,1,-0.0027633222046506323,-0.0027633222046506323,1,-0.0027642543318165407,0.0007185525990899243
NEARUSDT,18459,short,-0.005438706126486624,,1,-0.004938706126486623,-0.004938706126486623,1,-0.004936687782595327,-0.004936687782595327
NEARUSDT,18485,long,-0.002811908694113484,,1,-0.002311908694113484,-0.002311908694113484,1,-0.002312615001614291,-0.002312615001614291
NEARUSDT,18520,short,0.0011555197666066734,,1,0.0016555197666066734,0.0016555197666066734,1,-0.0021840578252165627,0.0016544925203465003
NEARUSDT,18546,long,0.0013543190569628794,,1,0.0018543190569628794,0.0018543190569628794,1,-0.00230965423772066,0.0018554467803530554
NEARUSDT,18581,short,-0.003937202380952399,,1,-0.003437202380952399,0.003659523809523838,1,0.0036574950619928416,0.0036574950619928416
NEARUSDT,18609,long,-0.0028880177371714533,,1,-0.0023880177371714533,0.000492810642302872,1,-0.0023887621182305686,-0.0023887621182305686
NEARUSDT,18652,short,-0.0022816958448215172,,1,-0.0017816958448215172,-0.0017816958448215172,1,-0.0017812552172129107,-0.0017812552172129107
NEARUSDT,18684,long,-0.0033158791921437864,,1,-0.0028158791921437864,-0.0028158791921437864,1,-0.0028168376109492612,-0.0028168376109492612
NEARUSDT,18714,short,-0.0035803959179391983,,1,-0.0030803959179391983,-0.0030803959179391983,1,-0.003079306264806795,-0.003079306264806795
NEARUSDT,18756,long,0.0026439731679083352,,1,0.0031439731679083352,0.0031439731679083352,1,0.0031457460409287995,0.0031457460409287995
NEARUSDT,18780,short,0.002181728266527854,,1,0.002681728266527854,0.002681728266527854,0,,
NEARUSDT,18827,long,0.005693060173683309,,1,0.006193060173683309,0.006193060173683309,1,0.0061963583528597405,0.0061963583528597405
NEARUSDT,18877,short,-0.0029410614712297926,,1,-0.0024410614712297926,-0.0024410614712297926,1,-0.002440291325567009,-0.002440291325567009
NEARUSDT,18926,long,-0.003126934952116796,,1,-0.002626934952116796,-0.002626934952116796,1,-0.0026277988515425676,-0.0026277988515425676
NEARUSDT,18939,short,-0.003055716162943497,,1,-0.0025557161629434968,-0.0025557161629434968,1,-0.0025548887185842047,-0.0025548887185842047
NEARUSDT,18987,long,0.001410075077440042,,1,0.001910075077440042,0.001910075077440042,1,-0.0023445191829915223,-0.0023445191829915223
NEARUSDT,19004,short,0.0012284271284271208,,1,0.0017284271284271208,0.0017284271284271208,0,,
NEARUSDT,19049,long,-0.0029274795075768948,,1,-0.0024274795075768948,0.0011274795075768944,1,-0.0024282436293915906,-0.0024282436293915906
NEARUSDT,19097,short,-0.0029596087761036174,,1,-0.0024596087761036174,0.002095374041765788,1,0.0020941269782766498,0.0020941269782766498
NEARUSDT,19113,long,-0.00235841823258624,,1,-0.00185841823258624,-0.00185841823258624,1,-0.0018588976814269535,-0.0018588976814269535
NEARUSDT,19157,short,0.0011407072211402796,,1,0.0016407072211402796,0.0016407072211402796,1,0.0016396873774515539,0.0016396873774515539
NEARUSDT,19193,long,0.0031254804346662296,,1,0.0036254804346662296,0.0036254804346662296,1,0.003627494181757108,0.003627494181757108
NEARUSDT,19218,short,-0.0025636185474672236,,1,-0.0020636185474672236,0.0014617896759475573,1,0.0014608592463243952,0.0014608592463243952
NEARUSDT,19264,long,-0.004842804769093315,,1,-0.004342804769093315,0.005108487630549305,1,-0.004344527032609619,0.005111243252175391
NEARUSDT,19327,long,-0.0030383743685432002,,1,-0.0025383743685432002,-0.0025383743685432002,1,-0.0025391939655259634,-0.0025391939655259634
NEARUSDT,19347,short,-0.002507744312817846,,1,-0.002007744312817846,0.0007077443128178458,1,-0.0020071907174591163,0.0002643144304754697
NEARUSDT,19409,short,0.0009128923595161442,,1,0.001412892359516144,0.001412892359516144,0,,
NEARUSDT,19443,long,0.0024029490616622427,,1,0.0029029490616622427,0.0029029490616622427,0,,
NEARUSDT,19507,long,0.0009193711304136609,,1,0.0014193711304136606,0.0014193711304136606,0,,
NEARUSDT,19540,short,-0.0024217596972563745,,1,-0.0019217596972563745,0.0012348155156101989,1,0.0012339985163520228,0.0012339985163520228
NEARUSDT,19568,long,0.001543708509126115,,1,0.002043708509126115,0.002043708509126115,0,,
NEARUSDT,19665,short,0.0006889927247268111,,1,0.001188992724726811,0.001188992724726811,1,-0.0018926241408838153,0.001188198625414104
NEARUSDT,19687,long,-0.00265566953821802,,1,-0.00215566953821802,0.0008556695382180198,1,-0.0021562976870615506,0.0008562976870615506
NEARUSDT,19729,short,0.0009677138111312936,,1,0.0014677138111312933,0.0014677138111312933,1,0.001466780420920833,0.001466780420920833
NEARUSDT,19752,long,-0.0025648045120848294,,1,-0.0020648045120848293,0.0014636872193357266,1,-0.002065387205687673,0.0014646195291002767
NEARUSDT,19807,short,0.001245378420915906,,1,0.001745378420915906,0.001745378420915906,0,,
NEARUSDT,19854,long,-0.0027322949830886397,,1,-0.0022322949830886397,-0.0022322949830886397,1,-0.00223296146382055,-0.00223296146382055
NEARUSDT,19873,short,0.0007984356916756215,,1,0.0012984356916756214,0.0012984356916756214,0,,
NEARUSDT,19921,long,0.0016803273135960017,,1,0.0021803273135960017,0.0021803273135960017,1,0.0021816181226573302,0.0021816181226573302
NEARUSDT,19962,short,-0.002504127739086095,,1,-0.002004127739086095,-0.002004127739086095,1,-0.0020035759511105393,0.0007035759511105394
NEARUSDT,20018,long,-0.00284343141959353,,1,-0.00234343141959353,0.0004660588517561181,1,-0.002344153496341701,0.0019106455941467213
NEARUSDT,20032,short,-0.002645441142236363,,1,-0.002145441142236363,-0.002145441142236363,1,-0.002144818732869928,0.0003468912397219569
NEARUSDT,20078,long,-0.0028510241175482205,,1,-0.0023510241175482205,-0.0023510241175482205,1,-0.0023517499925444925,0.00047104999552669545
NEARUSDT,20097,short,0.0008838943762883392,,1,0.0013838943762883391,0.0013838943762883391,0,,
NEARUSDT,20152,long,-0.0022382909680908536,,1,-0.0017382909680908535,-0.0017382909680908535,1,-0.0017387103232524796,-0.0017387103232524796
NEARUSDT,20160,short,-0.00271463628396143,,1,-0.00221463628396143,0.0009146362839614301,1,-0.002213979294314273,-0.002213979294314273
NEARUSDT,20220,short,0.0016082262370397961,,1,0.002108226237039796,0.002108226237039796,1,0.002106972750664464,0.002106972750664464
NEARUSDT,20246,long,-0.0035890840779065443,,1,-0.0030890840779065443,0.0009134504467439264,1,-0.0030901791674902896,0.0017901791674902892
NEARUSDT,20295,short,-0.002903267464774478,,1,-0.002403267464774478,0.002005227943639165,1,-0.002402516206671143,0.004667822925678027
NEARUSDT,20354,long,-0.003352835704541035,,1,-0.002852835704541035,-0.002852835704541035,1,-0.0028538126108464588,0.0007722875665078751
NEARUSDT,20383,short,-0.0030735878125268726,,1,-0.0025735878125268726,0.002277740500042996,1,-0.002572751436808468,0.002276402298893549
NEARUSDT,20436,long,-0.003221736774740677,,1,-0.002721736774740677,0.0025147788395850834,1,0.0025162369580641153,0.0025162369580641153
NEARUSDT,20494,short,-0.0026939392044032727,,1,-0.0021939392044032727,0.0008939392044032727,1,-0.002193292558124211,0.0008932925581242108
NEARUSDT,20507,long,0.0010728114123394264,,1,0.0015728114123394264,0.0015728114123394264,1,0.0015737983114951738,0.0015737983114951738
NEARUSDT,20568,long,-0.0024781081545600793,,1,-0.0019781081545600793,0.0013249730472961263,1,-0.001978647478299229,0.0013258359652787658
NEARUSDT,20670,long,0.0008293315228418923,,1,0.0013293315228418922,0.0013293315228418922,0,,
NEARUSDT,20733,short,-0.002828264274963906,,1,-0.002328264274963906,0.00045695856497834344,1,-0.0023275504997140486,-0.0023275504997140486
NEARUSDT,20739,long,0.0010418219128783567,,1,0.0015418219128783568,0.0015418219128783568,1,0.0015427933095331229,0.0015427933095331229
NEARUSDT,20799,short,-0.002666856440743931,,1,-0.002166856440743931,0.0003601138644463585,1,-0.002166223329079391,0.0003597339974476347
NEARUSDT,20811,long,-0.0025980192747990277,,1,-0.0020980192747990277,-0.0020980192747990277,1,-0.0020986185840910733,-0.0020986185840910733
NEARUSDT,20873,short,0.0011418950961291753,,1,0.0016418950961291754,0.0016418950961291754,1,0.0016408746587997756,0.0016408746587997756
NEARUSDT,20933,short,0.0009582547636817798,,1,0.0014582547636817797,0.0014582547636817797,0,,
NEARUSDT,20951,long,0.0010932491637649215,,1,0.0015932491637649215,0.0015932491637649215,0,,
NEARUSDT,20999,short,-0.0027657979836408614,,1,-0.0022657979836408614,0.0009657979836408614,1,-0.0022651154259278974,0.001784184681484636
NEARUSDT,21072,long,-0.003002600879709307,,1,-0.002502600879709307,0.0005615605278255841,1,-0.002503402580999807,0.0012034025809998065
NEARUSDT,21131,short,0.0008785273486910137,,1,0.0013785273486910136,0.0013785273486910136,0,,
NEARUSDT,21177,long,-0.0023511999753535466,,1,-0.0018511999753535466,0.00017071998521212784,1,-0.0018516758132601763,-0.0018516758132601763
NEARUSDT,21197,short,0.0010389298836024495,,1,0.0015389298836024495,0.0015389298836024495,1,-0.0021112255644692964,-0.0021112255644692964
NEARUSDT,21266,long,0.0008034622716930523,,1,0.001303462271693052,0.001303462271693052,0,,
NEARUSDT,21304,short,-0.002489782808198233,,1,-0.001989782808198233,0.0013436524931171728,1,-0.0019892381891036814,0.00134278110256589
NEARUSDT,21330,long,0.0010604400302310717,,1,0.0015604400302310717,0.0015604400302310717,1,0.0015614207406013728,0.0015614207406013728
NEARUSDT,21392,long,-0.003889852745099479,,1,-0.003389852745099479,0.0020898527450994788,1,-0.0033910982942466023,0.003585757270794563
NEARUSDT,21412,short,-0.004045502645502633,,1,-0.0035455026455026334,-0.0035455026455026334,1,-0.003544180555225021,-0.003544180555225021
NEARUSDT,21477,long,-0.0031760937777514753,,1,-0.0026760937777514753,-0.0026760937777514753,1,-0.0026769822688859184,-0.0026769822688859184
NEARUSDT,21483,short,0.0025922287499070547,,1,0.0030922287499070547,0.0030922287499070547,1,0.003090483508152978,0.003090483508152978
NEARUSDT,21537,long,0.0012587101706730114,,1,0.0017587101706730114,0.0017587101706730114,1,0.0017597900657058642,0.0017597900657058642
NEARUSDT,21558,short,-0.003355499180804417,,1,-0.002855499180804417,0.002728798689287067,1,-0.002854521919844495,0.0027272350717511915
NEARUSDT,21603,long,-0.0028774945913144557,,1,-0.0023774945913144557,0.001963991346103129,1,0.0019651739330696634,0.0019651739330696634
NEARUSDT,21624,short,-0.002794188990063095,,1,-0.002294188990063095,-0.002294188990063095,1,-0.0022934922439411245,-0.0022934922439411245
NEARUSDT,21664,long,-0.0027688076413873485,,1,-0.0022688076413873485,0.0009688076413873482,1,0.0017911878201298218,0.0017911878201298218
NEARUSDT,21685,short,-0.004106711439714491,,1,-0.0036067114397144912,0.002306711439714491,1,-0.0036053587603343245,0.002305358760334324
NEARUSDT,21728,long,-0.0038377212315501273,,1,-0.0033377212315501273,0.002037721231550127,1,-0.0033389407019010775,0.002038940701901077
NEARUSDT,21755,short,-0.0032306431808541316,,1,-0.0027306431808541316,0.0014306431808541313,1,0.0025275653067132536,0.0025275653067132536
NEARUSDT,21796,long,-0.0035744928652925827,,1,-0.0030744928652925827,-0.0030744928652925827,1,-0.0030755806556203927,-0.0030755806556203927
NEARUSDT,21815,short,-0.003538714084160084,,1,-0.003038714084160084,-0.003038714084160084,1,-0.0030376452615293193,0.0008825871569175914
NEARUSDT,21857,long,0.0017428905501815253,,1,0.0022428905501815253,0.0022428905501815253,0,,
NEARUSDT,21889,short,-0.0036565391306934004,,1,-0.0031565391306934004,-0.0031565391306934004,1,-0.00315541142498091,-0.00315541142498091
NEARUSDT,21949,short,0.0017695601765833624,,1,0.0022695601765833624,0.0022695601765833624,1,0.0022682260635515867,0.0022682260635515867
NEARUSDT,21986,long,-0.0029392642838507576,,1,-0.0024392642838507576,0.002062822854161212,1,-0.002440034301001258,0.0020640548816020124
NEARUSDT,22028,short,0.001449844211277757,,1,0.001949844211277757,0.001949844211277757,0,,
NEARUSDT,22062,long,-0.002654896703755003,,1,-0.002154896703755003,-0.002154896703755003,1,-0.0021555244659879967,-0.0021555244659879967
NEARUSDT,22120,short,-0.0028215933723312564,,1,-0.0023215933723312564,-0.0023215933723312564,1,-0.0023208829308658235,-0.0023208829308658235
NEARUSDT,22126,long,-0.002808388227205174,,1,-0.002308388227205174,0.0010083882272051738,1,0.0018545484377471516,0.0018545484377471516
NEARUSDT,22187,long,0.0014668989186230716,,1,0.0019668989186230716,0.0019668989186230716,0,,
NEARUSDT,22239,short,0.0017152203484035269,,1,0.002215220348403527,0.002215220348403527,0,,
NEARUSDT,22300,short,0.0012295843158191492,,1,0.0017295843158191492,0.0017295843158191492,0,,
NEARUSDT,22328,long,0.002191850511104823,,1,0.002691850511104823,0.002691850511104823,1,0.0026933972097096777,0.0026933972097096777
NEARUSDT,22389,long,-0.0032400802944128463,,1,-0.0027400802944128463,0.0014400802944128461,1,-0.0027410007948102514,0.0014410007948102513
NEARUSDT,22406,short,0.002596447087638485,,1,0.003096447087638485,0.003096447087638485,1,0.0030946997377696,0.0030946997377696
NEARUSDT,22468,short,0.003042547156325025,,1,0.003542547156325025,0.003542547156325025,1,0.0035405768678910786,0.0035405768678910786
NEARUSDT,22509,long,-0.003267858466238643,,1,-0.002767858466238643,0.0014678584662386428,1,-0.002768792862669978,-0.002768792862669978
NEARUSDT,22528,short,0.001013061961951342,,1,0.0015130619619513417,0.0015130619619513417,1,-0.0020950661931230276,-0.0020950661931230276
NEARUSDT,22569,long,-0.0034725349337698065,,1,-0.0029725349337698065,-0.0029725349337698065,1,-0.0029735717196296215,-0.0029735717196296215
NEARUSDT,22588,short,0.0011125862645548303,,1,0.0016125862645548304,0.0016125862645548304,1,0.001611580474317672,0.001611580474317672
NEARUSDT,22640,long,0.0010697073642967668,,1,0.0015697073642967668,0.0015697073642967668,0,,
NEARUSDT,22718,long,-0.0023727700099169485,,1,-0.0018727700099169485,-0.0018727700099169485,1,-0.0018732566382360667,-0.0018732566382360667
NEARUSDT,22758,short,0.0007642065574021588,,1,0.0012642065574021586,0.0012642065574021586,1,0.001263374869967175,0.001263374869967175
NEARUSDT,22807,long,-0.0025735922627011716,,1,-0.0020735922627011715,0.0007735922627011716,1,0.0014786869638037763,0.0014786869638037763
NEARUSDT,22935,long,0.0005052280028658941,,1,0.0010052280028658939,0.0010052280028658939,0,,
NEARUSDT,22997,long,0.0005245972302894975,,1,0.0010245972302894972,0.0010245972302894972,1,-0.0017908186782700708,0.00013449120696204257
NEARUSDT,23008,short,-0.002521453832845979,,1,-0.002021453832845979,0.0002728722997075875,1,-0.002020893386152903,0.0007208933861529026
NEARUSDT,23069,short,-0.002551702215875056,,1,-0.002051702215875056,0.0014427235454000896,1,-0.002051126652548782,0.0014418026440780505
NEARUSDT,23093,long,-0.0025352479135984404,,1,-0.0020352479135984404,0.0007352479135984402,1,-0.0020358158215091947,0.0007358158215091948
NEARUSDT,23130,short,-0.0025984401011159715,,1,-0.0020984401011159715,0.0015175041617855544,1,0.0015165458888411337,0.0015165458888411337
NEARUSDT,23167,long,-0.004345786714231664,,1,-0.0038457867142316646,-0.0038457867142316646,1,-0.0038472603444038665,-0.0038472603444038665
NEARUSDT,23216,short,-0.003181969844768903,,1,-0.002681969844768903,0.0013819698447689027,1,-0.002681079305116345,0.0013810793051163444
NEARUSDT,23228,long,-0.00307088839381084,,1,-0.00257088839381084,0.00127088839381084,1,-0.0025717242559388097,0.002274758809502095
NEARUSDT,23279,short,0.005350000000000024,,1,0.0058500000000000245,0.0058500000000000245,1,0.005846876561719165,0.005846876561719165
NEARUSDT,23300,long,0.005053424314511093,,1,0.005553424314511094,0.005553424314511094,1,0.005556402515768977,0.005556402515768977
NEARUSDT,23350,short,0.0021222041085046392,,1,0.0026222041085046392,0.0026222041085046392,0,,
NEARUSDT,23411,short,-0.002771035488421485,,1,-0.002271035488421485,-0.002271035488421485,1,-0.002270350313264853,-0.002270350313264853
NEARUSDT,23443,long,0.001182410279131586,,1,0.001682410279131586,0.001682410279131586,0,,
NEARUSDT,23508,long,-0.002335865675750053,,1,-0.001835865675750053,-0.001835865675750053,1,-0.0018363338426713887,-0.0018363338426713887
NEARUSDT,23561,short,-0.0023601989658184903,,1,-0.0018601989658184903,0.001136318345309584,1,-0.0018597191062653573,0.0011355505700245717
NEARUSDT,23599,long,-0.0025887704492135225,,1,-0.0020887704492135225,-0.0020887704492135225,1,-0.002089365131779412,-0.002089365131779412
NEARUSDT,23621,short,-0.0025420323417214706,,1,-0.0020420323417214706,0.0007420323417214705,1,0.00142633857746562,0.00142633857746562
NEARUSDT,23839,long,-0.0022707437964429268,,1,-0.0017707437964429268,-0.0017707437964429268,1,-0.0017711793861359946,-0.0017711793861359946
NEARUSDT,23912,short,-0.0022319467554076417,,1,-0.0017319467554076417,-0.0017319467554076417,1,-0.001731530989912685,-0.001731530989912685
NEARUSDT,24054,long,-0.002259824879703384,,1,-0.001759824879703384,0.0009757198075254144,1,0.00097640801153118,0.00097640801153118
NEARUSDT,24130,short,-0.0030486894316213,,1,-0.0025486894316213,-0.0025486894316213,1,-0.0025478654988718642,-0.0025478654988718642
NEARUSDT,24261,short,0.0005861434737002322,,1,0.001086143473700232,0.001086143473700232,1,0.0010854007733135753,0.0010854007733135753
NEARUSDT,24293,long,0.0009192445971157919,,1,0.0014192445971157916,0.0014192445971157916,0,,
NEARUSDT,24672,long,-0.0035176926054974653,,1,-0.0030176926054974653,-0.0030176926054974653,1,-0.0030187519814882094,0.0008712511888929255
NEARUSDT,24692,short,-0.0025600838053852822,,1,-0.002060083805385282,0.0014561340886164512,1,0.0014552064853737643,0.0014552064853737643
NEARUSDT,24741,long,-0.0028333751723924076,,1,-0.0023333751723924076,0.0018934002758278523,1,-0.0023340922185016585,0.0018945475496026532
NEARUSDT,24766,short,-0.0024626827698011793,,1,-0.0019626827698011793,0.0013002924316818868,1,0.0012994427103267233,0.0012994427103267233
NEARUSDT,24817,long,-0.0022055708321391666,,1,-0.0017055708321391666,8.334249928349985e-05,1,-0.0017059738190486908,0.0008895581104779053
NEARUSDT,24879,long,-0.0027661517621433607,,1,-0.0022661517621433607,-0.0022661517621433607,1,-0.0022668351797332275,-0.0022668351797332275
NEARUSDT,24887,short,0.001154921320580074,,1,0.001654921320580074,0.001654921320580074,1,-0.002183683983370861,-0.002183683983370861
NEARUSDT,24956,long,0.0010143438173728565,,1,0.0015143438173728565,0.0015143438173728565,1,0.00151530146810691,0.00151530146810691
NEARUSDT,24981,short,-0.0031943224424209856,,1,-0.0026943224424209856,0.002470915907873577,1,-0.0026934257295562077,0.002469481167289932
NEARUSDT,25119,short,-0.0022315004559841233,,1,-0.0017315004559841233,-0.0017315004559841233,1,-0.0017310849135273596,-0.0017310849135273596
NEARUSDT,25194,short,-0.0022133013127910856,,1,-0.0017133013127910855,0.0004133013127910854,1,-0.0017128948653584064,-0.0017128948653584064
NEARUSDT,25316,short,-0.00220839180313917,,1,-0.0017083918031391698,0.00040839180313917,1,-0.0017079878092345529,-0.0017079878092345529
NEARUSDT,25423,short,0.0005018299976381885,,1,0.0010018299976381883,0.0010018299976381883,1,-0.0017757058955760797,0.0010011294329217277
NEARUSDT,25438,long,0.0010171370753009295,,1,0.0015171370753009296,0.0015171370753009296,0,,
NEARUSDT,25499,long,-0.00296266553660345,,1,-0.0024626655366034498,-0.0024626655366034498,1,-0.0024634472602335666,-0.0024634472602335666
NEARUSDT,25624,short,-0.0029395556093538724,,1,-0.0024395556093538724,0.002063288974966196,1,0.0020620579459931995,0.0020620579459931995
NEARUSDT,25676,long,-0.0023128372952744745,,1,-0.0018128372952744744,0.0010605396724391591,1,-0.0018132939422455972,0.0010612703075929555
NEARUSDT,25713,short,-0.002521339546160543,,1,-0.002021339546160543,0.0013941432738568684,1,-0.002020779156582252,0.0013932466505316029
NEARUSDT,25780,short,-0.002285699015041608,,1,-0.0017856990150416081,0.001017118424066573,1,0.0010164102189570946,0.0010164102189570946
NEARUSDT,25912,long,0.0011890416143144752,,1,0.0016890416143144752,0.0016890416143144752,1,-0.0022063041610270607,0.00038378249661623635
NEARUSDT,25942,short,-0.0026829884112263332,,1,-0.0021829884112263332,0.000882988411226333,1,0.0016517555801720467,0.0016517555801720467
NEARUSDT,25972,long,0.0012033434650455766,,1,0.0017033434650455767,0.0017033434650455767,1,-0.0022152472892981345,-0.0022152472892981345
NEARUSDT,26003,short,0.000711979941840468,,1,0.0012119799418404678,0.0012119799418404678,1,-0.0019069839716644604,0.0006069839716644604
NEARUSDT,26041,long,-0.0023529884350487174,,1,-0.0018529884350487174,-0.0018529884350487174,1,-0.0018534651676325336,0.006247915636444674
NEARUSDT,26063,short,0.0005276562642994066,,1,0.0010276562642994064,0.0010276562642994064,1,-0.001791839245564347,0.001026942792902955
NEARUSDT,26113,long,-0.0024478425873710147,,1,0.0012765481397936235,0.0012765481397936235,1,0.0012773868332102284,0.0012773868332102284
NEARUSDT,26133,short,-0.002919107161941389,,1,-0.002419107161941389,0.0011191071619413887,0,,
NEARUSDT,26173,long,-0.0032405513305098976,,1,-0.0027405513305098976,0.0025448821288158356,1,0.0025463553064690703,0.0025463553064690703
NEARUSDT,26233,short,-0.003597568227269628,,1,-0.003097568227269628,-0.003097568227269628,1,-0.003096469992273491,-0.003096469992273491
NEARUSDT,26247,long,0.0014964597753318472,,1,0.0019964597753318472,0.0019964597753318472,0,,
NEARUSDT,26307,long,-0.0031405134514681915,,1,0.0023848215223491063,0.0023848215223491063,1,0.0023862146296639384,0.0023862146296639384
NEARUSDT,26348,short,-0.002615916913591356,,1,-0.002115916913591356,0.0015454670617461696,1,-0.0021153092589618755,0.0015444948143390003
NEARUSDT,26400,long,-0.0026679850701342425,,1,-0.0021679850701342425,0.0008679850701342424,1,0.0016297910077186471,0.0016297910077186471
NEARUSDT,26419,short,-0.0034437413738188792,,1,-0.002943741373818879,0.0028699861981102063,1,-0.002942720013811973,0.0028683520220991565
NEARUSDT,26478,long,0.001402481698611804,,1,0.001902481698611804,0.001902481698611804,1,0.0019036335153694885,0.0019036335153694885
NEARUSDT,26525,short,-0.0035925498824064973,,1,0.003108079811850395,0.003108079811850395,1,0.003106326648526132,0.003106326648526132
NEARUSDT,26585,short,-0.0033316436251920128,,1,-0.0028316436251920128,0.00269062980030722,1,-0.0028306782860489884,0.002689085257678381
NEARUSDT,26626,long,-0.004905986117552726,,1,-0.004405986117552725,0.005209577788084362,1,0.005212383980074399,0.005212383980074399
NEARUSDT,26689,long,-0.0036661785274807977,,1,-0.0031661785274807977,-0.0031661785274807977,1,-0.0031673121835725836,-0.0031673121835725836
NEARUSDT,26693,short,0.002921440128203183,,1,0.003421440128203183,0.003421440128203183,1,-0.0032872064768885456,0.0034195303630216727
NEARUSDT,26756,long,0.002111595572458757,,1,0.002611595572458757,0.002611595572458757,1,-0.0027831888272003232,-0.0027831888272003232
NEARUSDT,26772,short,0.0014118700270389552,,1,0.0019118700270389553,0.0019118700270389553,0,,
NEARUSDT,26832,short,-0.0029934369330283277,,1,-0.0024934369330283277,0.0005560621598169965,1,-0.0024926406127219664,0.0011926406127219663
NEARUSDT,26845,long,0.0014332599603786409,,1,0.0019332599603786409,0.0019332599603786409,0,,
NEARUSDT,26892,short,-0.002490422391056177,,1,-0.001990422391056177,0.0006904223910561768,1,0.001343803923728019,0.001343803923728019
NEARUSDT,26905,long,-0.0026802086033159483,,1,-0.0021802086033159483,0.0016483337653055174,1,-0.0021808490278298633,0.001649358444527781
NEARUSDT,26970,long,-0.002703851795512571,,1,-0.002203851795512571,0.0016861628728201132,1,-0.002204504047536339,0.0016872064760581422
NEARUSDT,26984,short,-0.002269659745624532,,1,-0.001769659745624532,0.00046965974562453204,1,-0.0017692251330580031,0.00046922513305800307
NEARUSDT,27060,long,-0.0026190496830470773,,1,-0.0021190496830470773,0.0003314298098282464,1,-0.002119659512803479,0.0008196595128034788
NEARUSDT,27079,short,0.0005394291918721678,,1,0.0010394291918721676,0.0010394291918721676,1,-0.001799193648096057,0.0010387098369536909
NEARUSDT,27120,long,-0.0030975428261375026,,1,-0.0025975428261375026,-0.0025975428261375026,1,-0.002598392022148577,-0.002598392022148577
NEARUSDT,27186,short,-0.0029510248396628,,1,-0.0024510248396628,-0.0024510248396628,1,-0.0024502497148053974,0.0005301498288832384
NEARUSDT,27190,long,-0.0025582592796324403,,1,-0.0020582592796324403,0.0014532148474119043,1,0.00145414191837109,0.00145414191837109
NEARUSDT,27251,long,0.0007584671555432027,,1,0.0012584671555432025,0.0012584671555432025,0,,
NEARUSDT,27315,short,0.0012972120570477431,,1,0.0017972120570477431,0.0017972120570477431,0,,
NEARUSDT,27354,long,-0.0029245413036352954,,1,-0.0024245413036352954,-0.0024245413036352954,1,-0.002425303955613102,0.0005151823733678611
NEARUSDT,27381,short,0.0029780693019629476,,1,0.0034780693019629476,0.0034780693019629476,1,0.0034761312363447757,0.0034761312363447757
NEARUSDT,27416,long,0.0022648351648351726,,1,0.0027648351648351726,0.0027648351648351726,1,0.0027664183740221835,0.0027664183740221835
NEARUSDT,27444,short,0.0034542127317427405,,1,0.003954212731742741,0.003954212731742741,1,0.003952036713386049,0.003952036713386049
NEARUSDT,27487,long,-0.0035106541475905784,,1,-0.0030106541475905784,0.002977046636144925,1,-0.003011710002591874,0.0029787360041469983
NEARUSDT,27541,short,-0.004533300766342042,,1,-0.004033300766342042,0.004613281226147269,1,-0.004031734898892596,0.004610775838228155
NEARUSDT,27556,long,-0.0036418798352408207,,1,-0.0031418798352408207,-0.0031418798352408207,1,-0.0031430013359087746,-0.0031430013359087746
NEARUSDT,27601,short,0.002472203932186727,,1,0.002972203932186727,0.002972203932186727,1,0.002970518672850302,0.002970518672850302
NEARUSDT,27633,long,0.0017890756302521198,,1,0.00228907563025212,0.00228907563025212,1,0.0022904208406724557,0.0022904208406724557
NEARUSDT,27674,short,-0.0029910684429103286,,1,-0.0024910684429103286,0.0011910684429103282,1,-0.0024902733062572,-0.0024902733062572
NEARUSDT,27696,long,0.0013652656712762868,,1,0.0018652656712762868,0.0018652656712762868,1,-0.0023164992941947767,-0.0023164992941947767
NEARUSDT,27755,short,-0.003641793434747806,,1,-0.003141793434747806,0.003186869495596489,0,,
NEARUSDT,27775,long,0.0010142110356704615,,1,0.0015142110356704613,0.0015142110356704613,1,-0.0020969803874877823,0.0007969803874877821
NEARUSDT,27835,long,0.000766221628838512,,1,0.0012662216288385117,0.0012662216288385117,1,0.00126705515641672,0.00126705515641672
NEARUSDT,27861,short,-0.0025475234842015464,,1,-0.0020475234842015464,0.0007475234842015462,1,0.0014351200147151163,0.0014351200147151163
NEARUSDT,27920,long,-0.002837627348879331,,1,-0.002337627348879331,0.0019002037582069291,1,-0.002338346522140401,0.0019013544354246413
NEARUSDT,27958,short,0.0022849919319570013,,1,0.0027849919319570013,0.0027849919319570013,0,,
NEARUSDT,27982,long,-0.002796626900018165,,1,-0.002296626900018165,-0.002296626900018165,1,-0.0022973255627995646,-0.0022973255627995646
NEARUSDT,28046,short,-0.003626199798635206,,1,-0.003126199798635206,-0.003126199798635206,1,-0.003125087255007702,0.003160139608012323
NEARUSDT,28055,long,-0.0035364663218595926,,1,-0.0030364663218595926,-0.0030364663218595926,1,-0.0030375350894042944,-0.0030375350894042944
NEARUSDT,28117,long,-0.0031110614443264073,,1,-0.0026110614443264073,0.001311061444326407,1,-0.002611917403027921,0.0023390678448446736
NEARUSDT,28135,short,-0.0035194874894947104,,1,-0.0030194874894947103,0.002991179983191536,1,-0.003018428275357032,0.002989485240571251
NEARUSDT,28177,long,-0.0031808490794662347,,1,-0.0026808490794662347,-0.0026808490794662347,1,-0.002681739949440955,-0.002681739949440955
NEARUSDT,28197,short,0.00168005340592197,,1,0.00218005340592197,0.00218005340592197,0,,
NEARUSDT,28237,long,0.000979040452383409,,1,0.001479040452383409,0.001479040452383409,1,0.0014799804426047112,0.0014799804426047112
NEARUSDT,28272,short,-0.00335141991475375,,1,-0.00285141991475375,0.0007708519488522502,1,-0.0028504446924075464,0.0007702668154445278
NEARUSDT,28300,long,-0.00369785389117712,,1,-0.00319785389117712,-0.00319785389117712,1,-0.0031990033928735568,-0.0031990033928735568
NEARUSDT,28333,short,0.0018077261320161363,,1,0.0023077261320161363,0.0023077261320161363,1,0.0023063729455433646,0.0023063729455433646
NEARUSDT,28372,long,-0.002733178340756031,,1,-0.002233178340756031,-0.002233178340756031,1,-0.002233845263387725,0.00040030715803263497
NEARUSDT,28433,short,0.0019472444612652442,,1,0.002447244461265244,0.002447244461265244,1,0.0024458215504899994,0.0024458215504899994
NEARUSDT,28466,long,0.0013780237706828321,,1,0.0018780237706828322,0.0018780237706828322,1,0.0018791633523590114,0.0018791633523590114
NEARUSDT,28501,short,0.0011471876759301864,,1,0.0016471876759301864,0.0016471876759301864,0,,
NEARUSDT,28566,short,-0.003472919293353286,,1,-0.002972919293353286,0.0029166708693652574,1,-0.0029718833516774474,0.0029150133626839156
NEARUSDT,28584,long,-0.0035284944325989142,,1,-0.0030284944325989142,0.0017284944325989138,1,-0.003029559212205017,0.0030072947395280267
NEARUSDT,28626,short,-0.003414852554505285,,1,-0.002914852554505285,-0.002914852554505285,1,-0.0029138456316894403,-0.0029138456316894403
NEARUSDT,28649,long,0.0007817209412883157,,1,0.0012817209412883154,0.0012817209412883154,1,0.001282562222399515,0.001282562222399515
NEARUSDT,28709,long,-0.002836083248641242,,1,-0.002336083248641242,0.0010360832486412414,1,-0.0023368016494659744,0.0018988826391455591
NEARUSDT,28723,short,-0.0027478482433660177,,1,-0.0022478482433660176,0.001756557189385628,1,-0.0022471746560379985,0.0017554794496607976
NEARUSDT,28769,long,0.0031659117894066355,,1,0.0036659117894066355,0.0036659117894066355,1,0.0036679457622877786,0.0036679457622877786
NEARUSDT,28819,short,0.003296248196248183,,1,0.0037962481962481834,0.0037962481962481834,1,0.0037941511206878394,0.0037941511206878394
NEARUSDT,28858,long,0.004932440415858228,,1,0.005432440415858228,0.005432440415858228,1,0.005435358094905681,0.005435358094905681
NEARUSDT,28888,short,-0.0045539230312423035,,1,-0.004053923031242304,-0.004053923031242304,1,-0.004052346857813397,-0.004052346857813397
NEARUSDT,28918,long,0.004076336894607085,,1,0.004576336894607086,0.004576336894607086,0,,
NEARUSDT,28948,short,-0.004998186119873828,,1,-0.004498186119873827,0.005357097791798125,1,-0.004496387925910872,0.005354220681457396
NEARUSDT,28996,long,0.0027296458830275067,,1,0.0032296458830275068,0.0032296458830275068,1,0.003231461613834424,0.003231461613834424
NEARUSDT,29021,short,-0.0030508094291394647,,1,-0.0025508094291394647,0.0012508094291394643,1,-0.002549984436921004,0.0012499844369210037
NEARUSDT,29084,short,0.002002808277948246,,1,0.002502808277948246,0.002502808277948246,1,0.0025013575991486717,0.0025013575991486717
NEARUSDT,29125,long,-0.0037950696614773697,,1,-0.0032950696614773697,0.0019950696614773693,1,0.0034340284726000906,0.0034340284726000906
NEARUSDT,29146,short,-0.0035939640307301665,,1,0.0031103424491682663,0.0031103424491682663,1,0.003108588155090721,0.003108588155090721
NEARUSDT,29198,long,0.003640559942569997,,1,0.004140559942569998,0.004140559942569998,1,0.004142831358249123,0.004142831358249123
NEARUSDT,29221,short,-0.0031467314381672137,,1,-0.0026467314381672137,-0.0026467314381672137,1,-0.0026458585089127575,-0.0026458585089127575
NEARUSDT,29281,short,-0.0033185049204008774,,1,0.0026696078726414036,0.0026696078726414036,1,0.002668073835723542,0.002668073835723542
NEARUSDT,29322,long,0.0013091465892161513,,1,0.0018091465892161513,0.0018091465892161513,1,0.001810251715073688,0.001810251715073688
NEARUSDT,29341,short,0.0026822069601917992,,1,0.0031822069601917993,0.0031822069601917993,1,0.003180416751815892,0.003180416751815892
NEARUSDT,29404,short,0.0015509247702257746,,1,0.0020509247702257746,0.0020509247702257746,0,,
NEARUSDT,29424,long,-0.002591358678386118,,1,-0.002091358678386118,-0.002091358678386118,1,-0.0020919546557139745,-0.0020919546557139745
NEARUSDT,29466,short,0.0008983923462359177,,1,0.0013983923462359174,0.0013983923462359174,1,-0.0020234334996476248,-0.0020234334996476248
NEARUSDT,29485,long,-0.0031451941198643216,,1,-0.0026451941198643216,-0.0026451941198643216,1,-0.002646067153441042,-0.002646067153441042
NEARUSDT,29538,short,0.0023750460363115805,,1,0.0028750460363115805,0.0028750460363115805,1,0.0028734093316457572,0.0028734093316457572
NEARUSDT,29598,short,-0.00296193355804607,,1,0.0020990936928737113,0.0020990936928737113,1,0.002097844770488467,0.002097844770488467
NEARUSDT,29638,long,0.0017365494780533677,,1,0.0022365494780533677,0.0022365494780533677,0,,
NEARUSDT,29699,long,0.0019064621683116214,,1,0.0024064621683116214,0.0024064621683116214,1,0.0024078661013623025,0.0024078661013623025
NEARUSDT,29724,short,-0.002762283765991607,,1,-0.002262283765991607,0.00932854403068557,1,-0.0022616029645093523,0.0017785647432149634
NEARUSDT,29781,long,-0.002472478149688961,,1,-0.001972478149688961,-0.001972478149688961,1,-0.0019730146570174694,0.001316823451227951
NEARUSDT,29810,short,-0.0024320943104845457,,1,-0.0019320943104845457,0.0006320943104845458,1,0.001250525633958294,0.001250525633958294
NEARUSDT,29841,long,-0.0027391908707396152,,1,-0.0022391908707396152,0.000939190870739615,1,-0.002239860801140185,0.0017437772818242958
NEARUSDT,29872,short,0.000652464156342264,,1,0.0011524641563422638,0.0011524641563422638,0,,
NEARUSDT,29908,long,0.001208909221879973,,1,0.001708909221879973,0.001708909221879973,1,0.0017099642039819641,0.0017099642039819641
NEARUSDT,29947,short,0.0007114702368186839,,1,0.0012114702368186837,0.0012114702368186837,0,,
NEARUSDT,29970,long,-0.002614615231351627,,1,-0.002114615231351627,-0.002114615231351627,1,-0.002115222842773013,0.000329133705663808
NEARUSDT,30009,short,-0.0028630690568594765,,1,-0.0023630690568594765,0.0019409104909751626,1,0.00193974062066483,0.00193974062066483
NEARUSDT,30050,long,-0.0032585927136996027,,1,-0.0027585927136996027,0.0007151556282197617,1,-0.0027595224749370714,-0.0027595224749370714
NEARUSDT,30071,short,-0.0028321324064469154,,1,-0.0023321324064469154,-0.0023321324064469154,1,-0.0023314166980978666,-0.0023314166980978666
NEARUSDT,30123,long,-0.0034678118368674546,,1,-0.0029678118368674546,0.0008406871021204725,1,-0.002968846259997453,-0.002968846259997453
NEARUSDT,30139,short,-0.0024957924677868363,,1,-0.0019957924677868363,-0.0019957924677868363,1,-0.0019952448453641543,-0.0019952448453641543
NEARUSDT,30184,long,0.0019444389359691556,,1,0.0024444389359691556,0.0024444389359691556,1,0.0024458618669026067,0.0024458618669026067
NEARUSDT,30235,short,0.0009000662695630405,,1,0.0021206591509790435,0.0021206591509790435,1,-0.0020244791788874565,-0.0020244791788874565
NEARUSDT,30246,long,0.0012375056787119632,,1,0.0017375056787119632,0.0017375056787119632,1,0.0017385749661950607,0.0017385749661950607
NEARUSDT,30302,short,-0.0023516558812333448,,1,-0.0018516558812333448,-0.0018516558812333448,1,-0.001851180291087801,-0.001851180291087801
NEARUSDT,30313,long,0.0005824578406668118,,1,0.0010824578406668115,0.0010824578406668115,1,-0.0018269996502418783,0.001083199440387005
NEARUSDT,30374,short,-0.002894578790044361,,1,-0.002394578790044361,0.0019913260640709776,1,-0.0023938318741073073,0.0019901309985716916
NEARUSDT,30446,long,0.0021096329885439253,,1,0.0026096329885439253,0.0026096329885439253,1,0.002611138557822837,0.002611138557822837
NEARUSDT,30473,short,-0.002529733661420382,,1,-0.002029733661420382,-0.002029733661420382,1,-0.0020291690768819413,-0.0020291690768819413
NEARUSDT,30536,short,-0.0030300804173005883,,1,-0.0025300804173005883,0.002208128667680941,1,0.0022068252550534145,0.0022068252550534145
NEARUSDT,30558,long,0.0011386033398395647,,1,0.0016386033398395647,0.0016386033398395647,0,,
NEARUSDT,30610,short,-0.002929453567952561,,1,-0.002429453567952561,0.0011294535679525607,1,0.0020459027573454247,0.0020459027573454247
NEARUSDT,30679,short,0.0008711539499973109,,1,0.0013711539499973106,0.0013711539499973106,0,,
NEARUSDT,30700,long,-0.0025338480643593794,,1,-0.0020338480643593794,0.001414156902975007,1,-0.002034415271995377,0.0014150644351926033
NEARUSDT,30753,short,-0.003119371070145751,,1,-0.002619371070145751,-0.002619371070145751,1,-0.0026185118142386314,-0.0026185118142386314
NEARUSDT,30760,long,-0.0030363802810454755,,1,-0.0025363802810454755,0.0012363802810454753,1,0.0022195182087771494,0.0022195182087771494
NEARUSDT,30823,long,-0.0026369737152600763,,1,-0.0021369737152600763,-0.0021369737152600763,1,-0.0021375925115158343,-0.0021375925115158343
NEARUSDT,30830,short,0.000842533092843371,,1,0.0013425330928433707,0.0013425330928433707,0,,
NEARUSDT,30887,long,-0.0025083940855177337,,1,-0.0020083940855177337,-0.0020083940855177337,1,0.014752069622503765,0.014752069622503765
NEARUSDT,30913,short,-0.002458031908415508,,1,-0.001958031908415508,0.0012928510534648127,1,-0.0019575031568370895,0.0012920050509393432
NEARUSDT,30947,long,0.0011579441805405922,,1,0.0016579441805405922,0.0016579441805405922,1,-0.0021868585421089244,-0.0021868585421089244
NEARUSDT,30975,short,-0.0024429207916995565,,1,-0.0019429207916995565,0.00126867326671929,1,0.0012678393470457671,0.0012678393470457671
NEARUSDT,31016,long,0.0027830893973751123,,1,0.0032830893973751123,0.0032830893973751123,1,0.003284931863306766,0.003284931863306766
NEARUSDT,31058,short,-0.0027177998472116363,,1,-0.0022177998472116362,0.001708479755538618,1,-0.00221714127657335,0.0017074260425173596
NEARUSDT,31086,long,-0.002539919364093307,,1,-0.002039919364093307,0.0014238709825492909,1,-0.002040489608897756,0.001424783374236409
NEARUSDT,31150,short,0.002209610772365356,,1,0.002709610772365356,0.002709610772365356,1,0.0027080567439933595,0.0027080567439933595
NEARUSDT,31177,long,-0.002560798809899478,,1,-0.002060798809899478,0.00029647928593968696,1,-0.002061379499649303,0.0014582071994388847
NEARUSDT,31210,short,0.00196500045332289,,1,0.00246500045332289,0.00246500045332289,0,,
NEARUSDT,31245,long,0.0011749695520771966,,1,0.0016749695520771966,0.0016749695520771966,1,-0.0021975047224094524,-0.0021975047224094524
NEARUSDT,31271,short,0.002285749243840517,,1,0.002785749243840517,0.002785749243840517,1,-0.00289009822828618,-0.00289009822828618
NEARUSDT,31305,long,-0.002825787568938147,,1,-0.002325787568938147,-0.002325787568938147,1,-0.0023265008193478214,0.00045590049160869274
NEARUSDT,31360,short,0.0012306689939510862,,1,0.0017306689939510862,0.0017306689939510862,1,-0.002231002619909474,-0.002231002619909474
NEARUSDT,31373,long,-0.0027593997611662304,,1,-0.0022593997611662303,0.0009593997611662301,1,-0.0022600798010667636,0.0009600798010667633
NEARUSDT,31420,short,-0.00294851509139648,,1,-0.00244851509139648,0.0011485150913964795,1,-0.0024477412207860867,-0.0024477412207860867
NEARUSDT,31435,long,-0.0033368933132136612,,1,-0.0028368933132136612,-0.0028368933132136612,1,-0.002837862244335829,-0.002837862244335829
NEARUSDT,31480,short,-0.0024343699850168676,,1,-0.0019343699850168676,0.0006343699850168676,1,0.001254164893580198,0.001254164893580198
NEARUSDT,31497,long,0.000526143949508467,,1,0.0010261439495084668,0.0010261439495084668,1,0.0010268573781975657,0.0010268573781975657
NEARUSDT,31541,short,-0.0031565343844475843,,1,-0.0026565343844475843,0.0006539206306685507,1,-0.0026556565561695,0.0013556565561694996
NEARUSDT,31559,long,0.001431116128638569,,1,0.001931116128638569,0.001931116128638569,0,,
NEARUSDT,31620,long,0.0017050953489074466,,1,0.0022050953489074466,0.0022050953489074466,0,,
NEARUSDT,31644,short,-0.003161572816705912,,1,-0.002661572816705912,-0.002661572816705912,1,-0.002660692470470677,0.0006564154822824059
NEARUSDT,31680,long,-0.002542255955512144,,1,-0.002042255955512144,0.00028535357330728643,1,-0.0020428273691967423,0.0014285237907147876
NEARUSDT,31735,short,-0.0031964744189527986,,1,-0.0026964744189527986,0.0006778846513716789,1,-0.0026955766306374796,-0.0026955766306374796
NEARUSDT,31745,long,0.0010249882303708878,,1,0.0015249882303708879,0.0015249882303708879,1,0.0015259512059738747,0.0015259512059738747
NEARUSDT,31795,short,-0.0033523360710919544,,1,-0.0028523360710919544,0.0015523360710919542,1,-0.0028513603908965064,0.001551360390896506
NEARUSDT,31805,long,0.0017153157187640117,,1,0.0022153157187640117,0.0022153157187640117,0,,
NEARUSDT,31866,long,-0.0038981684981684835,,1,-0.0033981684981684835,0.003597069597069573,1,0.003599069131635391,0.003599069131635391
NEARUSDT,31914,short,-0.004249601925837817,,1,-0.0037496019258378174,0.004159363081340508,1,0.004157084539070973,0.004157084539070973
NEARUSDT,31942,long,-0.0038014466546112203,,1,-0.0033014466546112202,0.003442314647377952,1,0.003444236765760832,0.003444236765760832
NEARUSDT,32002,long,0.0018324086869974466,,1,0.0023324086869974466,0.0023324086869974466,0,,
NEARUSDT,32026,short,-0.002843037612077115,,1,-0.002343037612077115,-0.002343037612077115,1,-0.0023423164538501897,-0.0023423164538501897
NEARUSDT,32081,long,-0.002972371994625388,,1,-0.002472371994625388,0.0021157951914006204,1,-0.002473158573912344,0.00211705371825975
NEARUSDT,32088,short,0.0008338559697863226,,1,0.0013338559697863225,0.0013338559697863225,1,0.02016827619637012,0.02016827619637012
NEARUSDT,32148,short,-0.0034680878141902533,,1,-0.0029680878141902533,-0.0029680878141902533,1,-0.00296705428704673,-0.00296705428704673
NEARUSDT,32218,long,0.000830378231841858,,1,0.001330378231841858,0.001330378231841858,1,-0.001982027408605464,-0.001982027408605464
NEARUSDT,32269,short,-0.002970737737701306,,1,-0.002470737737701306,0.00211318038032209,1,-0.002469952761320646,0.002111924418113033
NEARUSDT,32327,long,-0.002506202767332335,,1,-0.002006202767332335,0.0007062027673323352,1,-0.0020067561454050376,0.00137080983264806
NEARUSDT,32341,short,-0.002299162243958083,,1,-0.0017991622439580829,-0.0017991622439580829,1,-0.001798712887514326,0.00013922773250859554
NEARUSDT,32401,short,-0.002755053357521078,,1,-0.002255053357521078,-0.002255053357521078,1,-0.00225437616943636,-0.00225437616943636
NEARUSDT,32424,long,0.000560239268121037,,1,0.0010602392681210368,0.0010602392681210368,1,-0.0018131060956234598,0.0010609697529975353
NEARUSDT,32462,short,-0.002852921659935437,,1,-0.002352921659935437,-0.002352921659935437,1,-0.00235219556215436,0.0019235128994469762
NEARUSDT,32503,long,-0.002654552812626468,,1,-0.002154552812626468,-0.002154552812626468,1,-0.0021551804028278818,-0.0021551804028278818
NEARUSDT,32529,short,-0.002429900332225907,,1,-0.001929900332225907,0.00021794019933554405,1,-0.0019293856394062038,0.0006293856394062039
NEARUSDT,32563,long,-0.002380327605001132,,1,-0.0018803276050011319,0.0011685241680018106,1,-0.0018808180140081356,0.001169308822413017
NEARUSDT,32589,short,-0.0025542080809268907,,1,-0.0020542080809268907,0.0014467329294830247,1,0.0014458100244707894,0.0014458100244707894
NEARUSDT,32623,long,-0.002306890171212102,,1,-0.001806890171212102,-0.001806890171212102,1,-0.0018073438431336687,-0.0018073438431336687
NEARUSDT,32672,short,-0.002430890013940854,,1,-0.0019308900139408539,0.0012494240223053657,1,0.001248599722444144,0.001248599722444144
NEARUSDT,32732,short,0.002186241493954125,,1,0.002686241493954125,0.002686241493954125,1,0.0026846991443819344,0.0026846991443819344
NEARUSDT,32760,long,-0.0024622177323508506,,1,-0.0019622177323508506,-0.0019622177323508506,1,-0.001962749106904303,-0.001962749106904303
NEARUSDT,32821,long,-0.0047863879492294915,,1,-0.004286387949229492,0.0016318327695376946,1,-0.004288081990224604,0.0016328491941347617
NEARUSDT,32847,short,0.0014613231552162704,,1,0.0019613231552162705,0.0019613231552162705,1,0.0019601430836744334,0.0019601430836744334
NEARUSDT,32887,long,-0.002591387036834633,,1,-0.002091387036834633,0.0015062192589354129,1,0.0015071728453580919,0.0015071728453580919
NEARUSDT,32911,short,0.0017647184931856375,,1,0.007420147006278383,0.007420147006278383,1,0.007915739136709942,0.007915739136709942
NEARUSDT,32947,long,-0.004136493271741307,,1,-0.003636493271741307,0.003978389234786092,1,-0.0036378622028427282,0.003980579524548365
NEARUSDT,32999,short,0.0040562973208047816,,1,0.004556297320804782,0.004556297320804782,1,-0.0039961377566246755,0.0026961377566246756
NEARUSDT,33027,long,-0.00336870015948963,,1,-0.00286870015948963,0.0027499202551834077,1,-0.0028696850019906254,0.0027514960031850004
NEARUSDT,33087,long,0.0013250615915684906,,1,0.0018250615915684906,0.0018250615915684906,1,0.001826174678907944,0.001826174678907944
NEARUSDT,33100,short,-0.002979683921856911,,1,-0.002479683921856911,-0.002479683921856911,1,-0.002478894474619601,0.0021262311593913613
NEARUSDT,33160,short,0.006298732041515388,,1,0.006798732041515388,0.006798732041515388,1,0.00679513447427825,0.00679513447427825
NEARUSDT,33189,long,0.00399110561804326,,1,0.00449110561804326,0.00449110561804326,1,0.0044935523942403795,0.0044935523942403795
NEARUSDT,33233,short,0.003074548940991882,,1,0.003574548940991882,0.003574548940991882,1,0.003572562659662051,0.003572562659662051
NEARUSDT,33292,long,0.0027214382029131763,,1,0.0032214382029131764,0.0032214382029131764,1,0.0032232498278270895,0.0032232498278270895
NEARUSDT,33324,short,-0.0031919028160584126,,1,-0.0026919028160584126,-0.0026919028160584126,1,-0.0026910073124022118,-0.0026910073124022118
NEARUSDT,33353,long,0.0013581925638424287,,1,0.0018581925638424287,0.0018581925638424287,0,,
NEARUSDT,33418,long,-0.003410598053654455,,1,-0.002910598053654455,0.07647012330705479,1,-0.0029116038555822457,0.0008069623133493473
NEARUSDT,33423,short,-0.00380660345853964,,1,-0.00330660345853964,-0.00330660345853964,1,-0.00330540075816056,-0.00330540075816056
NEARUSDT,33478,long,-0.0041484931663931385,,1,-0.003648493166393139,0.0039975890662290224,1,-0.0036498681004433603,0.003999788960709377
NEARUSDT,33532,short,-0.0038669653490614304,,1,-0.0033669653490614303,-0.0033669653490614303,1,-0.0033657324828200207,0.0010794394896920122
NEARUSDT,33548,long,0.004949421786876308,,1,0.005449421786876308,0.005449421786876308,0,,
NEARUSDT,33594,short,0.006095777719968831,,1,0.006595777719968832,0.006595777719968832,0,,
NEARUSDT,33625,long,0.005622655920528579,,1,0.00612265592052858,0.00612265592052858,1,0.006125918879968564,0.006125918879968564
NEARUSDT,33673,short,0.0026640147736769525,,1,0.0031640147736769525,0.0031640147736769525,1,0.0031622336568485282,0.0031622336568485282
NEARUSDT,33712,long,-0.006414128580195704,,1,-0.005914128580195703,0.007622605728313125,1,0.00762661903783204,0.00762661903783204
NEARUSDT,33747,short,-0.0036371739830417514,,1,-0.0031371739830417513,0.003179478372866802,1,0.0031776895281027504,0.0031776895281027504
NEARUSDT,33774,long,-0.0036074759853370027,,1,-0.0031074759853370027,0.003131961576539204,1,0.0031337284407595835,0.0031337284407595835
NEARUSDT,33824,short,-0.004120022128993628,,1,-0.003620022128993629,-0.003620022128993629,1,-0.0036186627975948317,-0.0036186627975948317
NEARUSDT,33835,long,0.00384751043588641,,1,0.004347510435886411,0.004347510435886411,0,,
NEARUSDT,33886,short,-0.005710788221679286,,1,-0.005210788221679285,-0.005210788221679285,1,-0.005208633904726922,-0.005208633904726922
NEARUSDT,33895,long,0.00432946048802323,,1,0.00482946048802323,0.00482946048802323,1,0.004832076526286373,0.004832076526286373
NEARUSDT,33951,short,0.0039676478235997435,,1,0.004467647823599744,0.004467647823599744,1,0.004465215215991749,0.004465215215991749
NEARUSDT,33989,long,-0.004007822178722745,,1,-0.0035078221787227457,-0.0035078221787227457,1,-0.0035091267420937927,-0.0035091267420937927
NEARUSDT,34078,short,0.003108221993833473,,1,0.003608221993833473,0.003608221993833473,1,-0.003403886802744549,0.0036062188843912777
NEARUSDT,34102,long,-0.0033354383896127635,,1,-0.0028354383896127635,0.0015354383896127631,1,-0.002836406592909218,0.0015364065929092177
NEARUSDT,34139,short,0.003927952393902896,,1,0.004427952393902896,0.004427952393902896,1,0.00442553962409085,0.00442553962409085
NEARUSDT,34171,long,0.0011735755536356153,,1,0.0016735755536356153,0.0016735755536356153,1,0.0016746128600656478,0.0016746128600656478
NEARUSDT,34200,short,0.00421896178803171,,1,0.00471896178803171,0.00471896178803171,1,-0.004097752241399118,0.0015186513448394708
NEARUSDT,34231,long,0.005477109373513719,,1,0.0059771093735137195,0.0059771093735137195,1,0.005980299523275357,0.005980299523275357
NEARUSDT,34263,short,0.004674789394735371,,1,0.005174789394735371,0.005174789394735371,0,,
NEARUSDT,34324,long,-0.00334790632108412,,1,-0.00284790632108412,-0.00284790632108412,1,-0.0028488807614648524,-0.0028488807614648524
NEARUSDT,34328,short,0.0031909937748539684,,1,0.0036909937748539684,0.0036909937748539684,1,0.0036889493002038656,0.0036889493002038656
NEARUSDT,34389,short,-0.0026770650722703045,,1,-0.0021770650722703045,-0.0021770650722703045,1,-0.0021764268588408842,-0.0021764268588408842
NEARUSDT,34404,long,0.001852630527651947,,1,0.002352630527651947,0.002352630527651947,1,0.0023540075314176555,0.0023540075314176555
NEARUSDT,34469,long,-0.004283506343714005,,1,-0.0037835063437140046,0.004213610149942408,1,0.004215918108996906,0.004215918108996906
NEARUSDT,34504,short,0.0021274361400189044,,1,0.0026274361400189044,0.0026274361400189044,0,,
NEARUSDT,34529,long,0.0023457142857143225,,1,0.0028457142857143225,0.0028457142857143225,1,0.0028473379546916687,0.0028473379546916687
NEARUSDT,34567,short,-0.005479712788219736,,1,-0.004979712788219736,0.0020478276729318412,1,-0.004977673951244113,0.0036776739512441132
NEARUSDT,34627,short,0.001968601814120306,,1,0.002468601814120306,0.002468601814120306,1,0.002467168230005304,0.002467168230005304
NEARUSDT,34687,short,-0.002960087807864965,,1,-0.002460087807864965,0.001160087807864965,1,-0.002459308153788071,-0.002459308153788071
NEARUSDT,34697,long,0.0014656794504344477,,1,0.0019656794504344477,0.0019656794504344477,1,0.001966862881875385,0.001966862881875385
NEARUSDT,34747,short,0.0021931807642821526,,1,0.0026931807642821526,0.0026931807642821526,1,0.002691634946808748,0.002691634946808748
NEARUSDT,34792,long,-0.0027079394217530924,,1,-0.0022079394217530924,0.0016927030748049477,1,0.0016937499497798373,0.0016937499497798373
NEARUSDT,34853,long,0.0034151061012241157,,1,0.0039151061012241166,0.0039151061012241166,1,0.003917264733590911,0.003917264733590911
NEARUSDT,34913,long,-0.003951697131235538,,1,-0.0034516971312355377,-0.0034516971312355377,1,-0.0034529736180445593,-0.0034529736180445593
NEARUSDT,34919,short,-0.0048955898847761565,,1,-0.004395589884776156,0.005192943815641851,1,-0.0043938429632945095,0.005190148741271216
NEARUSDT,34977,long,-0.003213103032943363,,1,-0.002713103032943363,0.0025009648527093806,1,-0.0027140100379623435,0.0025024160607397495
NEARUSDT,34989,short,-0.002921669341894036,,1,-0.002421669341894036,-0.002421669341894036,1,-0.002420908887450311,-0.002420908887450311
NEARUSDT,35058,short,0.0016173525929124126,,1,0.0021173525929124126,0.0021173525929124126,1,0.0021160945456395928,0.0021160945456395928
NEARUSDT,35116,long,0.0016449515905947562,,1,0.0021449515905947562,0.0021449515905947562,1,0.002146224702946229,0.002146224702946229
NEARUSDT,35141,short,-0.0034177748518762242,,1,-0.0029177748518762242,-0.0029177748518762242,1,-0.0029167664686419034,-0.0029167664686419034
NEARUSDT,35177,long,0.0025777833707042517,,1,0.0030777833707042518,0.0030777833707042518,1,-0.003074701957668992,0.0030795231322703867
NEARUSDT,35211,short,-0.0028120591819885,,1,-0.0023120591819884998,0.0010120591819884996,1,-0.002311353505235882,0.0010113535052358818
NEARUSDT,35237,long,-0.002942797127070407,,1,-0.002442797127070407,0.0011427971270704068,1,-0.00244356891152617,0.0011435689115261698
NEARUSDT,35271,short,0.0013192928955084093,,1,0.0018192928955084093,0.0018192928955084093,1,0.0018181838036066063,0.0018181838036066063
NEARUSDT,35297,long,0.0012355974138435694,,1,0.0017355974138435694,0.0017355974138435694,1,-0.0022354160916980797,-0.0022354160916980797
NEARUSDT,35359,long,0.0021440297155281853,,1,0.0026440297155281853,0.0026440297155281853,1,0.0026455524917740727,0.0026455524917740727
NEARUSDT,35380,short,-0.0033925869286297516,,1,-0.0028925869286297516,0.002788139085807602,1,-0.0028915911330632204,0.0027865458129011523
NEARUSDT,35422,long,0.0016185796862097646,,1,0.0021185796862097646,0.0021185796862097646,0,,
NEARUSDT,35454,short,0.0016160319541224893,,1,0.0021160319541224893,0.0021160319541224893,1,0.0021147745668390694,0.0021147745668390694
NEARUSDT,35483,long,0.001492878093433134,,1,0.001992878093433134,0.001992878093433134,1,0.0019940751309986335,0.0019940751309986335
NEARUSDT,35514,short,-0.002798909368806887,,1,-0.002298909368806887,0.0018382549900910193,1,-0.0022982102636750494,0.0018371364218800791
NEARUSDT,35556,long,0.0026435824375080955,,1,0.0031435824375080955,0.0031435824375080955,1,0.0031453551150656288,0.0031453551150656288
NEARUSDT,35578,short,-0.003934845986928314,,1,-0.0034348459869283144,-0.0034348459869283144,1,-0.0034335791973296496,-0.0034335791973296496
NEARUSDT,35640,long,-0.0029338508338103125,,1,-0.0024338508338103125,0.0011338508338103123,1,-0.0024346181428817532,0.001134618142881753
NEARUSDT,35701,short,0.005120399067907776,,1,0.0056203990679077765,0.0056203990679077765,1,0.005617390372721416,0.005617390372721416
NEARUSDT,35722,long,0.005101853660980509,,1,0.005601853660980509,0.005601853660980509,1,0.005604856089025022,0.005604856089025022
NEARUSDT,35774,short,-0.007526942190350376,,1,-0.007026942190350376,-0.007026942190350376,1,-0.007023880250225264,-0.007023880250225264
NEARUSDT,35799,long,0.003354045831982674,,1,0.0038540458319826745,0.0038540458319826745,0,,
NEARUSDT,35838,short,-0.005351173480259377,,1,-0.004851173480259377,0.001970704088155626,1,-0.004849198880818968,0.0019695193284913807
NEARUSDT,35861,long,0.006430755863943313,,1,0.006930755863943314,0.006930755863943314,1,-0.005484014422175658,0.006934423075481054
NEARUSDT,35921,long,-0.0037312934515632496,,1,-0.0032312934515632496,0.0009987760709379494,1,-0.0032324596814039515,0.0019324596814039511
NEARUSDT,35933,short,-0.004233158447009432,,1,-0.003733158447009432,0.0024331584470094316,1,-0.0037317425757215712,0.002431742575721571
NEARUSDT,35993,short,0.003961891737549205,,1,0.004461891737549206,0.004461891737549206,1,0.004459462006545933,0.004459462006545933
NEARUSDT,36026,long,-0.0039885369950095366,,1,-0.003488536995009537,-0.003488536995009537,1,-0.0034898319109650197,-0.0034898319109650197
NEARUSDT,36087,long,0.004534287371080678,,1,0.0050342873710806785,0.0050342873710806785,1,0.005037005874017687,0.005037005874017687
NEARUSDT,36119,short,0.007540178425465303,,1,0.008040178425465302,0.008040178425465302,0,,
NEARUSDT,36150,long,0.006396739579034258,,1,0.006896739579034259,0.006896739579034259,1,-0.005462743608700761,0.004162743608700762
NEARUSDT,36179,short,0.006540626883664906,,1,0.007040626883664906,0.007040626883664906,1,0.007036908429450181,0.007036908429450181
NEARUSDT,36214,long,-0.004946099290780109,,1,-0.004446099290780109,0.005273758865248176,1,-0.004447873227393806,0.00527659716383009
NEARUSDT,36279,long,-0.004214803520850047,,1,-0.003714803520850047,-0.003714803520850047,1,-0.0037162116266633784,-0.0037162116266633784
NEARUSDT,36284,short,0.003856006935843406,,1,0.004356006935843407,0.004356006935843407,1,0.004353630120783015,0.004353630120783015
NEARUSDT,36346,short,-0.003984220311550488,,1,-0.003484220311550488,0.002184220311550488,1,-0.0034829288471269247,0.0021829288471269244
NEARUSDT,36372,long,-0.003772365535998815,,1,-0.003272365535998815,0.0033957848575981034,1,-0.003273552312154892,0.003397683699447827
NEARUSDT,36419,short,0.0025100273300173634,,1,0.0030100273300173635,0.0030100273300173635,1,-0.003030201980270717,0.0017302019802707168
NEARUSDT,36432,long,0.0035048453298628765,,1,0.004004845329862877,0.004004845329862877,1,0.0040070488542900224,0.0040070488542900224
NEARUSDT,36496,short,-0.003913189049972992,,1,-0.0034131890499729924,0.003621102479956787,1,-0.003411933083431277,0.003619092933490043
NEARUSDT,36532,long,-0.004666479005395267,,1,-0.0041664790053952665,-0.0041664790053952665,1,-0.004168113061926229,-0.004168113061926229
NEARUSDT,36592,long,-0.005645198504210535,,1,-0.005145198504210535,-0.005145198504210535,1,-0.005147322165293181,-0.005147322165293181
NEARUSDT,36597,short,0.007066999210087492,,1,0.007566999210087492,0.007566999210087492,1,0.007563017701236876,0.007563017701236876
NEARUSDT,36656,long,-0.0054247158087362204,,1,-0.00492471580873622,-0.00492471580873622,1,-0.004926729173322882,-0.004926729173322882
NEARUSDT,36669,short,-0.00398763193710245,,1,-0.00348763193710245,0.0037402110993639205,1,-0.0034863387677185904,0.0037381420283497447
NEARUSDT,36732,short,0.003256529627644202,,1,0.0037565296276442024,0.0037565296276442024,1,0.0037544524014434815,0.0037544524014434815
NEARUSDT,36794,short,-0.004181359143377685,,1,-0.0036813591433776847,-0.0036813591433776847,1,-0.0036799691587982857,-0.0036799691587982857
NEARUSDT,36830,long,-0.002929015024234579,,1,-0.002429015024234579,0.0020464240387753256,1,-0.0024297799141916746,0.002047647862706679
NEARUSDT,36859,short,-0.003277475127982222,,1,-0.0027774751279822218,-0.0027774751279822218,1,-0.0027765368595524457,-0.0027765368595524457
NEARUSDT,36893,long,-0.00391521586958843,,1,-0.00341521586958843,-0.00341521586958843,1,-0.0034164741066417506,0.0036263585706268007
NEARUSDT,36920,short,-0.0035190476190475974,,1,-0.0030190476190475974,0.001719047619047597,1,-0.0030179886247352302,0.0017179886247352298
NEARUSDT,36963,long,-0.004043305110389872,,1,-0.0035433051103898722,0.003829288176623796,1,-0.003544627424101923,0.0038314038785630775
NEARUSDT,36980,short,-0.003549278223025539,,1,-0.003049278223025539,0.0017492782230255385,1,-0.0030482041209650567,0.0008889224725790338
NEARUSDT,37023,long,-0.003851526632493862,,1,-0.003351526632493862,0.0020515266324938617,1,-0.003352753008998361,0.0020527530089983607
NEARUSDT,37042,short,0.0038666195190947546,,1,0.004366619519094755,0.004366619519094755,1,0.0043642374003945595,0.0043642374003945595
NEARUSDT,37084,long,0.0018190511842370838,,1,0.002319051184237084,0.002319051184237084,1,0.00232041138993205,0.00232041138993205
NEARUSDT,37136,short,0.0031584078462551335,,1,0.0036584078462551335,0.0036584078462551335,0,,
NEARUSDT,37197,long,0.0033838149970285606,,1,0.003883814997028561,0.003883814997028561,1,0.003885957976016569,0.003885957976016569
NEARUSDT,37246,short,-0.002623583115163257,,1,0.0015577329842612112,0.0015577329842612112,1,0.0015567546069577324,0.0015567546069577324
NEARUSDT,37258,long,0.002425349082420589,,1,0.002925349082420589,0.002925349082420589,0,,
NEARUSDT,37307,short,-0.0027582477688109616,,1,-0.0022582477688109616,-0.0022582477688109616,1,-0.002257568984318802,-0.002257568984318802
NEARUSDT,37323,long,0.002873814596140998,,1,0.003373814596140998,0.003373814596140998,1,0.0033757024473646795,0.0033757024473646795
NEARUSDT,37370,short,-0.0029060332605163747,,1,-0.0024060332605163747,0.002009653216826199,1,-0.0024052806202062714,0.0020084489923300345
NEARUSDT,37390,long,-0.0031860933377808624,,1,-0.0026860933377808624,0.0006716560026685174,1,-0.0026869868311964608,-0.0026869868311964608
NEARUSDT,37433,short,0.0021833968592772928,,1,0.0026833968592772928,0.0026833968592772928,1,0.0026818559313116367,0.0026818559313116367
NEARUSDT,37457,long,-0.0027553519651080283,,1,-0.0022553519651080283,-0.0022553519651080283,1,-0.002256029980098077,-0.002256029980098077
NEARUSDT,37524,short,-0.004213524195103167,,1,-0.0037135241951031673,0.004101638712165069,1,-0.0037121181360351497,0.00409938901765624
NEARUSDT,37543,long,-0.003642354112081752,,1,-0.003142354112081752,0.0018423541120817515,1,-0.0031434758500067553,0.0018434758500067549
NEARUSDT,37584,short,-0.0039290644591880065,,1,-0.0034290644591880065,0.002129064459188006,1,-0.0034278005589085526,0.0011166803353451313
NEARUSDT,37603,long,-0.0036120948023337504,,1,-0.0031120948023337504,0.00092725688140025,1,-0.003113201403035268,0.0018132014030352674
NEARUSDT,37645,short,0.0038703496814618105,,1,0.004370349681461811,0.004370349681461811,1,0.004367965698612504,0.004367965698612504
NEARUSDT,37686,long,-0.003970240878892475,,1,-0.003470240878892475,-0.003470240878892475,1,-0.0034715266422135817,-0.0034715266422135817
NEARUSDT,37727,short,-0.0028881596940764243,,1,-0.0023881596940764243,0.001088159694076424,1,-0.002387415986083383,-0.002387415986083383
NEARUSDT,37750,long,0.0017734649998464125,,1,0.0022734649998464125,0.0022734649998464125,1,0.0022748024010469355,0.0022748024010469355
NEARUSDT,37787,short,0.001579649496860363,,1,0.002079649496860363,0.002079649496860363,1,0.002078410291714506,0.002078410291714506
NEARUSDT,37841,long,-0.002725044580939136,,1,-0.002225044580939136,-0.002225044580939136,1,-0.0022257074346564644,-0.0022257074346564644
NEARUSDT,37853,short,-0.002412598464329199,,1,-0.001912598464329199,-0.001912598464329199,1,-0.001912092418120139,0.0002072554508720834
NEARUSDT,37901,long,-0.0024850533895588037,,1,-0.0019850533895588037,0.00025103203373528214,1,-0.0019855961876526296,0.0006855961876526297
NEARUSDT,37915,short,-0.002973534877958141,,1,-0.002473534877958141,0.0005441209267748846,1,-0.002472748503706288,0.0011727485037062878
NEARUSDT,37969,long,0.001044806873292111,,1,0.001544806873292111,0.001544806873292111,0,,
NEARUSDT,37991,short,0.0015264796357819673,,1,0.0020264796357819673,0.0020264796357819673,1,0.0020252670022808273,0.0020252670022808273
NEARUSDT,38038,long,-0.0032261143623431234,,1,-0.0027261143623431234,-0.0027261143623431234,1,-0.002727027876281264,-0.002727027876281264
NEARUSDT,38056,short,0.001953792752607193,,1,0.002453792752607193,0.002453792752607193,0,,
NEARUSDT,38101,long,-0.0034631758679567713,,1,-0.0029631758679567713,-0.0029631758679567713,1,-0.002964207971942743,-0.002964207971942743
NEARUSDT,38150,short,-0.002690242540785321,,1,-0.002190242540785321,-0.002190242540785321,1,-0.0021895977419143634,-0.0021895977419143634
NEARUSDT,38162,long,0.002209276461960221,,1,0.002709276461960221,0.002709276461960221,1,0.0027108318778991704,0.0027108318778991704
NEARUSDT,38223,long,-0.0036104439687323544,,1,-0.0031104439687323544,0.0009262663812394124,1,-0.0031115497436041565,0.001811549743604156
NEARUSDT,38228,short,-0.0031350454879701534,,1,-0.0026350454879701534,-0.0026350454879701534,1,-0.002634178398770768,-0.002634178398770768
NEARUSDT,38284,long,0.0018567531303175433,,1,0.0023567531303175433,0.0023567531303175433,1,0.0023581321964157506,0.0023581321964157506
NEARUSDT,38297,short,-0.0030653376679138948,,1,-0.0025653376679138948,0.0022645402686622316,1,-0.002564505415206292,0.0022632086643300667
NEARUSDT,38357,short,0.003703417575208492,,1,0.004203417575208493,0.004203417575208493,1,0.004201117016700143,0.004201117016700143
NEARUSDT,38428,long,0.0016906572849660069,,1,0.002190657284966007,0.002190657284966007,1,0.0021919532615968054,0.0021919532615968054
NEARUSDT,38470,short,-0.0033364395874787398,,1,-0.0028364395874787398,-0.0028364395874787398,1,-0.0028354718515529636,-0.0028354718515529636
NEARUSDT,38489,long,0.0014142669296516018,,1,0.0019142669296516018,0.0019142669296516018,1,0.0019154246419725877,0.0019154246419725877
NEARUSDT,38531,short,-0.0033598344050030696,,1,-0.0028598344050030696,0.0007759006430018416,1,-0.0028588549775143126,0.0015588549775143123
NEARUSDT,38553,long,-0.002690650789463758,,1,-0.002190650789463758,0.018751806911105333,1,-0.002191296437682599,0.0016660743002921584
NEARUSDT,38614,long,0.0036597445354853227,,1,0.0041597445354853236,0.0041597445354853236,1,-0.003751265967662158,-0.003751265967662158
NEARUSDT,38629,short,0.0032790082910929747,,1,0.003779008291092975,0.003779008291092975,0,,
NEARUSDT,38674,long,-0.0030431679293007104,,1,-0.0025431679293007104,-0.0025431679293007104,1,-0.0025439899242628416,-0.0025439899242628416
NEARUSDT,38690,short,-0.003159538059303852,,1,-0.002659538059303852,-0.002659538059303852,1,-0.002658658729938883,0.0006551952379633297
NEARUSDT,38734,long,0.003161756270214201,,1,0.0036617562702142012,0.0036617562702142012,1,0.0036637881642963494,0.0036637881642963494
NEARUSDT,38750,short,0.003378730104272622,,1,0.0038787301042726226,0.0038787301042726226,1,0.003876591808368439,0.003876591808368439
NEARUSDT,38811,short,0.0014298323883880021,,1,0.0019298323883880021,0.0019298323883880021,0,,
NEARUSDT,38832,long,-0.0033387311253339894,,1,-0.0028387311253339894,-0.0028387311253339894,1,-0.0028397009758219004,-0.0028397009758219004
NEARUSDT,38872,short,-0.0037577205143661105,,1,-0.0032577205143661104,0.001014632308619666,1,-0.003256542243244488,0.001956542243244488
NEARUSDT,38899,long,0.0011804742478646983,,1,0.0016804742478646983,0.0016804742478646983,1,0.001681515005367382,0.001681515005367382
NEARUSDT,38949,short,-0.0031809577872457273,,1,-0.0026809577872457272,0.0024495324595931634,1,-0.002680067753369043,0.002448108405390468
NEARUSDT,38978,long,0.005408499159368611,,1,0.005908499159368611,0.005908499159368611,1,0.005911654986862043,0.005911654986862043
NEARUSDT,39039,long,0.000570865467009399,,1,0.0033164891663605813,0.0033164891663605813,1,0.003318348340530846,0.003318348340530846
NEARUSDT,39095,short,-0.005066604909126769,,1,-0.004566604909126769,-0.004566604909126769,1,-0.004564772522865336,-0.004564772522865336
NEARUSDT,39107,long,-0.005354256309321254,,1,-0.004854256309321254,0.001972553785592752,1,-0.0048562344265345204,0.001973740655920712
NEARUSDT,39159,short,-0.0036372905722312538,,1,-0.0031372905722312537,0.0031796649155700057,1,-0.0031361724859882596,0.003177875977581215
NEARUSDT,39219,short,-0.003761903140692801,,1,-0.003261903140692801,0.001961903140692801,1,-0.0032607227793031495,0.001960722779303149
NEARUSDT,39238,long,0.001923955347714544,,1,0.002423955347714544,0.002423955347714544,1,-0.002665855019831506,0.0013658550198315058
NEARUSDT,39280,short,-0.004476838296074513,,1,-0.003976838296074513,-0.003976838296074513,1,-0.003975300645751637,-0.003975300645751637
NEARUSDT,39301,long,0.002492363536952047,,1,0.002992363536952047,0.002992363536952047,1,-0.0030212878545222907,0.0017212878545222903
NEARUSDT,39340,short,0.002169617154606916,,1,0.002669617154606916,0.002669617154606916,1,-0.0028175519456564947,-0.0028175519456564947
NEARUSDT,39361,long,-0.003812611545109747,,1,-0.003312611545109747,-0.003312611545109747,1,-0.0033138184543369154,-0.0033138184543369154
NEARUSDT,39423,long,-0.0033121399366719006,,1,-0.0028121399366719006,-0.0028121399366719006,1,-0.0028130964849143575,0.0007478578909486146
NEARUSDT,39430,short,0.0022744656089241735,,1,0.0027744656089241735,0.0027744656089241735,1,0.002772879169339504,0.002772879169339504
NEARUSDT,39491,short,-0.003024510464217125,,1,-0.002524510464217125,0.0012245104642171249,1,-0.0025236986149096705,0.0012236986149096701
NEARUSDT,39503,long,0.002052414032650242,,1,0.002552414032650242,0.002552414032650242,0,,
NEARUSDT,39551,short,-0.003375340800555724,,1,-0.002875340800555724,0.000785204480333434,1,-0.002874353623743852,0.0007846121742463111
NEARUSDT,39565,long,-0.0032169478977079912,,1,-0.002716947897707991,0.0006901687386247947,1,-0.0027178568261210516,-0.0027178568261210516
NEARUSDT,39620,short,-0.0033088881262869053,,1,-0.0028088881262869052,0.0015088881262869049,1,-0.0028079341592073016,0.0015079341592073015
NEARUSDT,39633,long,-0.0030697746413640616,,1,-0.0025697746413640616,0.0012697746413640612,1,0.002272975914139568,0.002272975914139568
NEARUSDT,39683,short,-0.002955741765351012,,1,-0.002455741765351012,-0.002455741765351012,1,-0.0024549642832094073,-0.0024549642832094073
NEARUSDT,39698,long,-0.00350409745293469,,1,-0.00300409745293469,0.0017040974529346897,1,-0.003005150027948664,0.0017051500279486637
NEARUSDT,39743,short,-0.0030889884210460136,,1,-0.0025889884210460136,-0.0025889884210460136,1,-0.002588144348871578,-0.002588144348871578
NEARUSDT,39760,long,-0.003049310968385614,,1,-0.002549310968385614,-0.002549310968385614,1,-0.0025501360364038154,-0.0025501360364038154
NEARUSDT,39821,long,0.0008643510606211993,,1,0.001364351060621199,0.001364351060621199,1,0.0013652336774599289,0.0013652336774599289
NEARUSDT,39881,long,-0.004094031495677333,,1,-0.0035940314956773335,0.003910450393083734,1,-0.0035953791852699683,0.00391260669643195
NEARUSDT,39890,short,-0.003338472692418771,,1,-0.002838472692418771,-0.002838472692418771,1,-0.002837503940448547,-0.002837503940448547
NEARUSDT,39951,short,-0.00280279204838403,,1,-0.00230279204838403,-0.00230279204838403,1,-0.0023020910028825887,-0.0023020910028825887
NEARUSDT,39956,long,0.0018929539162604223,,1,0.0023929539162604223,0.0023929539162604223,0,,
NEARUSDT,40016,long,0.003960679634851584,,1,0.004460679634851585,0.004460679634851585,1,0.004463111190446808,0.004463111190446808
NEARUSDT,40081,short,-0.004011982099373243,,1,-0.003511982099373243,-0.003511982099373243,1,-0.0035106767609927466,-0.0035106767609927466
NEARUSDT,40097,long,0.0031404986246854143,,1,0.0036404986246854143,0.0036404986246854143,0,,
NEARUSDT,40142,short,-0.003708095820947749,,1,-0.003208095820947749,-0.003208095820947749,1,-0.0032069423497728625,-0.0032069423497728625
NEARUSDT,40194,long,0.003612384533638519,,1,0.00411238453363852,0.00411238453363852,1,0.004114641854565803,0.004114641854565803
NEARUSDT,40254,short,-0.005027087568256997,,1,-0.004527087568256998,0.0017762525409541984,1,-0.004525274930791602,0.0032252749307916015
NEARUSDT,40272,long,-0.0044331022130099495,,1,-0.00393310221300995,0.004452963540815921,1,-0.003934619522771335,0.004455391236434137
NEARUSDT,40336,short,-0.004538419971663648,,1,-0.0040384199716636485,0.0046214719546618386,1,-0.0040368515458907035,0.004618962473425126
NEARUSDT,40340,long,-0.004682563025210099,,1,-0.004182563025210098,-0.004182563025210098,1,-0.004184205127773986,-0.004184205127773986
NEARUSDT,40396,short,-0.004271167405624178,,1,-0.003771167405624178,0.004193867848998685,1,-0.0037697325393545008,0.004191572062967202
NEARUSDT,40418,long,-0.005141562198649956,,1,-0.004641562198649956,0.003341562198649956,1,-0.0046434339156077595,-0.0046434339156077595
NEARUSDT,40478,long,-0.005381531776208615,,1,-0.0048815317762086145,-0.0048815317762086145,1,-0.004883523537977603,0.001990114122786562
NEARUSDT,40484,short,-0.005935712915408299,,1,-0.005435712915408298,-0.005435712915408298,1,-0.0054334461923121425,-0.0054334461923121425
NEARUSDT,40544,long,-0.004339538167117991,,1,-0.0038395381671179913,0.0043032610673887865,1,-0.0038410086714537176,0.004305613874325949
NEARUSDT,40597,short,-0.003536387412933939,,1,-0.003036387412933939,-0.003036387412933939,1,-0.00303531975305741,-0.00303531975305741
NEARUSDT,40610,long,-0.003929483352343133,,1,-0.003429483352343133,0.0036471733637490128,1,-0.003430748726706486,0.003649197962730378
NEARUSDT,40657,short,-0.0038674729804892543,,1,-0.0033674729804892543,0.003547956768782806,1,0.0035459837768943596,0.0035459837768943596
NEARUSDT,40701,long,0.002471001723807698,,1,0.002971001723807698,0.002971001723807698,1,0.0029726880678416184,0.0029726880678416184
NEARUSDT,40717,short,0.00311395012173453,,1,0.00361395012173453,0.00361395012173453,0,,
NEARUSDT,40778,short,0.006601817520901501,,1,0.0071018175209015015,0.0071018175209015015,1,0.007098068486658174,0.007098068486658174
NEARUSDT,40823,long,-0.004508929140308565,,1,-0.004008929140308566,-0.004008929140308566,1,-0.004010484382499815,-0.004010484382499815
NEARUSDT,40842,short,-0.003835651744833224,,1,-0.003335651744833224,-0.003335651744833224,1,-0.0033344345275694394,-0.0033344345275694394
NEARUSDT,40903,short,0.0025762118622813727,,1,0.0030762118622813727,0.0030762118622813727,1,0.003074474624968889,0.003074474624968889
NEARUSDT,40920,long,0.004123445842425393,,1,0.004623445842425394,0.004623445842425394,1,0.004625958821836311,0.004625958821836311
NEARUSDT,40964,short,-0.0032321783281153028,,1,-0.0027321783281153028,-0.0027321783281153028,1,-0.0027312626967669197,-0.0027312626967669197
NEARUSDT,40980,long,-0.0034538751706741136,,1,-0.0029538751706741136,0.0028862002730785817,1,-0.002954902621985106,0.002887844195176169
NEARUSDT,41036,short,-0.004023458573624399,,1,-0.0035234585736243986,0.003797533717799038,1,-0.0035221474998744615,0.0037954359997991387
NEARUSDT,41064,long,-0.00385489739048158,,1,-0.00335489739048158,-0.00335489739048158,1,-0.0033561254532081843,-0.0033561254532081843
NEARUSDT,41106,short,0.0025551926443818547,,1,0.0030551926443818547,0.0030551926443818547,1,0.003053465911426142,0.003053465911426142
NEARUSDT,41146,long,-0.0036063666940641223,,1,-0.0031063666940641223,0.003130186710502595,1,-0.0031074704292787616,0.0031319526868460183
NEARUSDT,41166,short,0.0023782668677586037,,1,0.0028782668677586037,0.0028782668677586037,1,0.002876628553481863,0.002876628553481863
NEARUSDT,41213,long,-0.004876097931339276,,1,-0.0043760979313392755,0.005161756690142842,1,-0.004377836849764157,0.005164538959622653
NEARUSDT,41275,long,-0.0036492976223319335,,1,-0.0031492976223319335,0.0018492976223319331,1,-0.003150422833748808,-0.003150422833748808
NEARUSDT,41282,short,0.0027691443934840625,,1,0.0032691443934840625,0.0032691443934840625,1,0.003267310738115005,0.003267310738115005
NEARUSDT,41342,long,-0.004228208328605466,,1,-0.003728208328605467,-0.003728208328605467,1,-0.003729623140175554,-0.003729623140175554
NEARUSDT,41346,short,0.00310346541425378,,1,0.00360346541425378,0.00360346541425378,0,,
NEARUSDT,41406,short,0.004187728468628647,,1,0.0046877284686286476,0.0046877284686286476,0,,
NEARUSDT,41428,long,-0.0033777909951320678,,1,-0.0028777909951320678,0.002764465592211308,1,-0.00287878038532473,0.0027660486165195677
NEARUSDT,41466,short,0.0031708078082104342,,1,0.0036708078082104342,0.0036708078082104342,0,,
NEARUSDT,41516,long,-0.003311161892197504,,1,-0.002811161892197504,0.0007466971353185024,1,-0.0028121179511730906,0.0007472707707038542
NEARUSDT,41526,short,-0.0035045733885106997,,1,-0.0030045733885106997,-0.0030045733885106997,1,-0.0030035216276968514,-0.0030035216276968514
NEARUSDT,41586,long,-0.002412354861369391,,1,-0.001912354861369391,0.000612354861369391,1,-0.001912861292015399,0.0006128612920153988
NEARUSDT,41594,short,0.0006785711331801388,,1,0.0011785711331801386,0.0011785711331801386,0,,
NEARUSDT,41649,long,-0.003103855157495471,,1,-0.002603855157495471,-0.002603855157495471,1,-0.0026047075112510965,-0.0026047075112510965
NEARUSDT,41659,short,-0.0030268915960787774,,1,-0.0025268915960787773,0.0005761349576472662,1,-0.0025260785568003772,0.0005756471340802262
NEARUSDT,41709,long,0.001605643607654029,,1,0.002105643607654029,0.002105643607654029,1,0.0021068970561821197,0.0021068970561821197
NEARUSDT,41743,short,0.003038925327503174,,1,0.003538925327503174,0.003538925327503174,0,,
NEARUSDT,41778,long,-0.004198446624966644,,1,-0.0036984466249666446,-0.0036984466249666446,1,-0.0036998465482407645,-0.0036998465482407645
NEARUSDT,41821,short,-0.004615588117294121,,1,-0.0041155881172941205,0.0028155881172941205,1,-0.004113981126730755,0.0028139811267307554
NEARUSDT,41839,long,0.002912062011445696,,1,0.003412062011445696,0.003412062011445696,0,,
NEARUSDT,41885,short,-0.0043735989432469105,,1,-0.0038735989432469105,-0.0038735989432469105,1,-0.003872112886803509,-0.003872112886803509
NEARUSDT,41927,long,-0.004150786997788713,,1,-0.003650786997788713,0.004001259196461941,1,-0.0036521630793283763,0.004003460926925402
NEARUSDT,41988,long,-0.0040808488487099025,,1,-0.0035808488487099025,-0.0035808488487099025,1,-0.0035821899436817434,-0.0035821899436817434
NEARUSDT,41996,short,-0.0043092523571954386,,1,-0.0038092523571954385,-0.0038092523571954385,1,-0.003807798457966455,-0.003807798457966455
NEARUSDT,42050,long,0.0036029614122504547,,1,0.004102961412250456,0.004102961412250456,0,,
NEARUSDT,42073,short,-0.004188667501919736,,1,-0.003688667501919736,-0.003688667501919736,1,-0.0036872738649872424,-0.0036872738649872424
NEARUSDT,42136,long,-0.003586909377444571,,1,-0.003086909377444571,-0.003086909377444571,1,-0.003088003379134138,-0.003088003379134138
NEARUSDT,42143,short,-0.0039265881000287405,,1,-0.0034265881000287404,0.001115952860017244,1,-0.003425325437310085,-0.003425325437310085
NEARUSDT,42205,short,0.0026795113389681616,,1,0.0031795113389681616,0.0031795113389681616,1,0.0031777224777292975,0.0031777224777292975
NEARUSDT,42229,long,0.00304710235774661,,1,0.00354710235774661,0.00354710235774661,1,0.003549076896194707,0.003549076896194707
NEARUSDT,42275,short,-0.0036898891271615465,,1,-0.0031898891271615465,0.0018898891271615461,1,0.0032619916076546468,0.0032619916076546468
NEARUSDT,42292,long,-0.003288204674582339,,1,-0.002788204674582339,-0.002788204674582339,1,-0.0027891492492069427,-0.0027891492492069427
NEARUSDT,42342,short,0.0018302977731008614,,1,0.0023302977731008614,0.0023302977731008614,1,0.0023289333064476377,0.0023289333064476377
NEARUSDT,42352,long,0.0020051066683336688,,1,0.002505106668333669,0.002505106668333669,1,0.0025065599483078227,0.0025065599483078227
NEARUSDT,42402,short,0.0028786465199995732,,1,0.0033786465199995733,0.0033786465199995733,0,,
NEARUSDT,42465,short,-0.0038340663846938056,,1,-0.0033340663846938056,-0.0033340663846938056,1,-0.0033328499597139486,-0.0033328499597139486
NEARUSDT,42475,long,0.003816479963044276,,1,0.004316479963044277,0.004316479963044277,1,-0.003849274614209777,-0.003849274614209777
NEARUSDT,42535,long,-0.0042120814510453655,,1,-0.003712081451045366,-0.003712081451045366,1,-0.0037134881951429374,-0.0037134881951429374
NEARUSDT,42546,short,0.0035872350883279836,,1,0.0040872350883279845,0.0040872350883279845,1,0.0040849925920319686,0.0040849925920319686
NEARUSDT,42606,short,0.0028717274630388244,,1,0.0033717274630388244,0.0033717274630388244,1,0.00336984254176794,0.00336984254176794
NEARUSDT,42673,short,-0.004446886201787489,,1,-0.00394688620178749,-0.00394688620178749,1,-0.003945363520027475,0.0014272181120164851
NEARUSDT,42675,long,0.0031377734904639927,,1,0.0036377734904639927,0.0036377734904639927,1,0.0036397933871575713,0.0036397933871575713
NEARUSDT,42735,long,-0.004447751010095123,,1,-0.003947751010095123,0.004476401616152198,1,-0.0039492756479190825,0.004478841036670533
NEARUSDT,42794,short,-0.003438313281158726,,1,-0.002938313281158726,-0.002938313281158726,1,-0.0029372946338418054,-0.0029372946338418054
NEARUSDT,42802,long,0.0030111835404359583,,1,0.0035111835404359583,0.0035111835404359583,0,,
NEARUSDT,42858,short,-0.0036095484885994376,,1,-0.0031095484885994376,0.0018095484885994372,1,0.0031335108263459265,0.0031335108263459265
NEARUSDT,42865,long,-0.003925876585497601,,1,-0.0034258765854976014,-0.0034258765854976014,1,-0.003427140155575389,-0.003427140155575389
NEARUSDT,42927,short,0.0030994037586139556,,1,0.0035994037586139557,0.0035994037586139557,0,,
SOLUSDT,60,short,-0.0022380937431676793,,1,-0.0017380937431676793,0.000940949989068287,1,0.0009402798491437151,0.0009402798491437151
SOLUSDT,124,short,0.0012043131651186412,,1,0.0017043131651186413,0.0017043131651186413,0,,
SOLUSDT,173,long,-0.0024490744182448336,,1,-0.0019490744182448336,0.0012785190691917334,1,0.001279358748566016,0.001279358748566016
SOLUSDT,588,short,-0.002240013394808206,,1,-0.001740013394808206,0.0009440214316931295,1,-0.0017395935980092014,0.0009433497568147223
SOLUSDT,1466,long,0.000418924534480603,,1,0.0009189245344806029,0.0009189245344806029,0,,
SOLUSDT,3086,long,-0.0023242231427740255,,1,-0.0018242231427740255,0.0005242231427740257,1,-0.0018246854855167838,0.000524685485516784
SOLUSDT,3297,short,0.0005215781810677992,,1,0.001021578181067799,0.001021578181067799,1,-0.0017880423419963762,0.00048804234199637637
SOLUSDT,6332,short,-0.0033335912735767553,,1,-0.0028335912735767553,0.001533591273576755,1,0.002692199937753932,0.002692199937753932
SOLUSDT,6357,long,-0.0024610435833725425,,1,-0.0019610435833725425,-0.0019610435833725425,1,-0.0019615743705578216,-0.0019615743705578216
SOLUSDT,8726,long,-0.0022410200250899807,,1,-0.0017410200250899807,-0.0017410200250899807,1,-0.0017414407454627119,0.000104864447277627
SOLUSDT,8788,long,-0.0030361305188047996,,1,-0.0025361305188047996,0.002217808830087679,1,-0.00253694899330145,0.00221911838928232
SOLUSDT,8877,short,0.00045655538711864246,,1,0.0009565553871186424,0.0009565553871186424,0,,
SOLUSDT,9865,long,-0.0023717607973421768,,1,-0.0018717607973421767,0.0005717607973421769,0,,
SOLUSDT,10166,short,-0.0025533531120475587,,1,-0.0020533531120475587,-0.0020533531120475587,1,-0.002052776723685716,-0.002052776723685716
SOLUSDT,10287,long,-0.005505349257952465,,1,-0.005005349257952464,-0.005005349257952464,1,-0.00500740295943218,-0.00500740295943218
SOLUSDT,10301,short,-0.0037601862322178435,,1,-0.0032601862322178435,0.001960186232217843,1,-0.003259006728853417,0.0019590067288534165
SOLUSDT,10361,short,0.0008568226248565517,,1,0.0013568226248565514,0.0013568226248565514,0,,
SOLUSDT,10412,long,0.000728145460282423,,1,0.0012281454602824228,0.0012281454602824228,0,,
SOLUSDT,10436,short,-0.0022738003906195153,,1,-0.0017738003906195153,0.00012428023437170924,1,-0.001773363708765133,-0.001773363708765133
SOLUSDT,10473,long,0.0012044427123928296,,1,0.0017044427123928296,0.0017044427123928296,1,0.0017054954601228912,0.0017054954601228912
SOLUSDT,10517,short,-0.0027720389071653815,,1,-0.0022720389071653815,0.0004232233442992288,1,-0.0022713532305501066,0.0009713532305501063
SOLUSDT,10593,long,0.0004930189809221287,,1,0.0009930189809221285,0.0009930189809221285,0,,
SOLUSDT,10653,long,-0.004231973415805749,,1,-0.0037319734158057496,-0.0037319734158057496,1,-0.00373339011086118,-0.00373339011086118
SOLUSDT,10670,short,-0.003931838911956764,,1,-0.003431838911956764,0.0036509422591308217,1,-0.0034305736251441926,0.003648917800230708
SOLUSDT,10750,short,-0.002535408328337309,,1,-0.002035408328337309,-0.002035408328337309,1,-0.002034840907883367,0.0014157454526133872
SOLUSDT,10755,long,-0.0024150450750247063,,1,-0.0019150450750247063,-0.0019150450750247063,1,-0.001915552851450431,-0.001915552851450431
SOLUSDT,10815,long,-0.0025279600608698006,,1,-0.0020279600608698006,0.0002767760365218804,1,-0.0020285243230313164,0.0007285243230313162
SOLUSDT,10824,short,-0.0024437280295250023,,1,-0.0019437280295250023,0.0012699648472400036,1,-0.0019432064263118463,0.012370265913276357
SOLUSDT,10989,short,0.0011081483700721333,,1,0.0016081483700721333,0.0016081483700721333,1,-0.0021544654985458105,-0.0021544654985458105
SOLUSDT,11005,long,0.0005096474865687749,,1,0.0010096474865687747,0.0010096474865687747,0,,
SOLUSDT,11166,long,0.0006235582892270713,,1,0.001123558289227071,0.001123558289227071,0,,
SOLUSDT,11226,short,-0.002302315220992316,,1,-0.001802315220992316,0.00014138913259538973,1,-0.0018018642888478925,0.0005018642888478924
SOLUSDT,11236,long,-0.002398437084330922,,1,-0.0018984370843309218,0.0011974993349294749,1,0.0011982984841715605,0.0011982984841715605
SOLUSDT,11296,long,0.00252866292929774,,1,0.00302866292929774,0.00302866292929774,1,0.003030378118356918,0.003030378118356918
SOLUSDT,11327,short,0.0011504888836680357,,1,0.0016504888836680357,0.0016504888836680357,1,0.0016494641515922399,0.0016494641515922399
SOLUSDT,11391,short,-0.0027500076862945278,,1,-0.0022500076862945278,-0.0022500076862945278,1,-0.002249333019784636,-0.002249333019784636
SOLUSDT,11396,long,0.0010156148764167302,,1,0.0015156148764167302,0.0015156148764167302,0,,
SOLUSDT,11457,short,-0.0025998951627434863,,1,-0.0020998951627434863,0.000799895162743486,1,-0.0020992955149859932,0.000799295514985993
SOLUSDT,11518,short,0.0025838073319085796,,1,0.0030838073319085797,0.0030838073319085797,1,0.0030820662987592,0.0030820662987592
SOLUSDT,11563,long,0.001024231734729028,,1,0.001524231734729028,0.001524231734729028,1,0.0015251943318949752,0.0015251943318949752
SOLUSDT,11595,short,0.0011789488372398417,,1,0.0016789488372398417,0.0016789488372398417,0,,
SOLUSDT,11639,long,-0.0027324104516352346,,1,-0.0022324104516352346,-0.0022324104516352346,1,-0.0022330769901303,-0.0022330769901303
SOLUSDT,11655,short,-0.002857878005165937,,1,-0.002357878005165937,-0.002357878005165937,1,-0.0023571494304507118,0.0019314390887211386
SOLUSDT,11701,long,-0.0032957813116046846,,1,-0.0027957813116046846,0.002633250098567495,1,-0.0027967296764429056,0.002634767482308649
SOLUSDT,11723,short,-0.00296535479729395,,1,-0.00246535479729395,0.00053921287837637,1,-0.002464572511038431,0.0005387435066230586
SOLUSDT,11790,long,0.0014850341069020455,,1,0.0019850341069020455,0.0019850341069020455,1,0.0019862272205123013,0.0019862272205123013
SOLUSDT,11818,short,-0.0029629544659810344,,1,-0.0024629544659810344,0.0011629544659810343,1,-0.002462173379291389,-0.002462173379291389
SOLUSDT,11859,long,-0.002537973137973135,,1,-0.002037973137973135,-0.002037973137973135,1,-0.0020385424091777238,0.00028312544550663414
SOLUSDT,11879,short,-0.00322893278035563,,1,-0.00272893278035563,0.0014289327803556297,1,0.0025248300335522318,0.0025248300335522318
SOLUSDT,11919,long,-0.0023273770917323017,,1,-0.0018273770917323017,0.0010838033467716827,1,-0.001827841012238421,0.001084545619581473
SOLUSDT,11975,short,-0.0024330713925245014,,1,-0.0019330713925245014,0.001252914228039202,1,0.0012520881839472287,0.0012520881839472287
SOLUSDT,11992,long,0.0005910133392677279,,1,0.0010910133392677277,0.0010910133392677277,1,0.0010917592188771663,0.0010917592188771663
SOLUSDT,12195,long,0.000709786251098,,1,0.0012097862510979998,0.0012097862510979998,1,-0.0019066197167946475,-0.0019066197167946475
SOLUSDT,12231,short,-0.0022754440392368574,,1,-0.0017754440392368574,-0.0017754440392368574,1,-0.001775006535968873,0.00047500653596887316
SOLUSDT,12255,long,-0.0036668425186923534,,1,-0.0031668425186923534,0.001866842518692353,1,-0.003167976506945826,0.0018679765069458255
SOLUSDT,12319,long,-0.0034339699608212696,,1,-0.0029339699608212696,0.002854351937314031,1,-0.0029349874545485438,0.00285597992727767
SOLUSDT,12326,short,-0.003087320919222029,,1,-0.002587320919222029,-0.002587320919222029,1,-0.002586477680381838,-0.002586477680381838
SOLUSDT,12383,long,0.0029911039301616193,,1,0.0034911039301616193,0.0034911039301616193,1,-0.0033331565346183213,-0.0033331565346183213
SOLUSDT,12402,short,0.0020216667333786873,,1,0.0025216667333786873,0.0025216667333786873,1,0.0025202066300636554,0.0025202066300636554
SOLUSDT,12455,long,0.0008209855391185431,,1,0.001320985539118543,0.001320985539118543,1,-0.0019761540389685735,0.0006761540389685736
SOLUSDT,12466,short,-0.002571905664397602,,1,-0.002071905664397602,-0.002071905664397602,1,-0.0020713200043954044,-0.0020713200043954044
SOLUSDT,12515,long,0.0009020727676471459,,1,0.0014020727676471458,0.0014020727676471458,1,0.0014029742547745328,0.0014029742547745328
SOLUSDT,12575,long,-0.00319818634199326,,1,-0.00269818634199326,0.002477098147189216,1,-0.002699085884935728,0.0024785374158971646
SOLUSDT,12611,short,-0.00309873719806614,,1,-0.00259873719806614,0.002317979516905824,1,-0.0025978882539391705,0.002316621206302673
SOLUSDT,12650,long,0.0011822383114802318,,1,0.0016822383114802318,0.0016822383114802318,1,0.0016832799514559598,0.0016832799514559598
SOLUSDT,12671,short,0.00320252522620277,,1,0.00370252522620277,0.00370252522620277,1,0.003700474988708416,0.003700474988708416
SOLUSDT,12710,long,-0.002579849401720988,,1,-0.002079849401720988,0.0014877590427535804,1,0.0014887033944508054,0.0014887033944508054
SOLUSDT,12773,short,-0.006499794309868727,,1,-0.005999794309868726,-0.005999794309868726,1,-0.005997245687025214,-0.005997245687025214
SOLUSDT,12801,long,0.002700169949015313,,1,0.003200169949015313,0.003200169949015313,0,,
SOLUSDT,12836,short,-0.003905537857025431,,1,-0.003405537857025431,0.0036088605712406886,1,-0.003404285714168347,0.0036068571426693544
SOLUSDT,12874,long,-0.0029167656495537237,,1,-0.0024167656495537237,0.0005100593897322342,1,-0.0024175244117596037,0.0011175244117596034
SOLUSDT,12899,short,-0.003733563731188553,,1,-0.003233563731188553,0.0033337019699016843,1,0.003331836051875747,0.003331836051875747
SOLUSDT,12964,long,-0.00300318233274095,,1,-0.00250318233274095,0.0021650917323855195,1,0.002166374919845442,0.002166374919845442
SOLUSDT,13025,short,0.0011179343919081293,,1,0.0016179343919081293,0.0016179343919081293,1,-0.0021605787055897865,0.001616925928943658
SOLUSDT,13049,long,-0.004452825099575945,,1,-0.003952825099575945,0.004484520159321513,1,-0.003954352275713802,0.004486963641142085
SOLUSDT,13086,short,-0.003297099081561904,,1,-0.002797099081561904,-0.002797099081561904,1,-0.0027961510060588745,-0.0027961510060588745
SOLUSDT,13110,long,0.002153730672195501,,1,0.002653730672195501,0.002653730672195501,0,,
SOLUSDT,13148,short,0.0016999507915398861,,1,0.002199950791539886,0.002199950791539886,1,0.0021986514658069826,0.0021986514658069826
SOLUSDT,13210,long,0.001569715613249022,,1,0.002069715613249022,0.002069715613249022,1,0.002070951088793419,0.002070951088793419
SOLUSDT,13267,short,0.0013648274052860043,,1,0.0018648274052860043,0.0018648274052860043,1,-0.0023148097234420317,-0.0023148097234420317
SOLUSDT,13281,long,0.012862832735870617,,1,0.011216325441014576,0.011216325441014576,1,0.011722636759394158,0.011722636759394158
SOLUSDT,13341,long,-0.0023843590245600154,,1,-0.0018843590245600154,-0.0018843590245600154,1,-0.001884851450285158,0.00019091087017109463
SOLUSDT,13343,short,-0.0025330333700116486,,1,-0.0020330333700116486,0.0014128533920186375,1,-0.002032467136443427,0.001411947418309483
SOLUSDT,13403,short,0.0005354412193721541,,1,0.001035441219372154,0.001035441219372154,1,0.0010347238574434322,0.0010347238574434322
SOLUSDT,13431,long,0.0015855903826095903,,1,0.0020855903826095903,0.0020855903826095903,1,0.0020868337995093448,0.0020868337995093448
SOLUSDT,13495,short,-0.0022119802508964418,,1,-0.0017119802508964417,-0.0017119802508964417,1,-0.0017115744636646097,-0.0017115744636646097
SOLUSDT,13551,long,0.0028628080548180226,,1,0.0033628080548180226,0.0033628080548180226,1,-0.00325293150001127,0.0033646904000180318
SOLUSDT,13568,short,-0.003697470271389177,,1,-0.003197470271389177,0.0032759524342226834,1,-0.0031963221103340103,0.0032741153765344162
SOLUSDT,13617,long,0.0024871873056326495,,1,0.0029871873056326495,0.0029871873056326495,1,0.002988881746505902,0.002988881746505902
SOLUSDT,13640,short,0.003082317683379632,,1,0.003582317683379632,0.003582317683379632,1,0.0035803275196198223,0.0035803275196198223
SOLUSDT,13689,long,-0.0035574015936714297,,1,-0.0030574015936714297,0.0017574015936714293,1,-0.0030584808340884738,0.0017584808340884734
SOLUSDT,13701,short,-0.003814229321302835,,1,-0.003314229321302835,0.002014229321302835,1,0.0034608364958366175,0.0034608364958366175
SOLUSDT,13754,long,0.0015378165378994628,,1,0.002037816537899463,0.002037816537899463,1,0.0020390360559274265,0.0020390360559274265
SOLUSDT,13770,short,0.001731266098672532,,1,0.002231266098672532,0.002231266098672532,1,0.0022299511231109767,0.0022299511231109767
SOLUSDT,13815,long,0.001606767821175859,,1,0.002106767821175859,0.002106767821175859,1,0.0021080218320919048,0.0021080218320919048
SOLUSDT,13875,long,0.0027449183978996566,,1,0.0032449183978996566,0.0032449183978996566,1,-0.0031792136054900307,0.0032467417687840486
SOLUSDT,13890,short,-0.003725234406969211,,1,-0.003225234406969211,-0.003225234406969211,1,-0.003224072370783819,-0.003224072370783819
SOLUSDT,13945,long,0.006644564273851339,,1,0.007144564273851339,0.007144564273851339,1,-0.005617711526920546,-0.005617711526920546
SOLUSDT,13966,short,0.007327478411623586,,1,0.007827478411623585,0.007827478411623585,1,0.007823366728259456,0.007823366728259456
SOLUSDT,14015,long,-0.005794092839759971,,1,-0.00529409283975997,0.002236455703855982,1,-0.005296290985252596,0.0022377745911515575
SOLUSDT,14033,short,-0.004857191919099574,,1,-0.004357191919099573,0.005131507070559318,1,-0.004355464187006071,0.005128742699209715
SOLUSDT,14075,long,-0.004527601289482853,,1,-0.004027601289482852,0.004604162063172565,1,0.004606665395870499,0.004606665395870499
SOLUSDT,14100,short,-0.00412293253783363,,1,-0.0036229325378336306,0.0023229325378336303,1,0.003954514803132243,0.003954514803132243
SOLUSDT,14159,long,-0.003814221686565455,,1,-0.003314221686565455,0.0010485330119392726,1,-0.003315429401266088,-0.003315429401266088
SOLUSDT,14167,short,0.00233111063377262,,1,0.00283111063377262,0.00283111063377262,1,0.0028294958858297056,0.0028294958858297056
SOLUSDT,14221,long,0.0035362516588871994,,1,0.0040362516588872,0.0040362516588872,1,0.004038470894334367,0.004038470894334367
SOLUSDT,14254,short,0.002186894246473602,,1,0.002686894246473602,0.002686894246473602,1,0.0026853515706882583,0.0026853515706882583
SOLUSDT,14299,long,0.004510069632572811,,1,0.005010069632572812,0.005010069632572812,0,,
SOLUSDT,14323,short,-0.0029646295169822334,,1,-0.0024646295169822334,0.0011646295169822332,1,-0.0024638475931856407,0.002102156149097025
SOLUSDT,14361,long,0.0018524102746433142,,1,0.0023524102746433143,0.0023524102746433143,1,0.0023537871682274276,0.0023537871682274276
SOLUSDT,14429,long,-0.0026392730407647186,,1,-0.0021392730407647186,0.0008392730407647183,1,-0.0021398929872583476,-0.0021398929872583476
SOLUSDT,14442,short,0.0007514327668947543,,1,0.001251432766894754,0.001251432766894754,0,,
SOLUSDT,14497,long,-0.002832927893671886,,1,-0.002332927893671886,0.0010329278936718857,1,0.0018938315456478415,0.0018938315456478415
SOLUSDT,14515,short,0.0014171861522570503,,1,0.0019171861522570503,0.0019171861522570503,1,0.0019160281381879565,0.0019160281381879565
SOLUSDT,14576,short,0.0020381410890443607,,1,0.0025381410890443607,0.0025381410890443607,1,0.002536672752668027,0.002536672752668027
SOLUSDT,14593,long,0.0017650199278887511,,1,0.002265019927888751,0.002265019927888751,1,-0.002566470690275607,0.002266353104440971
SOLUSDT,14655,long,0.0009152957845508094,,1,0.0014152957845508093,0.0014152957845508093,0,,
SOLUSDT,14692,short,-0.0028030558131359883,,1,-0.0023030558131359883,0.0018448893010175813,1,-0.0023023546358180796,0.001843767417308927
SOLUSDT,14728,long,0.0008616925828256054,,1,0.0013616925828256051,0.0013616925828256051,1,0.0013625738697604854,0.0013625738697604854
SOLUSDT,14756,short,-0.0022825556017617805,,1,-0.0017825556017617805,0.00012953336105706826,1,-0.001782114544489536,-0.001782114544489536
SOLUSDT,14806,long,0.0009128863888198943,,1,0.001412886388819894,0.001412886388819894,1,0.0014137932854626249,0.0014137932854626249
SOLUSDT,14831,short,-0.0023999167366835343,,1,-0.0018999167366835342,-0.0018999167366835342,1,-0.0018994170281694494,-0.0018994170281694494
SOLUSDT,14878,long,-0.0022575320273505316,,1,-0.0017575320273505316,0.00011451921641031878,1,-0.0017579610078544586,-0.0017579610078544586
SOLUSDT,14958,short,0.0014488055755093212,,1,0.0019488055755093213,0.0019488055755093213,1,0.0019476317596295064,0.0019476317596295064
SOLUSDT,14995,long,0.0027181998263655235,,1,0.0032181998263655235,0.0032181998263655235,1,0.0032200098312811644,0.0032200098312811644
SOLUSDT,15045,short,0.0006848765173010458,,1,0.0011848765173010456,0.0011848765173010456,1,-0.0018900527969146963,0.0011840844750635139
SOLUSDT,15057,long,-0.002668458974804603,,1,-0.002168458974804603,-0.002168458974804603,1,-0.002169093521565386,0.00036145611293923144
SOLUSDT,15119,short,-0.0025753586292056054,,1,-0.0020753586292056054,-0.0020753586292056054,1,-0.0020747712435838133,-0.0020747712435838133
SOLUSDT,15125,long,0.0009308974590975669,,1,0.0014308974590975668,0.0014308974590975668,1,0.001431813365780457,0.001431813365780457
SOLUSDT,15179,short,0.0033710296486982806,,1,0.003871029648698281,0.003871029648698281,1,0.0038688952010977324,0.0038688952010977324
SOLUSDT,15197,long,-0.0028354102552666277,,1,-0.0023354102552666277,-0.0023354102552666277,1,-0.0023361283194263407,-0.0023361283194263407
SOLUSDT,15241,short,0.004719797810366496,,1,0.005219797810366496,0.005219797810366496,1,0.005216989315708642,0.005216989315708642
SOLUSDT,15279,long,-0.004395812611358756,,1,-0.003895812611358756,-0.003895812611358756,1,-0.0038973112669922517,-0.0038973112669922517
SOLUSDT,15308,short,0.0018090573906736542,,1,0.0023090573906736542,0.0023090573906736542,0,,
SOLUSDT,15361,long,-0.003550753371666901,,1,-0.003050753371666901,-0.003050753371666901,1,-0.0030518292863100562,-0.0030518292863100562
SOLUSDT,15368,short,-0.003387123865839676,,1,-0.002887123865839676,0.0027793981853434816,1,-0.0028861308004394567,0.0027778092807031305
SOLUSDT,15431,long,-0.004751174560220627,,1,-0.004251174560220628,-0.004251174560220628,1,-0.004252850985713484,-0.004252850985713484
SOLUSDT,15445,short,-0.0032500417801101943,,1,-0.0027500417801101943,0.0025600668481763106,1,0.0025585875543991114,0.0025585875543991114
SOLUSDT,15500,long,-0.00291744600742239,,1,-0.00241744600742239,-0.00241744600742239,1,-0.0024182051099773784,-0.0024182051099773784
SOLUSDT,15516,short,0.0010693336015224993,,1,0.0015693336015224994,0.0015693336015224994,1,0.0015683494268090947,0.0015683494268090947
SOLUSDT,15579,long,-0.002509605951186594,,1,-0.002009605951186594,-0.002009605951186594,1,-0.0020101610317024452,-0.0020101610317024452
SOLUSDT,15585,short,0.0009278299154211377,,1,0.0014278299154211376,0.0014278299154211376,1,-0.0020418227857453386,-0.0020418227857453386
SOLUSDT,15639,long,-0.0025935513012695067,,1,-0.0020935513012695067,-0.0020935513012695067,1,-0.0020941483754572353,0.001510637400731576
SOLUSDT,15665,short,0.00043728430774700477,,1,0.0009372843077470047,0.0009372843077470047,1,0.0009366159997471313,0.0009366159997471313
SOLUSDT,15699,long,-0.002340151341435497,,1,-0.001840151341435497,0.001104242146296795,1,-0.0018406216522616277,0.0011049946436186044
SOLUSDT,15828,short,0.0004148791018215817,,1,0.0009148791018215816,0.0009148791018215816,0,,
SOLUSDT,15848,long,-0.002361390206517504,,1,-0.0018613902065175041,0.0011382243304280068,1,-0.0018618711420885486,0.0011389938273416774
SOLUSDT,15908,long,-0.0033804622377873964,,1,-0.0028804622377873964,-0.0028804622377873964,1,-0.002881452964269531,0.0007888717785617185
SOLUSDT,15971,short,-0.002811090089563797,,1,-0.002311090089563797,0.0018577441433020748,1,0.0018566158353843826,0.0018566158353843826
SOLUSDT,16004,long,-0.0033838556234041077,,1,-0.0028838556234041077,-0.0028838556234041077,1,-0.0028848480474278214,0.002775756875884514
SOLUSDT,16061,short,0.0008946689359258152,,1,0.001394668935925815,0.001394668935925815,1,0.0013937720499008646,0.0013937720499008646
SOLUSDT,16101,long,-0.0023534660769164153,,1,-0.0018534660769164153,-0.0018534660769164153,1,-0.0018539430484406359,-0.0018539430484406359
SOLUSDT,16123,short,0.0009589275233863392,,1,0.001458927523386339,0.001458927523386339,1,0.0014579985241242772,0.0014579985241242772
SOLUSDT,16183,short,0.0006823454937846683,,1,0.0011823454937846681,0.0011823454937846681,1,0.001181554716426455,0.001181554716426455
SOLUSDT,16199,long,-0.0025013133236405785,,1,-0.0020013133236405785,0.0013621013178249253,1,0.00136298280922954,0.00136298280922954
SOLUSDT,16259,short,-0.002370523451184408,,1,-0.0018705234511844078,0.0011528375218950522,1,0.0011520614911494777,0.0011520614911494777
SOLUSDT,16371,long,0.000457107671760857,,1,0.0009571076717608569,0.0009571076717608569,1,0.0009577865650433785,0.0009577865650433785
SOLUSDT,16409,short,-0.0035255690809951347,,1,-0.0030255690809951347,-0.0030255690809951347,1,-0.0030245068275813443,-0.0030245068275813443
SOLUSDT,16447,long,0.0016400823008252507,,1,0.0021400823008252507,0.0021400823008252507,1,0.0021413529773139078,0.0021413529773139078
SOLUSDT,16490,short,0.0009322311006259798,,1,0.0014322311006259795,0.0014322311006259795,1,0.0014313154429045276,0.0014313154429045276
SOLUSDT,16507,long,-0.002907983928814791,,1,-0.002407983928814791,-0.002407983928814791,1,-0.0024087382979637727,-0.0024087382979637727
SOLUSDT,16551,short,0.0010955277831590565,,1,0.0015955277831590565,0.0015955277831590565,1,-0.002146581573687567,0.0015945305179001067
SOLUSDT,16606,long,-0.0036207560467243502,,1,-0.0031207560467243502,0.0018207560467243498,1,-0.0031218669802144574,-0.0031218669802144574
SOLUSDT,16619,short,0.002129036786743929,,1,0.002629036786743929,0.002629036786743929,0,,
SOLUSDT,16683,long,0.001865025687970818,,1,0.002365025687970818,0.002365025687970818,0,,
SOLUSDT,16714,short,-0.002872910431573348,,1,-0.002372910431573348,-0.002372910431573348,1,-0.0023721743444011473,-0.0023721743444011473
SOLUSDT,16775,long,-0.0026253373290536135,,1,-0.0021253373290536135,0.0008253373290536132,1,-0.0021259503042057163,-0.0021259503042057163
SOLUSDT,16781,short,0.000998328612372314,,1,0.001498328612372314,0.001498328612372314,1,-0.002085862451506943,0.0014973799224111085
SOLUSDT,16843,short,-0.002956630317409608,,1,-0.002456630317409608,0.0005339781904457648,1,-0.002455852391214001,0.0011558523912140008
SOLUSDT,16849,long,-0.0030349746362504115,,1,-0.0025349746362504115,0.002215959418000658,1,-0.0025357925325166695,0.0022172680520266713
SOLUSDT,16911,short,0.0009017771410930565,,1,-0.0020261107131831603,0.0007261107131831604,1,-0.0020255479392135537,-0.0020255479392135537
SOLUSDT,16921,long,-0.0028813580630258485,,1,-0.0023813580630258485,-0.0023813580630258485,1,-0.0023820991125821393,0.0004892594675492836
SOLUSDT,16981,long,-0.0028407793873196376,,1,-0.0023407793873196376,-0.0023407793873196376,1,-0.0023415001373883314,0.0004649000824329989
SOLUSDT,16997,short,0.0018584244407545605,,1,0.0023584244407545605,0.0023584244407545605,0,,
SOLUSDT,17057,short,-0.0030665876693918227,,1,-0.0025665876693918227,-0.0025665876693918227,1,-0.002565754791995825,-0.002565754791995825
SOLUSDT,17066,long,0.0010543834944205777,,1,0.0015543834944205777,0.0015543834944205777,0,,
SOLUSDT,17208,short,-0.0026621600188870146,,1,-0.0021621600188870146,-0.0021621600188870146,1,-0.0021615292542598846,-0.0021615292542598846
SOLUSDT,17226,long,0.0007567172064028909,,1,0.0012567172064028907,0.0012567172064028907,0,,
SOLUSDT,17272,short,0.0013907649796611353,,1,0.0018907649796611353,0.0018907649796611353,1,0.0018896201695763476,0.0018896201695763476
SOLUSDT,17294,long,-0.004091468046293267,,1,-0.0035914680462932674,0.003906348874069228,1,0.0039085031256320445,0.0039085031256320445
SOLUSDT,17343,short,-0.003557196284770735,,1,-0.003057196284770735,0.003051514055633176,1,-0.0030561182256579065,0.00304978916105265
SOLUSDT,17392,long,0.002598689342689608,,1,0.003098689342689608,0.003098689342689608,1,0.0031004395624708433,0.0031004395624708433
SOLUSDT,17439,short,-0.004172074991923458,,1,-0.0036720749919234583,0.0012632449951540746,1,-0.0036706896470999084,-0.0036706896470999084
SOLUSDT,17454,long,0.001711539443148587,,1,0.002211539443148587,0.002211539443148587,1,0.002212845866081628,0.002212845866081628
SOLUSDT,17499,short,-0.004351887490747615,,1,-0.0038518874907476153,0.002551887490747615,1,-0.003850412284605313,0.0025504122846053126
SOLUSDT,17515,long,-0.003525204885684453,,1,-0.003025204885684453,0.0030003278170951243,1,-0.0030262680196943,0.0030020288315108796
SOLUSDT,17559,short,0.0020129768909961355,,1,0.0025129768909961355,0.0025129768909961355,0,,
SOLUSDT,17620,long,-0.002934759374334257,,1,0.002055614998934811,0.002055614998934811,1,0.0020568434206451333,0.0020568434206451333
SOLUSDT,17665,short,-0.0028919436532433736,,1,-0.0023919436532433736,-0.0023919436532433736,1,-0.002391198054216266,-0.002391198054216266
SOLUSDT,17717,long,0.0013724158270724024,,1,0.0018724158270724024,0.0018724158270724024,1,0.001873552603374089,0.001873552603374089
SOLUSDT,17759,short,0.0016328416617390393,,1,0.0021328416617390393,0.0021328416617390393,0,,
SOLUSDT,17782,long,0.001046391066564119,,1,0.001546391066564119,0.001546391066564119,0,,
SOLUSDT,17843,long,0.0005426794642488476,,1,0.0010426794642488474,0.0010426794642488474,0,,
SOLUSDT,17905,long,-0.003452845528455287,,1,-0.002952845528455287,-0.002952845528455287,1,-0.0029538724646876306,-0.0029538724646876306
SOLUSDT,17913,short,-0.0041748271311228295,,1,-0.00367482713112283,0.0023748271311228295,1,0.0040375046574677945,0.0040375046574677945
SOLUSDT,17967,long,0.001900989574642525,,1,0.002400989574642525,0.002400989574642525,1,-0.002651494231267212,0.0024023907700275386
SOLUSDT,18033,long,-0.006223443884304573,,1,-0.005723443884304572,0.004423443884304573,1,-0.005725856812710928,0.004425856812710929
SOLUSDT,18062,short,-0.004104115765388452,,1,-0.003604115765388452,-0.003604115765388452,1,-0.0036027643831968536,-0.0036027643831968536
SOLUSDT,18122,short,-0.003082496067538777,,1,-0.002582496067538777,-0.002582496067538777,1,-0.002581655239918818,-0.002581655239918818
SOLUSDT,18126,long,-0.00453301013958553,,1,-0.004033010139585531,-0.004033010139585531,1,-0.004034577428299681,0.00273457742829968
SOLUSDT,18186,long,-0.0031262215444266654,,1,-0.0026262215444266654,0.0023619544710826645,1,-0.00262708508697015,0.0023633361391522402
SOLUSDT,18211,short,-0.0033573614514436816,,1,-0.0028573614514436816,0.0027317783223098904,1,0.00273021321570204,0.00273021321570204
SOLUSDT,18251,long,-0.003065004942983401,,1,-0.002565004942983401,-0.002565004942983401,1,-0.002565837861914358,-0.002565837861914358
SOLUSDT,18271,short,-0.0036410739045053455,,1,-0.0031410739045053455,-0.0031410739045053455,1,-0.0031399539275415752,-0.0031399539275415752
SOLUSDT,18316,long,-0.003370212724453093,,1,-0.002870212724453093,-0.002870212724453093,1,-0.0028711983236149002,-0.0028711983236149002
SOLUSDT,18331,short,-0.002868479264483442,,1,-0.002368479264483442,0.0004810875586900651,1,-0.0023677453917875482,0.0010677453917875479
SOLUSDT,18392,short,0.0010408202424046845,,1,0.0015408202424046845,0.0015408202424046845,0,,
SOLUSDT,18412,long,-0.003327706774693277,,1,-0.002827706774693277,0.0026843308395092433,1,-0.002828671110248401,0.0026858737763974416
SOLUSDT,18458,short,-0.004294664437040875,,1,-0.0037946644370408754,0.004231463099265401,1,-0.0037932178281268126,0.004229148525002901
SOLUSDT,18484,long,0.0016333346610768978,,1,0.002133334661076898,0.002133334661076898,1,0.0021346019620579262,0.0021346019620579262
SOLUSDT,18518,short,0.001432315078701409,,1,0.001932315078701409,0.001932315078701409,1,0.0019311495039494343,0.0019311495039494343
SOLUSDT,18544,long,0.001133736092834083,,1,0.001633736092834083,0.001633736092834083,1,-0.0021717209184805423,0.0016347534695688678
SOLUSDT,18580,short,-0.0034287557826000866,,1,-0.0029287557826000866,0.0028460092521601383,1,-0.0029277419116442646,0.002844387058630823
SOLUSDT,18629,long,0.0007198029526939954,,1,0.0012198029526939952,0.0012198029526939952,0,,
SOLUSDT,18651,short,-0.002304750877061747,,1,-0.001804750877061747,-0.001804750877061747,1,-0.0018042987276978982,-0.0018042987276978982
SOLUSDT,18714,short,-0.0034708261889951136,,1,-0.0029708261889951136,-0.0029708261889951136,1,-0.0029697912933484396,-0.0029697912933484396
SOLUSDT,18749,long,0.0018460113922835419,,1,0.002346011392283542,0.002346011392283542,1,0.002347385084825955,0.002347385084825955
SOLUSDT,18775,short,0.001094220829433092,,1,0.001594220829433092,0.001594220829433092,1,0.00159322421732443,0.00159322421732443
SOLUSDT,18832,long,0.0035423378037488496,,1,0.0040423378037488505,0.0040423378037488505,0,,
SOLUSDT,18891,short,-0.0029214009427291554,,1,-0.0024214009427291554,0.0020342415083666483,1,-0.0024206406224179466,0.0020330249958687143
SOLUSDT,18920,long,0.0013329399452842333,,1,0.0018329399452842333,0.0018329399452842333,1,-0.002296285608606949,0.0018340569737711186
SOLUSDT,18959,short,-0.002904395895803988,,1,-0.002404395895803988,0.0020070334332863804,1,0.0020058305180273668,0.0020058305180273668
SOLUSDT,18981,long,0.0010292754162836448,,1,0.0015292754162836448,0.0015292754162836448,1,0.0015302405365519203,0.0015302405365519203
SOLUSDT,19020,short,-0.0031349499857310707,,1,-0.0026349499857310707,-0.0026349499857310707,1,-0.0026340829442589413,0.0013340829442589411
SOLUSDT,19041,long,-0.002813198514973632,,1,-0.002313198514973632,0.001861117623957811,1,0.0018622487483319766,0.0018622487483319766
SOLUSDT,19106,long,0.0005582408881696355,,1,0.0010582408881696353,0.0010582408881696353,1,0.001058970373356313,0.001058970373356313
SOLUSDT,19120,short,-0.0023845106560936003,,1,-0.0018845106560936003,0.0011752170497497604,1,-0.0018840186467702154,0.0011744298348323446
SOLUSDT,19186,long,-0.0022709198899706225,,1,-0.0017709198899706225,-0.0017709198899706225,1,-0.0017713555677544993,-0.0017713555677544993
SOLUSDT,19191,short,-0.002935114368582629,,1,-0.002435114368582629,-0.002435114368582629,1,-0.002434347194985137,-0.002434347194985137
SOLUSDT,19255,short,-0.00434866071428572,,1,-0.0038486607142857203,-0.0038486607142857203,1,-0.003847187120725358,-0.003847187120725358
SOLUSDT,19277,long,0.002288735893984893,,1,0.002788735893984893,0.002788735893984893,0,,
SOLUSDT,19334,short,-0.0023692827748383635,,1,-0.0018692827748383635,-0.0018692827748383635,1,-0.0018687983756505385,0.0005687983756505384
SOLUSDT,19342,long,-0.002362198506245488,,1,-0.001862198506245488,-0.001862198506245488,1,-0.0018626798461685722,-0.0018626798461685722
SOLUSDT,19397,short,0.0006357146543094008,,1,0.0011357146543094006,0.0011357146543094006,1,0.0011349471807190412,0.0011349471807190412
SOLUSDT,19457,long,-0.0026282505009871757,,1,-0.0021282505009871757,-0.0021282505009871757,1,-0.0021288649334539026,0.0003373189600723416
SOLUSDT,19465,short,-0.00277111381655133,,1,-0.00227111381655133,-0.00227111381655133,1,-0.002270428602250205,-0.002270428602250205
SOLUSDT,19519,long,0.000682180151178908,,1,0.0011821801511789078,0.0011821801511789078,1,-0.0018893572731233793,0.0001936143638740275
SOLUSDT,19580,long,-0.0024176410683837087,,1,-0.0019176410683837087,-0.0019176410683837087,1,-0.0019181501434554367,0.00021089008607326192
SOLUSDT,19728,short,0.0007741649141176801,,1,0.00127416491411768,0.00127416491411768,1,0.0012733282499926841,0.0012733282499926841
SOLUSDT,19751,long,-0.0025356621545386485,,1,-0.0020356621545386485,0.0014170594472618376,1,0.0014179684314775762,0.0014179684314775762
SOLUSDT,19800,short,0.0005342282037381675,,1,0.0010342282037381673,0.0010342282037381673,1,0.0010335114480141605,0.0010335114480141605
SOLUSDT,19920,long,0.00045935430670432267,,1,0.0009593543067043226,0.0009593543067043226,1,-0.0017500214524164095,-0.0017500214524164095
SOLUSDT,19966,short,-0.002310388014158954,,1,-0.001810388014158954,0.001056620822654326,1,0.001055892876216218,0.001055892876216218
SOLUSDT,20035,short,-0.002282890227067156,,1,-0.001782890227067156,0.0001297341362402935,1,-0.001782449002565873,-0.001782449002565873
SOLUSDT,20046,long,0.000654141562024914,,1,0.0011541415620249138,0.0011541415620249138,0,,
SOLUSDT,20097,short,-0.0023167005234726876,,1,-0.0018167005234726876,0.0010667208375563003,1,-0.001816242402271552,0.001065987843634483
SOLUSDT,20109,long,-0.0022442850986611846,,1,-0.0017442850986611846,-0.0017442850986611846,1,-0.0017447074523873783,-0.0017447074523873783
SOLUSDT,20158,short,0.000989293315739266,,1,0.0014892933157392657,0.0014892933157392657,1,0.0014883491411686815,0.0014883491411686815
SOLUSDT,20172,long,0.0010158692448624827,,1,0.0015158692448624825,0.0015158692448624825,1,-0.002098017286682393,-0.002098017286682393
SOLUSDT,20219,short,0.001832641395552502,,1,0.002332641395552502,0.002332641395552502,1,0.0023312757576736654,0.0023312757576736654
SOLUSDT,20245,long,-0.003553331408733237,,1,-0.003053331408733237,0.0017533314087332368,1,0.0030470537808636104,0.0030470537808636104
SOLUSDT,20294,short,-0.00281264757785162,,1,-0.00231264757785162,0.0018602361245625915,1,0.0018591065712769534,0.0018591065712769534
SOLUSDT,20348,long,0.0013742830836742824,,1,0.0018742830836742824,0.0018742830836742824,0,,
SOLUSDT,20386,short,0.0008050278064894515,,1,0.0013050278064894514,0.0013050278064894514,1,-0.0019651098241438352,0.0013041757186301364
SOLUSDT,20422,long,-0.002642307308224876,,1,-0.002142307308224876,-0.002142307308224876,1,-0.0021429287726111817,-0.0021429287726111817
SOLUSDT,20482,long,0.0015354251158374338,,1,0.002035425115837434,0.002035425115837434,0,,
SOLUSDT,20505,short,0.0007214168530067034,,1,0.0012214168530067032,0.0012214168530067032,1,-0.0019128790935823985,0.0012206065497318373
SOLUSDT,20570,short,0.000504759687653815,,1,0.0010047596876538148,0.0010047596876538148,0,,
SOLUSDT,20734,short,-0.002413892894843561,,1,-0.0019138928948435612,-0.0019138928948435612,1,-0.0019133862017426898,-0.0019133862017426898
SOLUSDT,20742,long,0.0010725325138721139,,1,0.0015725325138721139,0.0015725325138721139,1,0.0015735192735088681,0.0015735192735088681
SOLUSDT,20803,short,-0.002948007603744456,,1,-0.0024480076037444558,0.0005288045622466735,1,-0.0024472339867510806,0.0011472339867510803
SOLUSDT,20810,long,-0.0034274640883820394,,1,-0.0029274640883820394,-0.0029274640883820394,1,-0.002928478327545812,-0.002928478327545812
SOLUSDT,20872,long,-0.0036053442373793114,,1,-0.0031053442373793114,-0.0031053442373793114,1,-0.003106447461109866,-0.003106447461109866
SOLUSDT,20878,short,-0.0032928073321378676,,1,-0.0027928073321378676,0.0007356843992827205,1,-0.0027918614014371492,0.0014918614014371489
SOLUSDT,20939,short,-0.0027433706468191084,,1,-0.0022433706468191084,0.0009433706468191084,1,-0.0022426992971705233,0.0009426992971705231
SOLUSDT,20948,long,0.0011559754620348744,,1,0.0016559754620348744,0.0016559754620348744,0,,
SOLUSDT,21005,short,0.0010195478648549017,,1,0.0015195478648549017,0.0015195478648549017,0,,
SOLUSDT,21038,long,-0.0026252153120172638,,1,-0.0021252153120172638,-0.0021252153120172638,1,-0.0021258282261303286,0.00033549693567819716
SOLUSDT,21086,short,-0.002490948582260513,,1,-0.001990948582260513,-0.001990948582260513,1,-0.001990403380570228,0.0013446454089123645
SOLUSDT,21155,short,-0.0028262226888259353,,1,-0.0023262226888259353,0.0010262226888259351,1,-0.002325509933859006,-0.002325509933859006
SOLUSDT,21176,long,-0.0026660481493936726,,1,-0.0021660481493936726,-0.0021660481493936726,1,-0.002166681490138742,-0.002166681490138742
SOLUSDT,21237,short,0.0015433606351835795,,1,0.0020433606351835795,0.0020433606351835795,0,,
SOLUSDT,21273,long,-0.002256496604350776,,1,-0.0017564966043507762,0.00045649660435077616,1,-0.0017569250668842181,0.000971080107014749
SOLUSDT,21339,long,0.0007825730892272329,,1,0.0012825730892272328,0.0012825730892272328,0,,
SOLUSDT,21400,long,-0.0046046110298240085,,1,-0.004104611029824008,0.004727377647718414,1,-0.004106214136892454,0.004729942619027928
SOLUSDT,21412,short,-0.0034744131513273465,,1,-0.0029744131513273465,-0.0029744131513273465,1,-0.0029733764630957985,-0.0029733764630957985
SOLUSDT,21476,long,-0.002779150726334551,,1,-0.002279150726334551,-0.002279150726334551,1,-0.00227984064665788,-0.00227984064665788
SOLUSDT,21482,short,0.0018143158004140887,,1,0.0023143158004140887,0.0023143158004140887,1,0.002312959320753712,0.002312959320753712
SOLUSDT,21536,long,0.0014458675450430766,,1,0.0019458675450430766,0.0019458675450430766,1,0.0019470410655758642,0.0019470410655758642
SOLUSDT,21557,short,-0.0032449550141792813,,1,-0.0027449550141792813,0.00255192802268685,1,-0.0027440329976804413,0.002550452796288706
SOLUSDT,21597,long,-0.0027338905483543906,,1,-0.0022338905483543906,0.0017342248773670244,1,-0.0022345578272680243,0.001735292523628839
SOLUSDT,21623,short,-0.0029532723001602836,,1,-0.0024532723001602836,-0.0024532723001602836,1,-0.002452496052134217,-0.002452496052134217
SOLUSDT,21663,long,0.0013694616590858321,,1,0.0018694616590858321,0.0018694616590858321,1,-0.002319123098477884,-0.002319123098477884
SOLUSDT,21725,long,0.0037112748262534286,,1,0.0042112748262534295,0.0042112748262534295,1,0.00421358161706196,0.00421358161706196
SOLUSDT,21763,short,-0.0036255292245540574,,1,-0.0031255292245540574,-0.0031255292245540574,1,-0.0031244170160460347,0.0009346502096276207
SOLUSDT,21791,long,-0.004092627450144425,,1,-0.003592627450144425,0.0022926274501444245,1,-0.0035939744373631064,-0.0035939744373631064
SOLUSDT,21834,short,-0.003258686421441127,,1,-0.002758686421441127,-0.002758686421441127,1,-0.002757757542669792,0.0007146545256018751
SOLUSDT,21851,long,0.003448360834599621,,1,0.003948360834599622,0.003948360834599622,1,0.003950536102650947,0.003950536102650947
SOLUSDT,21912,long,-0.0030932806593064223,,1,-0.0025932806593064223,-0.0025932806593064223,1,-0.002594127723168006,-0.002594127723168006
SOLUSDT,21916,short,0.0027428373620286954,,1,0.0032428373620286954,0.0032428373620286954,0,,
SOLUSDT,21976,short,-0.0037949646451255494,,1,-0.0032949646451255494,-0.0032949646451255494,1,-0.003293767761244927,-0.003293767761244927
SOLUSDT,21985,long,-0.002900963007239152,,1,-0.002400963007239152,0.002001540811582643,1,-0.0024017138641712374,0.0020027421826739797
SOLUSDT,22046,long,0.0013609954675171633,,1,0.0018609954675171633,0.0018609954675171633,1,0.0018621265307825542,0.0018621265307825542
SOLUSDT,22067,short,-0.0038595947143958685,,1,-0.0033595947143958685,0.0010757568286375208,1,-0.0033583655316300537,0.0020583655316300533
SOLUSDT,22113,long,-0.00256569961623597,,1,-0.00206569961623597,-0.00206569961623597,1,-0.0020662827576147774,0.0002997696545688663
SOLUSDT,22132,short,-0.003094098365392055,,1,-0.002594098365392055,0.002310557384627288,1,-0.002593251739522294,0.00230920278323567
SOLUSDT,22215,short,-0.0036279115585830983,,1,-0.0031279115585830983,0.003164658493732957,1,-0.003126798159503347,0.0031628770552053547
SOLUSDT,22267,long,0.0010476242747373518,,1,0.0015476242747373518,0.0015476242747373518,0,,
SOLUSDT,22287,short,0.0008187391909864956,,1,0.0013187391909864953,0.0013187391909864953,0,,
SOLUSDT,22329,long,-0.0028517339249013113,,1,-0.0023517339249013113,-0.0023517339249013113,1,-0.0023524601549788004,-0.0023524601549788004
SOLUSDT,22353,short,-0.0030512480454348134,,1,-0.0025512480454348133,0.002241996872695701,1,0.002240676534428487,0.002240676534428487
SOLUSDT,22391,long,0.0016118313738505137,,1,0.0021118313738505137,0.0021118313738505137,1,0.0021130879178094188,0.0021130879178094188
SOLUSDT,22413,short,0.002323178195030755,,1,0.002823178195030755,0.002823178195030755,1,0.002821567411325093,0.002821567411325093
SOLUSDT,22475,short,0.0016766553629589255,,1,0.0021766553629589255,0.0021766553629589255,1,0.002175367679119366,0.002175367679119366
SOLUSDT,22508,long,-0.003196773147548892,,1,-0.002696773147548892,0.000678063888529335,1,-0.002697671983540662,0.0006786031901243972
SOLUSDT,22542,short,-0.0025788350273232633,,1,-0.0020788350273232632,-0.0020788350273232632,1,-0.002078245904371078,0.0014851934469937243
SOLUSDT,22568,long,-0.0034715324810964047,,1,-0.0029715324810964047,-0.0029715324810964047,1,-0.0029725687654791446,-0.0029725687654791446
SOLUSDT,22607,short,-0.0023906039873149076,,1,-0.0018906039873149076,0.0005906039873149074,1,-0.0018901089328484835,0.0005901089328484834
SOLUSDT,22639,long,-0.0024533810866092394,,1,-0.0019533810866092394,0.001285409738574783,1,0.0012862528650072864,0.0012862528650072864
SOLUSDT,22694,short,-0.002239160839160852,,1,-0.001739160839160852,0.0004391608391608521,1,-0.0017387414684266389,0.0009419863494826221
SOLUSDT,22755,short,0.00040168156169671397,,1,0.0009016815616967139,0.0009016815616967139,0,,
SOLUSDT,22941,long,0.0004825364246732447,,1,0.0009825364246732445,0.0009825364246732445,1,0.0009832280386925909,0.0009832280386925909
SOLUSDT,22995,short,-0.0023321539958783347,,1,-0.0018321539958783347,0.0010914463934053355,1,0.0010907010428838938,0.0010907010428838938
SOLUSDT,23057,short,0.0014968104235662696,,1,0.0019968104235662696,0.0019968104235662696,1,0.0019956126172576407,0.0019956126172576407
SOLUSDT,23092,long,-0.0024410482109494553,,1,-0.0019410482109494553,-0.0019410482109494553,1,-0.001941568995447179,0.001266510392715486
SOLUSDT,23124,short,-0.003395238140667023,,1,-0.002895238140667023,0.0015952381406670224,1,-0.0028942410201569443,0.001594241020156944
SOLUSDT,23185,long,-0.0057226559173973275,,1,-0.005222655917397327,0.006516249467835725,1,-0.005224818326560607,0.006519709322496972
SOLUSDT,23213,short,0.002652957414849964,,1,0.003152957414849964,0.003152957414849964,1,-0.003119488639961247,-0.003119488639961247
SOLUSDT,23273,short,0.004562684659921247,,1,0.0050626846599212474,0.0050626846599212474,1,0.005059954682579958,0.005059954682579958
SOLUSDT,23299,long,-0.006289113383590488,,1,-0.005789113383590488,0.004489113383590489,1,-0.005791559163172073,0.004491559163172074
SOLUSDT,23334,short,-0.003540888587967158,,1,-0.003040888587967158,0.0030254217407474525,1,0.0030237098858045502,0.0030237098858045502
SOLUSDT,23374,long,-0.002859171800789657,,1,-0.002359171800789657,0.0010591718007896568,1,-0.0023599017516654896,0.0004759410509992938
SOLUSDT,23394,short,0.0011089499541554575,,1,0.0016089499541554575,0.0016089499541554575,0,,
SOLUSDT,23448,long,-0.0033644189597577773,,1,-0.0028644189597577772,0.0027430703356124434,1,0.002744642656940913,0.002744642656940913
SOLUSDT,23496,short,-0.0024924694923921125,,1,-0.0019924694923921125,-0.0019924694923921125,1,-0.001991923530626799,0.0013470776490028785
SOLUSDT,23520,long,-0.0029439685792726983,,1,-0.0024439685792726983,0.0020703497268363172,1,0.002071585519596115,0.002071585519596115
SOLUSDT,23597,long,-0.0024016179983049565,,1,-0.0019016179983049565,0.0006016179983049563,1,-0.0019021190578338734,0.0023175344934197786
SOLUSDT,23631,short,-0.002282627162540147,,1,-0.0017826271625401469,-0.0017826271625401469,1,-0.0017821860695053943,-0.0017821860695053943
SOLUSDT,24636,long,0.002118941820095536,,1,0.002618941820095536,0.002618941820095536,1,-0.002787782528824122,0.0014877825288241216
SOLUSDT,24659,short,0.0011377645004986758,,1,0.0016377645004986758,0.0016377645004986758,1,0.0016367461274349585,0.0016367461274349585
SOLUSDT,24709,long,0.0005700141860177114,,1,0.0010700141860177112,0.0010700141860177112,0,,
SOLUSDT,24726,short,0.0008131762287280649,,1,0.0013131762287280648,0.0013131762287280648,1,0.001312320068693718,0.001312320068693718
SOLUSDT,24832,long,-0.002201343203846439,,1,-0.001701343203846439,0.0008821491261543024,1,0.0008827905214150099,0.0008827905214150099
SOLUSDT,25206,long,-0.0023213967290416308,,1,-0.0018213967290416307,-0.0018213967290416307,1,-0.0018218576578705658,0.00015311459472233948
SOLUSDT,25916,long,-0.0026441292650306292,,1,-0.002144129265030629,0.0008441292650306292,1,-0.002144751640851055,0.0008447516408510548
SOLUSDT,25930,short,-0.0023984318109057027,,1,-0.0018984318109057027,0.0005984318109057028,1,-0.0018979328444834612,0.00019875970669007661
SOLUSDT,25977,long,0.0011475201596591175,,1,0.0016475201596591175,0.0016475201596591175,1,0.0016485444318750549,0.0016485444318750549
SOLUSDT,26033,short,-0.0028156761605740975,,1,-0.0023156761605740974,0.0018650818569185554,1,0.001863949881977567,0.001863949881977567
SOLUSDT,26040,long,-0.0026086413856953503,,1,-0.0021086413856953503,-0.0021086413856953503,1,-0.0021092460086997,-0.0021092460086997
SOLUSDT,26093,short,-0.0023528902326740812,,1,-0.0018528902326740812,0.0011246243722785301,1,0.0011238624410580013,0.0011238624410580013
SOLUSDT,26119,long,-0.00247588908415278,,1,-0.00197588908415278,0.000245533450491668,1,-0.0019764272978016807,0.00024585637868100845
SOLUSDT,26177,short,-0.002564144353899896,,1,-0.002064144353899896,-0.002064144353899896,1,-0.002063562572613589,0.00029813754356815346
SOLUSDT,26183,long,-0.002491846298031884,,1,-0.001991846298031884,0.0013469540768510145,1,-0.001992392494279024,0.001347827990846438
SOLUSDT,26237,short,-0.003523905989320408,,1,-0.003023905989320408,-0.003023905989320408,1,-0.00302284456703689,-0.00302284456703689
SOLUSDT,26253,long,-0.002302496682987921,,1,-0.0018024966829879208,0.0001414980097927524,1,-0.001802948157066454,0.001044717051306326
SOLUSDT,26381,short,-0.0023826982879542624,,1,-0.0018826982879542624,-0.0018826982879542624,1,-0.001882207184362081,-0.001882207184362081
SOLUSDT,26441,short,0.0013118060043675974,,1,0.0018118060043675974,0.0018118060043675974,0,,
SOLUSDT,26479,long,-0.0024157440325037957,,1,-0.0019157440325037957,0.0006157440325037958,1,-0.0019162521585830874,0.00020975129514985233
SOLUSDT,26520,short,0.001368188870976817,,1,0.001868188870976817,0.001868188870976817,0,,
SOLUSDT,26548,long,-0.002852597809399891,,1,-0.002352597809399891,0.00047155868563993444,1,-0.0023533244716357087,0.0010533244716357084
SOLUSDT,26584,short,-0.002962153931339981,,1,-0.002462153931339981,0.00209944629014397,1,-0.0024613732447176227,0.002098197191548196
SOLUSDT,26624,long,-0.004520652125129026,,1,-0.004020652125129026,-0.004020652125129026,1,-0.004022213231744899,-0.004022213231744899
SOLUSDT,26687,short,0.0005814835536023723,,1,0.0010814835536023721,0.0010814835536023721,0,,
SOLUSDT,26711,long,-0.003035105117907051,,1,-0.002535105117907051,0.0012351051179070507,1,-0.0025359230794467745,0.002217476927114839
SOLUSDT,26747,short,-0.0024603498168678604,,1,-0.0019603498168678604,0.0006603498168678604,1,-0.001959819906914403,-0.001959819906914403
SOLUSDT,26772,long,-0.0025741529425281173,,1,-0.0020741529425281173,0.0007741529425281174,1,-0.0020747403126844598,-0.0020747403126844598
SOLUSDT,26807,short,-0.0028517543735951316,,1,-0.0023517543735951316,-0.0023517543735951316,1,-0.002351028859165549,-0.002351028859165549
SOLUSDT,26832,long,-0.002322628409652646,,1,-0.0018226284096526462,0.0010762054554442338,1,0.0010769439274079377,0.0010769439274079377
SOLUSDT,26871,short,-0.002211624318601597,,1,-0.001711624318601597,0.0008985989097625551,1,-0.0017112187092469737,0.0008979499347951575
SOLUSDT,26906,long,-0.0025926155165555548,,1,-0.0020926155165555548,0.0015081848264888872,1,0.0015091393961869804,0.0015091393961869804
SOLUSDT,26969,long,0.0008534026552003664,,1,0.0013534026552003663,0.0013534026552003663,0,,
SOLUSDT,26994,short,-0.0024483290861135364,,1,-0.0019483290861135364,-0.0019483290861135364,1,-0.0019478051835217758,0.00022868311011306537
SOLUSDT,27029,long,-0.0023415789876287166,,1,-0.0018415789876287166,0.0011065263802059466,1,0.0011072800202160545,0.0011072800202160545
SOLUSDT,27080,short,-0.002411057002768409,,1,-0.001911057002768409,0.00020663420166104529,1,-0.0019105517269049567,0.0012168827630479303
SOLUSDT,27092,long,-0.002249480872799948,,1,-0.001749480872799948,0.00044948087279994824,1,0.0009598493211404874,0.0009598493211404874
SOLUSDT,27152,long,0.0011539465968340283,,1,0.0016539465968340283,0.0016539465968340283,0,,
SOLUSDT,27179,short,-0.002559028080089373,,1,-0.002059028080089373,0.0007590280800893732,1,-0.0020584488556615425,0.001453518169058468
SOLUSDT,27244,short,-0.0023979471594965484,,1,-0.0018979471594965484,0.0005979471594965485,1,0.0011959174964462542,0.0011959174964462542
SOLUSDT,27351,long,-0.002343224503979752,,1,-0.001843224503979752,-0.001843224503979752,1,-0.0018436963521558298,0.00016621781129349782
SOLUSDT,27381,short,0.0019953281819604157,,1,0.0024953281819604157,0.0024953281819604157,0,,
SOLUSDT,27415,long,-0.0025047374476812947,,1,-0.0020047374476812947,0.0002628424686087768,1,-0.0020052900927276583,0.0007052900927276584
SOLUSDT,27442,short,-0.0032029172958750315,,1,-0.0027029172958750315,-0.0027029172958750315,1,-0.002702016287731166,-0.002702016287731166
SOLUSDT,27475,long,-0.0030180891641660517,,1,-0.0025180891641660517,0.0012180891641660515,1,-0.002518898613472788,0.001218898613472788
SOLUSDT,27535,long,-0.003015934119077595,,1,-0.002515934119077595,-0.002515934119077595,1,-0.002516742490322756,-0.002516742490322756
SOLUSDT,27542,short,-0.003028214996498109,,1,-0.002528214996498109,0.0012282149964981085,1,-0.0025274012958501836,0.0005764407775101102
SOLUSDT,27604,short,-0.0028119261483990723,,1,0.001859081837438515,0.001859081837438515,1,0.0018579528610080114,0.0018579528610080114
SOLUSDT,27626,long,0.0008503618750695785,,1,0.0013503618750695784,0.0013503618750695784,0,,
SOLUSDT,27664,short,-0.002433020507473065,,1,-0.001933020507473065,-0.001933020507473065,1,-0.0019325042553453927,0.0012520068085526278
SOLUSDT,27689,long,0.0011132707915513375,,1,0.0016132707915513375,0.0016132707915513375,0,,
SOLUSDT,27749,long,-0.0030794449035699825,,1,-0.0025794449035699825,0.0012794449035699823,1,-0.002580285046093029,-0.002580285046093029
SOLUSDT,27788,short,-0.0025491489566304465,,1,-0.0020491489566304465,0.0014386383306087143,1,0.001437719470873278,0.001437719470873278
SOLUSDT,27861,short,0.0004316059536773615,,1,0.0009316059536773614,0.0009316059536773614,0,,
SOLUSDT,27917,long,0.000600292810637643,,1,0.0011002928106376428,0.0011002928106376428,1,0.0011010433323037946,0.0011010433323037946
SOLUSDT,28106,short,-0.0022217415664275604,,1,-0.0017217415664275604,0.00042174156642756024,1,-0.0017213309009770717,0.0009141294415633147
SOLUSDT,28163,long,0.0007836878194497355,,1,0.0012836878194497354,0.0012836878194497354,1,0.001284530084491981,0.001284530084491981
SOLUSDT,28558,short,-0.0026045759962122035,,1,-0.0021045759962122035,0.001527321593939525,1,0.0015263584147321592,0.0015263584147321592
SOLUSDT,28618,short,0.0008693958392864233,,1,0.0013693958392864232,0.0013693958392864232,1,-0.0020053197396841726,0.0007053197396841727
SOLUSDT,28631,long,-0.0022668431111838405,,1,-0.0017668431111838405,-0.0017668431111838405,1,-0.0017672767495586195,0.00012036604973517169
SOLUSDT,28691,long,0.000795487913505577,,1,0.0012954879135055766,0.0012954879135055766,1,0.0012963360815463495,0.0012963360815463495
SOLUSDT,28760,long,0.0005536698599543867,,1,0.0010536698599543865,0.0010536698599543865,1,0.001054397058483628,0.001054397058483628
SOLUSDT,28783,short,-0.002454164614764744,,1,-0.001954164614764744,0.00023249876885884617,1,-0.0019536377958668106,0.0006536377958668105
SOLUSDT,28834,long,-0.003064334685882182,,1,-0.002564334685882182,-0.002564334685882182,1,-0.00256516726951694,-0.00256516726951694
SOLUSDT,28850,short,-0.0024232614401332266,,1,0.005982224366421815,0.005982224366421815,1,0.006478535098872335,0.006478535098872335
SOLUSDT,28894,long,0.002136701409697008,,1,0.002636701409697008,0.002636701409697008,1,-0.0027988878249731166,0.0026382205199569865
SOLUSDT,28938,short,-0.0027195415152362155,,1,-0.0022195415152362155,0.0017112664243779442,1,-0.0022188820741991157,0.001710211318718585
SOLUSDT,28954,long,-0.0024980204917288925,,1,-0.0019980204917288925,-0.0019980204917288925,1,-0.001998569776617201,-0.001998569776617201
SOLUSDT,29017,long,-0.0022461229959601383,,1,-0.0017461229959601383,-0.0017461229959601383,1,-0.0017465462690946856,-0.0017465462690946856
SOLUSDT,29029,short,-0.0022613548613548843,,1,-0.0017613548613548843,-0.0017613548613548843,1,-0.0017609243991553065,0.0009774790386484903
SOLUSDT,29091,short,0.0008597400023780292,,1,0.001359740002378029,0.001359740002378029,1,-0.0019992878575574896,0.001358860572091983
SOLUSDT,29107,long,-0.002675775401296427,,1,-0.002175775401296427,0.0008757754012964268,1,-0.002176413608100477,0.001642261772960763
SOLUSDT,29153,short,0.001080834122198822,,1,0.001580834122198822,0.001580834122198822,0,,
SOLUSDT,29200,long,0.0026697388988511602,,1,0.0031697388988511602,0.0031697388988511602,1,0.0031715246611817506,0.0031715246611817506
SOLUSDT,29246,short,-0.0024094015271937403,,1,-0.0019094015271937403,0.0002056409163162441,1,-0.001908897078654413,0.000608897078654413
SOLUSDT,29266,long,-0.0022497870886680235,,1,-0.0017497870886680235,-0.0017497870886680235,1,-0.0017502121947654062,-0.0017502121947654062
SOLUSDT,29326,long,-0.0024218056612746244,,1,-0.0019218056612746244,-0.0019218056612746244,1,-0.0019223168196844669,0.00021339009181067995
SOLUSDT,29387,long,0.0005619941761221016,,1,0.0010619941761221014,0.0010619941761221014,1,0.0010627255388915473,0.0010627255388915473
SOLUSDT,29579,long,-0.002484225874183953,,1,-0.001984225874183953,0.000684225874183953,1,0.001335629213300975,0.001335629213300975
SOLUSDT,29636,short,-0.002973994348356228,,1,-0.002473994348356228,-0.002473994348356228,1,-0.0024732077444839864,-0.0024732077444839864
SOLUSDT,29639,long,0.0019609224137806503,,1,0.0024609224137806503,0.0024609224137806503,0,,
SOLUSDT,29699,long,0.0010337838472675282,,1,0.001533783847267528,0.001533783847267528,1,0.0015347512228789674,0.0015347512228789674
SOLUSDT,29723,short,-0.002342793862362078,,1,-0.0018427938623620781,0.001108470179779325,1,-0.0018423227010115725,0.0011077163216185158
SOLUSDT,29909,long,-0.002354912159500291,,1,-0.0018549121595002908,-0.0018549121595002908,1,-0.0018553898544275047,-0.0018553898544275047
SOLUSDT,30070,short,-0.002795391164544922,,1,-0.002295391164544922,-0.002295391164544922,1,-0.002294693817636104,0.0018315101082177665
SOLUSDT,30166,long,-0.0030311918264102925,,1,-0.0025311918264102925,-0.0025311918264102925,1,-0.0025320078303254553,-0.0025320078303254553
SOLUSDT,30193,short,-0.002974860772647793,,1,-0.002474860772647793,-0.002474860772647793,1,-0.002474073735779903,-0.002474073735779903
SOLUSDT,30226,long,-0.0022352428763840757,,1,-0.0017352428763840757,0.000936388602214521,1,-0.0017356607067374442,0.0009370571307799109
SOLUSDT,30260,short,0.0005417711523387761,,1,0.0010417711523387759,0.0010417711523387759,0,,
SOLUSDT,30349,long,0.0023019754169058765,,1,0.0028019754169058765,0.0028019754169058765,1,0.00280357720550863,0.00280357720550863
SOLUSDT,30378,short,-0.003009794006923621,,1,-0.002509794006923621,0.0005658764041541725,1,-0.002508989512167537,0.0021743832194680594
SOLUSDT,30429,long,-0.0030068973087900184,,1,-0.0025068973087900184,0.0021710356940640293,1,0.0021723218549915247,0.0021723218549915247
SOLUSDT,30458,short,-0.0026240202071463126,,1,-0.0021240202071463126,-0.0021240202071463126,1,-0.0021234085028948653,0.00033404510173691906
SOLUSDT,30489,long,-0.002687194989973358,,1,-0.002187194989973358,0.0003723169939840147,1,-0.002187838909428072,0.00037270334565684315
SOLUSDT,30519,short,0.0006050046598591555,,1,0.0011050046598591553,0.0011050046598591553,0,,
SOLUSDT,30557,long,0.0009303983492797257,,1,0.0014303983492797256,0.0014303983492797256,0,,
SOLUSDT,30706,long,0.00048112406234622897,,1,0.0009811240623462288,0.0009811240623462288,0,,
SOLUSDT,30989,short,0.0007325056640437716,,1,0.0012325056640437714,0.0012325056640437714,0,,
SOLUSDT,31015,long,0.0016429334308601107,,1,0.0021429334308601107,0.0021429334308601107,1,0.0021442055336269245,0.0021442055336269245
SOLUSDT,31054,short,-0.0027938396855863457,,1,-0.0022938396855863457,0.0009938396855863453,1,-0.002293143114029331,-0.002293143114029331
SOLUSDT,31078,long,0.0008861598276572506,,1,0.0013861598276572505,0.0013861598276572505,0,,
SOLUSDT,31138,short,-0.0022477663907409053,,1,-0.0017477663907409053,-0.0017477663907409053,1,-0.0017473427193812146,-0.0017473427193812146
SOLUSDT,31146,long,-0.002637762148681476,,1,-0.002137762148681476,-0.002137762148681476,1,-0.0021383813393511517,-0.0021383813393511517
SOLUSDT,31206,short,-0.002316884361346542,,1,-0.001816884361346542,0.001067014978154467,1,0.0010662818372358489,0.0010662818372358489
SOLUSDT,31241,long,0.0006447852847843228,,1,0.0011447852847843226,0.0011447852847843226,1,-0.0018659737898851442,0.000565973789885144
SOLUSDT,31270,short,0.0012947889488544944,,1,0.0017947889488544944,0.0017947889488544944,1,-0.0022710575642519333,-0.0022710575642519333
SOLUSDT,31305,long,-0.002531638544586706,,1,-0.002031638544586706,-0.002031638544586706,1,-0.0020322046469101614,0.0014115274350562578
SOLUSDT,31426,short,-0.002320768379077666,,1,-0.001820768379077666,-0.001820768379077666,1,-0.0018203082249651833,0.00015218493497910993
SOLUSDT,31434,long,-0.002735959966487798,,1,-0.002235959966487798,-0.002235959966487798,1,-0.002236628280628112,-0.002236628280628112
SOLUSDT,31502,long,-0.0023852706299911206,,1,-0.0018852706299911206,-0.0018852706299911206,1,-0.0018857635117469941,-0.0018857635117469941
SOLUSDT,31569,long,-0.0022069575135443232,,1,-0.0017069575135443232,-0.0017069575135443232,1,-0.001707361194141394,-0.001707361194141394
SOLUSDT,31629,long,0.0005449421341033637,,1,0.0010449421341033635,0.0010449421341033635,0,,
SOLUSDT,31698,long,0.0011036643438436982,,1,-0.0021522902149023115,0.0016036643438436982,1,0.0016046666771822892,0.0016046666771822892
SOLUSDT,31756,short,-0.0022598385672455957,,1,-0.0017598385672455957,-0.0017598385672455957,1,-0.0017594088628141887,0.0009750541805027018
SOLUSDT,31758,long,-0.0023710705419418103,,1,-0.0018710705419418103,0.0005710705419418102,1,0.0011544901121629777,0.0011544901121629777
SOLUSDT,31819,long,-0.0035438922690661113,,1,-0.0030438922690661113,-0.0030438922690661113,1,-0.0030449647514418318,-0.0030449647514418318
SOLUSDT,31867,short,-0.00402153387153387,,1,-0.0035215338715338705,0.003794454194454193,1,-0.003520223759654044,0.00379235801544647
SOLUSDT,31880,long,-0.0033218357736294725,,1,-0.0028218357736294725,0.0007531014641776834,1,-0.00282279717221558,0.000753678303329348
SOLUSDT,31932,short,-0.002958493963666719,,1,-0.002458493963666719,0.0011584939636667187,1,-0.002457715106113662,0.0005346290636681973
SOLUSDT,31941,long,0.0011840445821010956,,1,0.0016840445821010956,0.0016840445821010956,1,0.0016850871256639272,0.0016850871256639272
SOLUSDT,32001,long,0.0007421425168447824,,1,0.0012421425168447821,0.0012421425168447821,1,0.001242963998844204,0.001242963998844204
SOLUSDT,32027,short,-0.002464828674849649,,1,-0.001964828674849649,0.0013037258797594382,1,-0.001964296526586356,0.0013028744425381692
SOLUSDT,32102,short,-0.0029289126976573313,,1,-0.0024289126976573313,-0.0024289126976573313,1,-0.0024281486233456587,-0.0024281486233456587
SOLUSDT,32155,long,-0.0027869559673695636,,1,-0.0022869559673695636,0.000432173580421738,1,-0.0022876497922656963,0.0009876497922656961
SOLUSDT,32171,short,-0.002354602011191424,,1,-0.001854602011191424,-0.001854602011191424,1,-0.0018541249487170654,-0.0018541249487170654
SOLUSDT,32217,long,0.0004696879037193024,,1,0.0009696879037193023,0.0009696879037193023,1,0.0009703730902644343,0.0009703730902644343
SOLUSDT,32234,short,-0.002479602118659636,,1,-0.001979602118659636,-0.001979602118659636,1,-0.001979062587365953,-0.001979062587365953
SOLUSDT,32294,short,0.0007525764125320385,,1,0.0012525764125320383,0.0012525764125320383,0,,
SOLUSDT,32426,long,-0.0022931913184271588,,1,-0.0017931913184271587,-0.0017931913184271587,1,-0.0017936381374959068,-0.0017936381374959068
SOLUSDT,32432,short,0.0011908408666855283,,1,0.0016908408666855283,0.0016908408666855283,1,0.0016897959687011779,0.0016897959687011779
SOLUSDT,32492,short,-0.0022135577287292966,,1,-0.0017135577287292966,-0.0017135577287292966,1,-0.00171315115315272,-0.00171315115315272
SOLUSDT,32706,long,0.0004389416195027197,,1,0.0009389416195027196,0.0009389416195027196,1,-0.0017372571407595796,-0.0017372571407595796
SOLUSDT,32791,long,-0.002206456059862506,,1,-0.0017064560598625059,0.000890329695780009,1,-0.0017068594896073094,0.0008909751833716949
SOLUSDT,32881,long,0.0005375422877482341,,1,0.001037542287748234,0.001037542287748234,0,,
SOLUSDT,32945,long,-0.0026918536664721016,,1,-0.0021918536664721016,-0.0021918536664721016,1,-0.0021924999164303167,-0.0021924999164303167
SOLUSDT,32951,short,-0.003055076552441211,,1,-0.002555076552441211,-0.002555076552441211,1,-0.0025542494277273472,0.0005925496566364084
SOLUSDT,33011,short,-0.0023107254803353683,,1,-0.0018107254803353683,0.00014643528820122088,1,-0.001810270345162787,-0.001810270345162787
SOLUSDT,33019,long,-0.00229582201810896,,1,-0.00179582201810896,0.001033315228974336,1,0.0010340322450968845,0.0010340322450968845
SOLUSDT,33079,long,0.0006307542062159641,,1,0.0011307542062159639,0.0011307542062159639,0,,
SOLUSDT,33171,short,0.0022173946683547983,,1,0.0027173946683547983,0.0027173946683547983,1,0.002715836749979809,0.002715836749979809
SOLUSDT,33190,long,-0.0029253881750388425,,1,-0.0024253881750388425,0.0020406210800621477,1,0.002041842001062679,0.002041842001062679
SOLUSDT,33231,short,0.00159789475607989,,1,0.00209789475607989,0.00209789475607989,0,,
SOLUSDT,33290,long,0.0012108837130251726,,1,0.0017108837130251726,0.0017108837130251726,1,0.0017119396828666061,0.0017119396828666061
SOLUSDT,33345,short,-0.002337773018064991,,1,-0.001837773018064991,0.00016266381083899462,1,-0.00183730436588205,0.0005373043658820502
SOLUSDT,34596,long,0.0006620421534739656,,1,0.0011620421534739654,0.0011620421534739654,0,,
SOLUSDT,34634,short,0.0006884716641263919,,1,0.0011884716641263917,0.0011884716641263917,1,0.001187677825213785,0.001187677825213785
SOLUSDT,34886,short,-0.0026832799092340914,,1,-0.0021832799092340914,0.0008832799092340912,1,-0.0021826385899391216,-0.0021826385899391216
SOLUSDT,34900,long,0.0004920266100113888,,1,0.0009920266100113886,0.0009920266100113886,1,-0.0017704518571857106,0.00012227111431142637
SOLUSDT,35071,long,-0.002212371835379567,,1,-0.001712371835379567,0.0008997949366073072,1,-0.001712778224491813,0.0009004451591869005
SOLUSDT,35487,long,-0.004508123312331227,,1,-0.004008123312331227,-0.004008123312331227,1,-0.00400967815140693,-0.00400967815140693
SOLUSDT,35506,short,0.0017945026756411107,,1,0.0022945026756411107,0.0022945026756411107,1,0.0022931560975923146,0.0022931560975923146
SOLUSDT,35547,long,0.0009911051212937753,,1,0.001491105121293775,0.001491105121293775,1,0.0014920511468672088,0.0014920511468672088
SOLUSDT,35566,short,-0.0022828098615332673,,1,-0.0017828098615332673,0.0010124957784532276,1,0.0010117898835114718,0.0010117898835114718
SOLUSDT,35608,long,-0.00291835845599576,,1,-0.00241835845599576,0.0005110150735974559,1,-0.0024191180150032617,0.0011191180150032613
SOLUSDT,35628,short,0.0007101275625443367,,1,0.0012101275625443365,0.0012101275625443365,1,0.0012093229010937895,0.0012093229010937895
SOLUSDT,35852,short,-0.002894855680921895,,1,-0.002394855680921895,-0.002394855680921895,1,-0.0023941086266085904,-0.0023941086266085904
SOLUSDT,35867,long,0.0005991670548374591,,1,0.0010991670548374589,0.0010991670548374589,0,,
SOLUSDT,35950,long,-0.0022351083295018407,,1,-0.0017351083295018407,0.00043510832950184055,1,-0.0017355260925481148,0.0009368417480769834
SOLUSDT,36048,short,-0.0027536836664877064,,1,-0.0022536836664877064,-0.0022536836664877064,1,-0.0022530071629062536,0.0017648114606500054
SOLUSDT,36090,long,0.0008017667237500923,,1,0.0013017667237500922,0.0013017667237500922,0,,
SOLUSDT,36121,short,0.0008895027639127282,,1,0.0013895027639127281,0.0013895027639127281,0,,
SOLUSDT,36159,long,-0.0028272237196765274,,1,-0.0023272237196765274,-0.0023272237196765274,1,-0.0023279376885207877,-0.0023279376885207877
SOLUSDT,36239,long,0.0007761241521380322,,1,0.001276124152138032,0.001276124152138032,0,,
SOLUSDT,36304,long,0.0010204334169416599,,1,0.0015204334169416599,0.0015204334169416599,1,-0.002100871321249162,0.001521394113998659
SOLUSDT,36549,long,0.00045634702753263065,,1,0.0009563470275326306,0.0009563470275326306,1,0.000957025540302782,0.000957025540302782
SOLUSDT,36578,short,0.0003839273070568776,,1,0.0008839273070568775,0.0008839273070568775,0,,
SOLUSDT,36615,long,0.0007473147820762356,,1,0.0012473147820762354,0.0012473147820762354,0,,
SOLUSDT,36677,long,0.0006115679022964009,,1,0.0011115679022964007,0.0011115679022964007,0,,
SOLUSDT,36703,short,-0.0025217038621250603,,1,-0.0020217038621250603,0.0013947261794000963,1,-0.0020211432904798207,0.0013938292647677128
SOLUSDT,36767,short,-0.0025444099818431117,,1,-0.0020444099818431117,-0.0020444099818431117,1,-0.002043838062811706,-0.002043838062811706
SOLUSDT,36771,long,-0.0027405601549450875,,1,-0.0022405601549450875,-0.0022405601549450875,1,-0.0022412307703302526,-0.0022412307703302526
SOLUSDT,36847,long,0.000829780081262846,,1,0.0013297800812628459,0.0013297800812628459,1,0.0013306454039648283,0.0013306454039648283
SOLUSDT,36901,short,0.0006741176438680499,,1,0.0011741176438680497,0.0011741176438680497,1,0.00117333097837886,0.00117333097837886
SOLUSDT,36982,short,-0.0024048097528453567,,1,-0.0019048097528453567,0.00020288585170721404,1,-0.0019043075990458338,0.0006043075990458339
SOLUSDT,37024,long,0.0008359196947512194,,1,0.0013359196947512193,0.0013359196947512193,1,0.0013367880887956171,0.0013367880887956171
SOLUSDT,37109,short,-0.0022588783226194873,,1,-0.0017588783226194873,-0.0017588783226194873,1,-0.0017584490980704524,-0.0017584490980704524
SOLUSDT,37169,short,-0.0037264027202280102,,1,-0.0032264027202280102,-0.0032264027202280102,1,-0.0032252401001779214,0.0009951440601067526
SOLUSDT,37309,short,-0.002489450870401686,,1,-0.001989450870401686,0.0006894508704016859,1,-0.0019889064171930895,0.0006889064171930893
SOLUSDT,37459,long,-0.00222069815685722,,1,-0.00172069815685722,0.0009131170509715517,1,0.0009137739379405219,0.0009137739379405219
SOLUSDT,37531,short,0.0013017750112127493,,1,0.0018017750112127493,0.0018017750112127493,1,0.0018006746738758114,0.0018006746738758114
SOLUSDT,37592,short,-0.002681220748776427,,1,-0.002181220748776427,-0.002181220748776427,1,-0.0021805804585471535,-0.0021805804585471535
SOLUSDT,37600,long,-0.0025523490033683015,,1,-0.0020523490033683015,-0.0020523490033683015,1,-0.002052925466101352,0.0002917552796608112
SOLUSDT,37654,short,0.0017171709654483893,,1,0.0022171709654483893,0.0022171709654483893,1,0.0022158630339314234,0.0022158630339314234
SOLUSDT,37670,long,-0.002752688243356766,,1,-0.002252688243356766,0.0017643011893708252,1,0.001765383881311481,0.001765383881311481
SOLUSDT,38037,long,-0.0023169149834776546,,1,-0.0018169149834776546,-0.0018169149834776546,1,-0.001817373670312811,0.000517373670312811
SOLUSDT,38043,short,-0.0024947778613731595,,1,-0.0019947778613731595,0.0002568667168238956,1,-0.0019942307460001593,0.0013507691936002547
SOLUSDT,38110,short,-0.0022275896314053636,,1,-0.0017275896314053636,-0.0017275896314053636,1,-0.0017271760433836716,9.6305626030203e-05
SOLUSDT,38170,short,0.0005510544973033776,,1,0.0010510544973033773,0.0010510544973033773,1,-0.0018064558328981617,-0.0018064558328981617
SOLUSDT,38309,short,-0.002239232788142366,,1,-0.0017392327881423659,0.0009427724610277852,1,0.000942101410322624,0.000942101410322624
SOLUSDT,38360,long,-0.0029606067949401282,,1,-0.002460606794940128,0.0011606067949401278,0,,
SOLUSDT,38455,short,-0.0025727668564441827,,1,-0.0020727668564441827,0.0007727668564441828,1,-0.0020721807660611523,0.0007721807660611521
SOLUSDT,38518,short,-0.002522372627712394,,1,-0.002022372627712394,0.00139579620433983,1,0.0013948987549623488,0.0013948987549623488
SOLUSDT,38563,long,0.0006414065055930444,,1,0.0011414065055930442,0.0011414065055930442,0,,
SOLUSDT,38651,long,0.0006710486137109998,,1,0.0011710486137109996,0.0011710486137109996,0,,
SOLUSDT,38881,short,-0.0022436966593513768,,1,-0.0017436966593513768,-0.0017436966593513768,1,-0.0017432750218404564,-0.0017432750218404564
SOLUSDT,38984,long,-0.0032119146269280244,,1,-0.0027119146269280244,0.002499063403084839,1,0.0025005136599147966,0.0025005136599147966
SOLUSDT,39044,long,0.0009863486036426634,,1,0.0014863486036426634,0.0014863486036426634,1,0.001487292249767547,0.001487292249767547
SOLUSDT,39074,short,-0.0024778959471112505,,1,-0.0019778959471112505,-0.0019778959471112505,1,-0.001977357268477012,-0.001977357268477012
SOLUSDT,39104,long,0.0010999478608543596,,1,-0.002149967413033975,0.0008499674130339748,1,-0.002150592709388669,0.0003503556256332015
SOLUSDT,39163,short,-0.002549483658803043,,1,-0.002049483658803043,-0.002049483658803043,1,-0.0020489092042009424,-0.0020489092042009424
SOLUSDT,39167,long,-0.0025065539511855608,,1,-0.0020065539511855608,-0.0020065539511855608,1,-0.0020071075049380295,-0.0020071075049380295
SOLUSDT,39228,long,-0.002243314155846676,,1,-0.001743314155846676,0.0009493026493546816,1,-0.0017437360238586053,0.0009499776381737686
SOLUSDT,39333,short,-0.002374606134261187,,1,-0.0018746061342611868,0.000574606134261187,1,0.00115859051955812,0.00115859051955812
SOLUSDT,39348,long,0.0007374962261694977,,1,0.0012374962261694974,0.0012374962261694974,1,0.001238315383861428,0.001238315383861428
SOLUSDT,39479,long,0.0005606158339504308,,1,0.0010606158339504306,0.0010606158339504306,1,0.0010613465072040326,0.0010613465072040326
SOLUSDT,39693,long,-0.0022510778942845407,,1,-0.0017510778942845407,0.0009617246308552654,1,-0.0017515036461075947,0.0009624058337721512
SOLUSDT,39741,short,-0.0023284679588880483,,1,-0.0018284679588880482,0.0010855487342208772,1,0.0010848063310553496,0.0010848063310553496
SOLUSDT,39918,short,0.00046668138280513117,,1,0.0009666813828051311,0.0009666813828051311,0,,
SOLUSDT,40075,long,0.0005064858873664508,,1,0.0010064858873664506,0.0010064858873664506,1,0.0010071894821075044,0.0010071894821075044
SOLUSDT,40191,long,-0.002416074197494017,,1,-0.001916074197494017,-0.001916074197494017,1,-0.0019165824887383861,0.0012265319819814177
SOLUSDT,40202,short,-0.0024816243805994343,,1,-0.0019816243805994343,-0.0019816243805994343,1,-0.0019810838386800944,-0.0019810838386800944
SOLUSDT,40264,short,-0.002324086565330696,,1,-0.0018240865653306958,-0.0018240865653306958,1,-0.0018236247529542188,0.00015417485177253136
SOLUSDT,40271,long,0.0005780274400206456,,1,0.0010780274400206454,0.0010780274400206454,0,,
SOLUSDT,40368,short,-0.002217607827159345,,1,-0.0017176078271593448,0.0009081725234549514,1,-0.0017171992275455718,0.000907518764072915
SOLUSDT,40428,short,-0.0027236198900271185,,1,-0.0022236198900271184,0.00039417193401627114,1,-0.002222958410821708,0.0009229584108217077
SOLUSDT,40456,long,-0.0027338097757742975,,1,-0.0022338097757742975,0.0009338097757742974,1,0.0017351632228503008,0.0017351632228503008
SOLUSDT,40489,short,0.002966572814231664,,1,0.003466572814231664,0.003466572814231664,0,,
SOLUSDT,40521,long,-0.003257214981996545,,1,-0.002757214981996545,0.0025715439711944716,1,0.00257303048643769,0.00257303048643769
SOLUSDT,40556,short,-0.0024350557401829442,,1,-0.0019350557401829442,0.004400318991675112,1,-0.0019345384709474707,0.001255261553515953
SOLUSDT,40581,long,-0.0025484737461112846,,1,-0.0020484737461112846,0.001437557993778055,1,-0.0020490482702464076,0.001438477232394252
SOLUSDT,40820,long,-0.003032302285641712,,1,-0.002532302285641712,0.0012323022856417115,1,-0.002533118845064244,0.0012331188450642435
SOLUSDT,40836,short,-0.0023265465717078808,,1,-0.0018265465717078808,0.0005265465717078806,1,0.0010817336479086545,0.0010817336479086545
SOLUSDT,40884,long,-0.0022832640303630473,,1,-0.0017832640303630473,-0.0017832640303630473,1,-0.0017837058833046994,-0.0017837058833046994
SOLUSDT,40897,short,-0.0027807836963789517,,1,-0.0022807836963789517,0.0018092539142063224,1,-0.0022800936495541747,0.0018081498392866794
SOLUSDT,40973,long,0.0008731051772470291,,1,0.001373105177247029,0.001373105177247029,1,0.0013739921733336958,0.0013739921733336958
SOLUSDT,41086,short,-0.0024611073407985757,,1,-0.0019611073407985757,-0.0019611073407985757,1,-0.0019605770522724397,-0.0019605770522724397
SOLUSDT,41092,long,0.0010584367437890337,,1,0.0015584367437890337,0.0015584367437890337,1,-0.002124635282509401,-0.002124635282509401
SOLUSDT,41152,long,-0.0024527580140320496,,1,-0.0019527580140320496,0.0012844128224512794,1,0.0012852554501763674,0.0012852554501763674
SOLUSDT,41243,short,-0.002225045430161151,,1,-0.0017250454301611512,9.502725809669061e-05,1,-0.0017246331136043492,-0.0017246331136043492
SOLUSDT,41341,long,-0.0022557210867027973,,1,-0.0017557210867027973,-0.0017557210867027973,1,-0.0017561491612834391,-0.0017561491612834391
SOLUSDT,41520,short,-0.002426524314425873,,1,-0.0019265243144258731,0.0006265243144258732,1,-0.0019260113087714876,0.0012416180940343798
SOLUSDT,41683,long,-0.002228085731228646,,1,-0.001728085731228646,-0.001728085731228646,1,-0.0017284999812192557,-0.0017284999812192557
SOLUSDT,41734,short,0.0005259746418127729,,1,0.0010259746418127727,0.0010259746418127727,0,,
SOLUSDT,41768,long,0.00048763231701800885,,1,0.0009876323170180086,0.0009876323170180086,1,0.0009883264802581376,0.0009883264802581376
SOLUSDT,41794,short,0.0054465221817679805,,1,0.005946522181767981,0.005946522181767981,1,0.005943350506514724,0.005943350506514724
SOLUSDT,41830,long,-0.0031258449958398464,,1,-0.0026258449958398464,0.002361351993343754,1,-0.0026267083500148536,0.0023627333600237657
SOLUSDT,41874,short,-0.0027374899436846405,,1,-0.0022374899436846405,0.0017399839098954247,1,-0.0022368215329181818,0.0017389144526690904
SOLUSDT,41892,long,0.0014753559676103606,,1,0.0019753559676103606,0.0019753559676103606,0,,
SOLUSDT,41939,short,0.0013734611417026356,,1,0.0018734611417026356,0.0018734611417026356,1,0.0018723249792130287,0.0018723249792130287
SOLUSDT,41964,long,-0.0024705108886454194,,1,-0.0019705108886454194,-0.0019705108886454194,1,-0.001971046411851345,-0.001971046411851345
SOLUSDT,41999,short,0.0013547914317925515,,1,0.0018547914317925515,0.0018547914317925515,0,,
SOLUSDT,42026,long,0.0010540448267325501,,1,0.0015540448267325501,0.0015540448267325501,1,0.0015550223379015007,0.0015550223379015007
SOLUSDT,42096,long,-0.0025983510005053215,,1,-0.0020983510005053215,-0.0020983510005053215,1,-0.002098950475743193,-0.002098950475743193
SOLUSDT,42200,short,-0.002383635683694883,,1,-0.001883635683694883,-0.001883635683694883,1,-0.0018831441116390637,-0.0018831441116390637
SOLUSDT,42237,long,0.0006216281421120742,,1,0.001121628142112074,0.001121628142112074,0,,
SOLUSDT,42445,long,-0.0022595079461221346,,1,-0.0017595079461221346,-0.0017595079461221346,1,-0.0017599379150796744,0.00011596274904780471
SOLUSDT,42508,short,-0.002649143702939875,,1,-0.002149143702939875,-0.002149143702939875,1,-0.002148519443218266,0.0003491116659309596
SOLUSDT,42518,long,0.00047727069700478626,,1,0.000977270697004786,0.000977270697004786,0,,
SOLUSDT,42568,short,-0.0026584462634048843,,1,-0.0021584462634048843,-0.0021584462634048843,1,-0.0021578173547275206,-0.0021578173547275206
SOLUSDT,42581,long,-0.0024087400168530705,,1,-0.0019087400168530705,0.0006087400168530703,1,0.0012147914226762503,0.0012147914226762503
XRPUSDT,82,short,0.00046242083040117627,,1,0.0009624208304011762,0.0009624208304011762,1,-0.0017510874752631037,0.0009617399604209658
XRPUSDT,118,long,-0.0024480410775831376,,1,-0.0019480410775831376,-0.0019480410775831376,1,-0.001948565360263269,-0.001948565360263269
XRPUSDT,142,short,0.0006811839114536774,,1,0.0011811839114536772,0.0011811839114536772,1,0.0011803937145963789,0.0011803937145963789
XRPUSDT,554,short,0.0005093912055125092,,1,0.001009391205512509,0.001009391205512509,1,-0.0017804292888009177,0.0010086868620814685
XRPUSDT,597,long,0.00042956434040256736,,1,0.0009295643404025673,0.0009295643404025673,0,,
XRPUSDT,1319,short,-0.002272117757168381,,1,-0.001772117757168381,0.0009953884114694094,1,0.0009946910659364412,0.0009946910659364412
XRPUSDT,1563,short,0.0004068367448401078,,1,0.0009068367448401077,0.0009068367448401077,1,-0.001716364783133501,-0.001716364783133501
XRPUSDT,1635,short,-0.002209429139449026,,1,-0.0017094291394490258,0.0008950866231184411,1,-0.001709024627135458,0.0008944394034167328
XRPUSDT,1708,short,-0.0026508756129290873,,1,-0.0021508756129290873,-0.0021508756129290873,1,-0.002150250487685245,-0.002150250487685245
XRPUSDT,1717,long,-0.002919001717749557,,1,-0.002419001717749557,-0.002419001717749557,1,-0.0024197615985488315,0.00203161855767813
XRPUSDT,2965,long,-0.0022616147086888107,,1,-0.0017616147086888106,0.0001169688252132863,1,-0.001762045731554588,0.00011722743893275266
XRPUSDT,3082,long,0.000394443261656461,,1,0.0008944432616564609,0.0008944432616564609,0,,
XRPUSDT,3228,short,-0.0023066895123866117,,1,-0.0018066895123866116,0.00014401370743196695,0,,
XRPUSDT,3357,short,0.00040507577166895114,,1,0.000905075771668951,0.000905075771668951,0,,
XRPUSDT,3493,short,-0.003025182381578391,,1,-0.002525182381578391,-0.002525182381578391,1,-0.002524370196480151,-0.002524370196480151
XRPUSDT,6326,short,-0.002584851139611374,,1,-0.002084851139611374,0.001495761823378198,1,0.001494814416170113,0.001494814416170113
XRPUSDT,6498,short,-0.0023019670096546437,,1,-0.0018019670096546436,0.0005019670096546437,1,-0.0018015162515288793,-0.0018015162515288793
XRPUSDT,6531,long,0.0007604637847122768,,1,-0.001937789865445173,0.0012604637847122766,1,-0.0019383090199551504,0.0012612944319282406
XRPUSDT,7285,long,-0.0022623024187226996,,1,-0.0017623024187226996,0.0004623024187226997,1,-0.0017627337856155074,-0.0017627337856155074
XRPUSDT,8080,short,0.0004488780965831356,,1,0.0009488780965831355,0.0009488780965831355,0,,
XRPUSDT,8398,short,-0.00222002589555457,,1,-0.0017200258955545702,-0.0017200258955545702,1,-0.0017196160875108148,-0.0017196160875108148
XRPUSDT,8777,long,-0.0026600017084769043,,1,-0.0021600017084769042,-0.0021600017084769042,1,-0.002160632024489149,-0.002160632024489149
XRPUSDT,10113,long,-0.002276337474734654,,1,-0.0017763374747346542,0.0010021399595754469,1,0.0010028413802655794,0.0010028413802655794
XRPUSDT,10172,short,0.0012571821807763226,,1,0.0017571821807763227,0.0017571821807763227,0,,
XRPUSDT,10194,long,0.000695259159399505,,1,0.0011952591593995048,0.0011952591593995048,1,0.0011960571879935016,0.0011960571879935016
XRPUSDT,10257,long,-0.0037253899658393767,,1,-0.0032253899658393767,0.0033206239453430026,1,0.0033224851879369707,0.0033224851879369707
XRPUSDT,10310,short,-0.004126895091588862,,1,-0.003626895091588862,0.00396303214654218,1,-0.003625532325426149,0.003960851720681839
XRPUSDT,10320,long,-0.0035348931214948297,,1,-0.0030348931214948297,0.0017348931214948293,1,0.0030175377632733636,0.0030175377632733636
XRPUSDT,10371,short,0.0009320199366876317,,1,0.0014320199366876316,0.0014320199366876316,0,,
XRPUSDT,10406,long,0.0010123247710882716,,1,0.0015123247710882716,0.0015123247710882716,0,,
XRPUSDT,10433,short,0.0006236654419710635,,1,0.0011236654419710633,0.0011236654419710633,1,-0.0018518149937350472,-0.0018518149937350472
XRPUSDT,10470,long,0.001168374236416257,,1,0.001668374236416257,0.001668374236416257,0,,
XRPUSDT,10517,short,-0.002518793043385078,,1,-0.002018793043385078,-0.002018793043385078,1,-0.002018233926421867,0.0013891742822749872
XRPUSDT,10549,long,0.0006509058092117937,,1,0.0011509058092117935,0.0011509058092117935,1,0.0011516816500368116,0.0011516816500368116
XRPUSDT,10609,long,0.004981126173096977,,1,0.005481126173096977,0.005481126173096977,1,0.005484068207200578,0.005484068207200578
XRPUSDT,10669,long,-0.00486060093208889,,1,-0.00436060093208889,0.0030606009320888897,1,-0.004362332098137959,0.0030623320981379583
XRPUSDT,10696,short,0.004028654166825733,,1,0.004528654166825734,0.004528654166825734,0,,
XRPUSDT,10755,long,-0.0028424134228535055,,1,-0.0023424134228535055,0.0010424134228535053,1,-0.0023431349903486796,0.0010431349903486794
XRPUSDT,10776,short,-0.002709545419184221,,1,-0.002209545419184221,-0.002209545419184221,1,-0.002208890973697372,0.0003853345842184233
XRPUSDT,10816,long,0.001171737786023432,,1,0.001671737786023432,0.001671737786023432,1,0.001672774173109987,0.001672774173109987
XRPUSDT,10840,short,0.0014803083581282476,,1,0.0019803083581282476,0.0019803083581282476,1,-0.002386949249205552,0.0010869492492055518
XRPUSDT,10887,long,0.0009413269898418216,,1,0.0014413269898418213,0.0014413269898418213,1,0.0014422481138987708,0.0014422481138987708
XRPUSDT,10917,short,0.0004977389516957235,,1,0.0009977389516957233,0.0009977389516957233,0,,
XRPUSDT,10978,short,-0.003040226220000286,,1,-0.002540226220000286,-0.002540226220000286,1,-0.002539406516741915,-0.002539406516741915
XRPUSDT,11007,long,0.0008247912610576301,,1,0.0013247912610576298,0.0013247912610576298,1,0.0013256540881016804,0.0013256540881016804
XRPUSDT,11080,long,0.0004298701298700758,,1,0.0009298701298700757,0.0009298701298700757,0,,
XRPUSDT,11171,long,-0.0027091368725171245,,1,-0.0022091368725171245,-0.0022091368725171245,1,-0.0022097917684013257,-0.0022097917684013257
XRPUSDT,11222,short,0.00042890365448501806,,1,0.000928903654485018,0.000928903654485018,1,0.0009282395347176591,0.0009282395347176591
XRPUSDT,11295,long,0.003600068904173037,,1,0.004100068904173038,0.004100068904173038,1,0.00410232006420514,0.00410232006420514
XRPUSDT,11349,short,-0.0036771995396096407,,1,-0.0031771995396096407,0.003243519263375425,1,-0.003176061508855213,0.0032416984141683406
XRPUSDT,11396,long,0.0013508118291563915,,1,0.0018508118291563915,0.0018508118291563915,0,,
XRPUSDT,11443,short,-0.002657892659826346,,1,-0.002157892659826346,0.0008578926598263459,1,-0.0021572640278124397,0.0016116224444999035
XRPUSDT,11467,long,0.0012051078375919441,,1,0.0017051078375919441,0.0017051078375919441,0,,
XRPUSDT,11513,short,0.004951166377482186,,1,0.0054511663774821865,0.0054511663774821865,1,0.00544824225635401,0.00544824225635401
XRPUSDT,11531,long,0.0031049580610611562,,1,0.0036049580610611563,0.0036049580610611563,1,0.003606961541832071,0.003606961541832071
XRPUSDT,11577,short,-0.0037339533209336047,,1,-0.0032339533209336047,-0.0032339533209336047,1,-0.0032327869274698696,-0.0032327869274698696
XRPUSDT,11591,long,-0.00458119769719273,,1,-0.004081197697192731,0.00278119769719273,1,-0.004082789091738599,0.0027827890917385993
XRPUSDT,11651,long,0.007002194154319439,,1,0.007502194154319439,0.007502194154319439,1,0.007506147227933406,0.007506147227933406
XRPUSDT,11674,short,-0.005359170326076767,,1,-0.004859170326076767,-0.004859170326076767,1,-0.004857191730211661,0.0019743150381269967
XRPUSDT,11727,long,-0.004250032113037885,,1,-0.0037500321130378854,0.004160051380860617,1,-0.0037514578419588647,0.004162332547134184
XRPUSDT,11761,short,-0.005078017167869945,,1,-0.004578017167869946,-0.004578017167869946,1,-0.00457617907833078,-0.00457617907833078
XRPUSDT,11790,long,0.0056516362467724165,,1,0.006151636246772417,0.006151636246772417,1,0.006154913703624228,0.006154913703624228
XRPUSDT,11850,long,-0.006819719399265207,,1,-0.0063197193992652065,0.002851831639559124,1,-0.006322430614572492,0.002853458368743495
XRPUSDT,11863,short,0.005387619624994606,,1,0.005887619624994607,0.005887619624994607,0,,
XRPUSDT,11927,short,-0.005703066298664211,,1,-0.005203066298664211,-0.005203066298664211,1,-0.005200915840743839,-0.005200915840743839
XRPUSDT,11951,long,-0.005000858666297348,,1,-0.004500858666297349,-0.004500858666297349,1,-0.004502659996295496,-0.004502659996295496
XRPUSDT,12013,long,0.0023806200834016467,,1,0.0028806200834016467,0.0028806200834016467,1,0.0028822612140086508,0.0028822612140086508
XRPUSDT,12074,long,0.0018156821561971003,,1,0.0023156821561971003,0.0023156821561971003,1,0.002317040676535368,0.002317040676535368
XRPUSDT,12103,short,-0.003738942253105363,,1,-0.003238942253105363,0.0033423076049685805,1,-0.0032377733664221524,0.0033404373862754434
XRPUSDT,12154,long,-0.0030111281300702307,,1,-0.0025111281300702307,0.0012111281300702303,1,0.0021790945553900637,0.0021790945553900637
XRPUSDT,12164,short,-0.002707070684109425,,1,-0.002207070684109425,0.0009070706841094251,1,0.001690267960594783,0.001690267960594783
XRPUSDT,12215,long,-0.003081664791901002,,1,-0.002581664791901002,-0.002581664791901002,1,-0.002582506044923464,-0.002582506044923464
XRPUSDT,12226,short,0.0011543316664413645,,1,0.0016543316664413645,0.0016543316664413645,1,0.0016533050139343978,0.0016533050139343978
XRPUSDT,12280,long,-0.003040286796536791,,1,-0.002540286796536791,0.002224458874458866,1,-0.002541107350211897,0.0022257717603390353
XRPUSDT,12342,long,-0.004356006693676193,,1,-0.003856006693676193,-0.003856006693676193,1,-0.00385748543639439,-0.00385748543639439
XRPUSDT,12349,short,-0.004644232475598923,,1,-0.0041442324755989225,0.0047907719609582775,1,-0.004142611170013916,0.004788177872022266
XRPUSDT,12412,short,-0.0035238368804551682,,1,-0.003023836880455168,-0.003023836880455168,1,-0.0030227754927088135,-0.0030227754927088135
XRPUSDT,12419,long,-0.004024469316866055,,1,-0.0035244693168660552,0.0037991509069856886,1,-0.0035257822079700404,0.0038012515327520645
XRPUSDT,12482,short,-0.003455183873365696,,1,-0.002955183873365696,-0.002955183873365696,1,-0.002954156794968212,-0.002954156794968212
XRPUSDT,12511,long,0.0024554334647690595,,1,0.0029554334647690595,0.0029554334647690595,0,,
XRPUSDT,12551,short,0.0017653267209927223,,1,0.0022653267209927224,0.0022653267209927224,1,0.002263994723630907,0.002263994723630907
XRPUSDT,12582,long,-0.003046548246044444,,1,-0.002546548246044444,0.00223447719367111,1,0.0022357950912167183,0.0022357950912167183
XRPUSDT,12611,short,-0.0034478563215243874,,1,-0.0029478563215243874,0.0028765701144390196,1,-0.0029468329050718516,0.002874932648114962
XRPUSDT,12655,long,0.0016097559109342478,,1,0.002109755910934248,0.002109755910934248,0,,
XRPUSDT,12684,short,-0.003757899781091078,,1,-0.003257899781091078,-0.003257899781091078,1,-0.003256721420380888,-0.003256721420380888
XRPUSDT,12716,long,0.005218481488602629,,1,0.00571848148860263,0.00571848148860263,1,0.0057215422597324955,0.0057215422597324955
XRPUSDT,12770,short,0.00936376872757969,,1,0.00986376872757969,0.00986376872757969,1,0.009858639407875753,0.009858639407875753
XRPUSDT,12794,long,-0.006072168634624949,,1,-0.005572168634624949,0.0070754698153999195,1,-0.005574505887568733,0.007079209420109975
XRPUSDT,12836,short,0.010395538711092563,,1,0.010895538711092561,0.010895538711092561,1,0.010889893764210458,0.010889893764210458
XRPUSDT,12878,long,0.00473759780299496,,1,0.0052375978029949605,0.0052375978029949605,1,0.005240418012000961,0.005240418012000961
XRPUSDT,12903,short,-0.00662433609550707,,1,-0.0061243360955070695,0.00795893775281131,1,-0.006121725232890624,0.007954760372624999
XRPUSDT,12971,long,0.0038696021832685646,,1,0.0043696021832685655,0.0043696021832685655,1,0.004371988177357244,0.004371988177357244
XRPUSDT,13025,short,0.0026487801068382165,,1,-0.0031179875667738857,0.0018179875667738853,1,-0.003116879127210281,-0.003116879127210281
XRPUSDT,13034,long,0.004844410857431701,,1,0.005344410857431701,0.005344410857431701,1,-0.004492052812300963,0.0053472844996815426
XRPUSDT,13087,short,-0.005325774634877313,,1,-0.004825774634877313,-0.004825774634877313,1,-0.0048238127285130565,-0.0048238127285130565
XRPUSDT,13114,long,0.004027728688901412,,1,0.0045277286889014124,0.0045277286889014124,1,0.004530193785794309,0.004530193785794309
XRPUSDT,13162,short,-0.004765423839438657,,1,-0.0042654238394386566,-0.0042654238394386566,1,-0.00426374196845443,-0.00426374196845443
XRPUSDT,13215,long,-0.00396391994872159,,1,-0.00346391994872159,-0.00346391994872159,1,-0.0034652025499965883,-0.0034652025499965883
XRPUSDT,13229,short,-0.003869796447609434,,1,-0.003369796447609434,-0.003369796447609434,1,-0.0033685621665261707,-0.0033685621665261707
XRPUSDT,13289,short,0.0032558441558441574,,1,0.003755844155844158,0.003755844155844158,1,0.003753767272208054,0.003753767272208054
XRPUSDT,13303,long,0.0031053982218833998,,1,0.0036053982218834,0.0036053982218834,1,0.003607401922844823,0.003607401922844823
XRPUSDT,13350,short,0.003233703350867751,,1,0.0037337033508677516,0.0037337033508677516,0,,
XRPUSDT,13387,long,0.0024068494573402112,,1,0.0029068494573402113,0.0029068494573402113,0,,
XRPUSDT,13413,short,0.0022149145272450993,,1,0.0027149145272450993,0.0027149145272450993,1,0.0027133578483209387,0.0027133578483209387
XRPUSDT,13448,long,-0.0035282545205990255,,1,-0.0030282545205990254,-0.0030282545205990254,1,-0.00302931918018912,-0.00302931918018912
XRPUSDT,13476,short,-0.0032788751800588846,,1,-0.0027788751800588846,-0.0027788751800588846,1,-0.0027779362119529083,-0.0027779362119529083
XRPUSDT,13511,long,0.003167253474112296,,1,0.003667253474112296,0.003667253474112296,1,0.0036692881181713813,0.0036692881181713813
XRPUSDT,13573,long,-0.006507724749835888,,1,-0.006007724749835888,0.007772359599737422,1,0.007776447823649246,0.007776447823649246
XRPUSDT,13633,long,-0.005447911667739606,,1,-0.004947911667739606,0.003647911667739606,1,-0.004949936636057634,0.003649936636057634
XRPUSDT,13649,short,0.005005531057813577,,1,0.005505531057813578,0.005505531057813578,1,0.005502579767929614,0.005502579767929614
XRPUSDT,13695,long,0.005991365283380073,,1,0.0064913652833800736,0.0064913652833800736,1,0.006494812689724937,0.006494812689724937
XRPUSDT,13709,short,-0.007050135701949153,,1,-0.006550135701949153,-0.006550135701949153,1,-0.00654731204592619,0.002988387227555714
XRPUSDT,13755,long,0.004749455892567754,,1,0.005249455892567754,0.005249455892567754,1,0.005252282033584547,0.005252282033584547
XRPUSDT,13780,short,0.006927156696909093,,1,0.007427156696909094,0.007427156696909094,1,0.00742324507437191,0.00742324507437191
XRPUSDT,13815,long,0.005836429654607239,,1,0.006336429654607239,0.006336429654607239,1,0.006339799554384432,0.006339799554384432
XRPUSDT,13875,long,-0.007585726085338497,,1,-0.007085726085338496,0.005785726085338497,1,-0.00708882049558629,0.005788820495586291
XRPUSDT,13890,short,-0.005848617555630486,,1,-0.005348617555630485,0.0067177880890087775,1,-0.005346394358451259,0.006714230973522016
XRPUSDT,13944,long,0.00834887745760497,,1,0.00884887745760497,0.00884887745760497,1,0.008853504209709826,0.008853504209709826
XRPUSDT,13977,short,-0.02919827072328622,,1,-0.02869827072328622,0.016278962433971735,1,-0.02868437853401921,0.027384378534019215
XRPUSDT,14015,long,-0.009031377384221615,,1,-0.008531377384221614,0.011810203814754585,1,0.011816311970739953,0.011816311970739953
XRPUSDT,14077,long,-0.0072627605797416905,,1,-0.00676276057974169,-0.00676276057974169,1,-0.006765693426454918,-0.006765693426454918
XRPUSDT,14084,short,-0.0073064620428980945,,1,-0.006806462042898094,-0.006806462042898094,1,-0.006803510287754217,-0.006803510287754217
XRPUSDT,14148,short,0.007249666837519219,,1,0.007749666837519219,0.007749666837519219,1,0.007745594040498969,0.007745594040498969
XRPUSDT,14197,long,-0.006804797811853064,,1,-0.006304797811853064,0.005004797811853065,1,-0.006307501562634381,0.005007501562634382
XRPUSDT,14210,short,-0.006458236272878528,,1,-0.0059582362728785275,-0.0059582362728785275,1,-0.005955708418669193,-0.005955708418669193
XRPUSDT,14270,short,0.007562748655978786,,1,0.008062748655978785,0.008062748655978785,1,0.008058519396280646,0.008058519396280646
XRPUSDT,14299,long,0.012200951093516165,,1,0.012700951093516164,0.012700951093516164,0,,
XRPUSDT,14346,short,-0.005510893145626582,,1,-0.005010893145626582,0.0020665358873759487,1,-0.005008838726263451,0.0020653032357580707
XRPUSDT,14359,long,-0.005309693740656998,,1,-0.004809693740656998,-0.004809693740656998,1,-0.004811649565439718,-0.004811649565439718
XRPUSDT,14422,short,0.005183851342415026,,1,0.005683851342415026,0.005683851342415026,1,0.005680810936946554,0.005680810936946554
XRPUSDT,14473,long,-0.00441643337678771,,1,-0.00391643337678771,0.0014098600260726258,1,-0.0039179423479616905,0.0014107654087770142
XRPUSDT,14483,short,-0.004384560638236803,,1,-0.0038845606382368033,0.0013907363829420815,1,-0.003883069103684961,0.0013898414622109763
XRPUSDT,14546,short,0.00546137790731791,,1,0.00596137790731791,0.00596137790731791,0,,
XRPUSDT,14593,long,0.00494761772880589,,1,0.005447617728805891,0.005447617728805891,1,-0.004556589375191276,-0.004556589375191276
XRPUSDT,14607,short,-0.005713776220992738,,1,-0.005213776220992738,0.0021882657325956426,1,-0.005211620410787344,0.0021869722464724064
XRPUSDT,14655,long,-0.004588428338128942,,1,-0.004088428338128942,0.004701485341006308,1,-0.004090023349803844,0.004704037359686151
XRPUSDT,14692,short,0.004061540322190513,,1,0.004561540322190513,0.004561540322190513,1,0.004559060791794616,0.004559060791794616
XRPUSDT,14722,long,-0.003858381726674408,,1,-0.003358381726674408,0.0035334107626790526,1,-0.003359611532440628,0.0035353784519050043
XRPUSDT,14787,short,0.0030130518344833016,,1,0.0035130518344833016,0.0035130518344833016,1,0.003511096286340132,0.003511096286340132
XRPUSDT,14806,long,0.002506807847962566,,1,0.003006807847962566,0.003006807847962566,1,0.003008512104014573,0.003008512104014573
XRPUSDT,14878,long,-0.004123790608596958,,1,-0.003623790608596958,-0.003623790608596958,1,-0.003625153185189553,0.0012350919111137313
XRPUSDT,14898,short,-0.0036693105482502293,,1,-0.0031693105482502293,0.001869310548250229,1,-0.0031681764600202194,0.001868176460020219
XRPUSDT,14958,short,-0.004585393804020593,,1,0.0046966300864329505,0.0046966300864329505,1,0.004694083044910495,0.004694083044910495
XRPUSDT,14995,long,0.004562615227039968,,1,0.005062615227039969,0.005062615227039969,1,0.005065347900990464,0.005065347900990464
XRPUSDT,15045,short,0.0017159820151237035,,1,0.0022159820151237035,0.0022159820151237035,1,0.0022146746777848116,0.0022146746777848116
XRPUSDT,15088,long,-0.0032808563025785147,,1,-0.0027808563025785147,0.0026093700841256237,1,0.0026108755218865664,0.0026108755218865664
XRPUSDT,15149,short,-0.0047889819575221825,,1,-0.004288981957522182,0.002988981957522182,1,-0.0042872883133654996,-0.0042872883133654996
XRPUSDT,15165,long,-0.005077650835615138,,1,-0.004577650835615139,-0.004577650835615139,1,-0.00457949058090559,-0.00457949058090559
XRPUSDT,15209,short,-0.00424755512943433,,1,-0.00374755512943433,-0.00374755512943433,1,-0.0037461320634026287,-0.0037461320634026287
XRPUSDT,15261,long,-0.004047456619121165,,1,-0.003547456619121166,0.0011884739714726992,1,-0.003548781009625979,0.0022487810096259784
XRPUSDT,15282,short,-0.0037676114609754155,,1,-0.0032676114609754155,0.0033881783375606647,1,-0.00326642824685199,0.0033862851949631833
XRPUSDT,15336,long,-0.004033846868917713,,1,-0.003533846868917713,0.0011803081213506276,1,-0.003535164451143284,0.0022351644511432837
XRPUSDT,15351,short,-0.0036667262066555017,,1,-0.0031667262066555017,0.008817314487632495,1,-0.003165593409950526,0.009312208383440743
XRPUSDT,15413,long,-0.005096010454150913,,1,-0.004596010454150913,-0.004596010454150913,1,-0.004597859383842834,0.0018187156303057003
XRPUSDT,15421,short,0.006144202962570301,,1,0.006644202962570301,0.006644202962570301,1,0.006640682621259672,0.006640682621259672
XRPUSDT,15484,long,-0.004873550969944963,,1,-0.004373550969944962,0.0030735509699449624,1,-0.004375288614252088,0.0030752886142520882
XRPUSDT,15518,short,0.002170244672454577,,1,0.002670244672454577,0.002670244672454577,1,0.002668710317295929,0.002668710317295929
XRPUSDT,15544,long,-0.004187480176297204,,1,-0.0036874801762972038,-0.0036874801762972038,1,-0.0036888746136040057,-0.0036888746136040057
XRPUSDT,15605,long,0.004143268068648791,,1,0.004643268068648791,0.004643268068648791,1,0.004645790964130857,0.004645790964130857
XRPUSDT,15638,short,-0.0037185122798865243,,1,-0.0032185122798865243,0.001918512279886524,1,-0.0032173536030849817,0.0019173536030849814
XRPUSDT,15699,long,0.0016398546165535752,,1,0.002139854616553575,0.002139854616553575,0,,
XRPUSDT,15752,short,-0.0030298425128507055,,1,-0.0025298425128507055,0.0022077480205611286,1,0.0022064447981620474,0.0022064447981620474
XRPUSDT,15791,long,-0.003424619371558157,,1,-0.002924619371558157,-0.002924619371558157,1,-0.002925632187651983,-0.002925632187651983
XRPUSDT,15826,short,0.002193344535568653,,1,0.002693344535568653,0.002693344535568653,0,,
XRPUSDT,15858,long,-0.0030498967021194865,,1,-0.0025498967021194865,0.002239834723391178,1,0.0022411553010416993,0.0022411553010416993
XRPUSDT,15918,long,0.005226375449005298,,1,0.005726375449005299,0.005726375449005299,1,0.005729440169089843,0.005729440169089843
XRPUSDT,15973,short,-0.005368773373223634,,1,-0.004868773373223633,0.0019812640239341797,1,-0.004866789978234516,0.0019800739869407094
XRPUSDT,15980,long,0.003977957960194382,,1,0.004477957960194383,0.004477957960194383,1,-0.003950248849546261,0.0014301493097277568
XRPUSDT,16040,short,-0.004013007819950408,,1,-0.003513007819950408,-0.003513007819950408,1,-0.0035117019689659256,-0.0035117019689659256
XRPUSDT,16047,long,-0.0038231560778065423,,1,-0.0033231560778065423,0.0010538936466839251,1,-0.003324368261937511,0.0020243682619375107
XRPUSDT,16108,long,-0.003559324961796563,,1,-0.003059324961796563,0.0030549199388745004,1,0.0030566482630060027,0.0030566482630060027
XRPUSDT,16155,short,0.003011924939467335,,1,0.003511924939467335,0.003511924939467335,1,0.00350996995449009,0.00350996995449009
XRPUSDT,16199,long,-0.003705364096665009,,1,-0.003205364096665009,-0.003205364096665009,1,-0.00320651735534268,-0.00320651735534268
XRPUSDT,16216,short,0.0017819451678582668,,1,0.002281945167858267,0.002281945167858267,1,0.002280604865425554,0.002280604865425554
XRPUSDT,16279,short,-0.003198148289846194,,1,-0.002698148289846194,-0.002698148289846194,1,-0.002697249665013687,-0.002697249665013687
XRPUSDT,16287,long,0.0020225968490752543,,1,0.0025225968490752543,0.0025225968490752543,1,0.002524058878514511,0.002524058878514511
XRPUSDT,16347,short,-0.0028380952380952385,,1,-0.0023380952380952385,0.0010380952380952381,1,-0.002337376549820328,0.001037376549820328
XRPUSDT,16371,long,0.0021307313901218353,,1,0.0026307313901218353,0.0026307313901218353,1,0.0026322475138787745,0.0026322475138787745
XRPUSDT,16407,short,-0.005765705272645345,,1,-0.0052657052726453445,0.006585128436232553,1,-0.0052635235108899,0.006581637617423841
XRPUSDT,16469,long,-0.003414193475519097,,1,-0.002914193475519097,0.002822709560830555,1,-0.0029152010760571255,0.0028243217216914005
XRPUSDT,16485,short,0.0023474382157926406,,1,0.0028474382157926406,0.0028474382157926406,1,0.0028458153081385713,0.0028458153081385713
XRPUSDT,16534,long,-0.0036865782084871007,,1,-0.0031865782084871007,0.0018865782084871003,1,0.003260355311234978,0.003260355311234978
XRPUSDT,16551,short,-0.0032592096943157307,,1,-0.0027592096943157307,0.0025747355109051687,1,-0.0027582805540387113,0.002573248886461938
XRPUSDT,16606,long,-0.004264960720006094,,1,-0.0037649607200060937,0.0024649607200060934,1,-0.003766393916964576,0.0024663939169645758
XRPUSDT,16616,short,-0.004230469282212177,,1,-0.0037304692822121774,0.004128750851539484,1,-0.00372905475483476,0.004126487607735617
XRPUSDT,16682,long,0.003667108333815531,,1,0.004167108333815532,0.004167108333815532,1,0.004169393030330697,0.004169393030330697
XRPUSDT,16715,short,-0.003426513145860823,,1,-0.002926513145860823,0.0028424210333773165,1,-0.0029255003956629917,0.002840800633060786
XRPUSDT,16780,short,0.0016382983279154217,,1,0.0021382983279154217,0.0021382983279154217,1,0.002137029813008917,0.002137029813008917
XRPUSDT,16790,long,-0.003108074534161475,,1,-0.002608074534161475,0.00233291925465836,1,0.0023342863978572884,0.0023342863978572884
XRPUSDT,16840,short,-0.0036533436712541294,,1,-0.0031533436712541294,0.003205349874006607,1,-0.003152217562472893,0.0032035480999566286
XRPUSDT,16861,long,-0.0042312898526957535,,1,-0.0037312898526957535,-0.0037312898526957535,1,-0.0037327062057986526,-0.0037327062057986526
XRPUSDT,16913,short,-0.0035712731335308568,,1,-0.0030712731335308567,-0.0030712731335308567,1,-0.003070188039511101,-0.003070188039511101
XRPUSDT,16921,long,-0.004040346413449431,,1,-0.003540346413449431,-0.003540346413449431,1,-0.003541667247072967,0.00118500034824378
XRPUSDT,16981,long,-0.0040874778833003495,,1,-0.00358747788330035,0.0012124867299802096,1,-0.0035888222944475733,-0.0035888222944475733
XRPUSDT,16994,short,0.0032112733420425975,,1,0.003711273342042598,0.003711273342042598,1,0.0037092187326762606,0.0037092187326762606
XRPUSDT,17055,short,-0.0043252682313907175,,1,-0.003825268231390718,-0.003825268231390718,1,-0.0038238063282266047,0.0013542837969359625
XRPUSDT,17082,long,0.0012297420036800604,,1,0.0017297420036800604,0.0017297420036800604,1,0.0017308074073837522,0.0017308074073837522
XRPUSDT,17145,short,-0.002660163386701162,,1,-0.002160163386701162,-0.002160163386701162,1,-0.0021595336198912164,-0.0021595336198912164
XRPUSDT,17150,long,-0.002986126678650731,,1,-0.002486126678650731,-0.002486126678650731,1,-0.002486920138720091,-0.002486920138720091
XRPUSDT,17210,short,-0.0036239842193815197,,1,-0.0031239842193815197,0.0018239842193815193,1,-0.003122872782990025,0.0018228727829900245
XRPUSDT,17226,long,-0.0032052632595138495,,1,-0.0027052632595138495,0.0024884212152221593,1,-0.002706166342685192,0.002489866148296307
XRPUSDT,17270,short,0.0024107455867876113,,1,0.0029107455867876113,0.0029107455867876113,1,0.0029090910412669776,0.0029090910412669776
XRPUSDT,17290,long,0.003241672716157874,,1,0.0037416727161578745,0.0037416727161578745,1,0.0037437445884521002,0.0037437445884521002
XRPUSDT,17352,short,0.0032290809586714444,,1,0.003729080958671445,0.003729080958671445,0,,
XRPUSDT,17392,long,0.0037294881588999054,,1,0.004229488158899906,0.004229488158899906,1,0.0042318040609303715,0.0042318040609303715
XRPUSDT,17439,short,-0.005834149569821305,,1,-0.0053341495698213046,0.0022604897418927825,1,-0.005331933603019795,0.002259160161811877
XRPUSDT,17454,long,0.0033893012894333882,,1,0.0038893012894333887,0.0038893012894333887,0,,
XRPUSDT,17499,short,-0.004679859094587537,,1,-0.004179859094587538,0.0028798590945875373,1,-0.00417821998459524,0.00287821998459524
XRPUSDT,17514,long,-0.00428796037207896,,1,-0.0037879603720789605,-0.0037879603720789605,1,-0.0037894050746162685,0.00422304811938603
XRPUSDT,17559,short,0.0030821333938980977,,1,0.0035821333938980977,0.0035821333938980977,0,,
XRPUSDT,17617,long,-0.003979365079365085,,1,-0.0034793650793650856,0.003726984126984137,1,0.0037290486513097917,0.0037290486513097917
XRPUSDT,17623,short,-0.003641826774093586,,1,-0.003141826774093586,-0.003141826774093586,1,-0.0031407064208831444,0.0009444238525298864
XRPUSDT,17683,short,-0.003612582607936167,,1,-0.003112582607936167,0.003140132172697867,1,-0.0031114768695014164,0.0031383629912022657
XRPUSDT,17699,long,-0.004028679668322499,,1,-0.003528679668322499,0.002228679668322499,1,-0.0035299946656553267,0.0022299946656553263
XRPUSDT,17751,short,-0.003932344282615454,,1,-0.0034323442826154544,0.003651750852184727,1,-0.0034310787432438325,0.003649725989190132
XRPUSDT,17782,long,0.0019354508831732234,,1,0.0024354508831732234,0.0024354508831732234,1,0.002436869317832139,0.002436869317832139
XRPUSDT,17840,short,0.0009996138996138963,,1,0.001499613899613896,0.001499613899613896,1,-0.0020866653545813948,0.0014986645673302312
XRPUSDT,17856,long,-0.0025333275461288246,,1,-0.0020333275461288246,-0.0020333275461288246,1,-0.0020338944933755124,-0.0020338944933755124
XRPUSDT,17909,short,-0.00286354186792381,,1,-0.00236354186792381,0.0019416669886780954,1,-0.0023628104626924637,0.001940496740307942
XRPUSDT,17917,long,-0.0026108172775424596,,1,-0.0021108172775424596,-0.0021108172775424596,1,-0.002111422989036978,-0.002111422989036978
XRPUSDT,17980,short,-0.0027868218103098232,,1,-0.0022868218103098232,-0.0022868218103098232,1,-0.0022861287459368545,0.00043167724756211273
XRPUSDT,17986,long,-0.002924375536667024,,1,-0.002424375536667024,0.0020390008586672385,1,-0.002425138105719884,0.002040220969151814
XRPUSDT,18048,long,-0.00395845187651334,,1,-0.00345845187651334,-0.00345845187651334,1,-0.003459731742384532,0.001135839045430719
XRPUSDT,18059,short,0.0027412702635930195,,1,0.0032412702635930195,0.0032412702635930195,1,-0.0031746565864524115,0.0009647939518714466
XRPUSDT,18109,long,-0.0036505022173369157,,1,-0.0031505022173369157,0.003200803547739065,1,0.003202604850164147,0.003202604850164147
XRPUSDT,18119,short,-0.003373715424396286,,1,-0.002873715424396286,-0.002873715424396286,1,-0.0028727290598663533,-0.0028727290598663533
XRPUSDT,18174,long,-0.00356832562269266,,1,-0.00306832562269266,0.0017683256226926594,1,-0.003069410327856588,0.0017694103278565877
XRPUSDT,18193,short,-0.0037406924704604634,,1,-0.0032406924704604634,0.003345107952736741,1,-0.00323952270910591,0.0033432363345694558
XRPUSDT,18254,short,0.0020300146690011185,,1,0.0025300146690011185,0.0025300146690011185,1,-0.0027303439961276353,0.0014303439961276352
XRPUSDT,18276,long,-0.0029309159980721896,,1,-0.0024309159980721896,0.0020494655969155035,1,-0.002431681838991686,0.002050690942386697
XRPUSDT,18331,short,-0.0025646473184934796,,1,-0.0020646473184934796,-0.0020646473184934796,1,-0.0020640652858505545,0.0002984391715103326
XRPUSDT,18392,short,0.0011165837479270618,,1,0.0016165837479270619,0.0016165837479270619,0,,
XRPUSDT,18412,long,-0.0030935842487203637,,1,-0.0025935842487203637,-0.0025935842487203637,1,-0.0025944314644525896,-0.0025944314644525896
XRPUSDT,18452,short,0.0005768153314747006,,1,0.0010768153314747004,0.0010768153314747004,1,0.0010760772928282865,0.0010760772928282865
XRPUSDT,18484,long,0.0007176484681214608,,1,0.0012176484681214606,0.0012176484681214606,0,,
XRPUSDT,18516,short,0.0008340430633481957,,1,0.0013340430633481954,0.0013340430633481954,1,0.0013331764751106402,0.0013331764751106402
XRPUSDT,18544,long,0.0012059080292529832,,1,0.0017059080292529832,0.0017059080292529832,1,0.0017069615100079871,0.0017069615100079871
XRPUSDT,18580,short,-0.0036393979260176453,,1,-0.0031393979260176453,-0.0031393979260176453,1,-0.003138278786624333,-0.003138278786624333
XRPUSDT,18658,short,0.0006973762901514547,,1,0.0011973762901514545,0.0011973762901514545,1,0.001196578001150879,0.001196578001150879
XRPUSDT,18722,long,-0.003616299214879627,,1,-0.003116299214879627,-0.003116299214879627,1,-0.0031174079188390465,-0.0031174079188390465
XRPUSDT,18727,short,0.0016395104861265473,,1,0.0021395104861265473,0.0021395104861265473,0,,
XRPUSDT,18788,short,0.0034586868865679192,,1,0.00395868688656792,0.00395868688656792,1,0.003956508632251794,0.003956508632251794
XRPUSDT,18804,long,-0.0043104855351789265,,1,-0.003810485535178927,-0.003810485535178927,1,-0.0038119415059318924,-0.0038119415059318924
XRPUSDT,18864,long,-0.004222037103484393,,1,-0.003722037103484393,0.0024220371034843926,1,-0.0037234488278983418,0.0024234488278983414
XRPUSDT,18888,short,-0.00287140234841641,,1,-0.00237140234841641,0.0019542437574662564,1,-0.002370667014908956,0.0019530672238543293
XRPUSDT,18925,long,-0.0032281446998351305,,1,-0.0027281446998351304,0.0025250315197362086,1,-0.0027290592294498556,0.0025264947671197685
XRPUSDT,18961,short,-0.0031579130367219294,,1,-0.0026579130367219293,0.002412660858755087,1,0.0024112552311395174,0.0024112552311395174
XRPUSDT,18986,long,0.0010708446892912808,,1,0.0015708446892912808,0.0015708446892912808,1,-0.002132394127870986,0.00033943647672259156
XRPUSDT,19022,short,-0.003070758319694479,,1,-0.002570758319694479,0.0022732133115111663,1,-0.0025699233580154714,0.002271877372824754
XRPUSDT,19050,long,0.0016765895112628875,,1,0.0021765895112628875,0.0021765895112628875,1,0.0021778784504881315,0.0021778784504881315
XRPUSDT,19101,short,-0.002560811019965929,,1,-0.002060811019965929,0.0014572976319454866,1,-0.0020602309045136724,0.0014563694472218757
XRPUSDT,19112,long,-0.002279626497056634,,1,-0.001779626497056634,0.00047962649705663417,1,-0.001780066530321795,-0.001780066530321795
XRPUSDT,19161,short,0.0017353892349402547,,1,0.0022353892349402547,0.0022353892349402547,0,,
XRPUSDT,19185,long,-0.002487621507715325,,1,-0.001987621507715325,-0.001987621507715325,1,-0.00198816559051058,-0.00198816559051058
XRPUSDT,19221,short,0.0016804680529818924,,1,0.0021804680529818924,0.0021804680529818924,0,,
XRPUSDT,19279,long,0.0037323426817356827,,1,0.004232342681735684,0.004232342681735684,1,0.004234660011741554,0.004234660011741554
XRPUSDT,19334,short,-0.0029984432552644822,,1,-0.0024984432552644822,0.0005590659531586893,1,-0.0024976444330479584,0.0011976444330479583
XRPUSDT,19344,long,-0.0028936593665301823,,1,-0.0023936593665301823,0.0019898549864482916,1,0.0019910505117041438,0.0019910505117041438
XRPUSDT,19398,short,0.0015145428551572473,,1,0.0020145428551572473,0.0020145428551572473,1,0.0020133361870637153,0.0020133361870637153
XRPUSDT,19457,long,-0.003432277346084864,,1,-0.002932277346084864,-0.002932277346084864,1,-0.0029332939930814044,-0.0029332939930814044
XRPUSDT,19465,short,-0.003496120672363326,,1,-0.002996120672363326,-0.002996120672363326,1,-0.0029950731357954283,-0.0029950731357954283
XRPUSDT,19519,long,0.0017321787820227218,,1,0.0022321787820227218,0.0022321787820227218,0,,
XRPUSDT,19539,short,-0.0023321512861704634,,1,-0.0018321512861704634,-0.0018321512861704634,1,-0.001831685443448739,0.001090696709517982
XRPUSDT,19580,long,-0.0027570194917345436,,1,-0.0022570194917345436,-0.0022570194917345436,1,-0.002257698340904996,-0.002257698340904996
XRPUSDT,19662,long,-0.0024520256456062877,,1,-0.0019520256456062876,-0.0019520256456062876,1,-0.0019525519215670712,-0.0019525519215670712
XRPUSDT,19668,short,-0.0024390875916037373,,1,-0.0019390875916037373,0.0006390875916037373,1,-0.0019385683074500124,-0.0019385683074500124
XRPUSDT,19728,short,-0.002850705910504923,,1,0.0019211294568078764,0.0019211294568078764,1,0.0019199694720718405,0.0019199694720718405
XRPUSDT,19751,long,-0.0031935611155950267,,1,0.0024696977849520425,0.0024696977849520425,1,0.002471133351627856,0.002471133351627856
XRPUSDT,19806,short,0.0015153821706658,,1,0.0020153821706658,0.0020153821706658,1,0.002014175083124238,0.002014175083124238
XRPUSDT,19841,long,-0.0026178148921364155,,1,-0.0021178148921364155,0.0015485038274182647,1,-0.0021184241041885096,0.0015494785667016153
XRPUSDT,19867,short,-0.0026628145850112793,,1,-0.0021628145850112793,0.0016205033360180464,1,0.0016194935892234349,0.0016194935892234349
XRPUSDT,19919,long,-0.002969640373534675,,1,-0.002469640373534675,0.0005417842241208049,1,-0.0024704255863278388,0.0011704255863278386
XRPUSDT,19945,short,-0.002710204650977422,,1,-0.002210204650977422,0.0016963274415638754,1,-0.0022095498760394024,0.0016952798016630437
XRPUSDT,20009,short,-0.0032551559141964803,,1,-0.0027551559141964803,0.0025682494627143684,1,-0.0027542287997965823,0.0025667660796745316
XRPUSDT,20045,long,0.0014703344153545977,,1,0.0019703344153545977,0.0019703344153545977,1,0.0019715201754423187,0.0019715201754423187
XRPUSDT,20097,short,0.001045595388218338,,1,0.001545595388218338,0.001545595388218338,0,,
XRPUSDT,20140,long,-0.0028183752788798373,,1,-0.0023183752788798373,-0.0023183752788798373,1,-0.0023190848212904826,-0.0023190848212904826
XRPUSDT,20162,short,-0.002579006598388876,,1,-0.002079006598388876,-0.002079006598388876,1,-0.002078417389694029,0.00030705043381641737
XRPUSDT,20226,short,0.0042360666700962,,1,0.0047360666700962005,0.0047360666700962005,1,0.004733499920136133,0.004733499920136133
XRPUSDT,20244,long,-0.005115819064656284,,1,-0.004615819064656285,-0.004615819064656285,1,-0.004617677903608089,-0.004617677903608089
XRPUSDT,20294,short,-0.0035162104827443324,,1,-0.0030162104827443324,0.0029859367723909314,1,0.002984244650065899,0.002984244650065899
XRPUSDT,20353,long,-0.004367112771034336,,1,-0.003867112771034336,-0.003867112771034336,1,-0.00386859706956912,0.0025685970695691197
XRPUSDT,20380,short,-0.0033220551926743213,,1,-0.0028220551926743213,-0.0028220551926743213,1,-0.002821094645351646,-0.002821094645351646
XRPUSDT,20419,long,-0.0032548152458539343,,1,-0.0027548152458539343,0.0014548152458539341,1,-0.0027557431174126405,-0.0027557431174126405
XRPUSDT,20479,long,-0.0035474184852243625,,1,-0.0030474184852243625,0.0008884510911346173,1,-0.0030484927315901577,0.0008890956389540943
XRPUSDT,20494,short,-0.00303474529946264,,1,-0.00253474529946264,0.0012347452994626398,1,-0.0025339283352949927,0.002214285336471988
XRPUSDT,20558,short,-0.0027184426865208664,,1,-0.0022184426865208664,-0.0022184426865208664,1,-0.002217783794623555,-0.002217783794623555
XRPUSDT,20564,long,-0.00274041346599991,,1,-0.00224041346599991,-0.00224041346599991,1,-0.0022410840080039117,-0.0022410840080039117
XRPUSDT,20624,short,0.0009291673563979298,,1,0.0014291673563979295,0.0014291673563979295,0,,
XRPUSDT,20656,long,-0.003336957989302597,,1,-0.002836957989302597,-0.002836957989302597,1,-0.002837926952778987,-0.002837926952778987
XRPUSDT,20723,long,-0.0031166154066232785,,1,-0.0026166154066232785,0.0006299692439739671,1,-0.002617474143695126,-0.002617474143695126
XRPUSDT,20735,short,-0.002692175161521935,,1,-0.002192175161521935,-0.002192175161521935,1,-0.0021915293968235235,-0.0021915293968235235
XRPUSDT,20798,short,-0.0025725480999622703,,1,-0.0020725480999622702,0.0007725480999622701,1,-0.0020719621189028187,0.0007719621189028187
XRPUSDT,20828,long,0.0013523343663284148,,1,0.0018523343663284148,0.0018523343663284148,0,,
XRPUSDT,20871,short,0.002271688843604624,,1,0.002771688843604624,0.002771688843604624,1,0.00277010379170877,0.00277010379170877
XRPUSDT,20932,short,0.0009716686332750599,,1,0.0014716686332750598,0.0014716686332750598,0,,
XRPUSDT,20955,long,0.0015971623155505064,,1,-0.0069300794551645515,0.0020971623155505064,1,-0.002461507200819476,0.0020984115213111615
XRPUSDT,21000,short,0.0011905923344947408,,1,0.0016905923344947408,0.0016905923344947408,0,,
XRPUSDT,21048,long,-0.0022338756915066694,,1,-0.0017338756915066694,0.00043387569150666954,1,0.0009348685406810117,0.0009348685406810117
XRPUSDT,21063,short,-0.0022417766077933417,,1,-0.0017417766077933417,-0.0017417766077933417,1,-0.0017413559298284273,-0.0017413559298284273
XRPUSDT,21110,long,-0.002323951670220304,,1,-0.001823951670220304,-0.001823951670220304,1,-0.0018244138771588837,0.0010790622034542135
XRPUSDT,21128,short,0.000711606824910742,,1,0.0012116068249107418,0.0012116068249107418,1,0.0012108014241986426,0.0012108014241986426
XRPUSDT,21192,long,-0.002438812901648871,,1,-0.0019388129016488708,-0.0019388129016488708,1,-0.0019393325679328373,0.036119543492427644
XRPUSDT,21200,short,-0.003228088034984613,,1,-0.002728088034984613,-0.002728088034984613,1,-0.0027271744477607323,-0.0027271744477607323
XRPUSDT,21257,long,0.0006888859465075127,,1,0.0011888859465075125,0.0011888859465075125,1,0.001189680786900963,0.001189680786900963
XRPUSDT,21320,long,0.0005543681826491098,,1,0.0010543681826491096,0.0010543681826491096,1,0.0010550957305143667,0.0010550957305143667
XRPUSDT,21380,long,-0.00343399608120069,,1,-0.00293399608120069,0.002854393729921104,1,-0.0029350135879946874,0.0028560217407914996
XRPUSDT,21411,short,-0.003496592663419678,,1,-0.002996592663419678,-0.002996592663419678,1,-0.002995544890974191,-0.002995544890974191
XRPUSDT,21471,short,-0.0028271790587579707,,1,-0.0023271790587579707,-0.0023271790587579707,1,-0.002326465825845048,-0.002326465825845048
XRPUSDT,21477,long,-0.0029472966941410743,,1,-0.0024472966941410743,-0.0024472966941410743,1,-0.0024480707295058274,-0.0024480707295058274
XRPUSDT,21537,long,0.0010802575537405376,,1,0.0015802575537405376,0.0015802575537405376,1,-0.0021382801111434076,-0.0021382801111434076
XRPUSDT,21554,short,0.0015551690937537755,,1,0.0020551690937537755,0.0020551690937537755,1,-0.0024337138266827684,0.002053942122692429
XRPUSDT,21598,long,-0.002666038151284047,,1,-0.002166038151284047,0.001625661042054475,1,0.001626674379244097,0.001626674379244097
XRPUSDT,21624,short,-0.0030996059320759165,,1,0.0023193694913214665,0.0023193694913214665,1,0.002318010486078427,0.002318010486078427
XRPUSDT,21659,long,0.001032832080200502,,1,0.001532832080200502,0.001532832080200502,1,0.001533798979690347,0.001533798979690347
XRPUSDT,21695,short,-0.003900451888895587,,1,-0.003400451888895587,-0.003400451888895587,1,-0.0033992022877517114,-0.0033992022877517114
XRPUSDT,21727,long,0.002551291777631449,,1,0.003051291777631449,0.003051291777631449,1,0.0030530182867748367,0.0030530182867748367
XRPUSDT,21761,short,-0.0039340404466184946,,1,-0.003434040446618495,-0.003434040446618495,1,-0.003432774059588701,-0.003432774059588701
XRPUSDT,21795,long,-0.00377834775644155,,1,-0.00327834775644155,-0.00327834775644155,1,-0.0032795375252041518,-0.0032795375252041518
XRPUSDT,21834,short,-0.0033690617884748813,,1,-0.0028690617884748813,-0.0028690617884748813,1,-0.0028680777496000814,-0.0028680777496000814
XRPUSDT,21858,long,-0.0034316509837468276,,1,-0.0029316509837468275,-0.0029316509837468275,1,-0.00293266731740553,-0.00293266731740553
XRPUSDT,21894,short,-0.0034868970236058825,,1,-0.0029868970236058825,-0.0029868970236058825,1,-0.002985854096557604,-0.002985854096557604
XRPUSDT,21960,short,-0.0035838602329450824,,1,-0.0030838602329450824,0.0030941763727121317,1,0.0030924301576333154,0.0030924301576333154
XRPUSDT,22007,long,0.0013905945903397443,,1,0.0018905945903397443,0.0018905945903397443,1,-0.0023323377878562684,0.0018917404605700294
XRPUSDT,22030,short,-0.0026612577104231268,,1,-0.0021612577104231268,-0.0021612577104231268,1,-0.0021606273967247646,-0.0021606273967247646
XRPUSDT,22073,long,0.002517861080485124,,1,0.003017861080485124,0.003017861080485124,1,0.0030195708659180834,0.0030195708659180834
XRPUSDT,22120,short,-0.002409782576571094,,1,-0.0019097825765710939,-0.0019097825765710939,1,-0.0019092779376022927,0.0006092779376022928
XRPUSDT,22139,long,-0.002692980541380304,,1,-0.002192980541380304,-0.002192980541380304,1,-0.002193627355057833,-0.002193627355057833
XRPUSDT,22199,long,0.0011929432013769682,,1,0.0016929432013769682,0.0016929432013769682,1,-0.0022087438727970035,0.0016939901964752053
XRPUSDT,22214,short,-0.00251853516240931,,1,-0.00201853516240931,-0.00201853516240931,1,-0.002017976174322149,0.00027078570459328937
XRPUSDT,22267,long,0.000712205575871947,,1,0.0012122055758719468,0.0012122055758719468,0,,
XRPUSDT,22336,long,0.0010334346084795417,,1,0.0015334346084795415,0.0015334346084795415,1,-0.002109001130865146,0.0015344018093842336
XRPUSDT,22353,short,-0.0027296163389582493,,1,-0.0022296163389582493,-0.0022296163389582493,1,-0.002228951863026736,0.0003973711178160415
XRPUSDT,22396,long,0.0021502194051682033,,1,0.0026502194051682033,0.0026502194051682033,1,0.002651745277807107,0.002651745277807107
XRPUSDT,22416,short,0.0020412921237858857,,1,0.0025412921237858857,0.0025412921237858857,1,0.002539822212679546,0.002539822212679546
XRPUSDT,22478,short,-0.0035239168024307375,,1,-0.0030239168024307375,0.0017239168024307371,1,-0.0030228553747433658,0.002996568599589385
XRPUSDT,22508,long,-0.0026597719464223303,,1,-0.0021597719464223303,-0.0021597719464223303,1,-0.002160402147496078,-0.002160402147496078
XRPUSDT,22539,short,0.0005219807872820449,,1,0.0010219807872820447,0.0010219807872820447,1,0.0010212701522059418,0.0010212701522059418
XRPUSDT,22636,long,0.0003949539024562078,,1,0.0008949539024562077,0.0008949539024562077,0,,
XRPUSDT,22834,short,0.0003963223897420914,,1,0.0008963223897420913,0.0008963223897420913,1,-0.0017097965952911614,0.0008956745524658585
XRPUSDT,22894,short,-0.002464509261230557,,1,-0.001964509261230557,0.0013032148179688906,1,0.0013023636361508151,0.0013023636361508151
XRPUSDT,23057,short,0.0009166220921431424,,1,0.0014166220921431423,0.0014166220921431423,1,-0.0020348213968910188,-0.0020348213968910188
XRPUSDT,23074,long,-0.002417242768511815,,1,-0.001917242768511815,0.0012275884296189038,1,0.001228402630934371,0.001228402630934371
XRPUSDT,23117,short,-0.002654458617979607,,1,-0.002154458617979607,0.001607133788767371,1,-0.0021538317021285425,0.0016061307234056682
XRPUSDT,23141,long,-0.0031381170064199797,,1,-0.0026381170064199797,-0.0026381170064199797,1,-0.0026389864996698145,0.0006433918998018887
XRPUSDT,23202,long,-0.004329200183636399,,1,-0.003829200183636399,0.0025292001836363987,1,-0.0038306655163945964,0.002530665516394596
XRPUSDT,23216,short,-0.0036464343508458147,,1,-0.0031464343508458147,0.0009478606105074887,1,-0.003145311694998316,0.0018453116949983155
XRPUSDT,23281,short,0.0036419671628049794,,1,0.00414196716280498,0.00414196716280498,1,0.004139697314147907,0.004139697314147907
XRPUSDT,23307,long,-0.004346562854892027,,1,-0.003846562854892027,0.0013679377129352157,1,-0.0038480368733286906,0.001368822123997214
XRPUSDT,23342,short,-0.0028791076050782662,,1,-0.0023791076050782662,0.0019665721681252257,1,0.0019653894733885316,0.0019653894733885316
XRPUSDT,23376,long,-0.0028985732761275056,,1,-0.0023985732761275056,-0.0023985732761275056,1,-0.002399322937596304,-0.002399322937596304
XRPUSDT,23402,short,-0.0026046946900367147,,1,-0.0021046946900367147,0.0015275115040587434,1,0.0015265482299437715,0.0015265482299437715
XRPUSDT,23448,long,0.001890697674418611,,1,0.002390697674418611,0.002390697674418611,1,0.002392093721279251,0.002392093721279251
XRPUSDT,23491,short,-0.0023911265632297297,,1,-0.0018911265632297297,0.0005911265632297295,1,-0.0018906312476059265,-0.0018906312476059265
XRPUSDT,23520,long,-0.002893694438701671,,1,-0.002393694438701671,-0.002393694438701671,1,-0.0023944416595314366,-0.0023944416595314366
XRPUSDT,23562,short,0.0003835508814061335,,1,0.0008835508814061334,0.0008835508814061334,1,0.000882909426692787,0.000882909426692787
XRPUSDT,23581,long,-0.002232729905865338,,1,-0.0017327299058653382,9.963794351920281e-05,1,-0.0017331464791048904,-0.0017331464791048904
XRPUSDT,23622,short,-0.0024477372004045,,1,-0.0019477372004045,0.0006477372004044999,1,0.0012755417497723135,0.0012755417497723135
XRPUSDT,23641,long,-0.002413134377987405,,1,-0.0019131343779874052,0.0012210150047798482,1,-0.0019136411985866985,0.0012218259177387172
XRPUSDT,24182,short,-0.0023000993213043897,,1,-0.0018000993213043897,-0.0018000993213043897,1,-0.0017996494965561117,0.0004996494965561117
XRPUSDT,24653,short,0.0014840245775730111,,1,0.001984024577573011,0.001984024577573011,0,,
XRPUSDT,24697,long,-0.0023225186810032572,,1,-0.0018225186810032572,-0.0018225186810032572,1,-0.0018229801710888016,-0.0018229801710888016
XRPUSDT,24730,short,0.000570256062752758,,1,0.0010702560627527577,0.0010702560627527577,1,0.001069521302101707,0.001069521302101707
XRPUSDT,24859,short,-0.002252357332840424,,1,-0.001752357332840424,-0.001752357332840424,1,-0.0017519313671568457,-0.0017519313671568457
XRPUSDT,25058,short,-0.002206377055747879,,1,-0.0017063770557478788,8.382623344872718e-05,1,-0.0017059740687135217,0.0004059740687135219
XRPUSDT,25588,long,-0.002216618179962221,,1,-0.001716618179962221,0.0004166181799622208,1,0.0009072427092942002,0.0009072427092942002
XRPUSDT,25918,long,-0.002467165017411624,,1,-0.001967165017411624,-0.001967165017411624,1,-0.0019676988668450466,0.0013083181869520746
XRPUSDT,25955,short,-0.0022180210026892223,,1,-0.0017180210026892222,9.081260161353317e-05,1,-0.0017176121965909266,-0.0017176121965909266
XRPUSDT,26035,short,-0.002539195443218203,,1,-0.002039195443218203,-0.002039195443218203,1,-0.0020386261301531265,0.0014218018082450025
XRPUSDT,26102,short,-0.002621394331503799,,1,-0.0021213943315037988,-0.0021213943315037988,1,-0.002120783939534032,0.0003324703637204191
XRPUSDT,26113,long,-0.0024714285714285554,,1,-0.0019714285714285554,0.0002428571428571333,1,-0.001971964553705408,0.0006719645537054081
XRPUSDT,26174,long,0.0012771802266541687,,1,0.0017771802266541687,0.0017771802266541687,1,0.001778269361334836,0.001778269361334836
XRPUSDT,26232,short,-0.003491012191664276,,1,-0.002991012191664276,-0.002991012191664276,1,-0.0029899672080602457,-0.0029899672080602457
XRPUSDT,26243,long,-0.0032435129499229338,,1,-0.0027435129499229337,-0.0027435129499229337,1,-0.002744435167506687,0.0007066611005040122
XRPUSDT,26303,long,-0.0031312984738553675,,1,-0.0026312984738553675,-0.0026312984738553675,1,-0.002632164556133434,-0.002632164556133434
XRPUSDT,26320,short,-0.0022778706369829043,,1,-0.0017778706369829043,0.0010045930191726468,1,-0.0017774319210223932,0.001003891073635829
XRPUSDT,26381,short,-0.002251184565186559,,1,-0.0017511845651865588,-0.0017511845651865588,1,-0.0017507591855937619,0.00045075918559376205
XRPUSDT,26441,short,0.0018461918043338578,,1,0.002346191804333858,0.002346191804333858,0,,
XRPUSDT,26479,long,0.0008292424320033425,,1,0.0013292424320033424,0.0013292424320033424,1,-0.001981317178591385,-0.001981317178591385
XRPUSDT,26520,short,0.0014867620824704684,,1,0.0019867620824704684,0.0019867620824704684,0,,
XRPUSDT,26565,long,-0.0024567119248652142,,1,-0.0019567119248652142,-0.0019567119248652142,1,-0.0019572405451377833,0.0006572405451377831
XRPUSDT,26581,short,0.0010496478655073844,,1,0.0015496478655073842,0.0015496478655073842,0,,
XRPUSDT,26625,long,-0.004675477103256509,,1,-0.00417547710325651,0.004840763365210416,1,0.004843385057739285,0.004843385057739285
XRPUSDT,26747,short,0.0012212927959107354,,1,0.0017212927959107355,0.0017212927959107355,1,-0.002225145424731844,-0.002225145424731844
XRPUSDT,26760,long,-0.0031456332798920224,,1,-0.0026456332798920224,0.0006473799679352135,1,-0.0026465065331586018,0.0013465065331586016
XRPUSDT,26807,short,-0.0027806727062247346,,1,-0.0022806727062247346,-0.0022806727062247346,1,-0.002279982714867301,-0.002279982714867301
XRPUSDT,26820,long,-0.002632895558401145,,1,-0.002132895558401145,0.0015726328934418314,1,0.0015736197032934778,0.0015736197032934778
XRPUSDT,26904,long,0.0005578124337839079,,1,0.0010578124337839077,0.0010578124337839077,1,-0.0018115885653976413,0.01815001744420109
XRPUSDT,26969,long,-0.0024734445526616053,,1,-0.0019734445526616053,0.0006734445526616053,1,0.001318370469493315,0.001318370469493315
XRPUSDT,26994,short,-0.002528123327491571,,1,-0.002028123327491571,-0.002028123327491571,1,-0.0020275595477177123,-0.0020275595477177123
XRPUSDT,27029,long,-0.002373883175906337,,1,-0.001873883175906337,0.0011582130814501391,1,0.0011589925777390087,0.0011589925777390087
XRPUSDT,27089,long,0.0007787071449450877,,1,0.0012787071449450876,0.0012787071449450876,0,,
XRPUSDT,27113,short,-0.002408391067640544,,1,-0.001908391067640544,-0.001908391067640544,1,-0.0019078871240785049,-0.0019078871240785049
XRPUSDT,27149,long,-0.0029489531571615375,,1,-0.0024489531571615375,-0.0024489531571615375,1,-0.0024497280211721235,0.0005298368127032739
XRPUSDT,27213,long,-0.002210566461253864,,1,-0.0017105664612538638,-0.0017105664612538638,1,-0.0017109719472274778,0.00041097194722747776
XRPUSDT,27275,long,-0.002240153094563898,,1,-0.0017401530945638979,0.0009442449513022366,1,0.00094491741000724,0.00094491741000724
XRPUSDT,27351,long,-0.002236424467233981,,1,-0.001736424467233981,0.00010185468034038845,1,-0.00173684288867832,0.0009389486218853118
XRPUSDT,27372,short,-0.003041736592484476,,1,-0.002541736592484476,0.0022267785479751613,1,-0.0025409161344172675,0.002225465815067628
XRPUSDT,27415,long,-0.002907174779942024,,1,-0.002407174779942024,0.0020114796479072383,1,-0.002407928744314181,0.0020126859909026895
XRPUSDT,27433,short,-0.0027083114409218955,,1,-0.0022083114409218955,-0.0022083114409218955,1,-0.0022076576121158376,0.00038459456726950257
XRPUSDT,27486,long,0.0018406445124250891,,1,0.002340644512425089,0.002340644512425089,1,-0.0026137597001157386,0.0023420155201851816
XRPUSDT,27535,short,0.002147175014830054,,1,0.002647175014830054,0.002647175014830054,0,,
XRPUSDT,27555,long,0.0017651675099423446,,1,0.0022651675099423446,0.0022651675099423446,1,0.002266500760322506,0.002266500760322506
XRPUSDT,27595,short,-0.0027029655495908874,,1,-0.0022029655495908874,-0.0022029655495908874,1,-0.00220231439239469,-0.00220231439239469
XRPUSDT,27617,long,0.0015893588235906509,,1,0.002089358823590651,0.002089358823590651,1,0.0020906041256534775,0.0020906041256534775
XRPUSDT,27664,short,-0.002719672471840076,,1,-0.002219672471840076,-0.002219672471840076,1,-0.0022190129653573976,-0.0022190129653573976
XRPUSDT,27686,long,0.0011941758321348467,,1,0.0016941758321348467,0.0016941758321348467,0,,
XRPUSDT,27737,short,-0.0027890179797791874,,1,-0.0022890179797791874,-0.0022890179797791874,1,-0.0022883238178702525,-0.0022883238178702525
XRPUSDT,27751,long,-0.0028589840539207617,,1,-0.0023589840539207617,-0.0023589840539207617,1,-0.0023597139108762,-0.0023597139108762
XRPUSDT,27808,short,-0.0025506589199285976,,1,-0.0020506589199285976,-0.0020506589199285976,1,-0.002050083877989603,-0.002050083877989603
XRPUSDT,27828,long,-0.0023771350400625434,,1,-0.0018771350400625434,0.001163416064100069,1,0.0011641981631816598,0.0011641981631816598
XRPUSDT,27884,short,0.000608423059090205,,1,0.0011084230590902048,0.0011084230590902048,1,0.001107669224477966,0.001107669224477966
XRPUSDT,27917,long,-0.0023942098864643494,,1,0.001190735818342959,0.001190735818342959,1,0.0011915315841350266,0.0011915315841350266
XRPUSDT,28110,short,-0.002297953285786562,,1,-0.001797953285786562,-0.001797953285786562,1,-0.0017975045335198022,-0.0017975045335198022
XRPUSDT,28171,long,-0.002249784962951435,,1,-0.001749784962951435,0.00010987097777086108,1,-0.001750210067985428,0.000450210067985428
XRPUSDT,28298,long,-0.0023012256669070084,,1,-0.0018012256669070084,0.00014073540014420508,1,-0.001801676505159588,0.0005016765051595883
XRPUSDT,28372,long,-0.002323422958667808,,1,-0.0018234229586678078,0.0005234229586678076,1,-0.0018238849011183666,0.0005238849011183667
XRPUSDT,28451,short,-0.002250585615308431,,1,-0.0017505856153084312,-0.0017505856153084312,1,-0.0017501605350409106,-0.0017501605350409106
XRPUSDT,28460,long,-0.0022431183038927375,,1,-0.0017431183038927375,-0.0017431183038927375,1,-0.0017435400739297022,-0.0017435400739297022
XRPUSDT,28576,short,-0.002935365815315923,,1,-0.002435365815315923,0.0005212194891895537,1,-0.0024345985160578944,0.001134598516057894
XRPUSDT,28631,long,0.000514655073191633,,1,0.0010146550731916328,0.0010146550731916328,1,0.0010153627545689172,0.0010153627545689172
XRPUSDT,28691,long,0.0011494449419948913,,1,0.0016494449419948913,0.0016494449419948913,0,,
XRPUSDT,28722,short,-0.0022767743006557833,,1,-0.0017767743006557833,0.0010028388810492533,1,0.0010021378121431819,0.0010021378121431819
XRPUSDT,28784,short,0.0010857070461573297,,1,0.0015857070461573297,0.0015857070461573297,1,0.0015847146888129235,0.0015847146888129235
XRPUSDT,28850,short,0.0013699669137663588,,1,0.0018699669137663588,0.0018699669137663588,1,0.0018688324975176004,0.0018688324975176004
XRPUSDT,28875,long,0.0010145156233670976,,1,0.0015145156233670977,0.0015145156233670977,1,-0.0020971708500294507,-0.0020971708500294507
XRPUSDT,28938,short,-0.0026721721430648083,,1,-0.0021721721430648083,-0.0021721721430648083,1,-0.0021715363748773696,-0.0021715363748773696
XRPUSDT,28943,long,0.0013951600708433567,,1,0.0018951600708433567,0.0018951600708433567,1,0.0018963082249558345,0.0018963082249558345
XRPUSDT,29005,long,0.0009198626793115668,,1,0.0014198626793115665,0.0014198626793115665,0,,
XRPUSDT,29029,short,-0.002377120819949916,,1,-0.001877120819949916,-0.001877120819949916,1,-0.0018766325036980672,0.001162612005916907
XRPUSDT,29077,long,-0.0028643432420559396,,1,-0.0023643432420559396,0.0019429491872895032,1,-0.0023650757799459124,0.0019441212479134598
XRPUSDT,29095,short,0.0007572851493020697,,1,0.0012572851493020695,0.0012572851493020695,1,-0.001935285575526031,-0.001935285575526031
XRPUSDT,29156,short,-0.0028205741224008826,,1,-0.0023205741224008826,0.0018729185958414121,1,0.0018717827044891677,0.0018717827044891677
XRPUSDT,29200,long,0.00246631988496996,,1,0.00296631988496996,0.00296631988496996,0,,
XRPUSDT,29247,short,0.000900039954157887,,1,0.0014000399541578869,0.0014000399541578869,1,0.0013991403839659039,0.0013991403839659039
XRPUSDT,29286,long,-0.00251236464472864,,1,-0.00201236464472864,-0.00201236464472864,1,-0.00201292110528128,-0.00201292110528128
XRPUSDT,29311,short,0.0004468298674346915,,1,0.0009468298674346914,0.0009468298674346914,1,-0.0017413479931501072,-0.0017413479931501072
XRPUSDT,29353,long,-0.0029789417910922157,,1,-0.0024789417910922157,-0.0024789417910922157,1,-0.002479731656920676,0.002127570651073082
XRPUSDT,29403,short,0.00043087502913932924,,1,0.0009308750291393291,0.0009308750291393291,0,,
XRPUSDT,29437,long,-0.002450264157348692,,1,-0.001950264157348692,-0.001950264157348692,1,-0.0019507895521247544,0.001281263283399607
XRPUSDT,29500,long,-0.002297941073937531,,1,-0.001797941073937531,-0.001797941073937531,1,-0.0017983902690720671,0.00013903416144324016
XRPUSDT,29537,short,-0.0025302492916043106,,1,-0.0020302492916043106,0.0014083988665668965,1,0.0014074951190073933,0.0014074951190073933
XRPUSDT,29579,long,-0.002682638083174533,,1,-0.002182638083174533,0.0008826380831745327,1,0.0016532475568576811,0.0016532475568576811
XRPUSDT,29607,short,0.0015124987969587118,,1,0.002012498796958712,0.002012498796958712,0,,
XRPUSDT,29639,long,0.0016229578473610762,,1,0.0021229578473610762,0.0021229578473610762,1,0.002124219957339746,0.002124219957339746
XRPUSDT,29699,long,0.0011996264273544392,,1,0.0016996264273544393,0.0016996264273544393,1,0.0017006767657373073,0.0017006767657373073
XRPUSDT,29730,short,-0.0024207859522928183,,1,-0.0019207859522928183,0.0012332575236685094,1,-0.0019202758143856257,0.0012324413030170007
XRPUSDT,29781,long,0.0003904047371437148,,1,0.0008904047371437147,0.0008904047371437147,0,,
XRPUSDT,29909,long,-0.002454159427045836,,1,-0.0019541594270458358,-0.0019541594270458358,1,-0.0019546867704310516,-0.0019546867704310516
XRPUSDT,29952,short,-0.0022164477102352897,,1,-0.0017164477102352897,8.986862614117371e-05,1,-0.0017160396903900949,0.0009056635046241515
XRPUSDT,30013,short,0.0004537531529039422,,1,0.0009537531529039421,0.0009537531529039421,0,,
XRPUSDT,30049,long,-0.002970035365984371,,1,-0.002470035365984371,0.0011700353659843707,1,-0.0024708207763725573,-0.0024708207763725573
XRPUSDT,30073,short,0.0019358738036157129,,1,0.002435873803615713,0.002435873803615713,1,0.002434456575328049,0.002434456575328049
XRPUSDT,30136,short,0.0008347558331164708,,1,0.0013347558331164707,0.0013347558331164707,1,0.001333888888672135,0.001333888888672135
XRPUSDT,30166,long,0.0016759169115016666,,1,0.0021759169115016666,0.0021759169115016666,1,0.002177205514258796,0.002177205514258796
XRPUSDT,30226,long,-0.0022091749652054953,,1,-0.0017091749652054953,0.0008946799443287921,1,-0.0017095797550830366,0.0008953276081328586
XRPUSDT,30293,long,-0.0026033369667274983,,1,-0.0021033369667274983,0.001525339146763997,1,-0.002103938936195596,0.0015263022979129534
XRPUSDT,30355,long,0.003030596410453172,,1,0.003530596410453172,0.003530596410453172,1,0.0035325626917990715,0.0035325626917990715
XRPUSDT,30377,short,-0.0030060357062822386,,1,-0.0025060357062822386,0.0021696571300515817,1,0.002168372943579792,0.002168372943579792
XRPUSDT,30441,long,-0.0031893196312399352,,1,-0.0026893196312399352,0.0006735917787439611,1,-0.0026902147386092395,0.0013902147386092394
XRPUSDT,30457,short,-0.0028952409535242334,,1,-0.0023952409535242334,-0.0023952409535242334,1,-0.002394493706670898,-0.002394493706670898
XRPUSDT,30517,short,0.0005988009592326391,,1,0.0010988009592326389,0.0010988009592326389,1,0.001098051933266006,0.001098051933266006
XRPUSDT,30561,long,-0.0022636227095223557,,1,-0.0017636227095223556,0.0009817963352357689,1,0.0009824875790252815,0.0009824875790252815
XRPUSDT,30624,short,-0.002264765605816337,,1,-0.001764765605816337,0.0004647656058163371,1,-0.0017643334390967888,-0.0017643334390967888
XRPUSDT,30636,long,-0.0022151392129910272,,1,-0.0017151392129910272,0.0009042227407856435,1,0.0009048751783748309,0.0009048751783748309
XRPUSDT,30699,long,-0.0023669021941242095,,1,-0.0018669021941242095,0.0011470435105987349,1,0.001147817419308389,0.001147817419308389
XRPUSDT,30703,short,-0.0023728660740866864,,1,-0.0018728660740866864,0.00018371964445201185,1,-0.0018723798841446143,0.0005723798841446142
XRPUSDT,30760,long,-0.002621317542561072,,1,-0.002121317542561072,0.0003327905255366433,1,-0.0021219285068144796,0.0008219285068144794
XRPUSDT,30771,short,-0.002283925263325026,,1,-0.0017839252633250259,0.0010142804213200416,1,0.00101357363450279,0.00101357363450279
XRPUSDT,30822,long,-0.002231118781166945,,1,-0.0017311187811669452,-0.0017311187811669452,1,-0.0017315345484411656,-0.0017315345484411656
XRPUSDT,30833,short,0.00039213244357545643,,1,0.0008921324435754563,0.0008921324435754563,1,0.0008914867002253437,0.0008914867002253437
XRPUSDT,30896,long,-0.00221541882876205,,1,-0.0017154188287620501,8.925129725723013e-05,1,-0.0017158267421331168,-0.0017158267421331168
XRPUSDT,30967,short,0.0007635722242851891,,1,0.0012635722242851889,0.0012635722242851889,0,,
XRPUSDT,31016,long,0.002195431912126981,,1,0.002695431912126981,0.002695431912126981,0,,
XRPUSDT,31054,short,-0.0033209717485579546,,1,-0.0028209717485579546,0.002673554797692727,1,-0.0028200117426866113,0.0026720187882985783
XRPUSDT,31080,long,-0.002609138987898091,,1,-0.002109138987898091,0.0015346223806369456,1,-0.002109743859828005,0.001535590175724808
XRPUSDT,31128,short,-0.0025392616748191603,,1,-0.0020392616748191603,-0.0020392616748191603,1,-0.002038692328654833,0.00028321539719289974
XRPUSDT,31141,long,-0.0024695242964616524,,1,-0.0019695242964616524,0.0006695242964616524,1,-0.0019700593261247146,0.0006700593261247147
XRPUSDT,31202,short,-0.002563485424986682,,1,-0.002063485424986682,0.0007634854249866821,1,0.001460646356800291,0.001460646356800291
XRPUSDT,31241,long,0.000697056733141009,,1,0.0011970567331410088,0.0011970567331410088,1,-0.0018986597881071841,-0.0018986597881071841
XRPUSDT,31264,short,0.0009373639280994495,,1,0.0014373639280994494,0.0014373639280994494,0,,
XRPUSDT,31305,long,-0.002699840260594454,,1,-0.002199840260594454,-0.002199840260594454,1,-0.0022004905058473777,-0.0022004905058473777
XRPUSDT,31324,short,-0.002337712818900951,,1,-0.001837712818900951,-0.001837712818900951,1,-0.0018372441968025495,-0.0018372441968025495
XRPUSDT,31392,short,-0.0027254571261584636,,1,-0.0022254571261584636,0.000395274275695078,1,-0.0022247947287940663,0.0009247947287940663
XRPUSDT,31430,long,0.0009843343859758792,,1,0.001484334385975879,0.001484334385975879,0,,
XRPUSDT,31452,short,-0.0025319652377127143,,1,-0.0020319652377127143,-0.0020319652377127143,1,-0.0020313995379437426,-0.0020313995379437426
XRPUSDT,31495,long,-0.0022910333903038605,,1,-0.0017910333903038604,0.00013462003418231625,1,-0.0017914791298687949,0.0004914791298687948
XRPUSDT,31512,short,0.0007791979949875249,,1,0.0012791979949875246,0.0012791979949875246,0,,
XRPUSDT,31569,long,-0.002326623947732153,,1,-0.001826623947732153,-0.001826623947732153,1,-0.001827087491477892,-0.001827087491477892
XRPUSDT,31577,short,-0.002354899368297329,,1,-0.001854899368297329,0.0011278389892757264,1,0.0011270754515499515,0.0011270754515499515
XRPUSDT,31674,short,-0.0023959016820831614,,1,-0.0018959016820831614,-0.0018959016820831614,1,-0.001895403980093115,-0.001895403980093115
XRPUSDT,31698,long,-0.002773028538268624,,1,-0.002273028538268624,-0.002273028538268624,1,-0.002273715395966607,-0.002273715395966607
XRPUSDT,31760,long,-0.0032315018315018573,,1,-0.0027315018315018573,0.002530402930402972,1,-0.0027324180405221186,0.0025318688648353896
XRPUSDT,31783,short,0.0018726508346663794,,1,0.0023726508346663794,0.0023726508346663794,1,0.002371265202065347,0.002371265202065347
XRPUSDT,31822,long,0.0030901058351242602,,1,0.0035901058351242602,0.0035901058351242602,1,0.0035921018860672936,0.0035921018860672936
XRPUSDT,31867,short,-0.006024088782504631,,1,-0.0055240887825046305,0.002374453269502778,1,-0.005521777893557852,0.002373066736134711
XRPUSDT,31882,long,-0.004168854817413219,,1,-0.003668854817413219,0.002368854817413219,1,-0.00367023993738191,0.0023702399373819096
XRPUSDT,31945,long,-0.0038139214226957418,,1,-0.0033139214226957417,0.0010483528536174447,1,-0.0033151289871893364,0.002015128987189336
XRPUSDT,31967,short,-0.0033156335343929974,,1,-0.0028156335343929974,0.0026650136550287955,1,-0.0028146761962948496,0.0026634819140717594
XRPUSDT,32007,long,-0.002910913785010178,,1,-0.002410913785010178,0.0020174620560162847,1,-0.002411669619820088,0.0020186713917121407
XRPUSDT,32048,short,0.001524123943111261,,1,0.002024123943111261,0.002024123943111261,1,0.002022912486867827,0.002022912486867827
XRPUSDT,32080,long,0.0009367626082028578,,1,0.0014367626082028575,0.0014367626082028575,1,0.001437681448927321,0.001437681448927321
XRPUSDT,32134,short,-0.002590638846056241,,1,-0.002090638846056241,-0.002090638846056241,1,-0.002090043824144169,-0.002090043824144169
XRPUSDT,32151,long,-0.003567300010690738,,1,-0.003067300010690738,0.0030676800171051807,1,-0.003068384202792134,0.0030694147244674144
XRPUSDT,32199,short,0.0009853651440208957,,1,0.0014853651440208957,0.0014853651440208957,0,,
XRPUSDT,32220,long,-0.0030530127490425787,,1,-0.0025530127490425787,-0.0025530127490425787,1,-0.002553839668877017,-0.002553839668877017
XRPUSDT,32263,short,0.0014064410873778728,,1,0.0019064410873778728,0.0019064410873778728,1,0.0019052884431562949,0.0019052884431562949
XRPUSDT,32313,long,0.0017422624372118683,,1,0.0022422624372118683,0.0022422624372118683,1,0.0022435842293265316,0.0022435842293265316
XRPUSDT,32339,short,-0.002595477846762359,,1,-0.002095477846762359,-0.002095477846762359,1,-0.0020948804065590797,-0.0020948804065590797
XRPUSDT,32383,long,-0.0023844748319009016,,1,-0.0018844748319009016,-0.0018844748319009016,1,-0.0018849673155586807,0.0005849673155586808
XRPUSDT,32414,short,-0.002694389660692076,,1,-0.002194389660692076,0.0003766337964152455,1,-0.002193742789297427,-0.002193742789297427
XRPUSDT,32474,short,0.001083989207098724,,1,0.001583989207098724,0.001583989207098724,1,0.0015829977082446015,0.0015829977082446015
XRPUSDT,32497,long,0.0007122307157748603,,1,0.00121223071577486,0.00121223071577486,0,,
XRPUSDT,32535,short,-0.002477062052671789,,1,-0.001977062052671789,-0.001977062052671789,1,-0.0019765237907764014,-0.0019765237907764014
XRPUSDT,32562,long,-0.002264573246645448,,1,-0.0017645732466454482,0.000983317194632717,1,0.0009840091992323334,0.0009840091992323334
XRPUSDT,32600,short,-0.0023136614612657347,,1,-0.0018136614612657346,0.0010618583380251753,1,-0.0018132048588363164,0.0010611277741381063
XRPUSDT,32643,long,0.0006464273386261876,,1,0.0011464273386261874,0.0011464273386261874,0,,
XRPUSDT,32671,short,-0.0024441909490316442,,1,-0.0019441909490316442,0.0012707055184506303,1,0.0012698705831590512,0.0012698705831590512
XRPUSDT,32711,long,-0.0025381665172104634,,1,-0.0020381665172104634,-0.0020381665172104634,1,-0.0020387358851530397,-0.0020387358851530397
XRPUSDT,32737,short,-0.0026182922118441867,,1,-0.0021182922118441866,-0.0021182922118441866,1,-0.002117683370159107,-0.002117683370159107
XRPUSDT,32790,long,-0.002719091753453372,,1,-0.002219091753453372,0.001710546805525395,1,-0.002219751629268006,0.0017116026068288094
XRPUSDT,32861,short,0.0009769118069235562,,1,0.0014769118069235562,0.0014769118069235562,1,0.0014759738200135495,0.0014759738200135495
XRPUSDT,32886,long,0.0007437165379220541,,1,0.0012437165379220539,0.0012437165379220539,0,,
XRPUSDT,32952,short,-0.0033064039408867195,,1,-0.0028064039408867195,-0.0028064039408867195,1,-0.00280545121527908,-0.00280545121527908
XRPUSDT,32965,long,-0.0028684504164702205,,1,-0.0023684504164702205,-0.0023684504164702205,1,-0.002369185008974708,-0.002369185008974708
XRPUSDT,33013,short,-0.002462925170068042,,1,-0.001962925170068042,-0.001962925170068042,1,-0.0019623939730815014,0.0002374363838489007
XRPUSDT,33035,long,0.0008221459676702325,,1,0.0013221459676702324,0.0013221459676702324,1,0.001323007471405935,0.001323007471405935
XRPUSDT,33116,long,-0.0026004801920768298,,1,-0.0021004801920768298,0.0008004801920768295,1,0.0015217291719088815,0.0015217291719088815
XRPUSDT,33156,short,0.005837933268545527,,1,0.006337933268545527,0.006337933268545527,1,0.006334565985552753,0.006334565985552753
XRPUSDT,33188,long,-0.0031530348783008603,,1,-0.0026530348783008603,0.0013530348783008601,1,-0.002653911834217969,0.0024062589347487507
XRPUSDT,33232,short,0.0019073865819866603,,1,0.0024073865819866603,0.0024073865819866603,0,,
XRPUSDT,33294,long,0.0015933871926839308,,1,0.002093387192683931,0.002093387192683931,1,0.0020946345099389,0.0020946345099389
XRPUSDT,33345,short,-0.0024318652240986616,,1,-0.0019318652240986616,0.0006318652240986616,1,-0.0019313495493239997,0.0006313495493239995
XRPUSDT,33354,long,0.0005368373251151005,,1,0.0010368373251151003,0.0010368373251151003,1,0.0010375561031666838,0.0010375561031666838
XRPUSDT,34583,long,0.0007123968197701119,,1,0.0012123968197701117,0.0012123968197701117,0,,
XRPUSDT,34640,short,0.0004254265711659084,,1,0.0009254265711659083,0.0009254265711659083,1,0.0009247641890713728,0.0009247641890713728
XRPUSDT,34668,long,-0.002299744230010999,,1,-0.0017997442300109988,0.0010395907680175983,1,0.0010403109234793375,0.0010403109234793375
XRPUSDT,34917,short,0.0011418211597785419,,1,0.0016418211597785419,0.0016418211597785419,0,,
XRPUSDT,35141,short,-0.002240809997079841,,1,-0.0017408099970798408,0.00010448599824790442,1,-0.0017403898021787515,-0.0017403898021787515
XRPUSDT,35391,short,-0.0022121468926553675,,1,-0.0017121468926553675,-0.0017121468926553675,1,-0.0017117410221442952,-0.0017117410221442952
XRPUSDT,35609,long,0.0008164111767240812,,1,0.001316411176724081,0.001316411176724081,1,-0.001973293632268685,0.000243976179361211
XRPUSDT,35705,short,-0.002929530540131258,,1,-0.002429530540131258,0.0011295305401312575,1,-0.0024287661570527317,0.0011287661570527313
XRPUSDT,35850,short,-0.0022008139089792016,,1,-0.0017008139089792016,0.00040081390897920156,1,0.0008806619234050199,0.0008806619234050199
XRPUSDT,36031,short,0.0005885143018063291,,1,0.001088514301806329,0.001088514301806329,1,0.00108777041659803,0.00108777041659803
XRPUSDT,36151,long,-0.002935389978920081,,1,-0.002435389978920081,0.0011353899789200805,1,0.002057852892718488,0.002057852892718488
XRPUSDT,36178,short,-0.0029494818126396725,,1,-0.0024494818126396724,-0.0024494818126396724,1,-0.0024487074589102176,-0.0024487074589102176
XRPUSDT,36625,long,0.0004375231649343281,,1,0.000937523164934328,0.000937523164934328,1,0.0009381922610648604,0.0009381922610648604
XRPUSDT,36672,short,-0.0022651302222177457,,1,-0.0017651302222177457,0.00011907813333064728,1,-0.001764697873281105,-0.001764697873281105
XRPUSDT,36732,short,-0.002391015463865667,,1,-0.001891015463865667,-0.001891015463865667,1,-0.0018905202037637855,-0.0018905202037637855
XRPUSDT,36792,short,-0.00269648271864799,,1,-0.00219648271864799,-0.00219648271864799,1,-0.0021958348012473664,-0.0021958348012473664
XRPUSDT,36885,short,-0.0028454518806036284,,1,-0.0023454518806036283,0.0019127230089658054,1,-0.002344729515845706,0.0019115672253531288
XRPUSDT,36942,long,0.0004738022415737692,,1,0.0009738022415737691,0.0009738022415737691,0,,
XRPUSDT,37012,long,-0.0022017130273292826,,1,-0.0017017130273292826,0.0008827408437268523,1,0.0008833825349943495,0.0008833825349943495
XRPUSDT,37491,long,-0.002681661600810542,,1,-0.002181661600810542,0.0016506585612968672,1,0.0016516844034986165,0.0016516844034986165
XRPUSDT,37523,short,0.0008408458151571431,,1,0.001340845815157143,0.001340845815157143,1,0.0013399758272435213,0.0013399758272435213
XRPUSDT,37585,short,0.0012880313863678403,,1,0.0017880313863678403,0.0017880313863678403,1,-0.0022668361983807102,-0.0022668361983807102
XRPUSDT,37601,long,-0.0024772231128174296,,1,-0.0019772231128174296,-0.0019772231128174296,1,-0.0019777619938143366,-0.0019777619938143366
XRPUSDT,37648,short,-0.003636024844720527,,1,-0.003136024844720527,-0.003136024844720527,1,-0.0031349073910250146,-0.0031349073910250146
XRPUSDT,37670,long,0.0009470418470418088,,1,0.0014470418470418085,0.0014470418470418085,0,,
XRPUSDT,37914,short,0.00039201079401421346,,1,0.0008920107940142134,0.0008920107940142134,0,,
XRPUSDT,38158,short,-0.0025267951896089462,,1,-0.0020267951896089462,-0.0020267951896089462,1,-0.0020262320735721603,0.001401971317715456
XRPUSDT,38334,short,-0.002226386892785238,,1,-0.001726386892785238,0.0009222190284563805,1,0.0009215582493317147,0.0009215582493317147
XRPUSDT,38360,long,0.0008951923273972335,,1,0.0013951923273972332,0.0013951923273972332,1,0.0013960903725835248,0.0013960903725835248
XRPUSDT,38409,short,-0.0023589448529789023,,1,-0.0018589448529789023,0.004556242372029616,1,-0.001858465620168818,0.0011335449922701085
XRPUSDT,38481,short,0.0008487684729064118,,1,0.0013487684729064117,0.0013487684729064117,1,0.0013478945256435902,0.0013478945256435902
XRPUSDT,38542,short,-0.0023201914825422233,,1,-0.0018201914825422233,-0.0018201914825422233,1,-0.0018197316167338565,0.0005197316167338565
XRPUSDT,38573,long,0.00041125909737542237,,1,0.0009112590973754223,0.0009112590973754223,1,0.0009119150549028735,0.0009119150549028735
XRPUSDT,38614,short,0.00045956329179110003,,1,0.0009595632917910999,0.0009595632917910999,1,0.0009588838498661669,0.0009588838498661669
XRPUSDT,38655,long,0.0004760428468431118,,1,0.0009760428468431117,0.0009760428468431117,0,,
XRPUSDT,38755,short,-0.0022434030546525045,,1,-0.0017434030546525045,-0.0017434030546525045,1,-0.0017429815638705694,0.00010578893832234156
XRPUSDT,38820,short,-0.002314302151178333,,1,-0.0018143021511783331,-0.0018143021511783331,1,-0.001813845228564051,-0.001813845228564051
XRPUSDT,38881,short,-0.00228481917794128,,1,-0.0017848191779412802,-0.0017848191779412802,1,-0.001784376989446557,-0.001784376989446557
XRPUSDT,38951,short,0.0004551988407334813,,1,0.0009551988407334812,0.0009551988407334812,1,0.0009545215799435096,0.0009545215799435096
XRPUSDT,38976,long,0.0027863716886654434,,1,0.0032863716886654434,0.0032863716886654434,1,0.003288215796563725,0.003288215796563725
XRPUSDT,39037,long,-0.0032374558303887033,,1,-0.0027374558303887033,0.002539929328621925,1,-0.002738375017897652,0.0025414000286362428
XRPUSDT,39069,short,-0.0025477515193803235,,1,-0.0020477515193803235,0.00028865091162819415,1,-0.002047177930415116,0.000747177930415116
XRPUSDT,39098,long,0.0012040585442244151,,1,0.0017040585442244151,0.0017040585442244151,0,,
XRPUSDT,39130,short,-0.003405100255012774,,1,-0.002905100255012774,0.0016051002550127734,1,-0.002904098205909819,0.0016040982059098187
XRPUSDT,39158,long,-0.003580037229859545,,1,-0.003080037229859545,0.0017800372298595445,1,-0.003081127793756423,0.0017811277937564225
XRPUSDT,39194,short,-0.0024616880840536396,,1,-0.0019616880840536395,-0.0019616880840536395,1,-0.0019611575053009892,0.0002366945031805936
XRPUSDT,39218,long,-0.002597210499536082,,1,-0.002097210499536082,0.00031832629972164915,1,-0.002097809404238201,-0.002097809404238201
XRPUSDT,39266,short,-0.0024664699843518108,,1,-0.0019664699843518108,-0.0019664699843518108,1,-0.001965937015843889,-0.001965937015843889
XRPUSDT,39292,long,-0.0029859716320545953,,1,-0.0024859716320545953,-0.0024859716320545953,1,-0.002486765014561876,-0.002486765014561876
XRPUSDT,39330,short,0.0016209493702643574,,1,0.0021209493702643574,0.0021209493702643574,0,,
XRPUSDT,39358,long,-0.0030388677278376944,,1,-0.0025388677278376944,-0.0025388677278376944,1,-0.002539687571623506,-0.002539687571623506
XRPUSDT,39390,short,0.0008673048600883676,,1,0.0013673048600883675,0.0013673048600883675,1,0.0013664216492637357,0.0013664216492637357
XRPUSDT,39418,long,0.0005172974714124886,,1,0.0010172974714124884,0.0010172974714124884,1,-0.0017862540466561335,0.0010180064746498133
XRPUSDT,39481,long,-0.002416740992782112,,1,-0.0019167409927821118,0.001226785588451379,1,0.0012275993881454516,0.0012275993881454516
XRPUSDT,39673,short,-0.002471302238617397,,1,-0.001971302238617397,0.0006713022386173968,1,-0.001970766855189802,-0.001970766855189802
XRPUSDT,39684,long,0.000835025319264804,,1,0.001335025319264804,0.001335025319264804,1,0.0013358932658977525,0.0013358932658977525
XRPUSDT,39733,short,-0.0028643210599664675,,1,-0.0023643210599664675,-0.0023643210599664675,1,-0.0023635892653338006,-0.0023635892653338006
XRPUSDT,39745,long,0.00038148297400764086,,1,0.0008814829740076408,0.0008814829740076408,1,0.0008821240360256535,0.0008821240360256535
XRPUSDT,39868,long,0.0004584513654434402,,1,0.0009584513654434401,0.0009584513654434401,0,,
XRPUSDT,39889,short,-0.0024233319688907176,,1,-0.0019233319688907176,0.0006233319688907174,1,0.0012365128937782586,0.0012365128937782586
XRPUSDT,40014,long,-0.002249334935977006,,1,-0.001749334935977006,0.0009589358975632094,1,-0.0017497598158849482,0.0009596157054159172
XRPUSDT,40077,long,-0.002588989953034898,,1,-0.002088989953034898,-0.002088989953034898,1,-0.0020895847454076018,0.000313750847244561
XRPUSDT,40177,short,0.0013498769598537783,,1,0.0018498769598537784,0.0018498769598537784,0,,
XRPUSDT,40208,long,0.0007393113285252384,,1,0.0012393113285252381,0.0012393113285252381,1,0.0012401313942223494,0.0012401313942223494
XRPUSDT,40271,long,0.0005160004022728285,,1,0.0010160004022728283,0.0010160004022728283,0,,
XRPUSDT,40369,short,-0.002560508830824691,,1,-0.002060508830824691,-0.002060508830824691,1,-0.0020599288663914954,-0.0020599288663914954
XRPUSDT,40429,short,-0.0026175324675324673,,1,-0.0021175324675324673,-0.0021175324675324673,1,-0.002116924005529702,-0.002116924005529702
XRPUSDT,40456,long,-0.0028286713356578254,,1,-0.0023286713356578254,0.00045720280139469516,1,-0.002329386028672161,0.001029386028672161
XRPUSDT,40489,short,0.002891849932718757,,1,0.003391849932718757,0.003391849932718757,0,,
XRPUSDT,40524,long,0.0017602444603432052,,1,0.002260244460343205,0.002260244460343205,1,0.002261575247967189,0.002261575247967189
XRPUSDT,40556,short,-0.002576423067990212,,1,-0.002076423067990212,-0.002076423067990212,1,-0.002075835150415005,0.0014813362406640076
XRPUSDT,40584,long,0.00108764761502409,,1,0.00158764761502409,0.00158764761502409,0,,
XRPUSDT,40721,short,0.0006712976299593605,,1,0.0011712976299593602,0.0011712976299593602,0,,
XRPUSDT,40784,short,-0.002766468494743206,,1,-0.002266468494743206,0.0017863495915891293,1,0.0017852569631075757,0.0017852569631075757
XRPUSDT,40820,long,-0.002887882926033881,,1,-0.002387882926033881,0.0010878829260338807,1,-0.002388627239653708,0.0010886272396537075
XRPUSDT,40915,short,-0.003497657015039231,,1,-0.002997657015039231,-0.002997657015039231,1,-0.0029966087106838893,0.0008579652264103333
XRPUSDT,40931,long,-0.002672486582449978,,1,-0.002172486582449978,0.00036349194946998676,1,-0.002173123144021989,-0.002173123144021989
XRPUSDT,41090,long,0.0007264336540337073,,1,0.001226433654033707,0.001226433654033707,1,-0.0019170295485453396,-0.0019170295485453396
XRPUSDT,41105,short,0.0009515470704411132,,1,0.001451547070441113,0.001451547070441113,0,,
XRPUSDT,41150,long,0.0008280939289332007,,1,0.0013280939289332004,0.0013280939289332004,1,0.0013289584081372689,0.0013289584081372689
XRPUSDT,41165,short,-0.002315485672907868,,1,-0.0018154856729078678,0.00014929140374472064,1,-0.0018150281588284536,0.0005150281588284536
XRPUSDT,41342,long,0.00067975933353904,,1,0.0011797593335390398,0.0011797593335390398,1,0.0011805496083432112,0.0011805496083432112
XRPUSDT,41542,short,0.0006219346767439491,,1,0.0011219346767439489,0.0011219346767439489,1,0.0011211740896990994,0.0011211740896990994
XRPUSDT,41662,short,-0.0023609690723791496,,1,-0.0018609690723791496,-0.0018609690723791496,1,-0.0018604888279651673,0.0001762932967791003
XRPUSDT,41702,long,0.000992312480547714,,1,0.0014923124805477138,0.0014923124805477138,0,,
XRPUSDT,41734,short,0.0006503393958236679,,1,0.0011503393958236677,0.0011503393958236677,1,0.0011495646135169094,0.0011495646135169094
XRPUSDT,41776,long,-0.002925830124246126,,1,-0.002425830124246126,-0.002425830124246126,1,-0.002426593420956604,-0.002426593420956604
XRPUSDT,41794,short,0.0058197207825657375,,1,0.006319720782565738,0.006319720782565738,1,0.006316362601265106,0.006316362601265106
XRPUSDT,41843,long,0.001568047598060902,,1,0.002068047598060902,0.002068047598060902,1,0.0020692822391804927,0.0020692822391804927
XRPUSDT,41879,short,0.0010781025721619836,,1,0.0015781025721619837,0.0015781025721619837,1,0.001577114015154407,0.001577114015154407
XRPUSDT,41939,short,0.0011278940614679097,,1,0.0016278940614679097,0.0016278940614679097,1,0.0016268806211573316,0.0016268806211573316
XRPUSDT,41965,long,-0.0025043215784436496,,1,-0.0020043215784436496,-0.0020043215784436496,1,-0.0020048740154513752,-0.0020048740154513752
XRPUSDT,41999,short,0.001425286433010637,,1,0.001925286433010637,0.001925286433010637,0,,
XRPUSDT,42034,long,0.001477779188085776,,1,0.001977779188085776,0.001977779188085776,0,,
XRPUSDT,42095,long,-0.0025073790280255946,,1,-0.0020073790280255945,-0.0020073790280255945,1,-0.0020079329945228556,0.0002647597967137134
XRPUSDT,42111,short,0.0003907443925380992,,1,0.0008907443925380991,0.0008907443925380991,1,0.0008900993428666658,0.0008900993428666658
XRPUSDT,42158,long,-0.0024459145942062224,,1,0.0012734633507299553,0.0012734633507299553,1,0.0012743005009804456,0.0012743005009804456
XRPUSDT,42178,short,-0.0022293976565554018,,1,-0.0017293976565554018,-0.0017293976565554018,1,-0.0017289831649729154,9.738989898374931e-05
XRPUSDT,42236,long,0.0007210739614995402,,1,0.00122107396149954,0.00122107396149954,0,,
XRPUSDT,42357,long,-0.0023289461739029378,,1,-0.0018289461739029378,-0.0018289461739029378,1,-0.0018294108793426092,0.000529410879342609
XRPUSDT,42390,short,-0.002228095804314583,,1,-0.001728095804314583,-0.001728095804314583,1,-0.0017276819633329165,0.0009242911413326662
XRPUSDT,42441,long,-0.0023499615745879725,,1,-0.0018499615745879725,0.00016997694475278353,1,-0.001850436792984465,0.0005504367929844648
XRPUSDT,42515,short,-0.002362577139862483,,1,-0.001862577139862483,-0.001862577139862483,1,-0.001862096091816575,-0.001862096091816575
XRPUSDT,42523,long,0.0003959884043143239,,1,0.0008959884043143238,0.0008959884043143238,0,,
XRPUSDT,42583,long,-0.0022442716961896046,,1,-0.0017442716961896046,-0.0017442716961896046,1,-0.00174469404321121,0.00010681642592672597
XRPUSDT,42668,short,-0.002626745178358124,,1,-0.002126745178358124,0.0003360471070148744,1,-0.0021261321123019735,0.000335679267381184
XRPUSDT,42788,short,-0.002259179430607978,,1,-0.0017591794306079781,0.00011550765836478686,1,-0.001758750055580188,0.0004587500555801881
