pair,ts,net_frac,gross_frac,exit_type,mfe,mae,tp_frac,lev,hold_min,regime,atr_frac,armed,post_arm_dd
NEARUSDT,2026-08-12 13:00:00+00:00,0.0005000000000000001,0.0019,BE_STOP,0.0032661948829613933,0.002116978164882392,0.006,10,15.0,,0.001637417805082449,False,0.0
SOLUSDT,2026-08-12 13:18:00+00:00,0.0005000000000000001,0.0019,BE_STOP,0.003407088310162651,0.0005091051497944191,0.006,10,20.0,,0.0008503734370192099,False,0.0
BTCUSDT,2026-08-12 13:33:00+00:00,0.0005000000000000001,0.0019,BE_STOP,0.0030804732656138562,0.0006885396402106922,0.006,10,27.0,,0.0006013290800155662,False,0.0
BTCUSDT,2026-08-12 13:43:00+00:00,0.0005000000000000001,0.0019,BE_STOP,0.0035168341312421135,0.0014313967591428648,0.006,10,51.0,,0.0008373414598195482,False,0.0
BTCUSDT,2026-08-12 13:45:00+00:00,0.0005000000000000001,0.0019,BE_STOP,0.003695680673213227,0.0012516621198973244,0.006,10,62.0,,0.0015564398395090072,False,0.0
ETHUSDT,2026-08-12 13:47:00+00:00,0.0005000000000000001,0.0019,BE_STOP,0.003653997378768035,0.0028519003931848255,0.006,10,60.0,,0.0013885040254634023,False,0.0
NEARUSDT,2026-08-12 13:56:00+00:00,0.004600000000000001,0.006,TP,0.007027747485762786,0.0021204410517386627,0.006,10,11.0,,0.001423724706167432,False,0.0
BTCUSDT,2026-08-12 14:02:00+00:00,0.004600000000000001,0.006,TP,0.0064114979008396645,0.0010480182926829041,0.006,10,59.0,,0.0005851454061232569,False,0.0
BTCUSDT,2026-08-12 14:03:00+00:00,0.004600000000000001,0.006,TP,0.006119447999537425,0.002536226788368094,0.006,10,73.0,,0.0008440694909620401,False,0.0
BTCUSDT,2026-08-12 14:03:00+00:00,0.004600000000000001,0.006,TP,0.006141191141058317,0.0008516410106556698,0.006,10,45.0,,0.0006749506148669639,False,0.0
SOLUSDT,2026-08-12 14:03:00+00:00,0.004600000000000001,0.006,TP,0.006058062993365022,0.0018620020455796583,0.006,10,20.0,,0.0015576003027158356,False,0.0
BTCUSDT,2026-08-12 14:11:00+00:00,0.0005000000000000001,0.0019,BE_STOP,0.005090424275048829,7.354747646084989e-05,0.006,10,14.0,,0.0009631589736527869,False,0.0
NEARUSDT,2026-08-12 14:31:00+00:00,0.004600000000000001,0.006,TP,0.0073398984647379106,0.0011009847697107003,0.006,10,20.0,,0.002009734103440152,False,0.0
SOLUSDT,2026-08-12 14:32:00+00:00,0.0005000000000000001,0.0019,BE_STOP,0.003072540978202156,0.004931889810504598,0.006,10,27.0,,0.0013422350993065563,False,0.0
NEARUSDT,2026-08-12 14:35:00+00:00,-0.0264,-0.025,MAE_KILL,0.0027203482045702883,0.025873534034578618,0.006,10,99.0,,0.001304039932984438,False,0.0
NEARUSDT,2026-08-12 14:35:00+00:00,-0.0264,-0.025,MAE_KILL,0.0,0.026638477801268517,0.006,10,62.0,,0.001121801786253624,False,0.0
BTCUSDT,2026-08-12 14:59:00+00:00,0.004600000000000001,0.006,TP,0.006195539964292124,0.0026608345858291503,0.006,10,50.0,,0.0010304234339917136,False,0.0
ETHUSDT,2026-08-12 15:02:00+00:00,0.0005000000000000001,0.0019,BE_STOP,0.0032656388108204563,0.0028633883252089758,0.006,10,27.0,,0.0014668532745987033,False,0.0
BTCUSDT,2026-08-12 15:18:00+00:00,0.0005000000000000001,0.0019,BE_STOP,0.005422004853087243,0.004391038133195894,0.006,10,71.0,,0.0010071682720890057,False,0.0
BTCUSDT,2026-08-12 15:18:00+00:00,0.0005000000000000001,0.0019,BE_STOP,0.0053610412144777745,1.88603033051796e-05,0.006,10,45.0,,0.0009739999492568177,False,0.0
BTCUSDT,2026-08-12 15:18:00+00:00,0.0005000000000000001,0.0019,BE_STOP,0.005225018469905866,0.00015561878114342794,0.006,10,41.0,,0.0010278025415488689,False,0.0
BTCUSDT,2026-08-12 15:43:00+00:00,0.0005000000000000001,0.0019,BE_STOP,0.005756390315941642,0.00038491147036181676,0.006,10,72.0,,0.0009387126675150511,False,0.0
NEARUSDT,2026-08-12 17:21:00+00:00,0.0005000000000000001,0.0019,BE_STOP,0.003052689419378543,0.006349593992307201,0.006,10,118.0,,0.0011207731154003846,False,0.0
ETHUSDT,2026-08-12 20:27:00+00:00,0.0005000000000000001,0.0019,BE_STOP,0.005381132635641702,0.0025076608242941005,0.006,10,185.0,,0.0005388706362081606,False,0.0
ETHUSDT,2026-08-12 20:29:00+00:00,0.0005000000000000001,0.0019,BE_STOP,0.005781725296505571,0.004658236971245039,0.006,10,330.0,,0.001306698685579207,False,0.0
BTCUSDT,2026-08-12 20:38:00+00:00,0.0005000000000000001,0.0019,BE_STOP,0.005840732432245664,0.003968179161875295,0.006,10,395.0,,0.0010140378657919674,False,0.0
ETHUSDT,2026-08-12 21:06:00+00:00,0.0005000000000000001,0.0019,BE_STOP,0.003053475651850672,0.0,0.006,10,39.0,CHOP,0.00037552060811579173,False,0.0
NEARUSDT,2026-08-12 21:59:00+00:00,0.004600000000000001,0.006,TP,0.008363569276182311,0.004489268802656578,0.006,10,53.0,CHOP,0.0007028209475783529,False,0.0
SOLUSDT,2026-08-13 04:22:00+00:00,0.0005000000000000001,0.0019,BE_STOP,0.004555748670142777,0.009006162110917964,0.006,10,464.0,CHOP,0.0003696137959054565,False,0.0
ETHUSDT,2026-08-13 05:06:00+00:00,0.004600000000000001,0.006,TP,0.00749640310686628,0.0061425909310511085,0.006,10,517.0,CHOP,0.0003674633048641024,False,0.0
BTCUSDT,2026-08-13 05:15:00+00:00,0.004600000000000001,0.006,TP,0.007321255099293538,0.0033866709072215687,0.006,10,837.0,,0.0005526366752369896,False,0.0
BTCUSDT,2026-08-13 05:15:00+00:00,0.004600000000000001,0.006,TP,0.007378353994089106,0.0033301789794064254,0.006,10,811.0,,0.0006082272178530917,False,0.0
ETHUSDT,2026-08-13 05:22:00+00:00,0.0005000000000000001,0.0019,BE_STOP,0.003365064607127329,0.011083054231951746,0.006,10,842.0,,0.0007195759369580603,False,0.0
NEARUSDT,2026-08-13 08:48:00+00:00,0.0005000000000000001,0.0019,BE_STOP,0.003481810541481587,0.008524432705006598,0.006,10,213.0,CHOP,0.0012477917088314359,False,0.0
NEARUSDT,2026-08-13 09:09:00+00:00,0.004600000000000001,0.006,TP,0.006370958047842255,0.0022839283567736663,0.006,10,21.0,CHOP,0.0006482578606632028,False,0.0
NEARUSDT,2026-08-13 09:14:00+00:00,0.004600000000000001,0.006,TP,0.006494677972217297,0.010283240122677185,0.006,10,231.0,CHOP,0.0009836516240990414,False,0.0
ETHUSDT,2026-08-13 11:45:00+00:00,0.0005000000000000001,0.0019,BE_STOP,0.004116690924157273,0.003861721679822362,0.006,10,150.0,CHOP,0.0005736807997535169,False,0.0
BTCUSDT,2026-08-13 11:47:00+00:00,0.0005000000000000001,0.0019,BE_STOP,0.004037325205208372,0.006264381103367839,0.006,10,445.0,CHOP,0.0002131116343224675,False,0.0
NEARUSDT,2026-08-13 11:51:00+00:00,0.004600000000000001,0.006,TP,0.006876168647083573,0.0011460281078472844,0.006,10,6.0,CHOP,0.0007841244948428637,False,0.0
ETHUSDT,2026-08-13 12:07:00+00:00,0.0005000000000000001,0.0019,BE_STOP,0.0053266273005565185,0.0026420920275668975,0.006,10,177.0,CHOP,0.0003497778171893721,False,0.0
BTCUSDT,2026-08-13 12:31:00+00:00,0.0005000000000000001,0.0019,BE_STOP,0.003509540529125946,0.00048537875301778936,0.006,10,40.0,CHOP,0.000312817150889774,False,0.0
ETHUSDT,2026-08-13 12:32:00+00:00,0.0005000000000000001,0.0019,BE_STOP,0.005240114271730466,0.0008724657264607683,0.006,10,45.0,TREND,0.0006038101216664134,False,0.0
NEARUSDT,2026-08-13 13:11:00+00:00,0.0005000000000000001,0.0019,BE_STOP,0.00314275353559765,0.000181312703976772,0.006,10,40.0,CHOP,0.0007597865690456261,False,0.0
BTCUSDT,2026-08-13 13:15:00+00:00,0.0005000000000000001,0.0019,BE_STOP,0.003031508505677049,0.001410406187547813,0.006,10,40.0,CHOP,0.0006245635299373803,False,0.0
ETHUSDT,2026-08-13 14:50:00+00:00,0.0005000000000000001,0.0019,BE_STOP,0.0034437702671964846,0.0024492559657632537,0.006,10,95.0,CHOP,0.0007001652737672746,False,0.0
BTCUSDT,2026-08-13 14:59:00+00:00,0.0005000000000000001,0.0019,BE_STOP,0.0037719329901355707,0.003153737649822151,0.006,10,108.0,CHOP,0.00042486920506311154,False,0.0
NEARUSDT,2026-08-13 14:59:00+00:00,0.0005000000000000001,0.0019,BE_STOP,0.0034994569808133387,0.0,0.006,10,8.0,CHOP,0.0009782964712371906,False,0.0
NEARUSDT,2026-08-13 15:47:00+00:00,0.004600000000000001,0.006,TP,0.0064578429597440595,0.0011467197778984928,0.006,10,47.0,CHOP,0.001211384427028071,False,0.0
NEARUSDT,2026-08-13 15:47:00+00:00,0.004600000000000001,0.006,TP,0.0065178032589015816,0.001086300543150286,0.006,10,45.0,CHOP,0.0009397361841537889,False,0.0
NEARUSDT,2026-08-13 15:56:00+00:00,0.0005000000000000001,0.0019,BE_STOP,0.0036443148688046676,0.0,0.006,10,8.0,CHOP,0.0008633555463001539,False,0.0
NEARUSDT,2026-08-13 15:59:00+00:00,0.004600000000000001,0.006,TP,0.007032860434097281,0.014005092761004074,0.006,10,232.0,CHOP,0.0005629752810545687,False,0.0
BTCUSDT,2026-08-13 16:37:00+00:00,0.004600000000000001,0.006,TP,0.006449727936464031,0.0,0.006,10,47.0,CHOP,0.00048234953028422037,False,0.0
BTCUSDT,2026-08-13 16:39:00+00:00,0.004600000000000001,0.006,TP,0.006829811006175849,0.008240212679117096,0.006,10,1119.0,CHOP,0.0003918282700326068,False,0.0
BTCUSDT,2026-08-13 16:39:00+00:00,0.004600000000000001,0.006,TP,0.006023127294750014,0.002247435557742534,0.006,10,39.0,CHOP,0.0007064495429876471,False,0.0
BTCUSDT,2026-08-13 16:39:00+00:00,0.004600000000000001,0.006,TP,0.006211209506509257,0.002057788374205268,0.006,10,37.0,CHOP,0.0007441602511425449,False,0.0
BTCUSDT,2026-08-13 16:40:00+00:00,0.004600000000000001,0.006,TP,0.006974609393483494,0.009125981445204656,0.006,10,1538.0,,0.0007815284835981506,False,0.0
NEARUSDT,2026-08-13 16:42:00+00:00,0.004600000000000001,0.006,TP,0.006844710627635579,0.0005500213897206508,0.006,10,4.0,CHOP,0.0011698867654377006,False,0.0
XRPUSDT,2026-08-13 19:04:00+00:00,0.0005000000000000001,0.0019,BE_STOP,0.0039749577660737395,0.003478088045314577,0.006,10,133.0,CHOP,0.001519001717749557,False,0.0
BTCUSDT,2026-08-13 19:14:00+00:00,0.0005000000000000001,0.0019,BE_STOP,0.003292186270761807,0.0,0.006,10,10.0,CHOP,0.000452370947336297,False,0.0
BTCUSDT,2026-08-14 07:03:00+00:00,0.0005000000000000001,0.0019,BE_STOP,0.0030629885450884097,0.008155821025126601,0.006,10,855.0,CHOP,0.0014224979689110595,False,0.0
BTCUSDT,2026-08-14 08:47:00+00:00,0.0005000000000000001,0.0019,BE_STOP,0.004678039415578515,0.0102881932700385,0.006,10,963.0,CHOP,0.001287016614503214,False,0.0
BTCUSDT,2026-08-14 08:51:00+00:00,0.0005000000000000001,0.0019,BE_STOP,0.005167753598461078,0.009791115463423407,0.006,10,965.0,CHOP,0.0013438608098490501,False,0.0
BTCUSDT,2026-08-14 08:53:00+00:00,0.0005000000000000001,0.0019,BE_STOP,0.005341407332295497,0.001299647238606687,0.006,10,110.0,TREND,0.0006938026118534168,False,0.0
BTCUSDT,2026-08-14 13:47:00+00:00,-0.02154785408396109,-0.02014785408396109,MAX_AGE,0.0009065049545184583,0.021876465255853163,0.006,10,2880.0,,0.0009978252812174885,False,0.0
BTCUSDT,2026-08-14 16:00:00+00:00,0.0005000000000000001,0.0019,BE_STOP,0.00335181844502345,0.005430995809829266,0.006,10,433.0,TREND,0.0005242826735825553,False,0.0
ETHUSDT,2026-08-14 16:06:00+00:00,0.0005000000000000001,0.0019,BE_STOP,0.004430771199453989,0.006462207814366091,0.006,10,434.0,CHOP,0.0004444481682794285,False,0.0
ETHUSDT,2026-08-14 16:47:00+00:00,0.0005000000000000001,0.0019,BE_STOP,0.0035566944538959117,0.0014673358285130949,0.006,10,46.0,CHOP,0.00040101103387935435,False,0.0
BTCUSDT,2026-08-14 17:56:00+00:00,0.0005000000000000001,0.0019,BE_STOP,0.005037907511712483,0.006090319872947415,0.006,10,542.0,TREND,0.0003181764605287419,False,0.0
SOLUSDT,2026-08-14 18:14:00+00:00,0.004600000000000001,0.006,TP,0.007669483667576146,0.0020398972103742863,0.006,10,86.0,CHOP,0.00046928989626422073,False,0.0
ETHUSDT,2026-08-14 18:39:00+00:00,0.0005000000000000001,0.0019,BE_STOP,0.003128691376943518,0.004400387361789516,0.006,10,152.0,CHOP,0.0004754607522541625,False,0.0
BTCUSDT,2026-08-14 19:28:00+00:00,0.0005000000000000001,0.0019,BE_STOP,0.0031746031746031746,0.0008968253968253968,0.006,10,73.0,CHOP,0.00039807256235829146,False,0.0
ETHUSDT,2026-08-15 05:07:00+00:00,-0.008436945280502726,-0.007036945280502725,MAX_AGE,0.0011701886533868526,0.017990332765809462,0.006,10,2880.0,CHOP,0.0005967660925412949,False,0.0
BTCUSDT,2026-08-15 05:18:00+00:00,-0.013430863617867047,-0.012030863617867047,MAX_AGE,0.0012567690236955412,0.021504366607193164,0.006,10,2880.0,CHOP,0.0006773495387449603,False,0.0
ETHUSDT,2026-08-15 05:40:00+00:00,0.0005000000000000001,0.0019,BE_STOP,0.00468858223666682,0.0022856838403751884,0.006,10,659.0,CHOP,0.00046429142278682446,False,0.0
BTCUSDT,2026-08-15 06:15:00+00:00,0.0005000000000000001,0.0019,BE_STOP,0.0042238765871331066,0.002247859049381385,0.006,10,646.0,CHOP,0.0003353166181462531,False,0.0
SOLUSDT,2026-08-15 06:50:00+00:00,0.0005000000000000001,0.0019,BE_STOP,0.003562536419981873,5.29745192563025e-05,0.006,10,92.0,CHOP,0.00026487259628117643,False,0.0
ETHUSDT,2026-08-15 16:42:00+00:00,-0.011725591374778738,-0.010325591374778738,MAX_AGE,0.00064367322855766,0.015126320871104462,0.006,10,2880.0,CHOP,0.001407652048643271,False,0.0
ETHUSDT,2026-08-15 19:14:00+00:00,-0.004091262403382052,-0.002691262403382052,MAX_AGE,0.0026012004725602922,0.012815282979884312,0.006,10,2880.0,CHOP,0.0008453712330083843,False,0.0
SOLUSDT,2026-08-16 00:28:00+00:00,0.0005000000000000001,0.0019,BE_STOP,0.003695119528507998,0.002622342891199358,0.006,10,314.0,CHOP,0.00010595324812927148,False,0.0
ETHUSDT,2026-08-16 13:47:00+00:00,-0.007918842022446564,-0.006518842022446565,MAX_AGE,0.0026920997843108774,0.010286711303072647,0.006,10,2880.0,CHOP,0.0010604778190398032,False,0.0
ETHUSDT,2026-08-16 17:11:00+00:00,0.0005000000000000001,0.0019,BE_STOP,0.004135082913986009,0.004660594093042126,0.006,10,2161.0,CHOP,9.251423354233519e-05,False,0.0
ETHUSDT,2026-08-16 17:35:00+00:00,0.0005000000000000001,0.0019,BE_STOP,0.005261004267259065,0.003544535198244245,0.006,10,2084.0,CHOP,0.0001723301542089159,False,0.0
ETHUSDT,2026-08-16 17:56:00+00:00,-0.005801295877914654,-0.0044012958779146545,MAX_AGE,0.0021899910482118417,0.007966025832303191,0.006,10,2880.0,CHOP,0.0006051591530512148,False,0.0
ETHUSDT,2026-08-16 18:04:00+00:00,0.0005000000000000001,0.0019,BE_STOP,0.00588107050371963,3.190454161146938e-05,0.006,10,257.0,CHOP,8.659804151692319e-05,False,0.0
NEARUSDT,2026-08-16 20:52:00+00:00,0.004600000000000001,0.006,TP,0.008261382694577359,0.001366544505869917,0.006,10,176.0,CHOP,0.0006921459185574995,False,0.0
BTCUSDT,2026-08-16 21:40:00+00:00,0.004600000000000001,0.006,TP,0.007846928716214521,0.00016773027705569788,0.006,10,269.0,TREND,0.00016207898739737498,False,0.0
BTCUSDT,2026-08-16 21:40:00+00:00,0.004600000000000001,0.006,TP,0.006915077275909343,0.0011071092569539046,0.006,10,245.0,CHOP,0.00018712024432881015,False,0.0
ETHUSDT,2026-08-16 21:40:00+00:00,0.004600000000000001,0.006,TP,0.008254635601632854,0.002388801299507907,0.006,10,216.0,TREND,0.00019641255129285753,False,0.0
BTCUSDT,2026-08-16 21:47:00+00:00,0.0005000000000000001,0.0019,BE_STOP,0.004940320985969292,0.005494182863291406,0.006,10,2372.0,CHOP,9.442630859786754e-05,False,0.0
BTCUSDT,2026-08-16 21:50:00+00:00,0.0005000000000000001,0.0019,BE_STOP,0.005323908091198078,0.005106573344924543,0.006,10,2410.0,CHOP,0.00010198189345477324,False,0.0
BTCUSDT,2026-08-16 21:50:00+00:00,0.0005000000000000001,0.0019,BE_STOP,0.005439084317703342,0.004990189344851363,0.006,10,1282.0,CHOP,6.68470555229335e-06,False,0.0
BTCUSDT,2026-08-16 21:50:00+00:00,0.0005000000000000001,0.0019,BE_STOP,0.005304972459831875,0.00036646191334374796,0.006,10,57.0,CHOP,0.0002134861610202224,False,0.0
BTCUSDT,2026-08-16 21:51:00+00:00,0.0005000000000000001,0.0019,BE_STOP,0.005820710694346864,0.004604561115876721,0.006,10,1749.0,CHOP,9.162460504585585e-05,False,0.0
SOLUSDT,2026-08-16 22:05:00+00:00,0.0005000000000000001,0.0019,BE_STOP,0.004310923692621712,0.00045660874002836097,0.006,10,15.0,TREND,0.002150665536016485,False,0.0
SOLUSDT,2026-08-16 22:05:00+00:00,0.0005000000000000001,0.0019,BE_STOP,0.00408355161528629,0.0002149237692256746,0.006,10,12.0,TREND,0.0020331404776296976,False,0.0
BTCUSDT,2026-08-16 22:49:00+00:00,0.0005000000000000001,0.0019,BE_STOP,0.0030842841486246617,0.0013631931487217378,0.006,10,67.0,TREND,0.0005152592873356198,False,0.0
BTCUSDT,2026-08-16 22:51:00+00:00,0.0005000000000000001,0.0019,BE_STOP,0.0037007598639239962,0.0007439671891393971,0.006,10,64.0,TREND,0.0006676628620481353,False,0.0
BTCUSDT,2026-08-16 22:53:00+00:00,0.0005000000000000001,0.0019,BE_STOP,0.0037530222081632735,0.0006914716901952493,0.006,10,69.0,TREND,0.0005460241967403799,False,0.0
BTCUSDT,2026-08-16 22:57:00+00:00,0.0005000000000000001,0.0019,BE_STOP,0.004109210287962617,4.131456592690094e-05,0.006,10,60.0,TREND,0.00042699284894805807,False,0.0
XRPUSDT,2026-08-16 22:59:00+00:00,0.0005000000000000001,0.0019,BE_STOP,0.0037197144867799703,0.001809590831406478,0.006,10,79.0,CHOP,0.001184851139611374,False,0.0
ETHUSDT,2026-08-17 01:01:00+00:00,0.004600000000000001,0.006,TP,0.008107516666043998,0.0009393831028464328,0.006,10,132.0,CHOP,0.0006850939268730175,False,0.0
ETHUSDT,2026-08-17 01:01:00+00:00,0.004600000000000001,0.006,TP,0.00832278970942302,0.0007260419502768715,0.006,10,130.0,CHOP,0.0006390999520293881,False,0.0
ETHUSDT,2026-08-17 01:01:00+00:00,0.004600000000000001,0.006,TP,0.008085994417194663,0.0009607122079834942,0.006,10,127.0,CHOP,0.0004975116791343377,False,0.0
ETHUSDT,2026-08-17 01:01:00+00:00,0.004600000000000001,0.006,TP,0.0074085136569469355,0.0016321131598457204,0.006,10,121.0,CHOP,0.00040193262923372906,False,0.0
BTCUSDT,2026-08-17 01:15:00+00:00,0.0005000000000000001,0.0019,BE_STOP,0.004014309120872636,0.0031291269433880936,0.006,10,132.0,CHOP,0.0003642664282569799,False,0.0
ETHUSDT,2026-08-17 01:37:00+00:00,0.0005000000000000001,0.0019,BE_STOP,0.0033703168732772066,0.0013174394057237236,0.006,10,28.0,CHOP,0.0015457048678743693,False,0.0
BTCUSDT,2026-08-17 01:54:00+00:00,0.0005000000000000001,0.0019,BE_STOP,0.003216577035195051,5.55403040117555e-05,0.006,10,39.0,CHOP,0.0007200970436462779,False,0.0
BTCUSDT,2026-08-17 02:52:00+00:00,0.004600000000000001,0.006,TP,0.0060164234242380005,0.000683648430225803,0.006,10,110.0,CHOP,0.0005970877075389631,False,0.0
BTCUSDT,2026-08-17 02:53:00+00:00,0.004600000000000001,0.006,TP,0.006536973617453115,0.0011256976154236428,0.006,10,108.0,CHOP,0.0007015791476407833,False,0.0
BTCUSDT,2026-08-17 02:53:00+00:00,0.004600000000000001,0.006,TP,0.006329555361813472,0.001331536815407783,0.006,10,106.0,CHOP,0.0008326634133085598,False,0.0
BTCUSDT,2026-08-17 05:28:00+00:00,0.0005000000000000001,0.0019,BE_STOP,0.0030156510871177343,0.0009215804473452716,0.006,10,150.0,CHOP,0.0005815109500800086,False,0.0
SOLUSDT,2026-08-17 06:45:00+00:00,0.004600000000000001,0.006,TP,0.006559601900022742,0.001769628910148031,0.006,10,306.0,CHOP,0.0007346526034073669,False,0.0
NEARUSDT,2026-08-17 06:46:00+00:00,0.004600000000000001,0.006,TP,0.00706670727992693,0.00664026804751746,0.006,10,78.0,TREND,0.0006091989034419647,False,0.0
ETHUSDT,2026-08-17 07:01:00+00:00,0.0005000000000000001,0.0019,BE_STOP,0.005195296889131881,0.0026029068422270605,0.006,10,245.0,TREND,0.000983695962452038,False,0.0
BTCUSDT,2026-08-17 07:17:00+00:00,0.0005000000000000001,0.0019,BE_STOP,0.004462053617197032,0.0014242610167299868,0.006,10,263.0,CHOP,0.000531985486552669,False,0.0
BTCUSDT,2026-08-17 09:15:00+00:00,0.0005000000000000001,0.0019,BE_STOP,0.003092343615428247,0.0005951659300570275,0.006,10,117.0,TREND,0.0002274046694208616,False,0.0
BTCUSDT,2026-08-17 13:02:00+00:00,0.0005000000000000001,0.0019,BE_STOP,0.005775431777022045,0.002008228531043074,0.006,10,226.0,CHOP,8.631483867011145e-05,False,0.0
BTCUSDT,2026-08-17 15:28:00+00:00,0.004600000000000001,0.006,TP,0.006925373134328404,0.006097407698350331,0.006,10,519.0,CHOP,0.00021041409493883148,False,0.0
SOLUSDT,2026-08-17 16:20:00+00:00,0.0005000000000000001,0.0019,BE_STOP,0.004972761927373871,0.008877105509609193,0.006,10,559.0,TREND,0.0008771582710089407,False,0.0
BTCUSDT,2026-08-17 17:23:00+00:00,0.004600000000000001,0.006,TP,0.0060347682636488495,0.0011404040467159488,0.006,10,114.0,TREND,0.0006001069435654098,False,0.0
SOLUSDT,2026-08-17 17:39:00+00:00,0.0005000000000000001,0.0019,BE_STOP,0.003726577211256123,0.0018698726643051303,0.006,10,79.0,CHOP,0.00048533918248565646,False,0.0
NEARUSDT,2026-08-17 17:46:00+00:00,-0.0264,-0.025,MAE_KILL,0.0015732784702892021,0.026443180442938443,0.006,10,659.0,TREND,0.001227502982313583,False,0.0
BTCUSDT,2026-08-17 18:23:00+00:00,0.004600000000000001,0.006,TP,0.00610585454698414,0.00026330426599653584,0.006,10,44.0,TREND,0.0006782922659546612,False,0.0
BTCUSDT,2026-08-17 18:29:00+00:00,0.0005000000000000001,0.0019,BE_STOP,0.0036398788986490654,0.004863014976034637,0.006,10,66.0,CHOP,0.0008973142960162438,False,0.0
BTCUSDT,2026-08-17 19:01:00+00:00,0.0005000000000000001,0.0019,BE_STOP,0.005364893729644207,0.0002241859248603735,0.006,10,75.0,TREND,0.000785873973704395,False,0.0
ETHUSDT,2026-08-18 02:30:00+00:00,0.004600000000000001,0.006,TP,0.006108815571449475,0.005699813327180883,0.006,10,447.0,CHOP,0.0003951441096186095,False,0.0
NEARUSDT,2026-08-18 02:49:00+00:00,0.0005000000000000001,0.0019,BE_STOP,0.004174083849978465,0.004235467436007554,0.006,10,19.0,CHOP,0.0007892175346598139,False,0.0
ETHUSDT,2026-08-18 03:36:00+00:00,0.0005000000000000001,0.0019,BE_STOP,0.0034153330478411165,0.01399969336019076,0.006,10,1541.0,CHOP,0.0005332209490879604,False,0.0
NEARUSDT,2026-08-18 06:30:00+00:00,-0.0264,-0.025,MAE_KILL,0.0,0.025073928043371094,0.006,10,174.0,CHOP,0.0005456593677392282,False,0.0
BTCUSDT,2026-08-18 14:26:00+00:00,0.004600000000000001,0.006,TP,0.006533959989386753,0.006794635666949605,0.006,10,1197.0,TREND,0.000837442780469659,False,0.0
ETHUSDT,2026-08-18 14:26:00+00:00,0.004600000000000001,0.006,TP,0.006323719736108325,0.0043455844442807645,0.006,10,475.0,CHOP,0.000427268204180836,False,0.0
BTCUSDT,2026-08-18 14:27:00+00:00,0.004600000000000001,0.006,TP,0.0065240310077519835,0.007596899224806201,0.006,10,1203.0,TREND,0.0007565891472868427,False,0.0
BTCUSDT,2026-08-18 22:01:00+00:00,-0.028554714242977803,-0.027154714242977804,MAX_AGE,0.002711493294464376,0.03486273860822743,0.006,10,2880.0,TREND,0.000491128543149758,False,0.0
BTCUSDT,2026-08-18 22:05:00+00:00,-0.028503875914720034,-0.027103875914720035,MAX_AGE,0.002767033005500675,0.034805106361311844,0.006,10,2880.0,TREND,0.0005940721892611528,False,0.0
BTCUSDT,2026-08-18 22:07:00+00:00,-0.028417050923664595,-0.027017050923664597,MAX_AGE,0.002859056622685737,0.03470961562632748,0.006,10,2880.0,TREND,0.0005717431381163666,False,0.0
ETHUSDT,2026-08-19 00:03:00+00:00,0.0005000000000000001,0.0019,BE_STOP,0.003880976416007116,0.00021444748390340545,0.006,10,118.0,CHOP,0.00035230658069835836,False,0.0
ETHUSDT,2026-08-19 00:03:00+00:00,0.0005000000000000001,0.0019,BE_STOP,0.003980750117696239,0.00011508081812001218,0.006,10,116.0,CHOP,0.0003112413035518013,False,0.0
ETHUSDT,2026-08-19 02:26:00+00:00,0.0005000000000000001,0.0019,BE_STOP,0.0036277338686070623,0.0027600050181909278,0.006,10,140.0,CHOP,0.0005469977477881163,False,0.0
BTCUSDT,2026-08-19 05:53:00+00:00,0.004600000000000001,0.006,TP,0.006165962648346717,0.0002893437930340418,0.006,10,345.0,CHOP,0.00027939690939270275,False,0.0
BTCUSDT,2026-08-19 06:09:00+00:00,0.004600000000000001,0.006,TP,0.0062004048927901964,0.003051410851560479,0.006,10,487.0,CHOP,0.0002205026043205266,False,0.0
NEARUSDT,2026-08-19 06:48:00+00:00,0.004600000000000001,0.006,TP,0.006617968408566002,0.002122744583879533,0.006,10,55.0,TREND,0.0005975793576467697,False,0.0
NEARUSDT,2026-08-19 06:56:00+00:00,0.004600000000000001,0.006,TP,0.008259330559522987,0.001428305284729534,0.006,10,8.0,CHOP,0.0011976472884378303,False,0.0
BTCUSDT,2026-08-19 12:38:00+00:00,0.004600000000000001,0.006,TP,0.006649043694604238,0.001321722904680454,0.006,10,341.0,CHOP,0.00031843525779148965,False,0.0
BTCUSDT,2026-08-19 12:41:00+00:00,0.004600000000000001,0.006,TP,0.006006519232980212,0.0033776960197876658,0.006,10,614.0,CHOP,0.0003089599723711592,False,0.0
ETHUSDT,2026-08-19 12:47:00+00:00,0.004600000000000001,0.006,TP,0.006199666651089525,0.00015057816824264424,0.006,10,9.0,CHOP,0.0006219694289230158,False,0.0
BTCUSDT,2026-08-19 13:03:00+00:00,-0.0214630918801097,-0.020063091880109702,MAX_AGE,0.0013292448031094592,0.024250842983745146,0.006,10,2880.0,CHOP,0.0002247656666056975,False,0.0
XRPUSDT,2026-08-19 13:20:00+00:00,0.004600000000000001,0.006,TP,0.006233303650934968,0.0014841199168891214,0.006,10,33.0,CHOP,0.0008763374747346543,False,0.0
BTCUSDT,2026-08-19 13:31:00+00:00,0.004600000000000001,0.006,TP,0.006000777878613939,0.009964254625599592,0.006,10,1380.0,TREND,0.001541094833280851,False,0.0
BTCUSDT,2026-08-19 13:31:00+00:00,0.004600000000000001,0.006,TP,0.006535180644005677,0.009438332725936222,0.006,10,1378.0,TREND,0.0015229415195750955,False,0.0
BTCUSDT,2026-08-19 13:34:00+00:00,0.0005000000000000001,0.0019,BE_STOP,0.003578247213155162,0.012348340210630042,0.006,10,1385.0,TREND,0.0012608988289532646,False,0.0
NEARUSDT,2026-08-19 13:44:00+00:00,0.0005000000000000001,0.0019,BE_STOP,0.003150092649783882,0.0024088943792464576,0.006,10,23.0,CHOP,0.0007014912203300108,False,0.0
BTCUSDT,2026-08-19 14:10:00+00:00,0.004600000000000001,0.006,TP,0.006532004358773901,0.0005540814253436844,0.006,10,25.0,CHOP,0.0013205607304024446,False,0.0
NEARUSDT,2026-08-19 14:14:00+00:00,0.0005000000000000001,0.0019,BE_STOP,0.003695719125346477,0.0059747459193101584,0.006,10,92.0,CHOP,0.0011219147344801927,False,0.0
BTCUSDT,2026-08-19 14:17:00+00:00,0.004600000000000001,0.006,TP,0.006228354545622313,0.004103024673511126,0.006,10,44.0,TREND,0.000804083867265534,False,0.0
SOLUSDT,2026-08-19 14:44:00+00:00,0.004600000000000001,0.006,TP,0.006392705693583039,0.0014771989252104329,0.006,10,34.0,TREND,0.0009496278804924211,False,0.0
NEARUSDT,2026-08-19 14:47:00+00:00,0.0005000000000000001,0.0019,BE_STOP,0.0031974420463628302,0.004058291828076099,0.006,10,33.0,CHOP,0.0009486915961736134,False,0.0
XRPUSDT,2026-08-19 14:52:00+00:00,0.004600000000000001,0.006,TP,0.006181318681318653,0.004709576138147701,0.006,10,77.0,TREND,0.0014086678627495113,False,0.0
XRPUSDT,2026-08-19 14:54:00+00:00,0.004600000000000001,0.006,TP,0.007929515418502198,0.006950562897699565,0.006,10,83.0,TREND,0.0012446682050206305,False,0.0
XRPUSDT,2026-08-19 14:54:00+00:00,0.004600000000000001,0.006,TP,0.007929515418502198,0.0,0.006,10,7.0,TREND,0.0009090273407453333,False,0.0
BTCUSDT,2026-08-19 14:55:00+00:00,0.004600000000000001,0.006,TP,0.00902632896124517,0.0009352360514364299,0.006,10,38.0,TREND,0.0011486544255776658,False,0.0
NEARUSDT,2026-08-19 14:55:00+00:00,0.004600000000000001,0.006,TP,0.006694098139163489,0.0,0.006,10,11.0,TREND,0.0007369649327519465,False,0.0
NEARUSDT,2026-08-19 15:00:00+00:00,0.004600000000000001,0.006,TP,0.006746810598626042,0.0,0.006,10,8.0,TREND,0.0007885882517874479,False,0.0
NEARUSDT,2026-08-19 15:02:00+00:00,0.0005000000000000001,0.0019,BE_STOP,0.003975778335066334,6.11658205394758e-05,0.006,10,7.0,TREND,0.0012058404620640484,False,0.0
ETHUSDT,2026-08-19 15:04:00+00:00,0.004600000000000001,0.006,TP,0.006776104728068946,0.003441267846192034,0.006,10,7.0,TREND,0.002386370465190191,False,0.0
BTCUSDT,2026-08-19 15:05:00+00:00,0.004600000000000001,0.006,TP,0.008067712295630684,0.0005922092594195438,0.006,10,6.0,TREND,0.0010475379171197906,False,0.0
BTCUSDT,2026-08-19 15:05:00+00:00,0.004600000000000001,0.006,TP,0.0077264737223994885,0.0009305163834636516,0.006,10,4.0,TREND,0.0011028061216745186,False,0.0
SOLUSDT,2026-08-19 15:05:00+00:00,0.004879527976102221,0.00627952797610222,TP,0.0068466063572099715,0.0013841514657174697,0.00627952797610222,10,2.0,TREND,0.003924704985063887,False,0.0
BTCUSDT,2026-08-19 15:14:00+00:00,-0.0414,-0.04,MAE_KILL,0.0014835013126880475,0.04104353631770325,0.006,10,2185.0,CHOP,0.0004439138673388464,False,0.0
BTCUSDT,2026-08-19 15:14:00+00:00,-0.0414,-0.04,MAE_KILL,0.0002524851080542296,0.0401170782797348,0.006,10,544.0,TREND,0.000221870732077712,False,0.0
ETHUSDT,2026-08-19 15:18:00+00:00,0.0005000000000000001,0.0019,BE_STOP,0.0035505430242271712,0.001223296336078309,0.007012997345972673,10,4.0,TREND,0.0043831233412329204,False,0.0
BTCUSDT,2026-08-19 15:22:00+00:00,0.004600000000000001,0.006,TP,0.006821605012652039,0.0012501506205566935,0.006,10,15.0,TREND,0.0018689859363434618,False,0.0
BTCUSDT,2026-08-19 15:23:00+00:00,0.004600000000000001,0.006,TP,0.00744024776747433,0.0007434228149538473,0.006,10,13.0,TREND,0.0016547499730192063,False,0.0
ETHUSDT,2026-08-19 15:23:00+00:00,0.005121412963327725,0.006521412963327725,TP,0.007655435707779431,0.0009059098171754212,0.006521412963327725,10,5.0,TREND,0.004075883102079828,False,0.0
NEARUSDT,2026-08-19 15:23:00+00:00,0.004600000000000001,0.006,TP,0.00864535768645357,0.00024353120243542038,0.006,10,2.0,TREND,0.0022135246792781013,False,0.0
ETHUSDT,2026-08-19 15:24:00+00:00,0.005419711528242839,0.006819711528242838,TP,0.00872372714919118,0.004528006189432279,0.006819711528242838,10,8.0,TREND,0.0042623197051517734,False,0.0
NEARUSDT,2026-08-19 15:26:00+00:00,-0.0264,-0.025,MAE_KILL,0.0025341492057605495,0.028926386055998628,0.006,10,143.0,CHOP,0.0009668618049853391,False,0.0
BTCUSDT,2026-08-19 15:26:00+00:00,0.004600000000000001,0.006,TP,0.0066337042228972725,0.0003947746730446364,0.006,10,1.0,TREND,0.0021066708832716387,False,0.0
BTCUSDT,2026-08-19 15:35:00+00:00,0.00977212520505511,0.01117212520505511,TP,0.012317333006524806,0.001352514628863065,0.01117212520505511,10,5.0,TREND,0.006982578253159443,False,0.0
NEARUSDT,2026-08-19 15:40:00+00:00,0.006009111434876377,0.007409111434876377,TP,0.007455120176537219,0.0005964096141230464,0.007409111434876377,10,8.0,TREND,0.0046306946467977355,False,0.0
NEARUSDT,2026-08-19 15:43:00+00:00,0.0005000000000000001,0.0019,BE_STOP,0.005990865413132451,0.0003558929948395124,0.007334785150788448,10,4.0,TREND,0.00458424071924278,False,0.0
BTCUSDT,2026-08-19 15:54:00+00:00,0.0005000000000000001,0.0019,BE_STOP,0.009049375692778637,0.0006597892193373956,0.013106136835675991,10,19.0,TREND,0.008191335522297494,False,0.0
XRPUSDT,2026-08-19 16:00:00+00:00,0.0005000000000000001,0.0019,BE_STOP,0.005152707513584468,0.0005621135469364193,0.006,10,6.0,TREND,0.002937712465537075,False,0.0
ETHUSDT,2026-08-19 16:01:00+00:00,0.004600000000000001,0.006,TP,0.006033551731586226,0.003676770585835244,0.006,10,12.0,TREND,0.003037004275394381,False,0.0
BTCUSDT,2026-08-19 16:05:00+00:00,0.0047900307363356815,0.006190030736335681,TP,0.007922123479887746,0.003418790926099073,0.006190030736335681,10,20.0,TREND,0.0038687692102098003,False,0.0
BTCUSDT,2026-08-19 16:05:00+00:00,0.004600000000000001,0.006,TP,0.007546590884185764,0.0037900981129869184,0.006,10,18.0,TREND,0.0035801169090182274,False,0.0
BTCUSDT,2026-08-19 16:09:00+00:00,0.0005000000000000001,0.0019,BE_STOP,0.004938858131336525,0.0018814003681191652,0.006,10,7.0,TREND,0.0019266813883764495,False,0.0
BTCUSDT,2026-08-19 16:11:00+00:00,0.0005000000000000001,0.0019,BE_STOP,0.006283617939685526,0.005038860368261285,0.007037185125949582,10,28.0,TREND,0.004398240703718488,False,0.0
ETHUSDT,2026-08-19 16:23:00+00:00,0.0005000000000000001,0.0019,BE_STOP,0.003575047316802731,0.003001510314107194,0.006,10,16.0,TREND,0.003192347923932614,False,0.0
BTCUSDT,2026-08-19 16:39:00+00:00,0.0005000000000000001,0.0019,BE_STOP,0.004388560301529595,0.0017694162092516009,0.006,10,28.0,TREND,0.0019014249026696095,False,0.0
ETHUSDT,2026-08-19 16:47:00+00:00,0.0005000000000000001,0.0019,BE_STOP,0.010704419889502841,0.01396562308164513,0.01102451109357185,10,79.0,TREND,0.006890319433482405,False,0.0
NEARUSDT,2026-08-19 16:58:00+00:00,0.0005000000000000001,0.0019,BE_STOP,0.0036255572065378864,0.002080237741456201,0.006,10,19.0,TREND,0.0025047760560390642,False,0.0
SOLUSDT,2026-08-19 17:03:00+00:00,0.004600000000000001,0.006,TP,0.006193803752931866,0.0034206411258796074,0.006,10,40.0,TREND,0.0012225301574890694,False,0.0
BTCUSDT,2026-08-19 17:08:00+00:00,0.004600000000000001,0.006,TP,0.0062924609963598,0.0008102381458952005,0.006,10,21.0,TREND,0.0008610341653193894,False,0.0
BTCUSDT,2026-08-19 17:19:00+00:00,0.004600000000000001,0.006,TP,0.006422696743495467,0.0011047915217481108,0.006,10,20.0,TREND,0.0007545859704002506,False,0.0
BTCUSDT,2026-08-19 17:19:00+00:00,0.004600000000000001,0.006,TP,0.006496742130773688,1.4612555398574816e-06,0.006,10,16.0,TREND,0.0009689167984057846,False,0.0
BTCUSDT,2026-08-19 17:28:00+00:00,0.004600000000000001,0.006,TP,0.006731432538479324,0.0010340277137003667,0.006,10,19.0,TREND,0.001176096677197312,False,0.0
BTCUSDT,2026-08-19 17:30:00+00:00,0.0005000000000000001,0.0019,BE_STOP,0.0030943323004192416,0.00018815892373078512,0.006,10,10.0,TREND,0.0013748621357885771,False,0.0
NEARUSDT,2026-08-19 17:48:00+00:00,-0.0264,-0.025,MAE_KILL,0.001866795134288873,0.025412501505479954,0.006,10,108.0,CHOP,0.0022453158066791704,False,0.0
SOLUSDT,2026-08-19 18:48:00+00:00,0.0005000000000000001,0.0019,BE_STOP,0.0032441398151084877,0.012659462887528316,0.006,10,159.0,TREND,0.0019226145467089995,False,0.0
ETHUSDT,2026-08-19 19:13:00+00:00,0.004600000000000001,0.006,TP,0.006722656885935073,0.0006990797046627832,0.006,10,25.0,TREND,0.0008721395532730511,False,0.0
BTCUSDT,2026-08-19 19:15:00+00:00,0.0005000000000000001,0.0019,BE_STOP,0.0040934780184632,0.0022506793119434804,0.006,10,86.0,TREND,0.0008016132453462564,False,0.0
ETHUSDT,2026-08-19 20:07:00+00:00,0.004600000000000001,0.006,TP,0.008924406705442221,0.01675408618835011,0.006,10,242.0,TREND,0.003013559658553895,False,0.0
XRPUSDT,2026-08-19 20:15:00+00:00,0.004600000000000001,0.006,TP,0.007209737827715393,9.36329588014878e-05,0.006,10,8.0,TREND,0.0010700909577313785,False,0.0
SOLUSDT,2026-08-19 20:50:00+00:00,0.0073632062052447775,0.008763206205244777,TP,0.014358138912866369,0.015768421820480678,0.008763206205244777,10,313.0,TREND,0.005477003878277985,False,0.0
ETHUSDT,2026-08-19 20:50:00+00:00,-0.0414,-0.04,MAE_KILL,0.001976856316296967,0.056745419479267145,0.006,10,202.0,TREND,0.001498484639757534,False,0.0
NEARUSDT,2026-08-19 20:50:00+00:00,-0.0264,-0.025,MAE_KILL,0.00011949572802770985,0.02975443627890307,0.006,10,198.0,CHOP,0.0018820577164366387,False,0.0
SOLUSDT,2026-08-19 20:50:00+00:00,0.004600000000000001,0.006,TP,0.013877412142127982,0.004131628833908562,0.006,10,97.0,TREND,0.0011830693488691954,False,0.0
BTCUSDT,2026-08-19 20:50:00+00:00,0.004600000000000001,0.006,TP,0.0093819024777845,0.0009462089678448477,0.006,10,35.0,CHOP,0.0007753165051293471,False,0.0
BTCUSDT,2026-08-19 20:51:00+00:00,0.008266705073485219,0.009666705073485219,TP,0.013274478003499917,0.012930896427625082,0.009666705073485219,10,310.0,TREND,0.006041690670928262,False,0.0
XRPUSDT,2026-08-19 20:54:00+00:00,0.004600000000000001,0.006,TP,0.007302601551802837,0.0019169329073482346,0.006,10,3.0,CHOP,0.002536350003260028,False,0.0
SOLUSDT,2026-08-19 21:04:00+00:00,-0.0414,-0.04,MAE_KILL,0.0029435310056036717,0.04803251431738415,0.006,10,222.0,TREND,0.001148909591547658,False,0.0
NEARUSDT,2026-08-19 21:04:00+00:00,0.004600000000000001,0.006,TP,0.010231963257950154,0.002499854659612796,0.006,10,8.0,CHOP,0.002549685649505451,False,0.0
BTCUSDT,2026-08-19 21:06:00+00:00,0.004600000000000001,0.006,TP,0.006494465158287167,0.002020564600171456,0.006,10,12.0,CHOP,0.0018945377762044665,False,0.0
BTCUSDT,2026-08-19 21:06:00+00:00,0.004600000000000001,0.006,TP,0.007561970777960148,0.0009620901698725836,0.006,10,7.0,CHOP,0.002327914607459732,False,0.0
BTCUSDT,2026-08-19 21:06:00+00:00,0.004600000000000001,0.006,TP,0.006829639796949568,0.0005444020698862521,0.006,10,4.0,CHOP,0.0026833313269882795,False,0.0
BTCUSDT,2026-08-19 21:07:00+00:00,0.004600000000000001,0.006,TP,0.009100092357423312,6.782498268294114e-05,0.006,10,2.0,CHOP,0.002070208134050182,False,0.0
BTCUSDT,2026-08-19 21:21:00+00:00,0.004600000000000001,0.006,TP,0.0060920919793233256,0.0007828150433364255,0.006,10,9.0,CHOP,0.0031986268342972177,False,0.0
SOLUSDT,2026-08-19 21:22:00+00:00,0.008845021443532042,0.010245021443532043,TP,0.010844775424714943,0.00046544100535247896,0.010245021443532043,10,4.0,TREND,0.006403138402207527,False,0.0
BTCUSDT,2026-08-19 21:23:00+00:00,0.004600000000000001,0.006,TP,0.006485335118941019,0.0008860693731709844,0.006,10,7.0,CHOP,0.003275343686889749,False,0.0
BTCUSDT,2026-08-19 21:25:00+00:00,0.0005000000000000001,0.0019,BE_STOP,0.004077108017448598,0.004740789795712744,0.006,10,17.0,CHOP,0.002781519742836159,False,0.0
BTCUSDT,2026-08-19 21:29:00+00:00,0.0005000000000000001,0.0019,BE_STOP,0.003064929010200602,0.0,0.006,10,5.0,CHOP,0.0022210971130260195,False,0.0
BTCUSDT,2026-08-19 21:31:00+00:00,0.004600000000000001,0.006,TP,0.006043741470816599,0.0037813012921849077,0.006,10,21.0,CHOP,0.0029431279357425844,False,0.0
ETHUSDT,2026-08-19 21:31:00+00:00,0.014543434026799003,0.015943434026799003,TP,0.016974721511931364,8.405517558686198e-05,0.015943434026799003,10,11.0,TREND,0.009964646266749378,False,0.0
NEARUSDT,2026-08-19 21:33:00+00:00,0.004600000000000001,0.006,TP,0.006394884092725749,0.00022838871759745232,0.006,10,7.0,TREND,0.0023695329450724788,False,0.0
ETHUSDT,2026-08-19 21:45:00+00:00,0.005415537284950074,0.006815537284950073,TP,0.008637476538152193,0.001696725671107607,0.006815537284950073,10,7.0,TREND,0.004259710803093795,False,0.0
ETHUSDT,2026-08-19 21:46:00+00:00,0.017096630483286378,0.018496630483286376,TP,0.02121070003274078,0.0021281490854710445,0.018496630483286376,10,32.0,TREND,0.011560394052053986,False,0.0
BTCUSDT,2026-08-19 21:47:00+00:00,0.004600000000000001,0.006,TP,0.006323931238381422,0.003769649152547368,0.006,10,18.0,CHOP,0.0017233092298529853,False,0.0
BTCUSDT,2026-08-19 21:48:00+00:00,0.0005000000000000001,0.0019,BE_STOP,0.004030524197478444,0.006040052975880046,0.006,10,17.0,CHOP,0.0017773293047202573,False,0.0
SOLUSDT,2026-08-19 21:48:00+00:00,0.0005000000000000001,0.0019,BE_STOP,0.005488423577160768,0.006168711373489491,0.006,10,14.0,TREND,0.0036032192602158714,False,0.0
BTCUSDT,2026-08-19 21:52:00+00:00,0.0005000000000000001,0.0019,BE_STOP,0.005653578350441503,0.004433278300193854,0.006,10,30.0,CHOP,0.0023688177445984073,False,0.0
BTCUSDT,2026-08-19 21:54:00+00:00,0.0005000000000000001,0.0019,BE_STOP,0.0057257717157215065,0.004361809045226172,0.006,10,18.0,CHOP,0.0016901856219874796,False,0.0
XRPUSDT,2026-08-19 22:01:00+00:00,0.0005000000000000001,0.0019,BE_STOP,0.004515672038250491,0.0035417035594120807,0.006,10,3.0,TREND,0.0031242884970527894,False,0.0
XRPUSDT,2026-08-19 22:06:00+00:00,0.004600000000000001,0.006,TP,0.006030507272082423,0.0019510464703795494,0.006,10,6.0,TREND,0.0033003091268433613,False,0.0
BTCUSDT,2026-08-19 22:25:00+00:00,0.004600000000000001,0.006,TP,0.006257966153815204,9.340247990768961e-05,0.006,10,23.0,TREND,0.0015640296580586412,False,0.0
BTCUSDT,2026-08-19 22:32:00+00:00,0.004600000000000001,0.006,TP,0.006649957844274117,0.00034242534983501587,0.006,10,26.0,TREND,0.001316775512435634,False,0.0
SOLUSDT,2026-08-19 22:33:00+00:00,0.004600000000000001,0.006,TP,0.007411217356743743,0.0009117901479904232,0.006,10,7.0,TREND,0.0021041311107474186,False,0.0
BTCUSDT,2026-08-20 03:16:00+00:00,0.0005000000000000001,0.0019,BE_STOP,0.0030651318817131582,0.010987007198284179,0.006,10,280.0,TREND,0.0010794945447433618,False,0.0
BTCUSDT,2026-08-20 07:11:00+00:00,0.0005000000000000001,0.0019,BE_STOP,0.0030579374541451843,0.012862252384446157,0.006,10,564.0,CHOP,0.0018351104771512359,False,0.0
BTCUSDT,2026-08-20 07:11:00+00:00,0.0005000000000000001,0.0019,BE_STOP,0.0036101807671132737,0.012318774086988397,0.006,10,559.0,CHOP,0.002200907604278627,False,0.0
BTCUSDT,2026-08-20 07:11:00+00:00,0.0005000000000000001,0.0019,BE_STOP,0.0038462200347622153,0.012086481153235053,0.006,10,555.0,CHOP,0.0020833179681206547,False,0.0
BTCUSDT,2026-08-20 07:13:00+00:00,0.0005000000000000001,0.0019,BE_STOP,0.00408237035676999,0.01185407892773938,0.006,10,563.0,CHOP,0.002223254552041727,False,0.0
BTCUSDT,2026-08-20 07:13:00+00:00,0.0005000000000000001,0.0019,BE_STOP,0.003998841081924649,0.011936282454726136,0.006,10,559.0,CHOP,0.0021007439122992288,False,0.0
SOLUSDT,2026-08-20 08:07:00+00:00,0.004600000000000001,0.006,TP,0.007122656331831928,0.0021414522304854054,0.006,10,54.0,CHOP,0.0010274980422670713,False,0.0
ETHUSDT,2026-08-20 08:07:00+00:00,0.0005000000000000001,0.0019,BE_STOP,0.005623105691345138,0.002671972207944019,0.006,10,52.0,CHOP,0.0009716838045946832,False,0.0
NEARUSDT,2026-08-20 08:09:00+00:00,0.004600000000000001,0.006,TP,0.00620226267731001,0.007006259691035427,0.006,10,58.0,CHOP,0.0009762820880951122,False,0.0
BTCUSDT,2026-08-20 08:09:00+00:00,0.004600000000000001,0.006,TP,0.008447021324776522,3.845381483222944e-05,0.006,10,1.0,CHOP,0.0012122107342298514,False,0.0
BTCUSDT,2026-08-20 08:10:00+00:00,-0.0414,-0.04,MAE_KILL,0.0010415765067284376,0.04288361189392367,0.006,10,775.0,TREND,0.0009686451939836636,False,0.0
ETHUSDT,2026-08-20 08:16:00+00:00,0.0005000000000000001,0.0019,BE_STOP,0.005909926389756152,0.0018204683968444655,0.006,10,5.0,CHOP,0.0019146955395383243,False,0.0
BTCUSDT,2026-08-20 08:17:00+00:00,0.004600000000000001,0.006,TP,0.007632405334234577,0.00018165687972616535,0.006,10,1.0,TREND,0.0032619781891042522,False,0.0
BTCUSDT,2026-08-20 08:19:00+00:00,0.0005000000000000001,0.0019,BE_STOP,0.0039059102145724426,0.003969044539161642,0.006,10,5.0,TREND,0.0030321512049035788,False,0.0
BTCUSDT,2026-08-20 08:31:00+00:00,0.0005000000000000001,0.0019,BE_STOP,0.0035732107589909697,0.0011006388765893256,0.006,10,7.0,TREND,0.002884432917958099,False,0.0
BTCUSDT,2026-08-20 08:34:00+00:00,0.0005000000000000001,0.0019,BE_STOP,0.0033314606741572626,0.00010955056179779369,0.006,10,3.0,TREND,0.0017596308186195388,False,0.0
SOLUSDT,2026-08-20 08:37:00+00:00,0.004600000000000001,0.006,TP,0.0061120348603864606,0.0022590447795424887,0.006,10,15.0,TREND,0.0031403834970144383,False,0.0
BTCUSDT,2026-08-20 08:40:00+00:00,0.004600000000000001,0.006,TP,0.006698244573747598,0.00010959997414548355,0.006,10,5.0,TREND,0.0017380428134433775,False,0.0
BTCUSDT,2026-08-20 08:42:00+00:00,0.0005000000000000001,0.0019,BE_STOP,0.0042781408310136005,0.0038856508465167513,0.006399829547206794,10,24.0,TREND,0.003999893467004246,False,0.0
BTCUSDT,2026-08-20 08:47:00+00:00,0.005167838339266931,0.00656783833926693,TP,0.00719129519129515,0.0022857142857143267,0.00656783833926693,10,27.0,TREND,0.004104898962041831,False,0.0
SOLUSDT,2026-08-20 08:49:00+00:00,0.0005000000000000001,0.0019,BE_STOP,0.0036625857170566726,0.0016886688041257846,0.006,10,9.0,TREND,0.0017880981449093247,False,0.0
BTCUSDT,2026-08-20 09:06:00+00:00,-0.0414,-0.04,MAE_KILL,0.0019891257263641433,0.04110087170935874,0.006,10,632.0,TREND,0.0010330580650448902,False,0.0
BTCUSDT,2026-08-20 09:06:00+00:00,-0.0414,-0.04,MAE_KILL,0.002087788464461947,0.04045271130171149,0.006,10,349.0,CHOP,0.0009245506673414839,False,0.0
BTCUSDT,2026-08-20 09:09:00+00:00,0.004600000000000001,0.006,TP,0.006904284940343614,0.0008287381761320199,0.006,10,27.0,TREND,0.0019155570994403791,False,0.0
BTCUSDT,2026-08-20 09:16:00+00:00,0.0005000000000000001,0.0019,BE_STOP,0.0032241869805321177,0.0002538071065989442,0.006,10,5.0,TREND,0.0021095474503741393,False,0.0
BTCUSDT,2026-08-20 09:19:00+00:00,0.004600000000000001,0.006,TP,0.00611542195433692,0.001933244400365894,0.006,10,30.0,TREND,0.0016892940205716434,False,0.0
ETHUSDT,2026-08-20 09:29:00+00:00,0.0005000000000000001,0.0019,BE_STOP,0.004617483471508004,0.0016397313464162032,0.006,10,13.0,CHOP,0.0024427312114897394,False,0.0
BTCUSDT,2026-08-20 09:52:00+00:00,0.0005000000000000001,0.0019,BE_STOP,0.005619192907478597,0.00041034344629886584,0.006,10,45.0,TREND,0.001581656651003283,False,0.0
XRPUSDT,2026-08-20 09:52:00+00:00,0.004600000000000001,0.006,TP,0.007796933206272302,0.0023390799618815943,0.006,10,22.0,TREND,0.0023267038774272227,False,0.0
SOLUSDT,2026-08-20 09:59:00+00:00,0.0005000000000000001,0.0019,BE_STOP,0.004288556986345235,0.004197067770636587,0.006,10,50.0,TREND,0.0016680444506889133,False,0.0
BTCUSDT,2026-08-20 10:15:00+00:00,-0.0414,-0.04,MAE_KILL,0.0025256695034380724,0.04027717751048542,0.006,10,177.0,CHOP,0.0009792533265178247,False,0.0
BTCUSDT,2026-08-20 10:15:00+00:00,-0.0414,-0.04,MAE_KILL,0.0022219445390003274,0.04059393568569328,0.006,10,175.0,CHOP,0.0009652911703506485,False,0.0
BTCUSDT,2026-08-20 10:15:00+00:00,0.004600000000000001,0.006,TP,0.008357747792260211,0.00255394957515362,0.006,10,56.0,TREND,0.0021281587604248284,False,0.0
NEARUSDT,2026-08-20 11:11:00+00:00,0.004600000000000001,0.006,TP,0.006103125712982063,0.00844170659365727,0.006,10,72.0,CHOP,0.001075584237801896,False,0.0
BTCUSDT,2026-08-20 12:10:00+00:00,0.0005000000000000001,0.0019,BE_STOP,0.0031512517123336663,0.011148651476303494,0.006,10,135.0,TREND,0.0009553595591555574,False,0.0
ETHUSDT,2026-08-20 12:11:00+00:00,0.0005000000000000001,0.0019,BE_STOP,0.0048681345694620674,0.017769349627756715,0.006,10,138.0,CHOP,0.0012864843577549076,False,0.0
NEARUSDT,2026-08-20 12:32:00+00:00,-0.0264,-0.025,MAE_KILL,0.0010763652843869197,0.02537956038975763,0.006,10,137.0,CHOP,0.0011208766307338552,False,0.0
ETHUSDT,2026-08-20 13:36:00+00:00,0.004600000000000001,0.006,TP,0.0074605515086158675,0.020515416272365205,0.006,10,299.0,TREND,0.0014867656166980383,False,0.0
SOLUSDT,2026-08-21 00:18:00+00:00,0.004600000000000001,0.006,TP,0.006772908366533852,0.01981787137165623,0.006,10,931.0,TREND,0.0016537929913001106,False,0.0
ETHUSDT,2026-08-21 00:18:00+00:00,0.004600000000000001,0.006,TP,0.00857756768371295,0.0015040825096691017,0.006,10,16.0,CHOP,0.001030143041316224,False,0.0
BTCUSDT,2026-08-21 00:18:00+00:00,0.004600000000000001,0.006,TP,0.011235878161416607,5.6117798101929364e-05,0.006,10,14.0,CHOP,0.0009534159705387538,False,0.0
BTCUSDT,2026-08-21 00:18:00+00:00,0.004600000000000001,0.006,TP,0.008669356214972728,0.0014348808475491092,0.006,10,11.0,CHOP,0.0011352078256298994,False,0.0
BTCUSDT,2026-08-21 00:18:00+00:00,0.004600000000000001,0.006,TP,0.008154587842623084,0.000605862952162674,0.006,10,7.0,CHOP,0.0011810233898577969,False,0.0
BTCUSDT,2026-08-21 00:18:00+00:00,0.004600000000000001,0.006,TP,0.008103690119474429,0.0006563183949263697,0.006,10,5.0,CHOP,0.0013820307157788533,False,0.0
BTCUSDT,2026-08-21 00:18:00+00:00,0.004600000000000001,0.006,TP,0.00734770788054956,0.0,0.006,10,3.0,CHOP,0.0015579524821084409,False,0.0
BTCUSDT,2026-08-21 00:34:00+00:00,0.0005000000000000001,0.0019,BE_STOP,0.0037452675288019216,0.0005794308821733012,0.006,10,5.0,TREND,0.0018501466508739673,False,0.0
BTCUSDT,2026-08-21 00:35:00+00:00,0.0005000000000000001,0.0019,BE_STOP,0.004943950894706945,0.0007485894319823737,0.006,10,16.0,CHOP,0.002083706544402893,False,0.0
SOLUSDT,2026-08-21 00:49:00+00:00,0.0005000000000000001,0.0019,BE_STOP,0.004298904289830141,0.0001361130645856543,0.006,10,11.0,CHOP,0.0018707444412396522,False,0.0
XRPUSDT,2026-08-21 01:05:00+00:00,0.0005000000000000001,0.0019,BE_STOP,0.004723665564478039,0.008581325775468359,0.006,10,44.0,TREND,0.0024349371302606958,False,0.0
XRPUSDT,2026-08-21 01:05:00+00:00,0.0005000000000000001,0.0019,BE_STOP,0.004961020552799411,0.008347113945979954,0.006,10,38.0,TREND,0.002328642300293592,False,0.0
XRPUSDT,2026-08-21 01:06:00+00:00,0.0005000000000000001,0.0019,BE_STOP,0.005832282471626792,0.0074873896595206825,0.006,10,43.0,TREND,0.0022743649792829994,False,0.0
BTCUSDT,2026-08-21 01:16:00+00:00,0.004600000000000001,0.006,TP,0.00709976162275618,0.0029413879606603323,0.006,10,42.0,TREND,0.0016879644009877366,False,0.0
BTCUSDT,2026-08-21 01:18:00+00:00,0.004600000000000001,0.006,TP,0.013638413442592394,0.004780418970544223,0.006,10,46.0,TREND,0.0017729724668373815,False,0.0
BTCUSDT,2026-08-21 01:18:00+00:00,0.004600000000000001,0.006,TP,0.014323851855867088,0.00028593498028276154,0.006,10,13.0,CHOP,0.0010691103105017704,False,0.0
BTCUSDT,2026-08-21 01:18:00+00:00,0.004600000000000001,0.006,TP,0.013617823423306384,0.00024781838568650245,0.006,10,11.0,CHOP,0.0010550176161922054,False,0.0
ETHUSDT,2026-08-21 01:18:00+00:00,0.004600000000000001,0.006,TP,0.009718347113079326,0.0008276379894369735,0.006,10,8.0,CHOP,0.0012551696901659942,False,0.0
ETHUSDT,2026-08-21 01:18:00+00:00,0.004600000000000001,0.006,TP,0.006232622207861908,8.502895235820067e-05,0.006,10,1.0,CHOP,0.001557548202305755,False,0.0
SOLUSDT,2026-08-21 01:20:00+00:00,0.0005000000000000001,0.0019,BE_STOP,0.005201809913904952,0.009478352120781325,0.006,10,55.0,CHOP,0.0022801239923206183,False,0.0
BTCUSDT,2026-08-21 01:31:00+00:00,0.004600000000000001,0.006,TP,0.00831735910732666,0.0015281449047264313,0.006,10,10.0,TREND,0.002401754906849808,False,0.0
BTCUSDT,2026-08-21 01:34:00+00:00,0.0005000000000000001,0.0019,BE_STOP,0.0047371155277773705,0.0017606859578934964,0.006,10,5.0,TREND,0.0030363942681781502,False,0.0
SOLUSDT,2026-08-21 01:47:00+00:00,0.004600000000000001,0.006,TP,0.0063795493738799435,0.00593996911666912,0.006,10,28.0,CHOP,0.0018436607857376499,False,0.0
NEARUSDT,2026-08-21 01:47:00+00:00,0.0005000000000000001,0.0019,BE_STOP,0.00583139896959745,0.006227707637434253,0.006,10,24.0,TREND,0.002272708891063627,False,0.0
BTCUSDT,2026-08-21 01:47:00+00:00,0.004600000000000001,0.006,TP,0.012481298793755431,0.002958738247345778,0.006,10,14.0,TREND,0.0027181507895512286,False,0.0
BTCUSDT,2026-08-21 01:47:00+00:00,0.004600000000000001,0.006,TP,0.013260961854981124,0.00219096481465865,0.006,10,12.0,TREND,0.0024745925947608346,False,0.0
XRPUSDT,2026-08-21 01:47:00+00:00,0.004600000000000001,0.006,TP,0.008556981719175339,0.0028004667444574464,0.006,10,10.0,TREND,0.002983830638439732,False,0.0
BTCUSDT,2026-08-21 01:54:00+00:00,0.0005000000000000001,0.0019,BE_STOP,0.0032143288462788645,0.0005865951073722747,0.006,10,6.0,TREND,0.002528577552366486,False,0.0
XRPUSDT,2026-08-21 02:40:00+00:00,0.0005000000000000001,0.0019,BE_STOP,0.004170528266913864,0.011044176706827294,0.006,10,42.0,TREND,0.0032051282051281703,False,0.0
BTCUSDT,2026-08-21 03:04:00+00:00,0.004600000000000001,0.006,TP,0.006303785481364213,0.0,0.006,10,24.0,TREND,0.0015463773726373717,False,0.0
ETHUSDT,2026-08-21 03:11:00+00:00,0.0005000000000000001,0.0019,BE_STOP,0.003735990037359993,0.015455739606612095,0.006,10,106.0,CHOP,0.002903739158195895,False,0.0
XRPUSDT,2026-08-21 03:27:00+00:00,0.004600000000000001,0.006,TP,0.007641837128521649,0.003936703975299193,0.006,10,14.0,CHOP,0.002624469316866055,False,0.0
NEARUSDT,2026-08-21 03:37:00+00:00,0.004600000000000001,0.006,TP,0.006420635363742988,5.583161185862821e-05,0.006,10,10.0,CHOP,0.001662984438932148,False,0.0
XRPUSDT,2026-08-21 03:39:00+00:00,-0.0414,-0.04,MAE_KILL,0.0013463213748317374,0.0406272273699217,0.006,10,170.0,CHOP,0.0017932095622758396,False,0.0
XRPUSDT,2026-08-21 03:44:00+00:00,0.0005000000000000001,0.0019,BE_STOP,0.0032824427480915804,0.0022900763358779494,0.006,10,7.0,TREND,0.002737186477644482,False,0.0
XRPUSDT,2026-08-21 03:51:00+00:00,0.004600000000000001,0.006,TP,0.00757286009332213,0.0,0.006,10,7.0,TREND,0.0027537673066625754,False,0.0
XRPUSDT,2026-08-21 03:59:00+00:00,0.0005000000000000001,0.0019,BE_STOP,0.005183321899534962,0.003735040780547394,0.006,10,19.0,TREND,0.002738666928010616,False,0.0
BTCUSDT,2026-08-21 05:23:00+00:00,0.0005000000000000001,0.0019,BE_STOP,0.0030897995417794055,0.013616381120461062,0.006,10,207.0,TREND,0.0027456025175553716,False,0.0
ETHUSDT,2026-08-21 05:24:00+00:00,0.0005000000000000001,0.0019,BE_STOP,0.004140927584784761,0.005412115826931342,0.006,10,93.0,CHOP,0.0008524188714059498,False,0.0
XRPUSDT,2026-08-21 05:48:00+00:00,0.0005000000000000001,0.0019,BE_STOP,0.003440893102921066,0.0016057501146964296,0.006,10,23.0,CHOP,0.0016658292006204514,False,0.0
BTCUSDT,2026-08-21 06:11:00+00:00,0.0005000000000000001,0.0019,BE_STOP,0.003504957048658654,0.0,0.006,10,22.0,TREND,0.0008602420450158344,False,0.0
BTCUSDT,2026-08-21 06:42:00+00:00,0.0005000000000000001,0.0019,BE_STOP,0.0037825855224951585,0.0159311418290585,0.006,10,292.0,TREND,0.002778839491927797,False,0.0
BTCUSDT,2026-08-21 06:42:00+00:00,0.0005000000000000001,0.0019,BE_STOP,0.0033967895501339678,0.016309360984764223,0.006,10,290.0,TREND,0.0028384520893824567,False,0.0
BTCUSDT,2026-08-21 06:43:00+00:00,0.0005000000000000001,0.0019,BE_STOP,0.004888401626723992,0.014847043333298015,0.006,10,289.0,TREND,0.0029017359409864983,False,0.0
BTCUSDT,2026-08-21 06:43:00+00:00,0.0005000000000000001,0.0019,BE_STOP,0.005631864665229479,0.0035491373550691047,0.006,10,80.0,TREND,0.001307871536559777,False,0.0
SOLUSDT,2026-08-21 06:48:00+00:00,0.0005000000000000001,0.0019,BE_STOP,0.005110581453356228,0.0011085859985589328,0.006,10,5.0,TREND,0.001325552115419622,False,0.0
XRPUSDT,2026-08-21 07:01:00+00:00,0.0005000000000000001,0.0019,BE_STOP,0.0036863528146840775,0.0016127793564242306,0.006,10,13.0,CHOP,0.0021558581193018055,False,0.0
BTCUSDT,2026-08-21 07:05:00+00:00,0.0005000000000000001,0.0019,BE_STOP,0.003025406539003717,0.0002062777185683172,0.006,10,4.0,CHOP,0.001091458477919803,False,0.0
BTCUSDT,2026-08-21 07:10:00+00:00,-0.0414,-0.04,MAE_KILL,0.0,0.040185907407813026,0.006,10,430.0,CHOP,0.0008605592715822438,False,0.0
ETHUSDT,2026-08-21 07:15:00+00:00,0.004600000000000001,0.006,TP,0.008241202642577838,0.002292031818794684,0.006,10,25.0,CHOP,0.0020723386428860378,False,0.0
BTCUSDT,2026-08-21 07:15:00+00:00,0.004600000000000001,0.006,TP,0.011000010578204784,4.7601921001852095e-05,0.006,10,10.0,CHOP,0.0012886520042675446,False,0.0
NEARUSDT,2026-08-21 07:16:00+00:00,0.004600000000000001,0.006,TP,0.007679411605645985,0.002325455627061798,0.006,10,5.0,TREND,0.0017267087463399167,False,0.0
ETHUSDT,2026-08-21 07:18:00+00:00,0.0005000000000000001,0.0019,BE_STOP,0.005282332275469398,0.0003856941026533544,0.006,10,3.0,TREND,0.001979077891642679,False,0.0
SOLUSDT,2026-08-21 07:21:00+00:00,0.0005000000000000001,0.0019,BE_STOP,0.004759701196536019,0.011216147727022329,0.006,10,70.0,TREND,0.0022311099358762877,False,0.0
BTCUSDT,2026-08-21 07:42:00+00:00,0.004600000000000001,0.006,TP,0.006300367838597277,0.0,0.006,10,18.0,TREND,0.002974991437221398,False,0.0
BTCUSDT,2026-08-21 07:43:00+00:00,0.004600000000000001,0.006,TP,0.006247077208844268,0.0018168790288669865,0.006,10,22.0,TREND,0.0027205466393726155,False,0.0
BTCUSDT,2026-08-21 07:44:00+00:00,0.0005000000000000001,0.0019,BE_STOP,0.00338045241634429,0.004660530997494741,0.006,10,27.0,TREND,0.0026354504141222123,False,0.0
BTCUSDT,2026-08-21 07:46:00+00:00,0.0005000000000000001,0.0019,BE_STOP,0.004968810834571867,0.0030849015134071928,0.006,10,27.0,TREND,0.002690738342937278,False,0.0
BTCUSDT,2026-08-21 08:05:00+00:00,0.0005000000000000001,0.0019,BE_STOP,0.003285986717503287,0.003956516226683377,0.006,10,20.0,TREND,0.0018883500212586615,False,0.0
BTCUSDT,2026-08-21 08:06:00+00:00,0.0005000000000000001,0.0019,BE_STOP,0.003777991662002594,0.0034680629586813657,0.006,10,18.0,TREND,0.0017330973964494606,False,0.0
XRPUSDT,2026-08-21 08:10:00+00:00,-0.0414,-0.04,MAE_KILL,0.0004658023445384162,0.04176694356028264,0.006,10,304.0,CHOP,0.002123836880455168,False,0.0
BTCUSDT,2026-08-21 08:13:00+00:00,0.004600000000000001,0.006,TP,0.006409502835751064,0.0012487231935963917,0.006,10,8.0,TREND,0.001436815390121516,False,0.0
NEARUSDT,2026-08-21 08:13:00+00:00,0.0005000000000000001,0.0019,BE_STOP,0.005859579365909856,0.00224965993512607,0.006,10,5.0,TREND,0.0036771850102393176,False,0.0
BTCUSDT,2026-08-21 08:14:00+00:00,0.004600000000000001,0.006,TP,0.00740831557337493,0.006085774729818285,0.006,10,31.0,TREND,0.0018513335899661403,False,0.0
BTCUSDT,2026-08-21 08:14:00+00:00,0.004600000000000001,0.006,TP,0.00702216427640164,0.00031421121251637316,0.006,10,4.0,TREND,0.0018321847643881896,False,0.0
XRPUSDT,2026-08-21 08:17:00+00:00,0.005740734451284253,0.007140734451284252,TP,0.007875185735512586,0.002154531946508265,0.007140734451284252,10,4.0,CHOP,0.004462959032052657,False,0.0
SOLUSDT,2026-08-21 08:25:00+00:00,0.004600000000000001,0.006,TP,0.006811854166895928,0.0004291798263472558,0.006,10,9.0,CHOP,0.0017741004909628492,False,0.0
BTCUSDT,2026-08-21 08:27:00+00:00,0.0005000000000000001,0.0019,BE_STOP,0.0037516642014230675,0.0029686631034067028,0.006,10,8.0,TREND,0.002527530507504366,False,0.0
BTCUSDT,2026-08-21 08:31:00+00:00,0.004600000000000001,0.006,TP,0.00620311129875613,0.0008755805267772294,0.006,10,10.0,TREND,0.0024976686137415166,False,0.0
BTCUSDT,2026-08-21 08:31:00+00:00,0.004600000000000001,0.006,TP,0.006115540591446075,0.0005949272707906676,0.006,10,8.0,TREND,0.0024561626188973076,False,0.0
XRPUSDT,2026-08-21 08:33:00+00:00,-0.0414,-0.04,MAE_KILL,0.0014479500076207993,0.0401615607376924,0.006,10,43.0,CHOP,0.0021719250114311988,False,0.0
BTCUSDT,2026-08-21 08:33:00+00:00,0.004600000000000001,0.006,TP,0.006547171697111648,0.0002349401421841031,0.006,10,5.0,TREND,0.002382778869034871,False,0.0
BTCUSDT,2026-08-21 08:35:00+00:00,-0.0414,-0.04,MAE_KILL,0.00035533981884373764,0.041472850026482794,0.006,10,275.0,TREND,0.0010256007493742992,False,0.0
BTCUSDT,2026-08-21 08:35:00+00:00,0.004600000000000001,0.006,TP,0.0071840384670247455,0.00143162066202074,0.006,10,9.0,TREND,0.0026410326045677767,False,0.0
SOLUSDT,2026-08-21 08:38:00+00:00,0.004600000000000001,0.006,TP,0.006121313299944273,0.0003819001167524392,0.006,10,5.0,TREND,0.002471439326982907,False,0.0
XRPUSDT,2026-08-21 08:43:00+00:00,0.0005000000000000001,0.0019,BE_STOP,0.004042928550426227,0.003234342840341046,0.006208258075355976,10,8.0,CHOP,0.0038801612970974847,False,0.0
ETHUSDT,2026-08-21 08:46:00+00:00,0.004600000000000001,0.006,TP,0.008296531410077896,0.0001786433904024009,0.006,10,6.0,TREND,0.002588845411743306,False,0.0
ETHUSDT,2026-08-21 08:46:00+00:00,0.004600000000000001,0.006,TP,0.007346532187772306,0.0003527995683395026,0.006,10,2.0,TREND,0.002793342464616259,False,0.0
BTCUSDT,2026-08-21 08:47:00+00:00,0.004600000000000001,0.006,TP,0.007613892321863006,0.0011752382082711908,0.006,10,9.0,TREND,0.0023649434385512647,False,0.0
SOLUSDT,2026-08-21 08:47:00+00:00,0.004600000000000001,0.006,TP,0.007722972312438205,0.0011187990832365732,0.006,10,5.0,TREND,0.00219492552460197,False,0.0
BTCUSDT,2026-08-21 08:51:00+00:00,-0.0414,-0.04,MAE_KILL,0.00012354157838318492,0.0415856893686494,0.006,10,125.0,CHOP,0.0013396955032193817,False,0.0
BTCUSDT,2026-08-21 08:51:00+00:00,0.004600000000000001,0.006,TP,0.006092334539482163,3.2078425334257195e-05,0.006,10,2.0,TREND,0.002409822963753175,False,0.0
NEARUSDT,2026-08-21 08:57:00+00:00,0.004600000000000001,0.006,TP,0.006299049979347371,0.0021685254027261364,0.006,10,6.0,TREND,0.002865551425030999,False,0.0
BTCUSDT,2026-08-21 08:57:00+00:00,0.004600000000000001,0.006,TP,0.006013157995122447,0.001818315908865498,0.006,10,2.0,TREND,0.00266662113308143,False,0.0
XRPUSDT,2026-08-21 09:00:00+00:00,0.005135773300627145,0.006535773300627145,TP,0.0066096702349307404,0.00459803146777783,0.006535773300627145,10,3.0,CHOP,0.004084858312891965,False,0.0
ETHUSDT,2026-08-21 09:01:00+00:00,0.0005000000000000001,0.0019,BE_STOP,0.005942529538109091,0.007096538384141104,0.006,10,8.0,TREND,0.0029724381384963134,False,0.0
ETHUSDT,2026-08-21 09:07:00+00:00,0.00569296984239893,0.0070929698423989294,TP,0.011980083111826476,0.003203008331981528,0.0070929698423989294,10,3.0,TREND,0.004433106151499331,False,0.0
BTCUSDT,2026-08-21 09:18:00+00:00,0.0005000000000000001,0.0019,BE_STOP,0.005144235154757379,0.004187078513824923,0.00930191069756074,10,9.0,TREND,0.005813694185975462,False,0.0
XRPUSDT,2026-08-21 09:18:00+00:00,0.0005000000000000001,0.0019,BE_STOP,0.008281421766214795,0.0035910589959691494,0.012186567554834353,10,5.0,CHOP,0.007616604721771471,False,0.0
ETHUSDT,2026-08-21 09:32:00+00:00,0.0005000000000000001,0.0019,BE_STOP,0.004345010549184304,0.0024607800129514204,0.006063915821388988,10,14.0,CHOP,0.003789947388368117,False,0.0
BTCUSDT,2026-08-21 09:37:00+00:00,0.0005000000000000001,0.0019,BE_STOP,0.007447257140586526,0.001862455185072709,0.008845297927824056,10,26.0,TREND,0.005528311204890035,False,0.0
BTCUSDT,2026-08-21 09:44:00+00:00,0.004600000000000001,0.006,TP,0.006239227763921427,0.0013588108221961738,0.006,10,9.0,TREND,0.0019477633929832789,False,0.0
BTCUSDT,2026-08-21 09:44:00+00:00,0.004600000000000001,0.006,TP,0.006543017804768103,8.992955946040847e-06,0.006,10,6.0,TREND,0.001970925589896605,False,0.0
BTCUSDT,2026-08-21 11:19:00+00:00,0.004600000000000001,0.006,TP,0.006114505200865676,0.007685888030615111,0.006,10,119.0,TREND,0.003390119760534077,False,0.0
BTCUSDT,2026-08-21 11:23:00+00:00,0.0005000000000000001,0.0019,BE_STOP,0.0064732745867369535,0.008086447546150458,0.007063558426522343,10,127.0,TREND,0.004414724016576464,False,0.0
BTCUSDT,2026-08-21 11:32:00+00:00,0.004600000000000001,0.006,TP,0.009671429641317793,0.003039592172985517,0.006,10,12.0,CHOP,0.0017201236201657415,False,0.0
SOLUSDT,2026-08-21 11:34:00+00:00,0.0067596708957899645,0.008159670895789964,TP,0.011283078684337892,0.014816608691823387,0.008159670895789964,10,147.0,TREND,0.0050997943098687265,False,0.0
SOLUSDT,2026-08-21 11:34:00+00:00,0.004600000000000001,0.006,TP,0.010531534012668719,0.0,0.006,10,1.0,CHOP,0.00213951292442067,False,0.0
SOLUSDT,2026-08-21 11:35:00+00:00,0.0005000000000000001,0.0019,BE_STOP,0.0036274488052714282,0.03655181594302578,0.006,10,280.0,TREND,0.0019072235199406873,False,0.0
BTCUSDT,2026-08-21 11:52:00+00:00,0.0005000000000000001,0.0019,BE_STOP,0.0042781429921520744,0.00226321693993838,0.006,10,15.0,CHOP,0.002684958604876336,False,0.0
BTCUSDT,2026-08-21 11:53:00+00:00,0.0005000000000000001,0.0019,BE_STOP,0.005712846700736807,0.0,0.006,10,13.0,CHOP,0.002532738021834811,False,0.0
XRPUSDT,2026-08-21 11:59:00+00:00,0.004600000000000001,0.006,TP,0.007255936675461756,0.0002931691586044825,0.006,10,5.0,CHOP,0.0033557398333124064,False,0.0
SOLUSDT,2026-08-21 12:03:00+00:00,0.0005000000000000001,0.0019,BE_STOP,0.0032116594312041093,0.0009413484539735286,0.006,10,4.0,CHOP,0.0016706957435228744,False,0.0
BTCUSDT,2026-08-21 12:05:00+00:00,0.0005000000000000001,0.0019,BE_STOP,0.0037944266836059943,0.003603078236782677,0.006,10,30.0,CHOP,0.0026316454999456822,False,0.0
BTCUSDT,2026-08-21 12:06:00+00:00,0.0005000000000000001,0.0019,BE_STOP,0.004910973171029772,0.00162788943874236,0.006,10,14.0,CHOP,0.0014958231002043106,False,0.0
ETHUSDT,2026-08-21 12:39:00+00:00,0.004600000000000001,0.006,TP,0.006944649290996825,0.001748804281410038,0.006,10,31.0,CHOP,0.0017451922932212153,False,0.0
ETHUSDT,2026-08-21 12:53:00+00:00,0.0005000000000000001,0.0019,BE_STOP,0.004113468047317327,1.2566602995961968e-05,0.006,10,13.0,CHOP,0.001303037048739303,False,0.0
NEARUSDT,2026-08-21 13:31:00+00:00,0.0046961313012895715,0.006096131301289571,TP,0.011989768730683132,0.021528295854204408,0.006096131301289571,10,249.0,CHOP,0.0038100820633059818,False,0.0
XRPUSDT,2026-08-21 13:31:00+00:00,0.0005000000000000001,0.0019,BE_STOP,0.004179577718527079,0.029761475823304673,0.007823840064237862,10,127.0,CHOP,0.004889900040148663,False,0.0
BTCUSDT,2026-08-21 13:35:00+00:00,0.004600000000000001,0.006,TP,0.006992114333052888,0.009240323971437692,0.006,10,92.0,CHOP,0.0016282865784378105,False,0.0
SOLUSDT,2026-08-21 13:35:00+00:00,0.004600000000000001,0.006,TP,0.006421043308830023,0.009210875918873368,0.006,10,90.0,CHOP,0.0018638422510975866,False,0.0
XRPUSDT,2026-08-21 13:37:00+00:00,0.0049656977942692,0.006365697794269199,TP,0.007142857142857157,0.007431457431457415,0.006365697794269199,10,6.0,CHOP,0.00397856112141825,False,0.0
NEARUSDT,2026-08-21 13:37:00+00:00,0.0005000000000000001,0.0019,BE_STOP,0.0038169990860706985,0.0018278587172731828,0.006,10,4.0,CHOP,0.002841629098281952,False,0.0
XRPUSDT,2026-08-21 13:37:00+00:00,0.005936269766770164,0.007336269766770163,TP,0.007942811755361325,0.0002888295183767463,0.007336269766770163,10,2.0,CHOP,0.004585168604231351,False,0.0
XRPUSDT,2026-08-21 13:48:00+00:00,0.006504721326110329,0.007904721326110328,TP,0.00823746626899592,0.002343417128248728,0.007904721326110328,10,6.0,CHOP,0.004940450828818955,False,0.0
BTCUSDT,2026-08-21 13:51:00+00:00,0.004600000000000001,0.006,TP,0.0066138885183568375,0.00030952014017776987,0.006,10,5.0,CHOP,0.002586981542202115,False,0.0
ETHUSDT,2026-08-21 13:53:00+00:00,0.0005000000000000001,0.0019,BE_STOP,0.005190954459084102,0.0015201186026603441,0.006,10,9.0,CHOP,0.0025584884723344834,False,0.0
BTCUSDT,2026-08-21 13:54:00+00:00,0.0005000000000000001,0.0019,BE_STOP,0.0059520805103335595,0.013446861600862461,0.006,10,61.0,CHOP,0.0012973549821703903,False,0.0
NEARUSDT,2026-08-21 14:03:00+00:00,0.0005000000000000001,0.0019,BE_STOP,0.004399448743771851,0.004346443337220388,0.006,10,14.0,CHOP,0.002506398509790874,False,0.0
ETHUSDT,2026-08-21 14:23:00+00:00,0.0005000000000000001,0.0019,BE_STOP,0.0039954745992959555,0.003629573241255214,0.006,10,20.0,CHOP,0.0023182765024636507,False,0.0
SOLUSDT,2026-08-21 14:36:00+00:00,0.004600000000000001,0.006,TP,0.008002902151329542,0.0006156078577945561,0.006,10,13.0,CHOP,0.001968531759554893,False,0.0
NEARUSDT,2026-08-21 14:54:00+00:00,0.0005000000000000001,0.0019,BE_STOP,0.004362222105429113,0.010774163031481558,0.006,10,18.0,CHOP,0.0031459054426416547,False,0.0
BTCUSDT,2026-08-21 15:14:00+00:00,0.004600000000000001,0.006,TP,0.006503665266985498,0.00967526963813168,0.006,10,77.0,TREND,0.0022973196550924286,False,0.0
BTCUSDT,2026-08-21 15:14:00+00:00,0.004600000000000001,0.006,TP,0.0063044344509592225,0.0005123242443218149,0.006,10,20.0,CHOP,0.0011246367340179333,False,0.0
BTCUSDT,2026-08-21 15:15:00+00:00,0.004600000000000001,0.006,TP,0.00626395435375841,0.011155730587943363,0.006,10,82.0,CHOP,0.0022381417526077716,False,0.0
XRPUSDT,2026-08-21 15:18:00+00:00,0.0005000000000000001,0.0019,BE_STOP,0.003839317454674617,0.0010664770707430194,0.006,10,4.0,CHOP,0.0034533543243106014,False,0.0
BTCUSDT,2026-08-21 15:29:00+00:00,0.0005000000000000001,0.0019,BE_STOP,0.0030615572820590167,0.0009590731022533601,0.006,10,11.0,CHOP,0.0014976309531636062,False,0.0
NEARUSDT,2026-08-21 15:39:00+00:00,0.0005000000000000001,0.0019,BE_STOP,0.005019607843137282,0.0030849673202614464,0.006,10,10.0,CHOP,0.0019943977591036456,False,0.0
BTCUSDT,2026-08-21 21:24:00+00:00,0.004600000000000001,0.006,TP,0.0061561147388421176,0.01275692369562804,0.006,10,364.0,CHOP,0.0014023059282619107,False,0.0
BTCUSDT,2026-08-21 21:27:00+00:00,0.004600000000000001,0.006,TP,0.007564849849192311,0.014382744827337554,0.006,10,456.0,CHOP,0.002333590045409707,False,0.0
BTCUSDT,2026-08-21 21:27:00+00:00,0.004600000000000001,0.006,TP,0.007149790295131527,0.014017656918201052,0.006,10,371.0,CHOP,0.0014841911254915327,False,0.0
NEARUSDT,2026-08-21 21:28:00+00:00,0.0005000000000000001,0.0019,BE_STOP,0.0041303350160624116,0.0021926469838355876,0.006812503186986895,10,4.0,CHOP,0.004257814491866809,False,0.0
ETHUSDT,2026-08-21 21:33:00+00:00,0.004600000000000001,0.006,TP,0.007150688465383163,0.001967043952146057,0.006,10,2.0,TREND,0.003519488476439243,False,0.0
BTCUSDT,2026-08-21 21:36:00+00:00,0.0005000000000000001,0.0019,BE_STOP,0.003970360440679235,0.024958013182517585,0.006,10,712.0,TREND,0.00179678544795653,False,0.0
BTCUSDT,2026-08-21 21:36:00+00:00,0.0005000000000000001,0.0019,BE_STOP,0.003485171401138514,0.02542922199877009,0.006,10,710.0,TREND,0.0017740000953390272,False,0.0
BTCUSDT,2026-08-21 21:37:00+00:00,0.0005000000000000001,0.0019,BE_STOP,0.005441626134152519,1.280985436364728e-06,0.006,10,8.0,CHOP,0.0015487113927002084,False,0.0
BTCUSDT,2026-08-21 21:47:00+00:00,0.0005000000000000001,0.0019,BE_STOP,0.0036370339930177045,0.0020086259539054104,0.006,10,11.0,CHOP,0.002209433683795869,False,0.0
NEARUSDT,2026-08-21 21:52:00+00:00,0.0055460239699063945,0.006946023969906394,TP,0.007246376811594198,0.006940191875893068,0.006946023969906394,10,25.0,CHOP,0.004341264981191496,False,0.0
ETHUSDT,2026-08-21 21:52:00+00:00,0.004974969826343102,0.006374969826343101,TP,0.008328215995793748,0.006317403362592558,0.006374969826343101,10,18.0,TREND,0.003984356141464438,False,0.0
BTCUSDT,2026-08-21 21:52:00+00:00,0.004600000000000001,0.006,TP,0.00657795271151557,0.0011838777377173803,0.006,10,14.0,CHOP,0.002069223535079438,False,0.0
NEARUSDT,2026-08-21 21:52:00+00:00,0.004600000000000001,0.006,TP,0.008893886730729954,0.0021979145369045035,0.006,10,9.0,CHOP,0.002369512515699396,False,0.0
BTCUSDT,2026-08-21 21:55:00+00:00,0.004600000000000001,0.006,TP,0.006066224657464105,0.00014193738131932485,0.006,10,8.0,CHOP,0.0016478984773242412,False,0.0
BTCUSDT,2026-08-21 21:57:00+00:00,0.0005000000000000001,0.0019,BE_STOP,0.0033437181584809817,0.00039915476110017397,0.006,10,4.0,CHOP,0.00162977566992324,False,0.0
SOLUSDT,2026-08-21 22:03:00+00:00,0.004600000000000001,0.006,TP,0.007301373811124961,0.0011848720658405034,0.006,10,6.0,CHOP,0.0019679245829692473,False,0.0
XRPUSDT,2026-08-21 22:04:00+00:00,0.004600000000000001,0.006,TP,0.006878456956460107,0.03474684441923127,0.006,10,382.0,CHOP,0.003494944992604897,False,0.0
BTCUSDT,2026-08-21 22:21:00+00:00,0.0005000000000000001,0.0019,BE_STOP,0.004097545552365571,0.003805592244496234,0.006,10,21.0,CHOP,0.0017051858046947246,False,0.0
BTCUSDT,2026-08-21 22:21:00+00:00,0.0005000000000000001,0.0019,BE_STOP,0.004885442809442324,0.0008637881384153136,0.006,10,17.0,CHOP,0.0020588560703672966,False,0.0
XRPUSDT,2026-08-21 22:32:00+00:00,0.007017350293268333,0.008417350293268332,TP,0.008603203469259269,0.0015387843603553051,0.008417350293268332,10,8.0,CHOP,0.005260843933292707,False,0.0
NEARUSDT,2026-08-21 22:46:00+00:00,0.0005000000000000001,0.0019,BE_STOP,0.00383683360258484,0.007673667205169568,0.006,10,34.0,TREND,0.002416051234710377,False,0.0
ETHUSDT,2026-08-21 23:24:00+00:00,0.0005000000000000001,0.0019,BE_STOP,0.004629392303536807,0.010146019077512754,0.006,10,63.0,TREND,0.0032979772744044446,False,0.0
BTCUSDT,2026-08-21 23:44:00+00:00,0.0005000000000000001,0.0019,BE_STOP,0.0037660554906333034,0.00420236679747512,0.006,10,58.0,CHOP,0.0011871895792675976,False,0.0
NEARUSDT,2026-08-21 23:52:00+00:00,0.0005000000000000001,0.0019,BE_STOP,0.003931178843110246,0.0021953336396589424,0.006,10,7.0,CHOP,0.0019619426879344277,False,0.0
BTCUSDT,2026-08-22 00:06:00+00:00,0.004600000000000001,0.006,TP,0.006575871012252266,0.00565726769812578,0.006,10,94.0,CHOP,0.0018488876558914607,False,0.0
BTCUSDT,2026-08-22 00:06:00+00:00,0.004600000000000001,0.006,TP,0.0064667068732877,0.0026998916465633934,0.006,10,14.0,TREND,0.0010891929859403466,False,0.0
BTCUSDT,2026-08-22 00:56:00+00:00,0.0005000000000000001,0.0019,BE_STOP,0.004469318162872982,0.0012337113551459625,0.006,10,46.0,TREND,0.0017023531202875978,False,0.0
ETHUSDT,2026-08-22 01:08:00+00:00,0.0005000000000000001,0.0019,BE_STOP,0.003919575240356888,0.0006592193413367495,0.006,10,12.0,TREND,0.001838098679802609,False,0.0
BTCUSDT,2026-08-22 03:03:00+00:00,0.004600000000000001,0.006,TP,0.006146897923580812,0.004050112780654719,0.006,10,115.0,CHOP,0.0009172863183076899,False,0.0
NEARUSDT,2026-08-22 03:13:00+00:00,0.004600000000000001,0.006,TP,0.0074088328682767645,0.0024054652169729117,0.006,10,10.0,TREND,0.002773157757281725,False,0.0
XRPUSDT,2026-08-22 03:17:00+00:00,0.004600000000000001,0.006,TP,0.008560762100926794,0.005471163748712779,0.006,10,4.0,TREND,0.0036091290275121384,False,0.0
ETHUSDT,2026-08-22 03:28:00+00:00,0.0005000000000000001,0.0019,BE_STOP,0.0033362061775418085,0.0002383004412529476,0.006,10,10.0,CHOP,0.001054763143545953,False,0.0
BTCUSDT,2026-08-22 03:33:00+00:00,0.0005000000000000001,0.0019,BE_STOP,0.0033915697085975622,0.011713901234536356,0.006,10,338.0,CHOP,0.0017809014686071506,False,0.0
BTCUSDT,2026-08-22 03:33:00+00:00,0.0005000000000000001,0.0019,BE_STOP,0.0031310417332225163,0.011970507114210474,0.006,10,325.0,CHOP,0.0018899891577224945,False,0.0
XRPUSDT,2026-08-22 04:17:00+00:00,0.006782385443890727,0.008182385443890727,TP,0.009875292777109473,0.017028549724631352,0.008182385443890727,10,42.0,TREND,0.0051139909024317046,False,0.0
NEARUSDT,2026-08-22 04:26:00+00:00,0.004600000000000001,0.006,TP,0.007907945828203294,0.003504119708305745,0.006,10,9.0,TREND,0.0036833845196379447,False,0.0
XRPUSDT,2026-08-22 04:31:00+00:00,0.0059216862825948674,0.007321686282594867,TP,0.009223818786471832,0.004706029993097723,0.007321686282594867,10,5.0,TREND,0.0045760539266217915,False,0.0
NEARUSDT,2026-08-22 04:49:00+00:00,0.0005000000000000001,0.0019,BE_STOP,0.0030432136335970554,0.0071632567067746004,0.006,10,17.0,TREND,0.0035615632085504137,False,0.0
SOLUSDT,2026-08-22 05:09:00+00:00,-0.0414,-0.04,MAE_KILL,0.0019772713655155216,0.04830334138888337,0.011883029990042319,10,20.0,TREND,0.007426893743776449,False,0.0
ETHUSDT,2026-08-22 05:10:00+00:00,-0.0414,-0.04,MAE_KILL,0.00046920774863084175,0.061111352067471376,0.006,10,346.0,TREND,0.0022060650030163334,False,0.0
BTCUSDT,2026-08-22 05:10:00+00:00,0.004600000000000001,0.006,TP,0.01602206325330208,0.012398376855678265,0.006,10,302.0,TREND,0.0015930126914354026,False,0.0
SOLUSDT,2026-08-22 05:16:00+00:00,0.026461054641450273,0.02786105464145027,TP,0.02938947188624257,0.009031417804490127,0.02786105464145027,10,3.0,CHOP,0.01741315915090642,False,0.0
BTCUSDT,2026-08-22 05:16:00+00:00,0.004600000000000001,0.006,TP,0.009514019198508281,0.0,0.006,10,1.0,CHOP,0.0036610404889603747,False,0.0
BTCUSDT,2026-08-22 05:17:00+00:00,0.0005000000000000001,0.0019,BE_STOP,0.004696444120880018,0.006021414954651218,0.006,10,6.0,CHOP,0.003087921742369092,False,0.0
BTCUSDT,2026-08-22 05:26:00+00:00,0.0005000000000000001,0.0019,BE_STOP,0.00622349414362216,0.000479128762617597,0.007205948596328521,10,9.0,CHOP,0.004503717872705325,False,0.0
BTCUSDT,2026-08-22 05:33:00+00:00,0.0005000000000000001,0.0019,BE_STOP,0.004375701711561024,0.0009271981134886066,0.006,10,7.0,CHOP,0.0031760975282178975,False,0.0
BTCUSDT,2026-08-22 05:47:00+00:00,0.0005000000000000001,0.0019,BE_STOP,0.00375371974210651,0.0038106727312972044,0.006,10,14.0,CHOP,0.002294022025644032,False,0.0
BTCUSDT,2026-08-22 07:10:00+00:00,0.0005000000000000001,0.0019,BE_STOP,0.003877176629377262,0.005122165323639034,0.006,10,81.0,CHOP,0.0016973844525457176,False,0.0
BTCUSDT,2026-08-22 08:44:00+00:00,0.0005000000000000001,0.0019,BE_STOP,0.004582797380889282,0.0017051367405903236,0.006,10,90.0,CHOP,0.0011570109043430058,False,0.0
BTCUSDT,2026-08-22 09:59:00+00:00,0.0005000000000000001,0.0019,BE_STOP,0.004363664648612285,0.0029700403178760625,0.006,10,73.0,TREND,0.0010670254593404206,False,0.0
SOLUSDT,2026-08-22 10:02:00+00:00,0.004600000000000001,0.006,TP,0.006272630457933958,0.0011395101171458926,0.006,10,3.0,CHOP,0.002211319032405324,False,0.0
BTCUSDT,2026-08-22 10:17:00+00:00,0.0005000000000000001,0.0019,BE_STOP,0.003281979798400213,0.0,0.006,10,13.0,TREND,0.0010898446613772385,False,0.0
BTCUSDT,2026-08-22 10:28:00+00:00,0.0005000000000000001,0.0019,BE_STOP,0.003920174773916266,0.0016326466843210477,0.006,10,11.0,CHOP,0.0010664839471288842,False,0.0
BTCUSDT,2026-08-22 10:31:00+00:00,0.0005000000000000001,0.0019,BE_STOP,0.006741879365409121,0.008101160647054241,0.007880085017674987,10,308.0,CHOP,0.004925053136046867,False,0.0
NEARUSDT,2026-08-22 11:05:00+00:00,0.0005000000000000001,0.0019,BE_STOP,0.005523394763396869,0.014764459079080167,0.0073321548067949915,10,37.0,CHOP,0.004582596754246869,False,0.0
NEARUSDT,2026-08-22 11:05:00+00:00,0.0005000000000000001,0.0019,BE_STOP,0.005945745076179794,0.014333492594362231,0.007183430785915262,10,34.0,CHOP,0.004489644241197038,False,0.0
NEARUSDT,2026-08-22 11:12:00+00:00,0.0005000000000000001,0.0019,BE_STOP,0.003978990927900717,0.001538543158788213,0.006,10,5.0,CHOP,0.002777714619191618,False,0.0
NEARUSDT,2026-08-22 11:24:00+00:00,0.004600000000000001,0.006,TP,0.006373824826047703,0.002708875551070209,0.006,10,19.0,CHOP,0.0028758090584191515,False,0.0
ETHUSDT,2026-08-22 11:44:00+00:00,0.004600000000000001,0.006,TP,0.006314697645472378,0.0,0.006,10,20.0,CHOP,0.0009349948879043021,False,0.0
XRPUSDT,2026-08-22 12:02:00+00:00,0.004600000000000001,0.006,TP,0.012159075641542392,0.007591025124277755,0.006,10,18.0,CHOP,0.003253296481833356,False,0.0
SOLUSDT,2026-08-22 12:10:00+00:00,0.0005000000000000001,0.0019,BE_STOP,0.02549408801809873,0.01955009177444837,0.036121935007835886,10,411.0,CHOP,0.02257620937989743,False,0.0
BTCUSDT,2026-08-22 16:54:00+00:00,0.0005000000000000001,0.0019,BE_STOP,0.004681704948953277,0.004348777950646638,0.006,10,292.0,CHOP,0.0006549353235175375,False,0.0
BTCUSDT,2026-08-22 16:54:00+00:00,0.0005000000000000001,0.0019,BE_STOP,0.004299209437541681,0.004727835438694255,0.006,10,282.0,CHOP,0.0007428345738575326,False,0.0
NEARUSDT,2026-08-22 18:41:00+00:00,-0.0264,-0.025,MAE_KILL,0.0022698479729730747,0.02713260135135129,0.006,10,107.0,CHOP,0.00200968267374517,False,0.0
BTCUSDT,2026-08-22 21:09:00+00:00,0.0005000000000000001,0.0019,BE_STOP,0.003250329757668452,0.002755855059369438,0.006,10,148.0,CHOP,0.00041782557247834054,False,0.0
ETHUSDT,2026-08-22 21:20:00+00:00,0.0005000000000000001,0.0019,BE_STOP,0.004557388418288982,0.00890011723716581,0.006,10,264.0,CHOP,0.000719168630448163,False,0.0
ETHUSDT,2026-08-22 21:56:00+00:00,0.004600000000000001,0.006,TP,0.007492757276818785,0.0009009493030040609,0.006,10,36.0,CHOP,0.0012483992799490625,False,0.0
BTCUSDT,2026-08-22 22:06:00+00:00,0.0005000000000000001,0.0019,BE_STOP,0.004923407184441138,0.0008737168094559587,0.006,10,56.0,CHOP,0.0006011201279130675,False,0.0
BTCUSDT,2026-08-23 01:57:00+00:00,0.0005000000000000001,0.0019,BE_STOP,0.004555181941234259,0.0023372885117273977,0.006,10,231.0,CHOP,0.0009759250198883818,False,0.0
BTCUSDT,2026-08-23 04:08:00+00:00,0.004600000000000001,0.006,TP,0.006246105091592773,0.0006192985342834645,0.006,10,131.0,CHOP,0.0005459118430572341,False,0.0
BTCUSDT,2026-08-23 05:08:00+00:00,0.004600000000000001,0.006,TP,0.007976493073387637,0.008347039206381194,0.006,10,1076.0,CHOP,0.0009163355123427261,False,0.0
BTCUSDT,2026-08-23 05:08:00+00:00,0.004600000000000001,0.006,TP,0.007620382931070512,0.0067658699449445435,0.006,10,431.0,CHOP,0.0006000542919536086,False,0.0
BTCUSDT,2026-08-23 05:08:00+00:00,0.004600000000000001,0.006,TP,0.006860860295390634,0.0028206192866839577,0.006,10,59.0,CHOP,0.0006514628301731908,False,0.0
BTCUSDT,2026-08-23 05:14:00+00:00,-0.0414,-0.04,MAE_KILL,0.0013206040723041659,0.04410590563546016,0.006,10,2655.0,TREND,0.003525394825300592,False,0.0
BTCUSDT,2026-08-23 05:14:00+00:00,0.004600000000000001,0.006,TP,0.01074944588466569,0.02878919599105061,0.006,10,2377.0,CHOP,0.002528063801863357,False,0.0
BTCUSDT,2026-08-23 05:14:00+00:00,0.004600000000000001,0.006,TP,0.007645772499312472,0.0006678102371381058,0.006,10,4.0,CHOP,0.001702916104702167,False,0.0
BTCUSDT,2026-08-23 05:14:00+00:00,0.004600000000000001,0.006,TP,0.007997790463125735,0.0003128431948750548,0.006,10,2.0,TREND,0.0017715938005062738,False,0.0
XRPUSDT,2026-08-23 05:15:00+00:00,0.0005000000000000001,0.0019,BE_STOP,0.005272528074500165,0.00458778416872085,0.0061431310404194035,10,7.0,CHOP,0.003839456900262127,False,0.0
BTCUSDT,2026-08-23 05:17:00+00:00,-0.0414,-0.04,MAE_KILL,0.0015465280001628068,0.040075026304954374,0.006,10,1549.0,CHOP,0.0008655764179805071,False,0.0
BTCUSDT,2026-08-23 05:17:00+00:00,0.004600000000000001,0.006,TP,0.006322070418866649,0.0003998979207940175,0.006,10,2.0,TREND,0.0020895981815168317,False,0.0
BTCUSDT,2026-08-23 06:14:00+00:00,0.0005000000000000001,0.0019,BE_STOP,0.003546942157659751,0.002563358419752529,0.006,10,53.0,TREND,0.0026387733849706947,False,0.0
BTCUSDT,2026-08-23 06:14:00+00:00,0.0005000000000000001,0.0019,BE_STOP,0.0040949181016379675,0.0020120222595548473,0.006,10,51.0,TREND,0.002352046709065827,False,0.0
XRPUSDT,2026-08-23 06:23:00+00:00,0.0005000000000000001,0.0019,BE_STOP,0.004670650456762083,0.0017171509032213386,0.006,10,5.0,TREND,0.0034735509699449626,False,0.0
ETHUSDT,2026-08-23 06:33:00+00:00,0.004600000000000001,0.006,TP,0.006145476526294718,0.005310128282624604,0.006,10,65.0,TREND,0.0023717173752434524,False,0.0
XRPUSDT,2026-08-23 06:38:00+00:00,0.0005000000000000001,0.0019,BE_STOP,0.0052953717075854756,0.0036448662402859917,0.006,10,15.0,TREND,0.003531885211274528,False,0.0
XRPUSDT,2026-08-23 07:17:00+00:00,0.004600000000000001,0.006,TP,0.008831382214006922,0.015745875265283857,0.006,10,57.0,TREND,0.003603947226867749,False,0.0
ETHUSDT,2026-08-23 07:22:00+00:00,0.0005000000000000001,0.0019,BE_STOP,0.0032063088102333385,0.0015487392425408608,0.006,10,44.0,TREND,0.0009761840978564176,False,0.0
NEARUSDT,2026-08-23 07:29:00+00:00,0.0005000000000000001,0.0019,BE_STOP,0.003721080731273206,0.00037750094375243754,0.006,10,7.0,CHOP,0.0014021463625087458,False,0.0
SOLUSDT,2026-08-23 08:11:00+00:00,0.0005000000000000001,0.0019,BE_STOP,0.0037545718385534,0.004164553820924139,0.006,10,41.0,CHOP,0.0009448081022304156,False,0.0
SOLUSDT,2026-08-23 08:47:00+00:00,0.0005000000000000001,0.0019,BE_STOP,0.004692718232874774,0.01459360201024461,0.006,10,202.0,CHOP,0.0033511745602206274,False,0.0
BTCUSDT,2026-08-23 08:57:00+00:00,0.0005000000000000001,0.0019,BE_STOP,0.004316567496967267,0.005682934689482285,0.006,10,143.0,TREND,0.0007424159228471423,False,0.0
BTCUSDT,2026-08-23 08:57:00+00:00,0.0005000000000000001,0.0019,BE_STOP,0.004365250405803177,0.005634736493205246,0.006,10,100.0,CHOP,0.0004965275821726728,False,0.0
XRPUSDT,2026-08-23 09:35:00+00:00,0.004600000000000001,0.006,TP,0.006301239921403947,0.006911037333152644,0.006,10,38.0,CHOP,0.002119771955126646,False,0.0
ETHUSDT,2026-08-23 09:37:00+00:00,0.0005000000000000001,0.0019,BE_STOP,0.0034442454988560405,0.0015915647070526816,0.006,10,38.0,CHOP,0.0007957823535263003,False,0.0
BTCUSDT,2026-08-23 10:06:00+00:00,0.004600000000000001,0.006,TP,0.006643672702035855,0.0004959139576162591,0.006,10,115.0,TREND,0.000803002022451815,False,0.0
BTCUSDT,2026-08-23 11:20:00+00:00,0.004600000000000001,0.006,TP,0.009151374078425747,0.0009763034042538027,0.006,10,153.0,CHOP,0.0009452162906930782,False,0.0
BTCUSDT,2026-08-23 11:20:00+00:00,0.004600000000000001,0.006,TP,0.0067185585021774085,0.001496779577042464,0.006,10,73.0,CHOP,0.0005258099484806613,False,0.0
ETHUSDT,2026-08-23 13:18:00+00:00,-0.0414,-0.04,MAE_KILL,0.00045712931257079446,0.04970434738441605,0.006,10,481.0,TREND,0.002705588768647211,False,0.0
BTCUSDT,2026-08-23 13:19:00+00:00,0.004600000000000001,0.006,TP,0.007313632554084627,0.0029340024326960567,0.006,10,117.0,TREND,0.0007323440320021716,False,0.0
BTCUSDT,2026-08-23 13:19:00+00:00,0.004600000000000001,0.006,TP,0.006694215090011253,0.003547118419383319,0.006,10,114.0,TREND,0.0009030541836208994,False,0.0
SOLUSDT,2026-08-23 14:06:00+00:00,0.0005000000000000001,0.0019,BE_STOP,0.003158844765342981,0.0046700528922843714,0.006,10,44.0,TREND,0.0019804622377873962,False,0.0
XRPUSDT,2026-08-23 14:11:00+00:00,0.004600000000000001,0.006,TP,0.007351493272070808,0.0023629799803085313,0.006,10,5.0,TREND,0.002564583431009443,False,0.0
NEARUSDT,2026-08-23 14:16:00+00:00,0.0005000000000000001,0.0019,BE_STOP,0.003991511721907851,0.0005052546483427091,0.006,10,3.0,TREND,0.003013483081187225,False,0.0
ETHUSDT,2026-08-23 14:42:00+00:00,0.004600000000000001,0.006,TP,0.00891304077083057,0.03203214838739133,0.006,10,305.0,CHOP,0.0006992131924152977,False,0.0
NEARUSDT,2026-08-23 17:14:00+00:00,-0.0264,-0.025,MAE_KILL,0.00314936238318963,0.025298156848572426,0.009788837833651708,10,151.0,CHOP,0.006118023646032317,False,0.0
XRPUSDT,2026-08-23 17:22:00+00:00,0.004600000000000001,0.006,TP,0.009193729744030705,0.0017858323963224584,0.006,10,7.0,CHOP,0.0026740241701548656,False,0.0
BTCUSDT,2026-08-23 21:16:00+00:00,0.004600000000000001,0.006,TP,0.007824796975618968,0.003292881504120057,0.006,10,233.0,CHOP,0.0006571166574684526,False,0.0
BTCUSDT,2026-08-23 21:22:00+00:00,0.004600000000000001,0.006,TP,0.006163403726163098,0.010068096710486429,0.006,10,482.0,TREND,0.000906101062056611,False,0.0
ETHUSDT,2026-08-23 21:25:00+00:00,0.0005000000000000001,0.0019,BE_STOP,0.0041816736428826155,0.03170122327135852,0.006,10,429.0,TREND,0.001831256692300166,False,0.0
ETHUSDT,2026-08-23 21:29:00+00:00,0.0047317683051642705,0.00613176830516427,TP,0.00640929367878843,0.03095051570662564,0.00613176830516427,10,485.0,CHOP,0.0038323551907276684,False,0.0
BTCUSDT,2026-08-23 22:10:00+00:00,-0.01262776486572086,-0.011227764865720859,MAX_AGE,0.0026129423333550706,0.039052929255921985,0.006,10,2880.0,CHOP,0.0018997351983395618,False,0.0
ETHUSDT,2026-08-23 23:03:00+00:00,0.004600000000000001,0.006,TP,0.006928875458946594,0.0017423725509308752,0.006,10,53.0,CHOP,0.0021499705252995215,False,0.0
ETHUSDT,2026-08-23 23:07:00+00:00,0.0005000000000000001,0.0019,BE_STOP,0.0030923076294623645,0.0007107814102065684,0.006,10,3.0,CHOP,0.0011831767727372914,False,0.0
BTCUSDT,2026-08-24 00:49:00+00:00,0.0005000000000000001,0.0019,BE_STOP,0.0034181959162574308,0.005449728612044419,0.006,10,102.0,CHOP,0.0006999778458811962,False,0.0
NEARUSDT,2026-08-24 00:52:00+00:00,0.0005000000000000001,0.0019,BE_STOP,0.0057217669592203035,0.009503951898365932,0.00893870228108696,10,3.0,CHOP,0.00558668892567935,False,0.0
XRPUSDT,2026-08-24 01:15:00+00:00,0.004600000000000001,0.006,TP,0.006292255171028901,0.008501238369368723,0.006,10,23.0,CHOP,0.003141346236600242,False,0.0
BTCUSDT,2026-08-24 01:33:00+00:00,0.0005000000000000001,0.0019,BE_STOP,0.0030775193798449237,0.0004909560723514212,0.006,10,17.0,CHOP,0.0009827427094868633,False,0.0
ETHUSDT,2026-08-24 01:51:00+00:00,0.004600000000000001,0.006,TP,0.006186712869506891,0.0005475690386486264,0.006,10,18.0,CHOP,0.0015265384179808184,False,0.0
BTCUSDT,2026-08-24 02:05:00+00:00,0.0005000000000000001,0.0019,BE_STOP,0.004005532560831595,0.0005755522514592217,0.006,10,13.0,CHOP,0.000800458367738973,False,0.0
NEARUSDT,2026-08-24 02:37:00+00:00,-0.0264,-0.025,MAE_KILL,0.003387944983818734,0.025637135922330193,0.011644706426259787,10,32.0,CHOP,0.0072779415164123664,False,0.0
BTCUSDT,2026-08-24 03:33:00+00:00,-0.021503773716845965,-0.020103773716845966,MAX_AGE,0.0018143236209171253,0.039580734858280495,0.006,10,2880.0,CHOP,0.0009339525536845839,False,0.0
XRPUSDT,2026-08-24 03:38:00+00:00,0.0005000000000000001,0.0019,BE_STOP,0.0038084874863981415,0.001904243743199222,0.006,10,5.0,CHOP,0.0025697575003886296,False,0.0
BTCUSDT,2026-08-24 05:04:00+00:00,0.0005000000000000001,0.0019,BE_STOP,0.005470990514008458,0.002180091096663682,0.006,10,86.0,CHOP,0.0008349600594705015,False,0.0
SOLUSDT,2026-08-24 05:15:00+00:00,0.004600000000000001,0.006,TP,0.0065080074012634145,0.0022863097896595355,0.006,10,11.0,CHOP,0.0016277614216745106,False,0.0
BTCUSDT,2026-08-24 06:33:00+00:00,0.0005000000000000001,0.0019,BE_STOP,0.004279101129423359,0.0037733891777642346,0.006,10,78.0,CHOP,0.000816085715397161,False,0.0
XRPUSDT,2026-08-24 06:49:00+00:00,0.0005000000000000001,0.0019,BE_STOP,0.005817099567099527,0.004058441558441562,0.006,10,16.0,CHOP,0.002009894867037739,False,0.0
BTCUSDT,2026-08-24 07:21:00+00:00,0.0005000000000000001,0.0019,BE_STOP,0.004144769971722598,0.01042777641483861,0.006,10,284.0,CHOP,0.0006664465468550898,False,0.0
BTCUSDT,2026-08-24 07:21:00+00:00,0.0005000000000000001,0.0019,BE_STOP,0.004019019658725493,0.0008611262808768911,0.006,10,31.0,CHOP,0.0006570491273557632,False,0.0
BTCUSDT,2026-08-24 10:41:00+00:00,0.0005000000000000001,0.0019,BE_STOP,0.004747212542431835,0.010483803438347466,0.006,10,197.0,CHOP,0.0007378009336154289,False,0.0
BTCUSDT,2026-08-24 10:43:00+00:00,0.0005000000000000001,0.0019,BE_STOP,0.005432400517715171,0.009809002263715182,0.006,10,202.0,CHOP,0.0007907901492667211,False,0.0
ETHUSDT,2026-08-24 11:07:00+00:00,0.0005000000000000001,0.0019,BE_STOP,0.005377150758924312,0.0013341497735191216,0.006,10,25.0,CHOP,0.0012240809689298474,False,0.0
BTCUSDT,2026-08-24 11:07:00+00:00,0.0005000000000000001,0.0019,BE_STOP,0.003822531571279274,0.001314075668106519,0.006,10,23.0,CHOP,0.0007748946275688632,False,0.0
BTCUSDT,2026-08-24 11:36:00+00:00,0.004600000000000001,0.006,TP,0.006017103674978888,0.015904363234803227,0.006,10,859.0,CHOP,0.000917002050826727,False,0.0
BTCUSDT,2026-08-24 11:36:00+00:00,0.004600000000000001,0.006,TP,0.006076529341212939,0.015846232474760316,0.006,10,851.0,CHOP,0.0010295098014396075,False,0.0
BTCUSDT,2026-08-24 11:37:00+00:00,0.004600000000000001,0.006,TP,0.006707928450474947,0.01609260921085234,0.006,10,855.0,CHOP,0.0010416317056588186,False,0.0
BTCUSDT,2026-08-24 11:40:00+00:00,0.004600000000000001,0.006,TP,0.007035696605782856,0.017113440668532362,0.006,10,850.0,TREND,0.0010838805562161196,False,0.0
NEARUSDT,2026-08-24 11:44:00+00:00,0.004600000000000001,0.006,TP,0.006351126568879452,0.0003024345985180372,0.006,10,3.0,CHOP,0.00234386813851506,False,0.0
SOLUSDT,2026-08-24 12:17:00+00:00,0.0005000000000000001,0.0019,BE_STOP,0.0054029478314196735,0.018545539131721866,0.006,10,70.0,CHOP,0.0014508055331502907,False,0.0
SOLUSDT,2026-08-24 12:17:00+00:00,0.0005000000000000001,0.0019,BE_STOP,0.005466040767994694,0.018480927006681788,0.006,10,68.0,CHOP,0.0014831865250540916,False,0.0
BTCUSDT,2026-08-24 12:34:00+00:00,0.0005000000000000001,0.0019,BE_STOP,0.0033202597044917114,0.006408458246841747,0.006,10,51.0,CHOP,0.001617961752531725,False,0.0
BTCUSDT,2026-08-24 12:34:00+00:00,0.0005000000000000001,0.0019,BE_STOP,0.0038130301279131174,0.005920465983153344,0.006,10,49.0,CHOP,0.0017240917423468234,False,0.0
BTCUSDT,2026-08-24 12:41:00+00:00,0.004600000000000001,0.006,TP,0.0061464071630561315,0.0042437044050955865,0.006,10,54.0,CHOP,0.0018336081600628655,False,0.0
BTCUSDT,2026-08-24 12:42:00+00:00,0.004600000000000001,0.006,TP,0.006341434149541981,0.005321545686280193,0.006,10,64.0,CHOP,0.00111808441131575,False,0.0
BTCUSDT,2026-08-24 12:50:00+00:00,0.004600000000000001,0.006,TP,0.006709280236672106,0.00040005962672154616,0.006,10,14.0,CHOP,0.0013230361358681016,False,0.0
BTCUSDT,2026-08-24 12:51:00+00:00,-0.0414,-0.04,MAE_KILL,0.0022117551763223466,0.042102245681028654,0.006,10,1892.0,TREND,0.0025560856704789324,False,0.0
BTCUSDT,2026-08-24 12:51:00+00:00,0.004600000000000001,0.006,TP,0.007116533231668573,0.00041682551785491055,0.006,10,8.0,TREND,0.0016997984859212513,False,0.0
ETHUSDT,2026-08-24 12:51:00+00:00,0.004600000000000001,0.006,TP,0.007849054791285639,0.0003242087904610351,0.006,10,6.0,CHOP,0.0017865791283872335,False,0.0
SOLUSDT,2026-08-24 12:53:00+00:00,0.0005000000000000001,0.0019,BE_STOP,0.004000374060951207,0.0024521773464532184,0.006,10,3.0,CHOP,0.0015481967144979568,False,0.0
NEARUSDT,2026-08-24 13:01:00+00:00,0.0005000000000000001,0.0019,BE_STOP,0.0034278901087982047,0.004471161011476149,0.006,10,23.0,CHOP,0.0031511039509450074,False,0.0
BTCUSDT,2026-08-24 13:01:00+00:00,0.0005000000000000001,0.0019,BE_STOP,0.004179511275814814,0.0011778622686387204,0.006,10,9.0,TREND,0.0018198062516080315,False,0.0
BTCUSDT,2026-08-24 13:15:00+00:00,0.0005000000000000001,0.0019,BE_STOP,0.004236285831021581,0.0019619227602015025,0.006,10,17.0,TREND,0.0018542221094617801,False,0.0
BTCUSDT,2026-08-24 13:16:00+00:00,0.0005000000000000001,0.0019,BE_STOP,0.004728132387706929,0.002631099366713672,0.006,10,16.0,TREND,0.0018128243901627341,False,0.0
BTCUSDT,2026-08-24 13:16:00+00:00,0.0005000000000000001,0.0019,BE_STOP,0.005197551263302503,0.0021651187966497637,0.006,10,14.0,TREND,0.0017592268518141268,False,0.0
BTCUSDT,2026-08-24 13:16:00+00:00,0.0005000000000000001,0.0019,BE_STOP,0.005621549865604715,0.0017442258145420183,0.006,10,12.0,TREND,0.0017393400279466678,False,0.0
BTCUSDT,2026-08-24 13:33:00+00:00,0.004600000000000001,0.006,TP,0.006188615428627052,0.0003303801650382573,0.006,10,12.0,TREND,0.001781919072953595,False,0.0
BTCUSDT,2026-08-24 13:40:00+00:00,0.004600000000000001,0.006,TP,0.006122842297188091,0.0020844797549340825,0.006,10,23.0,TREND,0.0017725685507286775,False,0.0
BTCUSDT,2026-08-24 13:40:00+00:00,0.004600000000000001,0.006,TP,0.007517150041656396,0.0006634641438148268,0.006,10,21.0,TREND,0.0017871748835772156,False,0.0
BTCUSDT,2026-08-24 13:40:00+00:00,0.004600000000000001,0.006,TP,0.007046945858985115,0.0010640723569202706,0.006,10,16.0,TREND,0.0016612558225387768,False,0.0
BTCUSDT,2026-08-24 13:42:00+00:00,0.004600000000000001,0.006,TP,0.007608155841450605,0.0017743896010861892,0.006,10,9.0,TREND,0.0014874280350653522,False,0.0
BTCUSDT,2026-08-24 13:45:00+00:00,0.004600000000000001,0.006,TP,0.007091178110937581,0.00014261302719066458,0.006,10,4.0,TREND,0.0020941740759348884,False,0.0
SOLUSDT,2026-08-24 13:46:00+00:00,0.004600000000000001,0.006,TP,0.007570891554086009,0.01744779875538345,0.006,10,87.0,CHOP,0.0025151064332271213,False,0.0
SOLUSDT,2026-08-24 13:47:00+00:00,0.0005000000000000001,0.0019,BE_STOP,0.004835916712421321,0.020251721079528724,0.006,10,90.0,CHOP,0.0024436010836315215,False,0.0
BTCUSDT,2026-08-24 13:48:00+00:00,0.0005000000000000001,0.0019,BE_STOP,0.005929078558054155,0.0006032604180645449,0.006,10,5.0,CHOP,0.002557922768424849,False,0.0
BTCUSDT,2026-08-24 13:54:00+00:00,0.0005000000000000001,0.0019,BE_STOP,0.003014496161277387,0.001693178216910825,0.006,10,6.0,CHOP,0.002649481622763894,False,0.0
BTCUSDT,2026-08-24 13:55:00+00:00,0.0005000000000000001,0.0019,BE_STOP,0.003586202316472174,0.0012758604395140514,0.006,10,5.0,CHOP,0.002593410298508996,False,0.0
BTCUSDT,2026-08-24 14:15:00+00:00,0.004600000000000001,0.006,TP,0.00638835183317381,0.002405953146158404,0.006,10,13.0,CHOP,0.001727430079822176,False,0.0
BTCUSDT,2026-08-24 14:23:00+00:00,-0.0414,-0.04,MAE_KILL,9.151200049155017e-05,0.04107973702065691,0.006,10,1728.0,CHOP,0.0004107768266962625,False,0.0
ETHUSDT,2026-08-24 14:23:00+00:00,0.004600000000000001,0.006,TP,0.006575724385143969,0.002899532012346988,0.006,10,7.0,CHOP,0.001747059074550843,False,0.0
NEARUSDT,2026-08-24 14:26:00+00:00,0.004600000000000001,0.006,TP,0.006363636363636336,0.0016666666666667073,0.006,10,2.0,CHOP,0.003575036075036066,False,0.0
BTCUSDT,2026-08-24 14:32:00+00:00,0.004600000000000001,0.006,TP,0.006154297388595623,0.00013148047009317642,0.006,10,5.0,CHOP,0.0025269354358649987,False,0.0
NEARUSDT,2026-08-24 14:33:00+00:00,-0.0264,-0.025,MAE_KILL,0.0,0.02665849548031256,0.006,10,33.0,CHOP,0.002823436713432114,False,0.0
SOLUSDT,2026-08-24 14:33:00+00:00,0.004600000000000001,0.006,TP,0.0078027889486603635,0.00030291951741783424,0.006,10,4.0,CHOP,0.0027374672645472226,False,0.0
SOLUSDT,2026-08-24 14:43:00+00:00,0.0005000000000000001,0.0019,BE_STOP,0.0039028035831058924,0.0217041550326444,0.006,10,107.0,CHOP,0.0018683634174442626,False,0.0
SOLUSDT,2026-08-24 14:43:00+00:00,0.0005000000000000001,0.0019,BE_STOP,0.003475752733912906,0.0025834699425204854,0.006,10,6.0,CHOP,0.0026790716701695994,False,0.0
BTCUSDT,2026-08-24 14:48:00+00:00,0.0005000000000000001,0.0019,BE_STOP,0.0038900421463168786,0.0007686984965717534,0.006,10,16.0,CHOP,0.0029164532391556305,False,0.0
SOLUSDT,2026-08-24 14:50:00+00:00,0.0005000000000000001,0.0019,BE_STOP,0.0039204675443521905,0.004513217279174847,0.006,10,7.0,CHOP,0.0025039590928403518,False,0.0
SOLUSDT,2026-08-24 15:22:00+00:00,0.004600000000000001,0.006,TP,0.007894545492318305,0.005650832562922759,0.006,10,34.0,CHOP,0.0022630041119897433,False,0.0
ETHUSDT,2026-08-24 15:30:00+00:00,0.0005000000000000001,0.0019,BE_STOP,0.004860493905535805,0.005106494413407958,0.006,10,45.0,CHOP,0.00247842677573821,False,0.0
BTCUSDT,2026-08-24 15:38:00+00:00,0.0005000000000000001,0.0019,BE_STOP,0.004845249808062155,0.004537395502311493,0.006,10,64.0,CHOP,0.0031345492052601925,False,0.0
ETHUSDT,2026-08-24 15:43:00+00:00,0.004600000000000001,0.006,TP,0.010474851994442057,0.00829707014687094,0.006,10,52.0,CHOP,0.0022366485023697282,False,0.0
ETHUSDT,2026-08-24 15:43:00+00:00,0.004600000000000001,0.006,TP,0.008473426791028613,0.0007938850901200149,0.006,10,4.0,CHOP,0.0022377529119568256,False,0.0
BTCUSDT,2026-08-24 15:57:00+00:00,0.004600000000000001,0.006,TP,0.006140938707979703,0.003402377878486217,0.006,10,13.0,CHOP,0.0021348695235318843,False,0.0
BTCUSDT,2026-08-24 15:57:00+00:00,0.004600000000000001,0.006,TP,0.008349786942549932,0.0011723196566904802,0.006,10,11.0,CHOP,0.00232638084396943,False,0.0
BTCUSDT,2026-08-24 16:56:00+00:00,0.0005000000000000001,0.0019,BE_STOP,0.0031752775996872935,0.00936144168478134,0.006,10,56.0,CHOP,0.0018372965140593164,False,0.0
BTCUSDT,2026-08-24 17:02:00+00:00,0.004600000000000001,0.006,TP,0.006145324201594938,0.0012133757276776031,0.006,10,6.0,CHOP,0.0012224132349594168,False,0.0
BTCUSDT,2026-08-24 17:05:00+00:00,0.0005000000000000001,0.0019,BE_STOP,0.004655500561346347,0.011437274922894139,0.006,10,67.0,CHOP,0.002027164749834273,False,0.0
BTCUSDT,2026-08-24 17:22:00+00:00,0.004600000000000001,0.006,TP,0.00604439059260134,0.003295327225993541,0.006,10,17.0,CHOP,0.0016243066233180357,False,0.0
BTCUSDT,2026-08-24 17:27:00+00:00,0.0005000000000000001,0.0019,BE_STOP,0.004756059946410198,0.004771291523500531,0.006,10,24.0,CHOP,0.0016163604545465155,False,0.0
BTCUSDT,2026-08-24 17:37:00+00:00,0.0005000000000000001,0.0019,BE_STOP,0.0035935765295883673,0.00020578274930830434,0.006,10,10.0,CHOP,0.002221963733603143,False,0.0
NEARUSDT,2026-08-24 19:21:00+00:00,0.0005000000000000001,0.0019,BE_STOP,0.004781736850223706,0.016247621985706128,0.006,10,104.0,CHOP,0.0031584436952322133,False,0.0
SOLUSDT,2026-08-24 22:37:00+00:00,-0.0414,-0.04,MAE_KILL,0.0019000570017099734,0.04150568961513292,0.006,10,524.0,CHOP,0.003316805853381973,False,0.0
SOLUSDT,2026-08-24 23:43:00+00:00,-0.0414,-0.04,MAE_KILL,0.0023064042210357576,0.04048318641854385,0.006,10,586.0,CHOP,0.002758507592478116,False,0.0
NEARUSDT,2026-08-25 00:00:00+00:00,0.004600000000000001,0.006,TP,0.006074333367651503,0.003294553690929776,0.006,10,17.0,CHOP,0.0011803032754335138,False,0.0
BTCUSDT,2026-08-25 00:44:00+00:00,0.004600000000000001,0.006,TP,0.00607986769883233,0.0034698619157289157,0.006,10,126.0,CHOP,0.0005546669932646573,False,0.0
BTCUSDT,2026-08-25 00:45:00+00:00,0.004600000000000001,0.006,TP,0.00730837066920757,0.003162568167534911,0.006,10,45.0,CHOP,0.0005448334583494222,False,0.0
NEARUSDT,2026-08-25 00:47:00+00:00,0.004600000000000001,0.006,TP,0.00831505381829311,0.0001020252002244442,0.006,10,3.0,CHOP,0.0020332164901873647,False,0.0
SOLUSDT,2026-08-25 01:05:00+00:00,0.0005000000000000001,0.0019,BE_STOP,0.003931873670173752,0.006363556139507986,0.007717510214887317,10,18.0,TREND,0.0048234438843045725,False,0.0
ETHUSDT,2026-08-25 01:33:00+00:00,0.0005000000000000001,0.0019,BE_STOP,0.004336732647051722,0.0040318374748259805,0.006,10,44.0,CHOP,0.0019342503877097575,False,0.0
BTCUSDT,2026-08-25 02:17:00+00:00,0.004600000000000001,0.006,TP,0.013702562868185858,0.01701349320074575,0.006,10,654.0,CHOP,0.0014126122679756236,False,0.0
BTCUSDT,2026-08-25 02:17:00+00:00,0.004600000000000001,0.006,TP,0.012804871938755097,0.017883983325985044,0.006,10,647.0,CHOP,0.001871406955904341,False,0.0
BTCUSDT,2026-08-25 02:17:00+00:00,0.004600000000000001,0.006,TP,0.013271929824561476,0.0045601503759397765,0.006,10,72.0,TREND,0.0014202470461868802,False,0.0
ETHUSDT,2026-08-25 02:17:00+00:00,0.004600000000000001,0.006,TP,0.007334786930451863,0.0030461410202968823,0.006,10,44.0,TREND,0.001367327961742255,False,0.0
XRPUSDT,2026-08-25 02:28:00+00:00,0.004600000000000001,0.006,TP,0.009314529353886514,0.0,0.006,10,3.0,CHOP,0.0032422808414936948,False,0.0
BTCUSDT,2026-08-25 02:33:00+00:00,0.0005000000000000001,0.0019,BE_STOP,0.003302786377708942,0.002105263157894737,0.006,10,12.0,CHOP,0.0025466607695709864,False,0.0
BTCUSDT,2026-08-25 02:41:00+00:00,0.004600000000000001,0.006,TP,0.006826247510682674,0.000801045575277276,0.006,10,18.0,CHOP,0.002723058952490304,False,0.0
BTCUSDT,2026-08-25 02:44:00+00:00,0.0005000000000000001,0.0019,BE_STOP,0.00537839954567553,0.003010270553169728,0.006,10,25.0,CHOP,0.002068445255620241,False,0.0
ETHUSDT,2026-08-25 02:44:00+00:00,0.0005000000000000001,0.0019,BE_STOP,0.004908482222636869,0.0018386952015218316,0.006,10,11.0,CHOP,0.002465303917992248,False,0.0
BTCUSDT,2026-08-25 03:52:00+00:00,0.0005000000000000001,0.0019,BE_STOP,0.003910302252111006,0.0031195660122229118,0.006,10,57.0,TREND,0.0015321621253630176,False,0.0
BTCUSDT,2026-08-25 04:00:00+00:00,0.0005000000000000001,0.0019,BE_STOP,0.003545822023811704,0.004496504442516639,0.006,10,68.0,TREND,0.0016581979337816411,False,0.0
BTCUSDT,2026-08-25 04:03:00+00:00,0.0005000000000000001,0.0019,BE_STOP,0.004172434151447877,0.0,0.006,10,11.0,TREND,0.0011992115821725768,False,0.0
BTCUSDT,2026-08-25 04:09:00+00:00,0.0005000000000000001,0.0019,BE_STOP,0.0030068013349203943,0.001246207330134398,0.006,10,9.0,CHOP,0.0011518676070227751,False,0.0
BTCUSDT,2026-08-25 04:33:00+00:00,0.0005000000000000001,0.0019,BE_STOP,0.0037312644149773504,0.0013900545204747435,0.006,10,24.0,CHOP,0.0012739798170335723,False,0.0
SOLUSDT,2026-08-25 05:00:00+00:00,0.0005000000000000001,0.0019,BE_STOP,0.005770767364091108,0.0022195259092657247,0.006,10,25.0,CHOP,0.0017340486548263756,False,0.0
BTCUSDT,2026-08-25 05:32:00+00:00,0.004600000000000001,0.006,TP,0.006141730518498004,0.0,0.006,10,32.0,CHOP,0.0006256652251638824,False,0.0
NEARUSDT,2026-08-25 06:41:00+00:00,0.004600000000000001,0.006,TP,0.007534766118836984,0.014715549936788938,0.006,10,158.0,CHOP,0.002625970742279204,False,0.0
NEARUSDT,2026-08-25 06:49:00+00:00,-0.0264,-0.025,MAE_KILL,0.002246181491464374,0.02605570530098833,0.006126727420527956,10,260.0,CHOP,0.0038292046378299725,False,0.0
BTCUSDT,2026-08-25 07:49:00+00:00,0.004600000000000001,0.006,TP,0.010827518462912225,0.003272222863834548,0.006,10,68.0,CHOP,0.000735873160161863,False,0.0
BTCUSDT,2026-08-25 07:49:00+00:00,0.004600000000000001,0.006,TP,0.010724323411315994,0.003376888865705747,0.006,10,60.0,CHOP,0.0005248167532578748,False,0.0
BTCUSDT,2026-08-25 09:51:00+00:00,0.004600000000000001,0.006,TP,0.007425491177056926,0.005824283437593649,0.006,10,117.0,CHOP,0.0018767931636902056,False,0.0
BTCUSDT,2026-08-25 09:52:00+00:00,0.004600000000000001,0.006,TP,0.006853152827192507,0.007769000381917334,0.006,10,120.0,CHOP,0.001782160732591884,False,0.0
SOLUSDT,2026-08-25 12:03:00+00:00,-0.0414,-0.04,MAE_KILL,0.0011436279397103242,0.04011494926983754,0.006,10,391.0,CHOP,0.0020819893261392387,False,0.0
BTCUSDT,2026-08-25 12:07:00+00:00,0.004600000000000001,0.006,TP,0.006516566729138146,0.0033744702132280885,0.006,10,131.0,CHOP,0.001688588214323583,False,0.0
BTCUSDT,2026-08-25 12:12:00+00:00,0.0005000000000000001,0.0019,BE_STOP,0.005301097533364354,0.004944402352164319,0.006,10,138.0,CHOP,0.0016025082140178025,False,0.0
BTCUSDT,2026-08-25 12:12:00+00:00,0.0005000000000000001,0.0019,BE_STOP,0.005137508365371673,8.223049587519181e-05,0.006,10,9.0,CHOP,0.0008526669879981875,False,0.0
ETHUSDT,2026-08-25 12:24:00+00:00,0.0005000000000000001,0.0019,BE_STOP,0.003115100744545558,0.003520185366723131,0.006,10,17.0,CHOP,0.0012343507130068395,False,0.0
BTCUSDT,2026-08-25 12:28:00+00:00,0.0005000000000000001,0.0019,BE_STOP,0.0035940886499592805,0.0005618141397078682,0.006,10,4.0,TREND,0.0011406584403742598,False,0.0
NEARUSDT,2026-08-25 13:02:00+00:00,0.0005000000000000001,0.0019,BE_STOP,0.0030087669243139634,0.009700679566322529,0.006,10,44.0,CHOP,0.0024233172025878323,False,0.0
BTCUSDT,2026-08-25 13:24:00+00:00,0.0005000000000000001,0.0019,BE_STOP,0.003380445462231207,0.003608939710523028,0.006,10,56.0,TREND,0.0012724953494167028,False,0.0
BTCUSDT,2026-08-25 13:51:00+00:00,0.004600000000000001,0.006,TP,0.006039057835690383,0.03440506242099511,0.006,10,1228.0,CHOP,0.001911574212233737,False,0.0
BTCUSDT,2026-08-25 13:51:00+00:00,0.004600000000000001,0.006,TP,0.008259749629117845,0.03209401101469307,0.006,10,1110.0,CHOP,0.0011613656883892748,False,0.0
BTCUSDT,2026-08-25 13:51:00+00:00,0.004600000000000001,0.006,TP,0.008220698835612845,0.00593053814330581,0.006,10,27.0,TREND,0.001282714993575527,False,0.0
BTCUSDT,2026-08-25 13:54:00+00:00,0.0005000000000000001,0.0019,BE_STOP,0.0035490498857821797,0.036996388417412165,0.006,10,1439.0,CHOP,0.0025023107929984904,False,0.0
NEARUSDT,2026-08-25 14:06:00+00:00,0.00519306017368331,0.0065930601736833095,TP,0.009089476172962798,0.001313508117480138,0.0065930601736833095,10,6.0,CHOP,0.004120662608552068,False,0.0
BTCUSDT,2026-08-25 14:25:00+00:00,0.004600000000000001,0.006,TP,0.006280360155281322,0.00011305664519024931,0.006,10,19.0,TREND,0.0017773303097788529,False,0.0
BTCUSDT,2026-08-25 14:35:00+00:00,0.0005000000000000001,0.0019,BE_STOP,0.003439976830744287,0.0010977573121640225,0.006,10,10.0,CHOP,0.0013936964953971498,False,0.0
ETHUSDT,2026-08-25 14:39:00+00:00,0.0005000000000000001,0.0019,BE_STOP,0.004448938321536906,0.014151668351870489,0.006,10,97.0,CHOP,0.0007323414704607934,False,0.0
SOLUSDT,2026-08-25 14:59:00+00:00,0.0005000000000000001,0.0019,BE_STOP,0.003255600346991913,0.001847221513496937,0.006,10,20.0,CHOP,0.002108194402933401,False,0.0
NEARUSDT,2026-08-25 15:07:00+00:00,0.0005000000000000001,0.0019,BE_STOP,0.0049504950495049835,0.00026055237102654764,0.006,10,8.0,CHOP,0.0013437057991513362,False,0.0
BTCUSDT,2026-08-25 15:48:00+00:00,0.0005000000000000001,0.0019,BE_STOP,0.003348071922293484,0.0026420846704782036,0.006,10,73.0,CHOP,0.0015134612987098514,False,0.0
BTCUSDT,2026-08-25 16:08:00+00:00,0.0005000000000000001,0.0019,BE_STOP,0.0037150280709238323,0.0034702198352718192,0.006,10,61.0,CHOP,0.0011198444476212045,False,0.0
SOLUSDT,2026-08-25 17:18:00+00:00,0.0005000000000000001,0.0019,BE_STOP,0.005355025957568582,0.007920124269304578,0.006,10,89.0,CHOP,0.001371604931062074,False,0.0
NEARUSDT,2026-08-25 17:32:00+00:00,0.0005000000000000001,0.0019,BE_STOP,0.005717916137230063,0.0017471410419313102,0.006,10,14.0,CHOP,0.002802232710110713,False,0.0
XRPUSDT,2026-08-25 18:27:00+00:00,0.0005000000000000001,0.0019,BE_STOP,0.0034538805363674013,0.010767980495733308,0.006,10,139.0,CHOP,0.001838199725237538,False,0.0
ETHUSDT,2026-08-25 18:31:00+00:00,0.0005000000000000001,0.0019,BE_STOP,0.0039480464676546504,0.0010468612421943436,0.006,10,57.0,CHOP,0.0010413544970109918,False,0.0
BTCUSDT,2026-08-25 20:51:00+00:00,0.0005000000000000001,0.0019,BE_STOP,0.0030534214780703972,0.014916212736582744,0.006,10,416.0,CHOP,0.002469022381974988,False,0.0
SOLUSDT,2026-08-25 21:07:00+00:00,0.004600000000000001,0.006,TP,0.008209756702052973,0.02003387170060719,0.006,10,429.0,TREND,0.003620259289638458,False,0.0
ETHUSDT,2026-08-25 21:07:00+00:00,0.004600000000000001,0.006,TP,0.0067297288435686714,0.0003606675628709585,0.006,10,15.0,CHOP,0.0017228316619280497,False,0.0
BTCUSDT,2026-08-25 21:08:00+00:00,-0.0414,-0.04,MAE_KILL,0.00029479786610742457,0.04024175891948564,0.006,10,1106.0,TREND,0.0015815650013435612,False,0.0
XRPUSDT,2026-08-25 21:08:00+00:00,-0.0414,-0.04,MAE_KILL,0.0025011829919556793,0.05211924558913011,0.006,10,532.0,TREND,0.002216299214879627,False,0.0
BTCUSDT,2026-08-25 21:11:00+00:00,0.0005000000000000001,0.0019,BE_STOP,0.004271612079269281,0.039852169973817464,0.006,10,1885.0,CHOP,0.002759473103249558,False,0.0
BTCUSDT,2026-08-25 21:13:00+00:00,0.0005000000000000001,0.0019,BE_STOP,0.005770390587465702,0.016336236417348993,0.006,10,440.0,CHOP,0.002441080391186182,False,0.0
ETHUSDT,2026-08-25 21:26:00+00:00,0.0005000000000000001,0.0019,BE_STOP,0.003418697932736787,0.0012259590661318597,0.006,10,10.0,TREND,0.0025341972642188826,False,0.0
XRPUSDT,2026-08-25 21:29:00+00:00,0.0005000000000000001,0.0019,BE_STOP,0.007816316560820782,0.0010468281108240874,0.008286890721115048,10,11.0,CHOP,0.005179306700696904,False,0.0
BTCUSDT,2026-08-25 22:08:00+00:00,0.004600000000000001,0.006,TP,0.00677266020289907,0.0002706000684158292,0.006,10,42.0,TREND,0.0010978996037277404,False,0.0
BTCUSDT,2026-08-25 22:08:00+00:00,0.004600000000000001,0.006,TP,0.006125406276946903,0.0006403485945496014,0.006,10,37.0,CHOP,0.0009287241354929411,False,0.0
ETHUSDT,2026-08-25 23:10:00+00:00,0.0005000000000000001,0.0019,BE_STOP,0.0033374183006536244,0.0029738562091504083,0.006,10,62.0,CHOP,0.0010658846872081825,False,0.0
BTCUSDT,2026-08-26 00:09:00+00:00,0.004600000000000001,0.006,TP,0.006950471231291622,0.0017090698701258784,0.006,10,58.0,CHOP,0.0005634365989273924,False,0.0
BTCUSDT,2026-08-26 03:07:00+00:00,0.0005000000000000001,0.0019,BE_STOP,0.004144106912633938,0.008051154176243146,0.006,10,295.0,CHOP,0.0008751648234629881,False,0.0
BTCUSDT,2026-08-26 05:24:00+00:00,0.0005000000000000001,0.0019,BE_STOP,0.005522016573641971,0.0016803936777717112,0.006,10,137.0,CHOP,0.0004562514675878007,False,0.0
SOLUSDT,2026-08-26 10:16:00+00:00,0.0005000000000000001,0.0019,BE_STOP,0.005826755297050343,0.015018695471541317,0.006,10,784.0,CHOP,0.0031789720458187615,False,0.0
ETHUSDT,2026-08-26 10:39:00+00:00,0.004600000000000001,0.006,TP,0.00790052520536882,0.0007467955126975345,0.006,10,21.0,CHOP,0.0006223295939146474,False,0.0
BTCUSDT,2026-08-26 15:04:00+00:00,0.004600000000000001,0.006,TP,0.006313411099255868,0.014577588095076538,0.006,10,1074.0,TREND,0.0016406122341804683,False,0.0
BTCUSDT,2026-08-26 15:10:00+00:00,0.0005000000000000001,0.0019,BE_STOP,0.005550428139260627,0.015356611803312312,0.006,10,1082.0,TREND,0.0014640604742127584,False,0.0
SOLUSDT,2026-08-26 22:15:00+00:00,0.004600000000000001,0.006,TP,0.0073046760071830644,0.03741617377012579,0.006,10,1668.0,CHOP,0.0010435251438832846,False,0.0
SOLUSDT,2026-08-26 22:15:00+00:00,0.004600000000000001,0.006,TP,0.007141190671819763,0.037572400921051234,0.006,10,1664.0,CHOP,0.0010303138327239928,False,0.0
BTCUSDT,2026-08-26 22:30:00+00:00,0.0005000000000000001,0.0019,BE_STOP,0.0036728575950854925,0.013718866842702859,0.006,10,710.0,CHOP,0.0006632683547075761,False,0.0
SOLUSDT,2026-08-26 23:06:00+00:00,0.0005000000000000001,0.0019,BE_STOP,0.004931775439158047,0.005351926693609665,0.006287977957779038,10,36.0,TREND,0.003929986223611898,False,0.0
BTCUSDT,2026-08-26 23:46:00+00:00,0.004600000000000001,0.006,TP,0.006048879215654404,0.00043224441641918557,0.006,10,40.0,CHOP,0.0005065250745349355,False,0.0
BTCUSDT,2026-08-27 00:04:00+00:00,0.0005000000000000001,0.0019,BE_STOP,0.0045100451004510414,0.0033219217641092453,0.006,10,107.0,CHOP,0.0007819273239172232,False,0.0
BTCUSDT,2026-08-27 01:25:00+00:00,0.0005000000000000001,0.0019,BE_STOP,0.0046375121230754,0.000978720437127951,0.006,10,80.0,CHOP,0.0008233277400414041,False,0.0
SOLUSDT,2026-08-27 01:29:00+00:00,0.004600000000000001,0.006,TP,0.00611663169563319,0.0003266162555920786,0.006,10,4.0,TREND,0.0012930327521166584,False,0.0
NEARUSDT,2026-08-27 04:36:00+00:00,-0.0264,-0.025,MAE_KILL,0.0006317119393557012,0.0256896188671299,0.006,10,290.0,TREND,0.0013950305327437406,False,0.0
BTCUSDT,2026-08-27 08:04:00+00:00,0.004600000000000001,0.006,TP,0.006751340199918584,0.01751599818140609,0.006,10,1599.0,CHOP,0.0008667811157866355,False,0.0
ETHUSDT,2026-08-27 08:04:00+00:00,0.004600000000000001,0.006,TP,0.006738851517440726,0.00875331246927333,0.006,10,395.0,CHOP,0.0009130167409241943,False,0.0
ETHUSDT,2026-08-27 08:05:00+00:00,0.0005000000000000001,0.0019,BE_STOP,0.0036419711272179054,0.011802536628905413,0.006,10,586.0,TREND,0.0016388300836605945,False,0.0
ETHUSDT,2026-08-27 08:09:00+00:00,-0.0414,-0.04,MAE_KILL,0.002786914264308142,0.040251769093655854,0.006,10,2095.0,TREND,0.0023446776053590683,False,0.0
SOLUSDT,2026-08-27 08:09:00+00:00,0.004600000000000001,0.006,TP,0.012912133321665771,5.833795175451611e-05,0.006,10,1.0,CHOP,0.002943983065326018,False,0.0
BTCUSDT,2026-08-27 08:10:00+00:00,0.004600000000000001,0.006,TP,0.007288809948506576,0.00025103377981176476,0.006,10,5.0,CHOP,0.0010674792496162253,False,0.0
SOLUSDT,2026-08-27 08:25:00+00:00,0.006042294059953992,0.007442294059953992,TP,0.007758863457598215,0.003301644024509885,0.007442294059953992,10,11.0,CHOP,0.004651433787471244,False,0.0
ETHUSDT,2026-08-27 08:29:00+00:00,-0.0414,-0.04,MAE_KILL,0.0022940109488752145,0.040569932451842046,0.006,10,1940.0,CHOP,0.0011604893108352235,False,0.0
ETHUSDT,2026-08-27 08:30:00+00:00,-0.0414,-0.04,MAE_KILL,0.0016358023426002438,0.04369519139707356,0.006,10,1045.0,CHOP,0.0013769320828689112,False,0.0
ETHUSDT,2026-08-27 08:30:00+00:00,0.004600000000000001,0.006,TP,0.008445470858768183,0.005399238640009687,0.006,10,20.0,CHOP,0.0021269299264727957,False,0.0
BTCUSDT,2026-08-27 08:39:00+00:00,0.0005000000000000001,0.0019,BE_STOP,0.0031027071433865233,0.002509801162949762,0.006,10,27.0,TREND,0.0016681761483470575,False,0.0
BTCUSDT,2026-08-27 08:43:00+00:00,0.004600000000000001,0.006,TP,0.006240799224932999,0.0008669174729795309,0.006,10,26.0,TREND,0.0016681375923672359,False,0.0
SOLUSDT,2026-08-27 08:45:00+00:00,0.004600000000000001,0.006,TP,0.009551594981561228,0.000991748269254787,0.006,10,6.0,CHOP,0.00293466703530542,False,0.0
SOLUSDT,2026-08-27 08:48:00+00:00,0.004600000000000001,0.006,TP,0.0065929432508576805,0.0057496598117944145,0.006,10,17.0,CHOP,0.002926166154216832,False,0.0
NEARUSDT,2026-08-27 08:51:00+00:00,0.0005000000000000001,0.0019,BE_STOP,0.0038673748259681648,0.004383024802763859,0.006,10,6.0,TREND,0.002489852745099479,False,0.0
BTCUSDT,2026-08-27 08:55:00+00:00,0.0005000000000000001,0.0019,BE_STOP,0.004516727714274556,4.0182175940132196e-05,0.006,10,28.0,TREND,0.000893694645240725,False,0.0
SOLUSDT,2026-08-27 09:01:00+00:00,0.0005000000000000001,0.0019,BE_STOP,0.0033437125748503353,0.0001341317365269058,0.006,10,9.0,TREND,0.003150727117194173,False,0.0
XRPUSDT,2026-08-27 09:25:00+00:00,0.004600000000000001,0.006,TP,0.007374939121964755,0.0045223683295066795,0.006,10,52.0,CHOP,0.0020623987436761216,False,0.0
BTCUSDT,2026-08-27 09:26:00+00:00,0.004600000000000001,0.006,TP,0.0076235999483655935,0.0019225057242795202,0.006,10,51.0,TREND,0.0009455870723395808,False,0.0
BTCUSDT,2026-08-27 09:26:00+00:00,0.004600000000000001,0.006,TP,0.00636236304897759,0.0031717938158781723,0.006,10,43.0,TREND,0.001004663634824199,False,0.0
BTCUSDT,2026-08-27 09:26:00+00:00,0.004600000000000001,0.006,TP,0.007344594543800659,0.002198867864955684,0.006,10,38.0,TREND,0.001029449615408437,False,0.0
BTCUSDT,2026-08-27 10:28:00+00:00,0.0005000000000000001,0.0019,BE_STOP,0.005452643409413581,0.009748779521040368,0.006,10,87.0,TREND,0.0008367385849109841,False,0.0
BTCUSDT,2026-08-27 10:29:00+00:00,0.0005000000000000001,0.0019,BE_STOP,0.005670909188954607,0.009527177600284887,0.006,10,93.0,TREND,0.0010058545410180605,False,0.0
BTCUSDT,2026-08-27 10:41:00+00:00,0.0005000000000000001,0.0019,BE_STOP,0.0035361345213405404,0.0006720539854057511,0.006,10,13.0,CHOP,0.0013169207401602517,False,0.0
BTCUSDT,2026-08-27 10:41:00+00:00,0.0005000000000000001,0.0019,BE_STOP,0.003159220172764465,0.0008758856246685217,0.006,10,10.0,CHOP,0.0012755005868559349,False,0.0
ETHUSDT,2026-08-27 11:34:00+00:00,0.0005000000000000001,0.0019,BE_STOP,0.003750354089282221,0.0011011677964276754,0.006,10,51.0,CHOP,0.0015696770762741068,False,0.0
SOLUSDT,2026-08-27 11:52:00+00:00,0.0005000000000000001,0.0019,BE_STOP,0.0036833477967408235,0.0023141452126121793,0.006,10,14.0,TREND,0.0020717109522432223,False,0.0
BTCUSDT,2026-08-27 11:54:00+00:00,0.0005000000000000001,0.0019,BE_STOP,0.0056191566614845305,0.00226349835547596,0.006,10,73.0,CHOP,0.0010781555980513972,False,0.0
XRPUSDT,2026-08-27 12:31:00+00:00,0.004600000000000001,0.006,TP,0.006103549880735183,0.0007015574575556966,0.006,10,36.0,CHOP,0.00125779229890355,False,0.0
SOLUSDT,2026-08-27 12:52:00+00:00,0.0005000000000000001,0.0019,BE_STOP,0.003459146616072958,0.00393825279558457,0.006,10,20.0,TREND,0.00132849299204548,False,0.0
SOLUSDT,2026-08-27 13:10:00+00:00,0.0005000000000000001,0.0019,BE_STOP,0.00310208145836124,0.001570189380158182,0.006,10,18.0,TREND,0.0012049972508008145,False,0.0
BTCUSDT,2026-08-27 13:43:00+00:00,0.0005000000000000001,0.0019,BE_STOP,0.0037086509986768686,0.0025203200806502425,0.006,10,111.0,CHOP,0.0007212616002232179,False,0.0
BTCUSDT,2026-08-27 13:52:00+00:00,0.0005000000000000001,0.0019,BE_STOP,0.005105007751488319,0.00234499861873393,0.006,10,42.0,CHOP,0.0005156546182669033,False,0.0
XRPUSDT,2026-08-27 13:56:00+00:00,0.004600000000000001,0.006,TP,0.006799383148745142,0.0051871582784242766,0.006,10,12.0,CHOP,0.0027137449680559294,False,0.0
SOLUSDT,2026-08-27 13:57:00+00:00,0.004600000000000001,0.006,TP,0.007257100574876208,0.02253970060902731,0.006,10,271.0,TREND,0.002627056856096649,False,0.0
SOLUSDT,2026-08-27 13:57:00+00:00,0.004600000000000001,0.006,TP,0.010862735391001403,0.0010758011386355372,0.006,10,4.0,CHOP,0.0027711059670921644,False,0.0
ETHUSDT,2026-08-27 14:07:00+00:00,0.0005000000000000001,0.0019,BE_STOP,0.0034265103697025076,0.0010379721470795092,0.006,10,8.0,CHOP,0.0016096297250490221,False,0.0
BTCUSDT,2026-08-27 14:07:00+00:00,0.0005000000000000001,0.0019,BE_STOP,0.003850810054389546,0.0003561370082981548,0.006,10,6.0,CHOP,0.0013635139522650643,False,0.0
BTCUSDT,2026-08-27 14:09:00+00:00,0.0005000000000000001,0.0019,BE_STOP,0.00516507707292989,0.0006413818565798871,0.006,10,13.0,CHOP,0.001427403152329742,False,0.0
XRPUSDT,2026-08-27 14:19:00+00:00,0.004600000000000001,0.006,TP,0.006094182825484863,0.0,0.006,10,7.0,CHOP,0.0025474871388998866,False,0.0
NEARUSDT,2026-08-27 14:20:00+00:00,0.004600000000000001,0.006,TP,0.006154809096599224,0.0038076361360317567,0.006,10,10.0,CHOP,0.0026787577121397386,False,0.0
SOLUSDT,2026-08-27 14:25:00+00:00,0.0005000000000000001,0.0019,BE_STOP,0.004821418442398144,0.0008981073569173066,0.006,10,6.0,CHOP,0.002882046766408393,False,0.0
BTCUSDT,2026-08-27 14:35:00+00:00,0.004600000000000001,0.006,TP,0.006620983599133007,0.002248090004113704,0.006,10,27.0,CHOP,0.001422915709294938,False,0.0
BTCUSDT,2026-08-27 14:36:00+00:00,0.004600000000000001,0.006,TP,0.006168664539338929,0.0002522175696516489,0.006,10,15.0,CHOP,0.0011516501607864286,False,0.0
BTCUSDT,2026-08-27 14:41:00+00:00,0.004600000000000001,0.006,TP,0.006175455135807434,0.00034224507756286854,0.006,10,16.0,CHOP,0.001261704119011715,False,0.0
XRPUSDT,2026-08-27 14:42:00+00:00,0.004600000000000001,0.006,TP,0.006502395619438632,0.0022587268993840386,0.006,10,6.0,CHOP,0.0030116358658453164,False,0.0
BTCUSDT,2026-08-27 15:13:00+00:00,0.004600000000000001,0.006,TP,0.007426110018200248,0.0026333811940906205,0.006,10,34.0,CHOP,0.0012994935147396763,False,0.0
BTCUSDT,2026-08-27 15:13:00+00:00,0.004600000000000001,0.006,TP,0.006430515537920103,0.0036190343259921713,0.006,10,28.0,CHOP,0.001408500101834302,False,0.0
BTCUSDT,2026-08-27 15:22:00+00:00,0.0005000000000000001,0.0019,BE_STOP,0.005596503897009388,0.018023357155307725,0.006,10,352.0,TREND,0.0013486569457833812,False,0.0
BTCUSDT,2026-08-27 15:22:00+00:00,0.0005000000000000001,0.0019,BE_STOP,0.005738001935081418,0.017885182680897147,0.006,10,350.0,TREND,0.0013849582733623466,False,0.0
BTCUSDT,2026-08-27 15:22:00+00:00,0.0005000000000000001,0.0019,BE_STOP,0.005571464143426295,0.004581673306772908,0.006,10,39.0,CHOP,0.001461208736482646,False,0.0
XRPUSDT,2026-08-27 15:36:00+00:00,0.0005000000000000001,0.0019,BE_STOP,0.003633621280680009,0.004113533525298235,0.006,10,12.0,CHOP,0.002977414742120634,False,0.0
NEARUSDT,2026-08-27 15:38:00+00:00,0.0005000000000000001,0.0019,BE_STOP,0.0036399563205242146,0.0018199781602621073,0.006,10,5.0,CHOP,0.001682551237956561,False,0.0
BTCUSDT,2026-08-27 16:11:00+00:00,0.0005000000000000001,0.0019,BE_STOP,0.0035280189620137577,0.001974795245568561,0.006,10,33.0,CHOP,0.0010303897466982228,False,0.0
SOLUSDT,2026-08-27 16:21:00+00:00,0.0005000000000000001,0.0019,BE_STOP,0.0037700721433558404,0.009420525948336053,0.006,10,68.0,CHOP,0.003194255128162497,False,0.0
SOLUSDT,2026-08-27 16:21:00+00:00,0.0005000000000000001,0.0019,BE_STOP,0.0037700721433558404,0.009420525948336053,0.006,10,53.0,TREND,0.0022381063200239463,False,0.0
SOLUSDT,2026-08-27 16:22:00+00:00,0.004600000000000001,0.006,TP,0.00998069155931989,0.0026677362485657387,0.006,10,11.0,TREND,0.001976150278033556,False,0.0
ETHUSDT,2026-08-27 16:46:00+00:00,0.0005000000000000001,0.0019,BE_STOP,0.00322489907333669,0.0027098660517965324,0.006,10,19.0,CHOP,0.0009199848093557096,False,0.0
BTCUSDT,2026-08-27 17:22:00+00:00,0.0005000000000000001,0.0019,BE_STOP,0.003057864880595516,0.005577128560631835,0.006,10,127.0,CHOP,0.0018532809907992516,False,0.0
BTCUSDT,2026-08-27 17:42:00+00:00,0.0005000000000000001,0.0019,BE_STOP,0.004889832678951998,0.0030137183864173077,0.006,10,77.0,CHOP,0.000980772803500499,False,0.0
BTCUSDT,2026-08-27 17:42:00+00:00,0.0005000000000000001,0.0019,BE_STOP,0.004706209934752064,0.0031958969208259274,0.006,10,56.0,CHOP,0.0008784854179766927,False,0.0
ETHUSDT,2026-08-27 18:13:00+00:00,0.004600000000000001,0.006,TP,0.010490704489322699,0.005650368087928153,0.006,10,157.0,CHOP,0.0011739219714855197,False,0.0
BTCUSDT,2026-08-27 18:13:00+00:00,0.004600000000000001,0.006,TP,0.007140150926989881,0.00038383901121075967,0.006,10,30.0,CHOP,0.0008109774762984032,False,0.0
BTCUSDT,2026-08-27 18:13:00+00:00,0.004600000000000001,0.006,TP,0.006336604614271435,0.001193474677202396,0.006,10,27.0,CHOP,0.0008374746786231655,False,0.0
BTCUSDT,2026-08-27 18:27:00+00:00,0.0005000000000000001,0.0019,BE_STOP,0.004161721160934118,0.0015005184972326719,0.006,10,13.0,CHOP,0.0009036666053870478,False,0.0
BTCUSDT,2026-08-28 01:18:00+00:00,-0.0414,-0.04,MAE_KILL,0.0014832199496938345,0.041288524838793125,0.006,10,2045.0,CHOP,0.0013202640564834941,False,0.0
BTCUSDT,2026-08-28 01:30:00+00:00,0.004600000000000001,0.006,TP,0.006008268805583959,0.012181368417921803,0.006,10,488.0,CHOP,0.0010326269391963763,False,0.0
ETHUSDT,2026-08-28 01:34:00+00:00,0.0005000000000000001,0.0019,BE_STOP,0.003531945896290694,0.0005741391871772222,0.006,10,15.0,TREND,0.0010017738921093114,False,0.0
BTCUSDT,2026-08-28 01:35:00+00:00,0.0005000000000000001,0.0019,BE_STOP,0.005200884952476374,0.00032204768033116955,0.006,10,5.0,TREND,0.0012919805544543573,False,0.0
BTCUSDT,2026-08-28 02:53:00+00:00,0.0005000000000000001,0.0019,BE_STOP,0.0032634265979278607,0.019387857250112547,0.006,10,506.0,CHOP,0.0011911614337911925,False,0.0
ETHUSDT,2026-08-28 04:09:00+00:00,0.004600000000000001,0.006,TP,0.006118638964167332,0.017540901334939296,0.006,10,591.0,CHOP,0.001828192885103467,False,0.0
ETHUSDT,2026-08-28 04:12:00+00:00,0.0005000000000000001,0.0019,BE_STOP,0.005982950598495684,0.01767981978870957,0.006,10,592.0,CHOP,0.0019397265051595226,False,0.0
BTCUSDT,2026-08-28 04:13:00+00:00,0.0005000000000000001,0.0019,BE_STOP,0.003911951669558381,0.0017688280669075542,0.006,10,80.0,CHOP,0.0012686347494330157,False,0.0
XRPUSDT,2026-08-28 09:35:00+00:00,-0.0414,-0.04,MAE_KILL,0.0022448979591837286,0.04068027210884359,0.006,10,1034.0,TREND,0.0020310981535471145,False,0.0
BTCUSDT,2026-08-28 10:03:00+00:00,0.004600000000000001,0.006,TP,0.0061670204366496865,0.003831008828140556,0.006,10,353.0,CHOP,0.0006680595108237039,False,0.0
ETHUSDT,2026-08-28 10:12:00+00:00,0.0005000000000000001,0.0019,BE_STOP,0.0033977814013639467,0.0010201376784236718,0.006,10,36.0,CHOP,0.00040191588511568477,False,0.0
BTCUSDT,2026-08-28 14:05:00+00:00,0.004600000000000001,0.006,TP,0.0064108231264509066,0.0071648147352944905,0.006,10,240.0,CHOP,0.0003411816540616599,False,0.0
BTCUSDT,2026-08-28 14:05:00+00:00,0.004600000000000001,0.006,TP,0.006373175574293163,0.007202976674631936,0.006,10,233.0,CHOP,0.0007276772858593704,False,0.0
ETHUSDT,2026-08-28 14:13:00+00:00,0.004600000000000001,0.006,TP,0.006984617738111199,0.004158564912662056,0.006,10,6.0,CHOP,0.003382751876127582,False,0.0
SOLUSDT,2026-08-28 14:14:00+00:00,0.0005000000000000001,0.0019,BE_STOP,0.0037242693406984734,0.005494981378653277,0.006615424166644932,10,9.0,CHOP,0.004134640104153082,False,0.0
SOLUSDT,2026-08-28 14:17:00+00:00,0.0005000000000000001,0.0019,BE_STOP,0.004452137121977095,0.004038655704601199,0.008132259105863614,10,4.0,CHOP,0.005082661941164758,False,0.0
BTCUSDT,2026-08-28 14:18:00+00:00,0.0005000000000000001,0.0019,BE_STOP,0.004122626535023825,0.03530030741780478,0.006,10,2021.0,CHOP,0.0002492674930680039,False,0.0
NEARUSDT,2026-08-28 14:34:00+00:00,0.004600000000000001,0.006,TP,0.007567158531971251,0.007296902870115165,0.006,10,14.0,CHOP,0.0029457867142316644,False,0.0
BTCUSDT,2026-08-28 15:02:00+00:00,0.0005000000000000001,0.0019,BE_STOP,0.004936624416277482,0.0048459979609047545,0.006,10,23.0,CHOP,0.001978767516169804,False,0.0
BTCUSDT,2026-08-28 15:58:00+00:00,0.004600000000000001,0.006,TP,0.006046104242301187,0.013470765949884448,0.006,10,100.0,CHOP,0.0021653978812068344,False,0.0
BTCUSDT,2026-08-28 16:01:00+00:00,0.004600000000000001,0.006,TP,0.006374478660073785,0.016443532329440888,0.006,10,105.0,CHOP,0.002106457012781299,False,0.0
XRPUSDT,2026-08-28 16:02:00+00:00,0.004600000000000001,0.006,TP,0.006060173962640933,0.001711107942392669,0.006,10,3.0,CHOP,0.002149070094314652,False,0.0
ETHUSDT,2026-08-28 16:03:00+00:00,-0.0414,-0.04,MAE_KILL,0.001273391217126916,0.0424058865937371,0.006,10,1835.0,TREND,0.0024575051159541504,False,0.0
BTCUSDT,2026-08-28 16:12:00+00:00,-0.0414,-0.04,MAE_KILL,0.0003279129083038553,0.04030000332843937,0.006,10,878.0,TREND,0.0013134127122078094,False,0.0
BTCUSDT,2026-08-28 16:14:00+00:00,-0.0414,-0.04,MAE_KILL,0.0005589770103738102,0.04007729430448075,0.006,10,878.0,TREND,0.0013143275273878438,False,0.0
BTCUSDT,2026-08-28 16:16:00+00:00,0.004600000000000001,0.006,TP,0.006399310312188658,0.0003120990837844595,0.006,10,9.0,CHOP,0.0016122987504524637,False,0.0
BTCUSDT,2026-08-28 16:17:00+00:00,0.004600000000000001,0.006,TP,0.006946364744318547,0.0019599860714248018,0.006,10,14.0,CHOP,0.0014527525761279863,False,0.0
BTCUSDT,2026-08-28 16:17:00+00:00,0.004600000000000001,0.006,TP,0.00686753744241855,0.0020395203478321723,0.006,10,12.0,CHOP,0.0015120361147457262,False,0.0
ETHUSDT,2026-08-28 16:23:00+00:00,0.004600000000000001,0.006,TP,0.006406879739314744,0.00035934060998073003,0.006,10,11.0,CHOP,0.0027810979839008117,False,0.0
NEARUSDT,2026-08-29 08:12:00+00:00,-0.0264,-0.025,MAE_KILL,0.0006019481230163625,0.025117653496771277,0.006,10,485.0,CHOP,0.000652761925608608,False,0.0
NEARUSDT,2026-08-29 08:43:00+00:00,-0.0264,-0.025,MAE_KILL,0.001149802890932978,0.025733683749452438,0.006,10,514.0,CHOP,0.0006765846943245227,False,0.0
BTCUSDT,2026-08-29 14:43:00+00:00,0.004600000000000001,0.006,TP,0.006053164142257779,0.0006410446577246796,0.006,10,360.0,CHOP,0.00020747809272725367,False,0.0
BTCUSDT,2026-08-29 15:02:00+00:00,0.0005000000000000001,0.0019,BE_STOP,0.004509229266286221,0.005707234305105661,0.006,10,902.0,CHOP,0.0003384309145530856,False,0.0
BTCUSDT,2026-08-29 15:02:00+00:00,0.0005000000000000001,0.0019,BE_STOP,0.00457766802458399,0.005639491610179586,0.006,10,900.0,CHOP,0.00039428143173191857,False,0.0
BTCUSDT,2026-08-29 15:02:00+00:00,0.0005000000000000001,0.0019,BE_STOP,0.004621577044067605,0.00559602917185714,0.006,10,898.0,CHOP,0.00039338041042688955,False,0.0
SOLUSDT,2026-08-29 15:06:00+00:00,0.0005000000000000001,0.0019,BE_STOP,0.005597032714513223,0.0003623292046873643,0.006,10,23.0,TREND,0.0016148168126199696,False,0.0
SOLUSDT,2026-08-29 19:16:00+00:00,0.004600000000000001,0.006,TP,0.006801944499938061,0.007591540854476457,0.006,10,254.0,TREND,0.0014426102071297554,False,0.0
BTCUSDT,2026-08-30 04:19:00+00:00,-0.02347674655309041,-0.02207674655309041,MAX_AGE,0.001189344971386864,0.037932592934790024,0.006,10,2880.0,CHOP,0.0007902437227177465,False,0.0
BTCUSDT,2026-08-30 04:22:00+00:00,-0.02364170319348779,-0.02224170319348779,MAX_AGE,0.001514088916718775,0.037620538509705696,0.006,10,2880.0,CHOP,0.0007215314428839971,False,0.0
BTCUSDT,2026-08-30 12:32:00+00:00,0.004600000000000001,0.006,TP,0.006275565165054723,0.004407335421354738,0.006,10,1035.0,TREND,0.00029710219932297706,False,0.0
SOLUSDT,2026-08-30 12:59:00+00:00,0.004600000000000001,0.006,TP,0.006761754831857141,0.002579519374845811,0.006,10,26.0,CHOP,0.0009558040540723725,False,0.0
NEARUSDT,2026-08-30 13:06:00+00:00,0.0005000000000000001,0.0019,BE_STOP,0.0030323987870405056,0.0017555992977602056,0.006,10,7.0,CHOP,0.0008777996488801367,False,0.0
BTCUSDT,2026-08-30 15:02:00+00:00,-0.011063720645724865,-0.009663720645724865,MAX_AGE,0.00046317389914392006,0.03279724310840035,0.006,10,2880.0,CHOP,0.0015372302991966554,False,0.0
ETHUSDT,2026-08-30 15:09:00+00:00,0.004600000000000001,0.006,TP,0.006051363584743455,0.002680932526484907,0.006,10,123.0,CHOP,0.0007375896058386446,False,0.0
SOLUSDT,2026-08-30 15:15:00+00:00,0.004600000000000001,0.006,TP,0.0063789868667916754,0.0015103189493433525,0.006,10,13.0,TREND,0.000913964084695776,False,0.0
SOLUSDT,2026-08-30 17:24:00+00:00,0.004600000000000001,0.006,TP,0.011329099035521126,0.0078099270759821055,0.006,10,127.0,CHOP,0.0014255469301340733,False,0.0
NEARUSDT,2026-08-30 18:52:00+00:00,-0.0264,-0.025,MAE_KILL,0.0017127870256383297,0.025531231600920544,0.006,10,217.0,CHOP,0.00111254692959987,False,0.0
NEARUSDT,2026-08-30 18:57:00+00:00,0.004600000000000001,0.006,TP,0.008157289270027105,0.0004183225266681311,0.006,10,4.0,CHOP,0.0016023246780410365,False,0.0
BTCUSDT,2026-08-30 20:43:00+00:00,0.004600000000000001,0.006,TP,0.006039046255905365,6.074480726796886e-05,0.006,10,105.0,CHOP,0.0002854644365367617,False,0.0
NEARUSDT,2026-08-30 20:46:00+00:00,0.0005000000000000001,0.0019,BE_STOP,0.005482514504710692,0.0012242508117314998,0.006,10,3.0,CHOP,0.002585374385023072,False,0.0
BTCUSDT,2026-08-30 21:01:00+00:00,0.004600000000000001,0.006,TP,0.007484950189121407,0.0038280934876747936,0.006,10,215.0,CHOP,0.0009394466859249109,False,0.0
XRPUSDT,2026-08-30 21:01:00+00:00,0.004600000000000001,0.006,TP,0.0089535133586419,0.0035814053434568556,0.006,10,15.0,CHOP,0.002133494326030704,False,0.0
ETHUSDT,2026-08-30 22:32:00+00:00,0.0005000000000000001,0.0019,BE_STOP,0.003707079914919514,0.008179884533576442,0.006,10,90.0,CHOP,0.0020106784737596046,False,0.0
BTCUSDT,2026-08-30 23:19:00+00:00,0.0005000000000000001,0.0019,BE_STOP,0.003639318415486976,0.0015575211304974534,0.006,10,47.0,CHOP,0.0007373032051003874,False,0.0
BTCUSDT,2026-08-30 23:20:00+00:00,0.0005000000000000001,0.0019,BE_STOP,0.0041652217371791886,0.004383236098078451,0.006,10,136.0,CHOP,0.001003558169218485,False,0.0
ETHUSDT,2026-08-30 23:23:00+00:00,0.004600000000000001,0.006,TP,0.008662786672259934,0.03231744816379058,0.006,10,1141.0,CHOP,0.00022109335317744205,False,0.0
ETHUSDT,2026-08-30 23:23:00+00:00,0.004600000000000001,0.006,TP,0.011195879136503582,0.0005687311607803361,0.006,10,4.0,CHOP,0.001272681056725727,False,0.0
BTCUSDT,2026-08-30 23:26:00+00:00,0.0005000000000000001,0.0019,BE_STOP,0.0046381821091375,0.016072971675468076,0.006,10,1147.0,CHOP,0.00016039137690605383,False,0.0
NEARUSDT,2026-08-30 23:28:00+00:00,0.004600000000000001,0.006,TP,0.009598698481561849,0.002331887201735342,0.006,10,4.0,CHOP,0.0031492097923768174,False,0.0
ETHUSDT,2026-08-30 23:29:00+00:00,0.004600000000000001,0.006,TP,0.009186061736881843,0.037137058496186356,0.006,10,1942.0,TREND,0.0006351037910990645,False,0.0
ETHUSDT,2026-08-30 23:29:00+00:00,0.004600000000000001,0.006,TP,0.009003589158041638,0.03732806214113537,0.006,10,1940.0,TREND,0.0006679610787702942,False,0.0
BTCUSDT,2026-08-30 23:30:00+00:00,0.004600000000000001,0.006,TP,0.006483480578387971,1.2813202724832725e-06,0.006,10,4.0,CHOP,0.0014923720258497133,False,0.0
BTCUSDT,2026-08-30 23:31:00+00:00,0.0005000000000000001,0.0019,BE_STOP,0.004092112344282099,0.0194060657281095,0.006,10,1947.0,CHOP,0.00045293602913906917,False,0.0
BTCUSDT,2026-08-30 23:37:00+00:00,0.0005000000000000001,0.0019,BE_STOP,0.0037532525830942646,0.00034342647007767153,0.006,10,4.0,TREND,0.0020358446095366067,False,0.0
BTCUSDT,2026-08-30 23:41:00+00:00,0.004600000000000001,0.006,TP,0.0063126152042635,0.0005424401580531422,0.006,10,11.0,TREND,0.002042413899101737,False,0.0
ETHUSDT,2026-08-30 23:43:00+00:00,0.0005000000000000001,0.0019,BE_STOP,0.0036005392512702835,0.0009540599398528183,0.006,10,3.0,TREND,0.003467207893216396,False,0.0
BTCUSDT,2026-08-30 23:46:00+00:00,0.004600000000000001,0.006,TP,0.006916090433063217,0.0001892174378673218,0.006,10,10.0,TREND,0.002301409954933524,False,0.0
BTCUSDT,2026-08-30 23:47:00+00:00,0.004600000000000001,0.006,TP,0.00732804014289553,0.024325273091457284,0.006,10,2375.0,CHOP,0.00032569272159275217,False,0.0
BTCUSDT,2026-08-30 23:47:00+00:00,0.004600000000000001,0.006,TP,0.006400907365758569,0.0010722004265549168,0.006,10,4.0,TREND,0.001809084471861928,False,0.0
NEARUSDT,2026-08-31 00:16:00+00:00,0.004600000000000001,0.006,TP,0.00824492936843848,0.001703952069477206,0.006,10,9.0,TREND,0.0026344512410581664,False,0.0
ETHUSDT,2026-08-31 00:23:00+00:00,0.004600000000000001,0.006,TP,0.006480473744977348,0.005094165504512722,0.006,10,21.0,TREND,0.002187352021201931,False,0.0
BTCUSDT,2026-08-31 00:35:00+00:00,0.004600000000000001,0.006,TP,0.006998595125472051,0.002539085156018405,0.006,10,35.0,TREND,0.0015084448978013353,False,0.0
SOLUSDT,2026-08-31 00:36:00+00:00,0.004600000000000001,0.006,TP,0.006872447376688687,0.008129123468425902,0.006,10,38.0,TREND,0.003120652125129026,False,0.0
NEARUSDT,2026-08-31 00:38:00+00:00,-0.0264,-0.025,MAE_KILL,0.000497210098889632,0.02568918844262747,0.007039863622372858,10,44.0,TREND,0.004399914763983035,False,0.0
BTCUSDT,2026-08-31 00:47:00+00:00,0.0005000000000000001,0.0019,BE_STOP,0.0043003983039958515,0.0001580367467557871,0.006,10,30.0,TREND,0.001233273985426088,False,0.0
NEARUSDT,2026-08-31 00:54:00+00:00,0.004600000000000001,0.006,TP,0.006768371293511048,0.002632144391920877,0.006,10,7.0,CHOP,0.0022676346000368233,False,0.0
BTCUSDT,2026-08-31 01:04:00+00:00,0.0005000000000000001,0.0019,BE_STOP,0.005859008047932463,0.004110184868239804,0.006,10,59.0,TREND,0.001117625409538569,False,0.0
ETHUSDT,2026-08-31 02:06:00+00:00,0.0005000000000000001,0.0019,BE_STOP,0.005210808398451085,0.0027314388194895505,0.006,10,61.0,TREND,0.0011328357671494189,False,0.0
SOLUSDT,2026-08-31 02:35:00+00:00,0.0005000000000000001,0.0019,BE_STOP,0.005800349987219601,0.0009339546589590717,0.006,10,28.0,TREND,0.0011628788836362757,False,0.0
ETHUSDT,2026-08-31 03:09:00+00:00,0.0005000000000000001,0.0019,BE_STOP,0.005781136763640143,0.000579770162542744,0.006,10,33.0,CHOP,0.0007205714877316261,False,0.0
NEARUSDT,2026-08-31 03:19:00+00:00,0.004600000000000001,0.006,TP,0.0064384767774597305,0.0012106537530266234,0.006,10,10.0,CHOP,0.002205119335869934,False,0.0
ETHUSDT,2026-08-31 04:02:00+00:00,0.0005000000000000001,0.0019,BE_STOP,0.004113385278802949,0.0,0.006,10,43.0,CHOP,0.000756872359601399,False,0.0
SOLUSDT,2026-08-31 05:25:00+00:00,0.004600000000000001,0.006,TP,0.007157664176477484,0.01405131614972423,0.006,10,301.0,TREND,0.0015903592242232,False,0.0
SOLUSDT,2026-08-31 05:25:00+00:00,0.004600000000000001,0.006,TP,0.007285707300376554,0.013925969390249792,0.006,10,271.0,TREND,0.0008864393637754193,False,0.0
BTCUSDT,2026-08-31 07:29:00+00:00,0.0005000000000000001,0.0019,BE_STOP,0.003066851993005351,0.002869569116262386,0.006,10,123.0,CHOP,0.0010201794029722714,False,0.0
BTCUSDT,2026-08-31 07:31:00+00:00,0.0005000000000000001,0.0019,BE_STOP,0.0036364242298394063,0.008539252104050148,0.006,10,414.0,CHOP,0.0008532110730115707,False,0.0
BTCUSDT,2026-08-31 07:31:00+00:00,0.0005000000000000001,0.0019,BE_STOP,0.0035939733015463338,0.008581188036324253,0.006,10,409.0,CHOP,0.0008199415347628215,False,0.0
BTCUSDT,2026-08-31 08:03:00+00:00,0.0005000000000000001,0.0019,BE_STOP,0.004028943767895872,0.008151494440647415,0.006,10,444.0,CHOP,0.0008606889285013449,False,0.0
XRPUSDT,2026-08-31 08:03:00+00:00,0.0005000000000000001,0.0019,BE_STOP,0.003946502959877109,0.00146166776291749,0.006,10,31.0,CHOP,0.001252858082500729,False,0.0
ETHUSDT,2026-08-31 08:09:00+00:00,0.0005000000000000001,0.0019,BE_STOP,0.003052478038547192,0.0006965386128229779,0.006,10,35.0,CHOP,0.0007462913708816556,False,0.0
SOLUSDT,2026-08-31 08:09:00+00:00,0.0005000000000000001,0.0019,BE_STOP,0.0036679931115674055,0.0001945884939823121,0.006,10,6.0,TREND,0.0007074681674072517,False,0.0
BTCUSDT,2026-08-31 08:44:00+00:00,0.0005000000000000001,0.0019,BE_STOP,0.003407202960071446,0.0029864185104230482,0.006,10,75.0,CHOP,0.0006180214506886751,False,0.0
BTCUSDT,2026-08-31 08:44:00+00:00,0.0005000000000000001,0.0019,BE_STOP,0.0031813863325699915,0.0032107962544545327,0.006,10,32.0,TREND,0.000684100356882982,False,0.0
BTCUSDT,2026-08-31 09:08:00+00:00,0.004600000000000001,0.006,TP,0.006082537038716422,0.00011368034364666335,0.006,10,22.0,CHOP,0.0007798873013582,False,0.0
BTCUSDT,2026-08-31 09:09:00+00:00,0.004600000000000001,0.006,TP,0.006093238944111115,0.00024393390029861175,0.006,10,25.0,CHOP,0.0007413802571906329,False,0.0
NEARUSDT,2026-08-31 09:11:00+00:00,0.0005000000000000001,0.0019,BE_STOP,0.0037378114842903064,0.00893824485373791,0.006,10,221.0,CHOP,0.0019540318836093564,False,0.0
SOLUSDT,2026-08-31 10:12:00+00:00,0.0005000000000000001,0.0019,BE_STOP,0.004532132528483519,0.00270763378040019,0.006,10,59.0,TREND,0.0011590280800893732,False,0.0
BTCUSDT,2026-08-31 12:30:00+00:00,0.004600000000000001,0.006,TP,0.006191421515189839,0.0037548880482359674,0.006,10,138.0,TREND,0.0006069021089848233,False,0.0
BTCUSDT,2026-08-31 12:59:00+00:00,0.0005000000000000001,0.0019,BE_STOP,0.0044363581346268015,0.001770696700554876,0.006,10,28.0,CHOP,0.0013161623194203153,False,0.0
BTCUSDT,2026-08-31 13:00:00+00:00,0.0005000000000000001,0.0019,BE_STOP,0.004969647729122199,0.009525371730419075,0.006,10,293.0,TREND,0.0004093469506489619,False,0.0
SOLUSDT,2026-08-31 13:38:00+00:00,0.0005000000000000001,0.0019,BE_STOP,0.0036515896586980868,0.014002629144554286,0.006,10,329.0,TREND,0.0009904502236163803,False,0.0
ETHUSDT,2026-08-31 14:04:00+00:00,0.0005000000000000001,0.0019,BE_STOP,0.004628873055301317,0.0032152895803374405,0.006,10,26.0,CHOP,0.0018157135386511851,False,0.0
ETHUSDT,2026-08-31 14:41:00+00:00,0.004600000000000001,0.006,TP,0.006955636955637015,0.008404558404558442,0.006,10,99.0,CHOP,0.001061980347694626,False,0.0
SOLUSDT,2026-08-31 14:41:00+00:00,0.004600000000000001,0.006,TP,0.009940590582290389,0.0035704182071818052,0.006,10,37.0,CHOP,0.0014918550705652362,False,0.0
ETHUSDT,2026-08-31 15:47:00+00:00,0.0005000000000000001,0.0019,BE_STOP,0.0037262200332930768,0.0046942271941156875,0.006,10,64.0,CHOP,0.0022334175975948604,False,0.0
BTCUSDT,2026-08-31 15:53:00+00:00,0.0005000000000000001,0.0019,BE_STOP,0.0036297733175975557,0.0036425183081790075,0.006,10,68.0,CHOP,0.0015557992074072165,False,0.0
SOLUSDT,2026-08-31 16:42:00+00:00,0.0005000000000000001,0.0019,BE_STOP,0.004850452482090217,0.0013316873548023412,0.006,10,48.0,CHOP,0.0012455928647108485,False,0.0
XRPUSDT,2026-08-31 16:49:00+00:00,0.0005000000000000001,0.0019,BE_STOP,0.0031279551902232998,0.00014548628791734777,0.006,10,7.0,CHOP,0.001158694364484718,False,0.0
BTCUSDT,2026-08-31 16:57:00+00:00,0.0005000000000000001,0.0019,BE_STOP,0.003725920854722024,0.011945088477895308,0.006,10,466.0,TREND,0.0009702918892505655,False,0.0
BTCUSDT,2026-08-31 16:57:00+00:00,0.0005000000000000001,0.0019,BE_STOP,0.0035381994496133076,0.0017850031743285614,0.006,10,70.0,CHOP,0.0009609318585352538,False,0.0
BTCUSDT,2026-08-31 17:46:00+00:00,0.0005000000000000001,0.0019,BE_STOP,0.0035862829441310772,0.013601959434223678,0.006,10,517.0,TREND,0.0008909901378580105,False,0.0
BTCUSDT,2026-08-31 18:01:00+00:00,0.0005000000000000001,0.0019,BE_STOP,0.004085030663150128,0.002871214769152479,0.006,10,72.0,CHOP,0.0006458553679805069,False,0.0
BTCUSDT,2026-08-31 18:01:00+00:00,0.0005000000000000001,0.0019,BE_STOP,0.004162885114539719,0.0027938996890863564,0.006,10,64.0,CHOP,0.0008236792531974746,False,0.0
SOLUSDT,2026-08-31 18:24:00+00:00,0.0005000000000000001,0.0019,BE_STOP,0.005042503863987689,0.0019223338485316662,0.006,10,23.0,CHOP,0.0008431773018326204,False,0.0
NEARUSDT,2026-08-31 18:42:00+00:00,0.0005000000000000001,0.0019,BE_STOP,0.004109077325364236,0.0014942099364960318,0.006,10,18.0,CHOP,0.0021117150633133135,False,0.0
BTCUSDT,2026-08-31 18:53:00+00:00,0.0005000000000000001,0.0019,BE_STOP,0.004376609047443987,0.001391231563328266,0.006,10,66.0,CHOP,0.0009065017745947442,False,0.0
NEARUSDT,2026-08-31 19:49:00+00:00,0.0005000000000000001,0.0019,BE_STOP,0.005345306820611508,0.004222792388283097,0.006,10,56.0,CHOP,0.0018670393109135957,False,0.0
SOLUSDT,2026-08-31 21:30:00+00:00,0.0005000000000000001,0.0019,BE_STOP,0.00578185077043156,0.004692935542000415,0.006,10,101.0,CHOP,0.0009491871681458407,False,0.0
NEARUSDT,2026-08-31 22:57:00+00:00,-0.0264,-0.025,MAE_KILL,0.0013952989159600386,0.025866695288182903,0.006,10,294.0,CHOP,0.00122663640963523,False,0.0
BTCUSDT,2026-08-31 23:19:00+00:00,0.0005000000000000001,0.0019,BE_STOP,0.0033312642777555586,0.007784397624995548,0.006,10,379.0,CHOP,0.0007483669845598517,False,0.0
ETHUSDT,2026-09-01 01:28:00+00:00,0.0005000000000000001,0.0019,BE_STOP,0.003116086390249364,0.004881057197226255,0.006,10,129.0,CHOP,0.0005123921817299812,False,0.0
BTCUSDT,2026-09-01 01:35:00+00:00,0.0005000000000000001,0.0019,BE_STOP,0.0030684294121239397,0.0037111323789937416,0.006,10,158.0,CHOP,0.00037298589435162124,False,0.0
BTCUSDT,2026-09-01 02:24:00+00:00,0.0005000000000000001,0.0019,BE_STOP,0.003233208043864493,0.0019246196994837602,0.006,10,56.0,CHOP,0.0006408110842643879,False,0.0
ETHUSDT,2026-09-01 02:27:00+00:00,0.0005000000000000001,0.0019,BE_STOP,0.004160578015911674,0.001440980678681678,0.006,10,52.0,CHOP,0.0010072367963259016,False,0.0
NEARUSDT,2026-09-01 03:46:00+00:00,-0.0264,-0.025,MAE_KILL,0.0,0.025357979692788316,0.006,10,82.0,CHOP,0.002060475322646653,False,0.0
BTCUSDT,2026-09-01 05:12:00+00:00,0.0005000000000000001,0.0019,BE_STOP,0.003018890938753181,0.001076178714277691,0.006,10,86.0,CHOP,0.0007977408414995001,False,0.0
BTCUSDT,2026-09-01 06:02:00+00:00,0.0005000000000000001,0.0019,BE_STOP,0.0032124200061815177,0.010032478883658713,0.006,10,511.0,CHOP,0.00037458930896780294,False,0.0
BTCUSDT,2026-09-01 06:16:00+00:00,0.0005000000000000001,0.0019,BE_STOP,0.00453196921863172,0.001076865901656321,0.006,10,64.0,CHOP,0.0005921584665342506,False,0.0
BTCUSDT,2026-09-01 08:06:00+00:00,0.004600000000000001,0.006,TP,0.007190406370745592,0.00028639968977598503,0.006,10,110.0,CHOP,0.0004569360410836546,False,0.0
BTCUSDT,2026-09-01 08:26:00+00:00,0.004600000000000001,0.006,TP,0.006234964271409766,9.184071758210291e-05,0.006,10,19.0,CHOP,0.000589037935683084,False,0.0
BTCUSDT,2026-09-01 10:31:00+00:00,0.0005000000000000001,0.0019,BE_STOP,0.005936653528101231,0.012852944411335146,0.006,10,482.0,CHOP,0.0006445655704789155,False,0.0
NEARUSDT,2026-09-01 10:44:00+00:00,0.0005000000000000001,0.0019,BE_STOP,0.00346056505345806,0.001497856515675793,0.006,10,12.0,TREND,0.0016897002073387613,False,0.0
BTCUSDT,2026-09-01 12:42:00+00:00,0.0005000000000000001,0.0019,BE_STOP,0.0032084628499515176,0.0029057050600319947,0.006,10,255.0,CHOP,0.00098533732294305,False,0.0
ETHUSDT,2026-09-01 13:06:00+00:00,0.004600000000000001,0.006,TP,0.008424368888343232,0.0019516386399901732,0.006,10,24.0,CHOP,0.0013753236657372734,False,0.0
XRPUSDT,2026-09-01 13:07:00+00:00,0.0005000000000000001,0.0019,BE_STOP,0.0041865589423430325,0.02511935365405803,0.006,10,1448.0,CHOP,0.0013220712449504516,False,0.0
BTCUSDT,2026-09-01 13:43:00+00:00,0.0005000000000000001,0.0019,BE_STOP,0.0032051323291186567,0.003606578048381779,0.006,10,36.0,CHOP,0.0010944174965631483,False,0.0
BTCUSDT,2026-09-01 13:44:00+00:00,0.0005000000000000001,0.0019,BE_STOP,0.004491162240826528,0.002311759905936098,0.006,10,34.0,CHOP,0.0014273873698567808,False,0.0
BTCUSDT,2026-09-01 13:58:00+00:00,0.0005000000000000001,0.0019,BE_STOP,0.0039628880541912204,0.0,0.006,10,12.0,CHOP,0.0015991341157478459,False,0.0
XRPUSDT,2026-09-01 14:01:00+00:00,0.004600000000000001,0.006,TP,0.006719742896793585,0.0008764882039296544,0.006,10,17.0,CHOP,0.0020190531840520863,False,0.0
BTCUSDT,2026-09-01 14:12:00+00:00,0.0005000000000000001,0.0019,BE_STOP,0.0032828890447496816,0.0012440421643261578,0.006,10,10.0,CHOP,0.001206742840175335,False,0.0
XRPUSDT,2026-09-01 14:19:00+00:00,0.0005000000000000001,0.0019,BE_STOP,0.005310249508983678,0.0003637157197933694,0.006,10,19.0,CHOP,0.001943281131467627,False,0.0
NEARUSDT,2026-09-01 14:23:00+00:00,0.004600000000000001,0.006,TP,0.008799248603490168,0.0,0.006,10,4.0,TREND,0.0025529120145759716,False,0.0
NEARUSDT,2026-09-01 16:17:00+00:00,-0.0264,-0.025,MAE_KILL,0.0020123687052126314,0.0253263963875527,0.006,10,112.0,TREND,0.0026013546677137625,False,0.0
BTCUSDT,2026-09-01 16:40:00+00:00,0.0005000000000000001,0.0019,BE_STOP,0.0039152188178026,0.0009771932380289103,0.006,10,21.0,CHOP,0.0008519592761256107,False,0.0
BTCUSDT,2026-09-01 16:41:00+00:00,0.0005000000000000001,0.0019,BE_STOP,0.0043259696061010945,0.021000990965334216,0.006,10,2198.0,CHOP,0.0003648696437845259,False,0.0
SOLUSDT,2026-09-01 16:46:00+00:00,0.0005000000000000001,0.0019,BE_STOP,0.004273335179836211,0.0002967593874886355,0.006,10,5.0,CHOP,0.001819417673293353,False,0.0
NEARUSDT,2026-09-01 17:06:00+00:00,0.004614731142100191,0.006014731142100191,TP,0.006317505604238939,0.0029040146729161485,0.006014731142100191,10,19.0,CHOP,0.003759206963812619,False,0.0
BTCUSDT,2026-09-01 18:19:00+00:00,0.004600000000000001,0.006,TP,0.006095004676061788,0.0022599890354412858,0.006,10,72.0,CHOP,0.0005197569369261647,False,0.0
BTCUSDT,2026-09-01 18:27:00+00:00,0.004600000000000001,0.006,TP,0.006615073998147699,0.023467301176400644,0.006,10,2557.0,TREND,0.001994191903394493,False,0.0
BTCUSDT,2026-09-01 18:27:00+00:00,0.004600000000000001,0.006,TP,0.007357496902106567,0.0029133106154481244,0.006,10,102.0,CHOP,0.0011574688735469351,False,0.0
BTCUSDT,2026-09-01 18:28:00+00:00,0.004600000000000001,0.006,TP,0.006787157387171045,0.026439987614960102,0.006,10,2560.0,TREND,0.0021049200922474472,False,0.0
SOLUSDT,2026-09-01 18:28:00+00:00,0.004600000000000001,0.006,TP,0.00693051432239417,0.00238706571451496,0.006,10,9.0,CHOP,0.00222372508338968,False,0.0
ETHUSDT,2026-09-01 18:37:00+00:00,0.004600000000000001,0.006,TP,0.006706155248115153,0.0011598044901003158,0.006,10,8.0,CHOP,0.0013580363799898115,False,0.0
SOLUSDT,2026-09-01 18:40:00+00:00,0.0005000000000000001,0.0019,BE_STOP,0.004463969389924209,9.110141612090516e-05,0.006,10,3.0,TREND,0.0022421070745310906,False,0.0
BTCUSDT,2026-09-01 18:45:00+00:00,0.004600000000000001,0.006,TP,0.00785710666723813,0.0005287437853119867,0.006,10,14.0,CHOP,0.0011969578951802975,False,0.0
SOLUSDT,2026-09-01 18:49:00+00:00,0.0005000000000000001,0.0019,BE_STOP,0.0036300585068087922,0.0035083805680332144,0.006,10,10.0,TREND,0.0025849319255388976,False,0.0
SOLUSDT,2026-09-01 18:49:00+00:00,0.0005000000000000001,0.0019,BE_STOP,0.004992101745716665,0.00213657904329862,0.006,10,8.0,TREND,0.0023918980691227457,False,0.0
NEARUSDT,2026-09-01 19:04:00+00:00,0.004600000000000001,0.006,TP,0.007432998324958118,0.001046901172529314,0.006,10,13.0,CHOP,0.0028378499641062483,False,0.0
BTCUSDT,2026-09-01 19:23:00+00:00,0.004600000000000001,0.006,TP,0.006466167368804323,0.00023404587299110627,0.006,10,29.0,CHOP,0.0012801937751227488,False,0.0
BTCUSDT,2026-09-01 19:29:00+00:00,0.0005000000000000001,0.0019,BE_STOP,0.0030254521341351722,0.0014285418253216213,0.006,10,24.0,CHOP,0.0010178892438811825,False,0.0
BTCUSDT,2026-09-01 23:52:00+00:00,0.0005000000000000001,0.0019,BE_STOP,0.003760750080827713,0.005819592628516004,0.006,10,263.0,CHOP,0.0008218558034271042,False,0.0
BTCUSDT,2026-09-01 23:54:00+00:00,0.0005000000000000001,0.0019,BE_STOP,0.004019139746278022,0.005563669149900923,0.006,10,270.0,CHOP,0.0007960110560068389,False,0.0
NEARUSDT,2026-09-02 00:07:00+00:00,0.0005000000000000001,0.0019,BE_STOP,0.004657563247591786,0.0004234148406902371,0.006,10,15.0,CHOP,0.001062317591374469,False,0.0
BTCUSDT,2026-09-02 01:14:00+00:00,0.0005000000000000001,0.0019,BE_STOP,0.003747254167205065,0.0006783822199250549,0.006,10,67.0,CHOP,0.0004682221770993226,False,0.0
NEARUSDT,2026-09-02 01:25:00+00:00,0.0005000000000000001,0.0019,BE_STOP,0.0032815105707676554,0.001075905105169725,0.006,10,11.0,CHOP,0.0015485348477978528,False,0.0
SOLUSDT,2026-09-02 01:40:00+00:00,0.004600000000000001,0.006,TP,0.0068421581432733585,0.0016879332864462187,0.006,10,10.0,CHOP,0.000963097989120293,False,0.0
SOLUSDT,2026-09-02 01:50:00+00:00,0.004600000000000001,0.006,TP,0.006900656773034953,0.0007869170004338431,0.006,10,10.0,CHOP,0.0012207302186216969,False,0.0
XRPUSDT,2026-09-02 03:30:00+00:00,0.0005000000000000001,0.0019,BE_STOP,0.003845300598979421,0.019078606818013787,0.006,10,216.0,CHOP,0.0008979410739375311,False,0.0
ETHUSDT,2026-09-02 09:23:00+00:00,-0.0414,-0.04,MAE_KILL,0.00048358432703207087,0.04209198579874019,0.006,10,1641.0,CHOP,0.0006551416240028427,False,0.0
BTCUSDT,2026-09-02 09:48:00+00:00,0.0005000000000000001,0.0019,BE_STOP,0.0036104376841062536,0.0019642345090065054,0.006,10,24.0,CHOP,0.000851311041347792,False,0.0
SOLUSDT,2026-09-02 09:49:00+00:00,0.0005000000000000001,0.0019,BE_STOP,0.005815602836879413,0.019898682877406267,0.006,10,479.0,CHOP,0.0016442321609495005,False,0.0
ETHUSDT,2026-09-02 10:32:00+00:00,-0.0414,-0.04,MAE_KILL,0.0014552845528454988,0.04023577235772358,0.006,10,1428.0,CHOP,0.0006338559814169549,False,0.0
ETHUSDT,2026-09-02 10:33:00+00:00,0.004600000000000001,0.006,TP,0.006265722243524602,0.0015379883112888726,0.006,10,45.0,TREND,0.0011548456263043797,False,0.0
NEARUSDT,2026-09-02 10:50:00+00:00,0.004600000000000001,0.006,TP,0.006800130562506776,0.003372864759003364,0.006,10,18.0,CHOP,0.0010957924677868361,False,0.0
BTCUSDT,2026-09-02 10:54:00+00:00,0.0005000000000000001,0.0019,BE_STOP,0.003761309740851096,0.01637698831223322,0.006,10,968.0,CHOP,0.0013278285951024234,False,0.0
BTCUSDT,2026-09-02 10:54:00+00:00,0.0005000000000000001,0.0019,BE_STOP,0.004268831910171503,0.00038011936531829867,0.006,10,19.0,TREND,0.0006299867340767375,False,0.0
BTCUSDT,2026-09-02 10:55:00+00:00,0.0005000000000000001,0.0019,BE_STOP,0.004687473477909465,0.015432102795379302,0.006,10,967.0,CHOP,0.0013964492714830185,False,0.0
SOLUSDT,2026-09-02 11:28:00+00:00,0.0005000000000000001,0.0019,BE_STOP,0.0031030774745250374,0.006093501971427097,0.006,10,37.0,TREND,0.0015829937894559648,False,0.0
SOLUSDT,2026-09-02 11:33:00+00:00,0.0005000000000000001,0.0019,BE_STOP,0.005496526358806668,0.0036779730281977876,0.006,10,39.0,TREND,0.0015149746044719435,False,0.0
NEARUSDT,2026-09-02 11:39:00+00:00,0.004600000000000001,0.006,TP,0.0064970221981591825,0.012019491066594477,0.006,10,108.0,CHOP,0.001330342640575476,False,0.0
SOLUSDT,2026-09-02 12:31:00+00:00,0.0005000000000000001,0.0019,BE_STOP,0.003537711803927252,0.0036600534225067253,0.006,10,52.0,TREND,0.0013690609698194846,False,0.0
BTCUSDT,2026-09-02 12:46:00+00:00,0.0005000000000000001,0.0019,BE_STOP,0.005451984812234753,0.000663061595550738,0.006,10,71.0,TREND,0.0007623530183939898,False,0.0
BTCUSDT,2026-09-02 12:50:00+00:00,0.0005000000000000001,0.0019,BE_STOP,0.00574472529768122,0.003463808230624646,0.006,10,110.0,TREND,0.0009891932018263722,False,0.0
BTCUSDT,2026-09-02 12:50:00+00:00,0.0005000000000000001,0.0019,BE_STOP,0.005739472845869902,0.003469012591327561,0.006,10,107.0,TREND,0.000991239712705558,False,0.0
XRPUSDT,2026-09-02 13:01:00+00:00,0.0005000000000000001,0.0019,BE_STOP,0.003028238322355972,0.0003785297902944545,0.006,10,11.0,CHOP,0.0006543157803661885,False,0.0
BTCUSDT,2026-09-02 13:45:00+00:00,0.004600000000000001,0.006,TP,0.0062794817835234926,0.004646894509645393,0.006,10,74.0,CHOP,0.0006675558746124087,False,0.0
BTCUSDT,2026-09-02 18:43:00+00:00,-0.02447668000176955,-0.023076680001769552,MAX_AGE,0.0014700212982449855,0.036483830397714634,0.006,10,2880.0,CHOP,0.0006718111092151302,False,0.0
BTCUSDT,2026-09-02 23:09:00+00:00,0.0005000000000000001,0.0019,BE_STOP,0.004171367649646633,0.002653683327985313,0.006,10,266.0,CHOP,0.0004110741604401908,False,0.0
BTCUSDT,2026-09-03 01:47:00+00:00,0.0005000000000000001,0.0019,BE_STOP,0.004551079779961994,0.0032383679869376,0.006,10,157.0,CHOP,0.00044226039677553244,False,0.0
BTCUSDT,2026-09-03 02:34:00+00:00,0.004600000000000001,0.006,TP,0.006764435514837891,0.008339183690883914,0.006,10,769.0,CHOP,0.0015747481760459965,False,0.0
BTCUSDT,2026-09-03 03:05:00+00:00,0.0005000000000000001,0.0019,BE_STOP,0.004163384138911772,0.017135761909612402,0.006,10,1415.0,CHOP,0.000802542348061695,False,0.0
BTCUSDT,2026-09-03 05:23:00+00:00,0.004600000000000001,0.006,TP,0.006554810937729259,0.002118856795660409,0.006,10,138.0,CHOP,0.00046415505574089227,False,0.0
BTCUSDT,2026-09-03 05:31:00+00:00,0.0005000000000000001,0.0019,BE_STOP,0.0030707977994770875,0.007387247781303393,0.006,10,223.0,CHOP,0.0008387502233618432,False,0.0
BTCUSDT,2026-09-03 07:16:00+00:00,0.0005000000000000001,0.0019,BE_STOP,0.004196632671286362,0.00967307126437376,0.006,10,281.0,CHOP,0.001002532995111138,False,0.0
NEARUSDT,2026-09-03 07:40:00+00:00,0.0005000000000000001,0.0019,BE_STOP,0.0048051536593092655,0.0027458020910339494,0.006,10,24.0,CHOP,0.001904711615346326,False,0.0
XRPUSDT,2026-09-03 08:10:00+00:00,0.0005000000000000001,0.0019,BE_STOP,0.003930989298973627,0.008517143481109284,0.006,10,29.0,CHOP,0.001091941471937111,False,0.0
NEARUSDT,2026-09-03 12:17:00+00:00,0.0005000000000000001,0.0019,BE_STOP,0.0036336826583811188,0.018379061561956886,0.006,10,247.0,CHOP,0.0019785891079797903,False,0.0
SOLUSDT,2026-09-03 12:54:00+00:00,-0.0414,-0.04,MAE_KILL,0.0005735589331803575,0.040026219836945404,0.006,10,1526.0,TREND,0.0014616973832836974,False,0.0
BTCUSDT,2026-09-03 12:55:00+00:00,0.004600000000000001,0.006,TP,0.006140578585211679,0.025229824132908616,0.006,10,2803.0,CHOP,0.001374843649440807,False,0.0
ETHUSDT,2026-09-03 13:35:00+00:00,0.0005000000000000001,0.0019,BE_STOP,0.004342321760681658,0.004156752454669513,0.006,10,37.0,CHOP,0.0011452277171028228,False,0.0
ETHUSDT,2026-09-03 13:48:00+00:00,0.0005000000000000001,0.0019,BE_STOP,0.004214415610657192,0.0015546327644011513,0.006,10,13.0,CHOP,0.0012815852894862943,False,0.0
BTCUSDT,2026-09-03 13:54:00+00:00,0.0005000000000000001,0.0019,BE_STOP,0.004091402205058447,0.00271403553173614,0.006,10,58.0,CHOP,0.0009884663482668456,False,0.0
BTCUSDT,2026-09-03 14:23:00+00:00,0.004600000000000001,0.006,TP,0.0063632336346339,0.0014990981293640608,0.006,10,35.0,CHOP,0.0014116038935569424,False,0.0
BTCUSDT,2026-09-03 14:30:00+00:00,-0.0414,-0.04,MAE_KILL,0.001597171246745356,0.04003358622964584,0.006,10,1537.0,CHOP,0.0003743806654178619,False,0.0
BTCUSDT,2026-09-03 14:30:00+00:00,-0.0414,-0.04,MAE_KILL,0.0013026674038452645,0.04015971041403703,0.006,10,1529.0,CHOP,0.00046346868307831806,False,0.0
BTCUSDT,2026-09-03 14:32:00+00:00,-0.0414,-0.04,MAE_KILL,0.0023243088308100446,0.040420043255074575,0.006,10,1546.0,CHOP,0.00043394667192774353,False,0.0
NEARUSDT,2026-09-03 14:32:00+00:00,0.004600000000000001,0.006,TP,0.0066736183524505445,0.001251303441084441,0.006,10,9.0,CHOP,0.0015492328318188703,False,0.0
BTCUSDT,2026-09-03 14:48:00+00:00,-0.0414,-0.04,MAE_KILL,0.0,0.04000776849873762,0.006,10,557.0,CHOP,0.001006205550777326,False,0.0
BTCUSDT,2026-09-03 14:48:00+00:00,0.004600000000000001,0.006,TP,0.007556201127409218,0.0021399201732006457,0.006,10,15.0,TREND,0.0015131934267787917,False,0.0
ETHUSDT,2026-09-03 14:48:00+00:00,0.004600000000000001,0.006,TP,0.00970217617002216,0.0023329194063880536,0.006,10,13.0,TREND,0.0017649573519532616,False,0.0
BTCUSDT,2026-09-03 14:48:00+00:00,0.004600000000000001,0.006,TP,0.007843171697831565,0.0018557112367768866,0.006,10,10.0,TREND,0.0015320865252922624,False,0.0
BTCUSDT,2026-09-03 14:48:00+00:00,0.004600000000000001,0.006,TP,0.009364185383727994,0.00015707503662989853,0.006,10,8.0,TREND,0.001514472624603564,False,0.0
BTCUSDT,2026-09-03 14:49:00+00:00,-0.0414,-0.04,MAE_KILL,0.0023106796116504854,0.041843365695792806,0.006,10,565.0,CHOP,0.0008289412852519783,False,0.0
SOLUSDT,2026-09-03 14:59:00+00:00,-0.0414,-0.04,MAE_KILL,0.00148929199058759,0.0407569574757494,0.006,10,160.0,CHOP,0.0009935705137206418,False,0.0
ETHUSDT,2026-09-03 15:00:00+00:00,0.004600000000000001,0.006,TP,0.009302400762942331,0.0009213498583627452,0.006,10,8.0,TREND,0.0023937200424189956,False,0.0
ETHUSDT,2026-09-03 15:00:00+00:00,0.004600000000000001,0.006,TP,0.007734579258255088,0.002473290081017442,0.006,10,5.0,TREND,0.0023035431854546485,False,0.0
SOLUSDT,2026-09-03 15:01:00+00:00,-0.0414,-0.04,MAE_KILL,0.0024746862275331497,0.041300639869068324,0.006,10,67.0,CHOP,0.001496502058482576,False,0.0
BTCUSDT,2026-09-03 15:01:00+00:00,0.004600000000000001,0.006,TP,0.0069209194348683455,0.002885688380527234,0.006,10,11.0,TREND,0.001806068361226441,False,0.0
BTCUSDT,2026-09-03 15:01:00+00:00,0.004600000000000001,0.006,TP,0.007459199326105152,0.0,0.006,10,4.0,TREND,0.0018530508182208372,False,0.0
NEARUSDT,2026-09-03 15:04:00+00:00,0.004600000000000001,0.006,TP,0.006938376933751384,0.0005139538469444878,0.006,10,4.0,TREND,0.0028120617625680073,False,0.0
BTCUSDT,2026-09-03 15:45:00+00:00,0.0005000000000000001,0.0019,BE_STOP,0.0031306911802965556,0.0015721595202992452,0.006,10,21.0,TREND,0.0013440255991391337,False,0.0
BTCUSDT,2026-09-03 15:46:00+00:00,0.0005000000000000001,0.0019,BE_STOP,0.003432776446940058,0.004717898892960541,0.006,10,40.0,TREND,0.0022079356089743803,False,0.0
BTCUSDT,2026-09-03 15:47:00+00:00,0.0005000000000000001,0.0019,BE_STOP,0.004093522289296961,0.0040625201513897116,0.006,10,39.0,TREND,0.0022348112554413436,False,0.0
SOLUSDT,2026-09-03 15:50:00+00:00,0.0005000000000000001,0.0019,BE_STOP,0.004587684275184222,0.004606879606879645,0.006,10,29.0,TREND,0.0026215338715338704,False,0.0
SOLUSDT,2026-09-03 15:50:00+00:00,0.0005000000000000001,0.0019,BE_STOP,0.0047882701774250355,8.636158636638751e-05,0.006,10,5.0,TREND,0.0018225036360969347,False,0.0
BTCUSDT,2026-09-03 15:51:00+00:00,0.004600000000000001,0.006,TP,0.006499345470081685,0.0025311802155602117,0.006,10,41.0,TREND,0.0022023184091995687,False,0.0
BTCUSDT,2026-09-03 15:51:00+00:00,0.004600000000000001,0.006,TP,0.006278132702540009,0.0012466861616593613,0.006,10,37.0,TREND,0.0020554001928212865,False,0.0
ETHUSDT,2026-09-03 15:52:00+00:00,0.004600000000000001,0.006,TP,0.0067778811004937526,0.006685692297826064,0.006,10,49.0,TREND,0.002567257743859413,False,0.0
BTCUSDT,2026-09-03 15:52:00+00:00,0.004600000000000001,0.006,TP,0.00878967579227468,0.0007186137085184733,0.006,10,33.0,TREND,0.0014775641105200554,False,0.0
NEARUSDT,2026-09-03 15:52:00+00:00,0.004600000000000001,0.006,TP,0.006895502712569111,0.0007605333874156239,0.006,10,5.0,TREND,0.0022453842866559165,False,0.0
BTCUSDT,2026-09-03 16:33:00+00:00,0.0005000000000000001,0.0019,BE_STOP,0.004681381934065391,0.0009906248842006088,0.006,10,26.0,TREND,0.00167501010211518,False,0.0
XRPUSDT,2026-09-03 18:08:00+00:00,0.0005000000000000001,0.0019,BE_STOP,0.003346537358284474,0.01625461002595277,0.006,10,129.0,TREND,0.003166038987648077,False,0.0
BTCUSDT,2026-09-03 18:26:00+00:00,0.0005000000000000001,0.0019,BE_STOP,0.0055894943727804874,0.0015213715597521772,0.006,10,111.0,TREND,0.001049852395153042,False,0.0
SOLUSDT,2026-09-03 19:04:00+00:00,0.004600000000000001,0.006,TP,0.006316571711667048,0.01105161868104644,0.006,10,187.0,TREND,0.002262723652369402,False,0.0
BTCUSDT,2026-09-03 19:05:00+00:00,0.004600000000000001,0.006,TP,0.006090279583514556,0.006971410684731256,0.006,10,190.0,TREND,0.0014078732100759094,False,0.0
SOLUSDT,2026-09-03 19:05:00+00:00,0.004600000000000001,0.006,TP,0.008675281637161834,0.004151945986610859,0.006,10,57.0,TREND,0.0011359354190105266,False,0.0
BTCUSDT,2026-09-03 19:06:00+00:00,0.0005000000000000001,0.0019,BE_STOP,0.005825020236031451,0.007233226270249963,0.006,10,193.0,TREND,0.0013007557425184688,False,0.0
BTCUSDT,2026-09-03 19:06:00+00:00,0.0005000000000000001,0.0019,BE_STOP,0.005624309433097586,0.00743133132060415,0.006,10,185.0,TREND,0.0013899762283974334,False,0.0
NEARUSDT,2026-09-03 19:19:00+00:00,0.0005000000000000001,0.0019,BE_STOP,0.0035633626097866422,0.0005520702634881309,0.006,10,6.0,TREND,0.002018282846388274,False,0.0
XRPUSDT,2026-09-03 19:48:00+00:00,0.0005000000000000001,0.0019,BE_STOP,0.005877930421707293,0.002323832957419226,0.006,10,37.0,TREND,0.0018893347784059483,False,0.0
BTCUSDT,2026-09-03 19:52:00+00:00,0.004600000000000001,0.006,TP,0.006334476100405988,0.0009100267959174915,0.006,10,46.0,TREND,0.0010321142879660386,False,0.0
NEARUSDT,2026-09-03 20:02:00+00:00,0.0005000000000000001,0.0019,BE_STOP,0.003740585351058915,0.0016680988727695903,0.006,10,10.0,CHOP,0.0018377972429430732,False,0.0
ETHUSDT,2026-09-03 20:39:00+00:00,0.0005000000000000001,0.0019,BE_STOP,0.003287795702352866,0.003742109290314302,0.006,10,82.0,TREND,0.0018277866843989534,False,0.0
ETHUSDT,2026-09-03 20:39:00+00:00,0.0005000000000000001,0.0019,BE_STOP,0.0033910597161231795,0.0029726563433936245,0.006,10,37.0,CHOP,0.0012663106158328588,False,0.0
BTCUSDT,2026-09-03 21:32:00+00:00,0.004600000000000001,0.006,TP,0.0062091828155740655,0.002836414605019212,0.006,10,51.0,CHOP,0.0007725315416773249,False,0.0
BTCUSDT,2026-09-03 21:34:00+00:00,0.004600000000000001,0.006,TP,0.009071435406815896,0.003234014570241739,0.006,10,132.0,TREND,0.0008672178676325273,False,0.0
BTCUSDT,2026-09-03 21:34:00+00:00,0.004600000000000001,0.006,TP,0.008863495303304318,0.0034394188804960685,0.006,10,55.0,CHOP,0.0007969470689064753,False,0.0
NEARUSDT,2026-09-03 21:36:00+00:00,0.0005000000000000001,0.0019,BE_STOP,0.003928481490808375,0.0014605892722236841,0.006,10,3.0,CHOP,0.001129618304133543,False,0.0
XRPUSDT,2026-09-03 22:04:00+00:00,0.0005000000000000001,0.0019,BE_STOP,0.003968797043930496,0.014780347611879064,0.006,10,169.0,TREND,0.001969735478699497,False,0.0
XRPUSDT,2026-09-03 22:05:00+00:00,0.0005000000000000001,0.0019,BE_STOP,0.005601858177346622,0.013116545976226333,0.006,10,137.0,TREND,0.0011906388460562408,False,0.0
SOLUSDT,2026-09-03 22:16:00+00:00,0.0005000000000000001,0.0019,BE_STOP,0.0038564083031803575,0.002609026852028194,0.006,10,36.0,CHOP,0.0016398237070489887,False,0.0
SOLUSDT,2026-09-03 22:32:00+00:00,0.004600000000000001,0.006,TP,0.007044340154650592,0.012416007952362218,0.006,10,246.0,TREND,0.001048663159288921,False,0.0
BTCUSDT,2026-09-03 22:32:00+00:00,0.004600000000000001,0.006,TP,0.006959250417702091,0.00048701258872353194,0.006,10,28.0,CHOP,0.0008205960585452698,False,0.0
ETHUSDT,2026-09-03 22:32:00+00:00,0.004600000000000001,0.006,TP,0.006188899086229506,3.990263756430671e-05,0.006,10,24.0,CHOP,0.0009773296014866314,False,0.0
BTCUSDT,2026-09-03 23:18:00+00:00,0.0005000000000000001,0.0019,BE_STOP,0.005967433597855881,0.0002790703392486872,0.006,10,62.0,CHOP,0.0007560716239557913,False,0.0
NEARUSDT,2026-09-04 00:32:00+00:00,0.0005000000000000001,0.0019,BE_STOP,0.0030287474332648954,0.006981519507186887,0.006,10,114.0,CHOP,0.0017343795834555552,False,0.0
ETHUSDT,2026-09-04 00:36:00+00:00,0.004600000000000001,0.006,TP,0.006226201296491196,0.0011851804397179735,0.006,10,78.0,CHOP,0.0007181438426958871,False,0.0
XRPUSDT,2026-09-04 01:06:00+00:00,0.0005000000000000001,0.0019,BE_STOP,0.004500450045004466,0.02679498719102692,0.006377780635206378,10,542.0,TREND,0.003986112897003987,False,0.0
XRPUSDT,2026-09-04 01:34:00+00:00,0.004600000000000001,0.006,TP,0.006855480922373811,0.0013156983588394244,0.006,10,28.0,CHOP,0.0015877412525844084,False,0.0
BTCUSDT,2026-09-04 01:51:00+00:00,0.0005000000000000001,0.0019,BE_STOP,0.0031520191812652145,0.005116320989879818,0.006,10,197.0,CHOP,0.0010296842918821412,False,0.0
BTCUSDT,2026-09-04 01:58:00+00:00,0.0005000000000000001,0.0019,BE_STOP,0.004589910088062694,0.0036665035191777457,0.006,10,202.0,CHOP,0.0010284632193408322,False,0.0
BTCUSDT,2026-09-04 04:38:00+00:00,0.0005000000000000001,0.0019,BE_STOP,0.0037656759073316282,0.004104080367354133,0.006,10,160.0,CHOP,0.00045485229298134134,False,0.0
BTCUSDT,2026-09-04 04:44:00+00:00,0.0005000000000000001,0.0019,BE_STOP,0.005128718846774258,0.0027517240014642884,0.006,10,173.0,CHOP,0.00047887948031905193,False,0.0
BTCUSDT,2026-09-04 06:39:00+00:00,0.0005000000000000001,0.0019,BE_STOP,0.0032621501480096155,0.005785490114546516,0.006,10,304.0,CHOP,0.0006953195605961911,False,0.0
BTCUSDT,2026-09-04 07:08:00+00:00,0.0005000000000000001,0.0019,BE_STOP,0.005704649517740532,0.0013184517820701465,0.006,10,144.0,CHOP,0.0005028845982575767,False,0.0
BTCUSDT,2026-09-04 08:06:00+00:00,0.0005000000000000001,0.0019,BE_STOP,0.0033998181146867954,0.0028311167609546255,0.006,10,87.0,CHOP,0.0006849019260090057,False,0.0
ETHUSDT,2026-09-04 08:46:00+00:00,0.004600000000000001,0.006,TP,0.008218024018248081,0.006962271798825308,0.006,10,248.0,CHOP,0.0012151616752597496,False,0.0
BTCUSDT,2026-09-04 09:24:00+00:00,0.0005000000000000001,0.0019,BE_STOP,0.005116987086347029,0.005343282068657543,0.006,10,136.0,CHOP,0.0004740535402269153,False,0.0
SOLUSDT,2026-09-04 10:32:00+00:00,0.0005000000000000001,0.0019,BE_STOP,0.004884192714092007,0.005336076685671361,0.006,10,67.0,CHOP,0.001655076552441211,False,0.0
BTCUSDT,2026-09-04 12:02:00+00:00,0.0005000000000000001,0.0019,BE_STOP,0.004136121842844609,0.0031292377665436337,0.006,10,195.0,CHOP,0.0009380486015469586,False,0.0
ETHUSDT,2026-09-04 12:30:00+00:00,0.004600000000000001,0.006,TP,0.013021963014733084,0.022878809787760496,0.006,10,1241.0,TREND,0.0011674091721809612,False,0.0
SOLUSDT,2026-09-04 12:30:00+00:00,0.004600000000000001,0.006,TP,0.02409952766857586,0.011668228225907702,0.006,10,264.0,CHOP,0.0009245166640678936,False,0.0
NEARUSDT,2026-09-04 12:30:00+00:00,0.004600000000000001,0.006,TP,0.029576338928856877,0.013988808952837743,0.006,10,118.0,CHOP,0.002258907159986262,False,0.0
BTCUSDT,2026-09-04 12:30:00+00:00,0.004600000000000001,0.006,TP,0.012853796687732302,0.001955423249945621,0.006,10,28.0,CHOP,0.0005764705323225579,False,0.0
ETHUSDT,2026-09-04 12:39:00+00:00,0.0005000000000000001,0.0019,BE_STOP,0.006100816294925686,0.003561866026563303,0.00829464165636664,10,6.0,CHOP,0.00518415103522915,False,0.0
SOLUSDT,2026-09-04 12:40:00+00:00,0.0005000000000000001,0.0019,BE_STOP,0.006708504652672602,0.0020164860026361696,0.009770190856535807,10,5.0,CHOP,0.0061063692853348785,False,0.0
BTCUSDT,2026-09-04 12:45:00+00:00,0.004600000000000001,0.006,TP,0.007129647471590305,0.002132137467811408,0.006,10,6.0,CHOP,0.003631765845259873,False,0.0
BTCUSDT,2026-09-04 12:45:00+00:00,0.004600000000000001,0.006,TP,0.007386743890768759,0.0018726427780661502,0.006,10,4.0,CHOP,0.0036972140886927405,False,0.0
ETHUSDT,2026-09-04 12:49:00+00:00,0.0005000000000000001,0.0019,BE_STOP,0.00612000604646793,0.008211757111749311,0.009934416833927009,10,12.0,CHOP,0.00620901052120438,False,0.0
ETHUSDT,2026-09-04 12:58:00+00:00,0.0005000000000000001,0.0019,BE_STOP,0.0030054277127348947,0.002100129270092973,0.006,10,7.0,CHOP,0.0033872958782122553,False,0.0
BTCUSDT,2026-09-04 13:17:00+00:00,0.0005000000000000001,0.0019,BE_STOP,0.0032950277439572954,0.002608825940190866,0.006,10,28.0,CHOP,0.002441727257176718,False,0.0
BTCUSDT,2026-09-04 13:21:00+00:00,0.0005000000000000001,0.0019,BE_STOP,0.004160182761219059,0.0008051155026248024,0.006,10,23.0,CHOP,0.002051427112156736,False,0.0
BTCUSDT,2026-09-04 13:35:00+00:00,0.004600000000000001,0.006,TP,0.006912054653455326,1.1302414949254408e-05,0.006,10,42.0,CHOP,0.0021714988975660363,False,0.0
BTCUSDT,2026-09-04 13:38:00+00:00,0.0005000000000000001,0.0019,BE_STOP,0.005191669638435493,0.003427510052559355,0.006,10,51.0,CHOP,0.0026578504291498027,False,0.0
SOLUSDT,2026-09-04 13:38:00+00:00,0.0005000000000000001,0.0019,BE_STOP,0.003915303214099091,0.003806818742171816,0.006,10,21.0,TREND,0.0019893516150801854,False,0.0
SOLUSDT,2026-09-04 13:47:00+00:00,0.004600000000000001,0.006,TP,0.006449389523434434,0.0010338716029933436,0.006,10,7.0,TREND,0.002195746356833389,False,0.0
ETHUSDT,2026-09-04 13:53:00+00:00,0.0005000000000000001,0.0019,BE_STOP,0.005202489033969193,0.00675303478526989,0.006,10,31.0,TREND,0.0012579239591378425,False,0.0
SOLUSDT,2026-09-04 13:54:00+00:00,0.0005000000000000001,0.0019,BE_STOP,0.005993386607881047,0.0017222375310002476,0.006,10,16.0,TREND,0.002226958570697494,False,0.0
SOLUSDT,2026-09-04 13:54:00+00:00,0.0005000000000000001,0.0019,BE_STOP,0.005835006100680949,0.0018794033140473343,0.006,10,12.0,TREND,0.0023959932302121405,False,0.0
SOLUSDT,2026-09-04 14:19:00+00:00,0.004600000000000001,0.006,TP,0.007271188775409846,0.0011807072436389844,0.006,10,19.0,TREND,0.0017478684017440797,False,0.0
NEARUSDT,2026-09-04 14:20:00+00:00,-0.0264,-0.025,MAE_KILL,0.0020756340808991,0.025970738621981532,0.006,10,22.0,CHOP,0.003095370685103878,False,0.0
BTCUSDT,2026-09-04 14:23:00+00:00,0.0005000000000000001,0.0019,BE_STOP,0.0035264743952500093,0.002649267040319993,0.006,10,28.0,TREND,0.0015925490669859088,False,0.0
SOLUSDT,2026-09-04 14:43:00+00:00,0.004600000000000001,0.006,TP,0.007615867873088632,0.0012248607214824293,0.006,10,18.0,TREND,0.0016192715183193092,False,0.0
ETHUSDT,2026-09-04 14:45:00+00:00,0.0005000000000000001,0.0019,BE_STOP,0.004346920182537912,0.003999656822090837,0.006,10,25.0,TREND,0.0015422578655151249,False,0.0
BTCUSDT,2026-09-04 14:47:00+00:00,0.004600000000000001,0.006,TP,0.006000757193336699,0.0025605754669358175,0.006,10,25.0,TREND,0.0013441984567678636,False,0.0
BTCUSDT,2026-09-04 14:56:00+00:00,0.0005000000000000001,0.0019,BE_STOP,0.004964179935701049,0.0014543199250689083,0.006,10,12.0,TREND,0.0012019882757548384,False,0.0
BTCUSDT,2026-09-05 16:55:00+00:00,0.004600000000000001,0.006,TP,0.0063891825914864685,0.012818548721284502,0.006,10,1627.0,TREND,0.0018547214401780025,False,0.0
ETHUSDT,2026-09-05 17:01:00+00:00,0.0005000000000000001,0.0019,BE_STOP,0.004082408823505671,0.0011571545327281041,0.006,10,6.0,TREND,0.0008464799266634519,False,0.0
ETHUSDT,2026-09-05 17:28:00+00:00,0.0005000000000000001,0.0019,BE_STOP,0.0031745518220309484,0.00031947718973303986,0.006,10,27.0,TREND,0.0012588441165069164,False,0.0
BTCUSDT,2026-09-05 21:35:00+00:00,-0.026779390191178844,-0.025379390191178845,MAX_AGE,0.0,0.03990649891184068,0.006,10,2880.0,TREND,0.0014203469896704234,False,0.0
BTCUSDT,2026-09-05 21:37:00+00:00,-0.025362935239409332,-0.023962935239409334,MAX_AGE,0.00018224159609384316,0.038476215637062834,0.006,10,2880.0,TREND,0.001552635496539329,False,0.0
BTCUSDT,2026-09-05 21:50:00+00:00,0.0005000000000000001,0.0019,BE_STOP,0.0043100646509698,0.0013725205878088534,0.006,10,261.0,CHOP,0.0004142919286646312,False,0.0
BTCUSDT,2026-09-06 00:32:00+00:00,-0.01817047451323531,-0.016770474513235312,MAX_AGE,0.0018977083510244997,0.0325157926993608,0.006,10,2880.0,CHOP,0.0006682591664113109,False,0.0
BTCUSDT,2026-09-06 00:36:00+00:00,-0.018995123907763596,-0.017595123907763598,MAX_AGE,0.0016228213715363865,0.03278123777347424,0.006,10,2880.0,CHOP,0.0005638482573257262,False,0.0
SOLUSDT,2026-09-06 01:21:00+00:00,0.0005000000000000001,0.0019,BE_STOP,0.0033383004663944307,0.0013256439533218553,0.006,10,45.0,CHOP,0.0004879586188974288,False,0.0
SOLUSDT,2026-09-06 02:40:00+00:00,-0.0414,-0.04,MAE_KILL,0.001986985246634572,0.040127167055784625,0.006,10,2148.0,TREND,0.0021360091401321584,False,0.0
NEARUSDT,2026-09-06 02:48:00+00:00,0.0005000000000000001,0.0019,BE_STOP,0.004671847625892701,0.0019316293068596165,0.006,10,8.0,CHOP,0.0017262733672598265,False,0.0
BTCUSDT,2026-09-06 04:05:00+00:00,0.0005000000000000001,0.0019,BE_STOP,0.0035925832641005707,0.0016077029396027846,0.006,10,390.0,CHOP,0.00011080816385864329,False,0.0
BTCUSDT,2026-09-06 04:07:00+00:00,0.0005000000000000001,0.0019,BE_STOP,0.003629054490955006,0.0015714206946330369,0.006,10,390.0,CHOP,7.608268343807413e-05,False,0.0
ETHUSDT,2026-09-06 04:28:00+00:00,0.0005000000000000001,0.0019,BE_STOP,0.003400301716912902,0.0008141567491199779,0.006,10,21.0,TREND,0.0004256078523936048,False,0.0
BTCUSDT,2026-09-06 06:54:00+00:00,0.0005000000000000001,0.0019,BE_STOP,0.003077754928600769,0.002429411271417004,0.006,10,332.0,CHOP,0.00028501373126063666,False,0.0
ETHUSDT,2026-09-06 07:13:00+00:00,0.004600000000000001,0.006,TP,0.00804323840286546,0.00860290707900922,0.006,10,265.0,CHOP,0.0004934221797838594,False,0.0
BTCUSDT,2026-09-06 07:15:00+00:00,0.0005000000000000001,0.0019,BE_STOP,0.0030405502831786727,0.00018305993457477142,0.006,10,21.0,CHOP,0.0003599402529630051,False,0.0
BTCUSDT,2026-09-06 07:17:00+00:00,0.0005000000000000001,0.0019,BE_STOP,0.004686608117445526,0.0024008852481999985,0.006,10,169.0,CHOP,0.0001615670953187215,False,0.0
BTCUSDT,2026-09-06 07:23:00+00:00,0.0005000000000000001,0.0019,BE_STOP,0.005505734619088678,0.0015759258564406588,0.006,10,198.0,CHOP,0.00014615729598281067,False,0.0
SOLUSDT,2026-09-06 07:42:00+00:00,0.0005000000000000001,0.0019,BE_STOP,0.0030530140191360063,0.0018356127903216397,0.006,10,24.0,CHOP,0.0014687619736030691,False,0.0
ETHUSDT,2026-09-06 13:37:00+00:00,0.0005000000000000001,0.0019,BE_STOP,0.003907659011662859,0.0036311169892990045,0.006,10,381.0,CHOP,0.0013698277194729826,False,0.0
NEARUSDT,2026-09-06 13:39:00+00:00,0.004600000000000001,0.006,TP,0.006778392315049594,0.00020792614463349565,0.006,10,2.0,CHOP,0.0033357294346191436,False,0.0
BTCUSDT,2026-09-06 14:32:00+00:00,0.004600000000000001,0.006,TP,0.00609718582730758,0.004353159650592041,0.006,10,438.0,CHOP,0.0003911189014016297,False,0.0
BTCUSDT,2026-09-06 14:32:00+00:00,0.004600000000000001,0.006,TP,0.007796469527962627,0.0004913530634985729,0.006,10,52.0,CHOP,0.00026788053316103373,False,0.0
BTCUSDT,2026-09-06 14:50:00+00:00,-0.011981560859515428,-0.010581560859515428,MAX_AGE,0.0010757899063504957,0.01707435890279571,0.006,10,2880.0,TREND,0.0016847275891903254,False,0.0
BTCUSDT,2026-09-06 14:56:00+00:00,-0.009570530850120286,-0.008170530850120285,MAX_AGE,0.0021373368807804014,0.015731660965412352,0.006,10,2880.0,TREND,0.0017595156648748068,False,0.0
NEARUSDT,2026-09-06 15:01:00+00:00,0.0064074763664283135,0.007807476366428313,TP,0.010119247564662509,0.024815250251931445,0.007807476366428313,10,29.0,CHOP,0.004879672729017696,False,0.0
BTCUSDT,2026-09-06 19:36:00+00:00,0.0005000000000000001,0.0019,BE_STOP,0.0037795552430341917,0.003628875299790304,0.006,10,285.0,CHOP,0.0006351877131268981,False,0.0
SOLUSDT,2026-09-06 22:18:00+00:00,0.004600000000000001,0.006,TP,0.006460658191394651,0.006214357439230082,0.006,10,162.0,CHOP,0.0006218417341738116,False,0.0
BTCUSDT,2026-09-06 23:03:00+00:00,0.004600000000000001,0.006,TP,0.006442325401329957,0.008246477205669511,0.006,10,940.0,CHOP,0.0005466150407196145,False,0.0
BTCUSDT,2026-09-06 23:38:00+00:00,0.004600000000000001,0.006,TP,0.006604275564180412,0.008949262887727351,0.006,10,1548.0,CHOP,0.0004649374225887131,False,0.0
BTCUSDT,2026-09-06 23:38:00+00:00,0.004600000000000001,0.006,TP,0.0063951152284854144,0.009155191384056257,0.006,10,1385.0,CHOP,0.00020304933428248544,False,0.0
BTCUSDT,2026-09-06 23:56:00+00:00,0.0005000000000000001,0.0019,BE_STOP,0.004459375537781127,0.0016286198132948976,0.006,10,52.0,CHOP,0.0008317683119966703,False,0.0
NEARUSDT,2026-09-07 00:07:00+00:00,0.0005000000000000001,0.0019,BE_STOP,0.0032046014790468483,0.004478225143796183,0.006,10,29.0,CHOP,0.002021950933208115,False,0.0
XRPUSDT,2026-09-07 01:29:00+00:00,0.0005000000000000001,0.0019,BE_STOP,0.0034766567333616464,0.011707109408258805,0.006,10,190.0,CHOP,0.00145451965375339,False,0.0
ETHUSDT,2026-09-07 01:44:00+00:00,0.004600000000000001,0.006,TP,0.006131112711415907,0.0033022865350261924,0.006,10,107.0,CHOP,0.0010293357857026155,False,0.0
ETHUSDT,2026-09-07 01:44:00+00:00,0.004600000000000001,0.006,TP,0.006004560123195009,0.003430040308942334,0.006,10,97.0,CHOP,0.0009299877271179346,False,0.0
SOLUSDT,2026-09-07 04:01:00+00:00,0.0005000000000000001,0.0019,BE_STOP,0.0035618029961048277,0.02201841852137556,0.006,10,1219.0,CHOP,0.0007251493494743608,False,0.0
BTCUSDT,2026-09-07 04:21:00+00:00,0.0005000000000000001,0.0019,BE_STOP,0.0037133597010268644,0.007230026597377419,0.006,10,157.0,CHOP,0.0004324020164681428,False,0.0
ETHUSDT,2026-09-07 05:04:00+00:00,0.0005000000000000001,0.0019,BE_STOP,0.004932739008179923,0.012877044989775146,0.006,10,215.0,CHOP,0.0010179301782062343,False,0.0
BTCUSDT,2026-09-07 05:05:00+00:00,0.0005000000000000001,0.0019,BE_STOP,0.0044617532699279695,0.006768390800999292,0.006,10,198.0,CHOP,0.0004027760509700015,False,0.0
ETHUSDT,2026-09-07 05:25:00+00:00,0.004600000000000001,0.006,TP,0.006173729220716855,0.0025423593094391233,0.006,10,64.0,CHOP,0.00047787203667861024,False,0.0
ETHUSDT,2026-09-07 05:51:00+00:00,0.0005000000000000001,0.0019,BE_STOP,0.004838064774090328,0.0005917632946821344,0.006,10,43.0,CHOP,0.0006748729079796554,False,0.0
BTCUSDT,2026-09-07 07:31:00+00:00,0.0005000000000000001,0.0019,BE_STOP,0.0030129451098693224,0.0038710941966255247,0.006,10,210.0,CHOP,0.0004764603118163134,False,0.0
BTCUSDT,2026-09-07 07:33:00+00:00,0.004600000000000001,0.006,TP,0.00809358941104375,0.0,0.006,10,101.0,CHOP,0.0002961724212189884,False,0.0
BTCUSDT,2026-09-07 07:40:00+00:00,0.004600000000000001,0.006,TP,0.006324811028520122,0.012223611538727336,0.006,10,1003.0,CHOP,0.0005462916170357583,False,0.0
BTCUSDT,2026-09-07 07:41:00+00:00,0.004600000000000001,0.006,TP,0.007688825740906062,0.012789981265167005,0.006,10,1027.0,CHOP,0.000981378330462372,False,0.0
BTCUSDT,2026-09-07 07:41:00+00:00,0.004600000000000001,0.006,TP,0.006462066048282358,0.014042058192585357,0.006,10,999.0,CHOP,0.0006110286214978483,False,0.0
BTCUSDT,2026-09-07 07:41:00+00:00,0.004600000000000001,0.006,TP,0.007098310722827412,0.00011574700221551198,0.006,10,10.0,CHOP,0.0006510768874624608,False,0.0
ETHUSDT,2026-09-07 07:43:00+00:00,0.0005000000000000001,0.0019,BE_STOP,0.005224420849420945,0.0005228442728441631,0.006,10,9.0,CHOP,0.0014576438683581608,False,0.0
SOLUSDT,2026-09-07 14:35:00+00:00,0.0005000000000000001,0.0019,BE_STOP,0.0034976762014279055,0.015293948541037702,0.006,10,404.0,TREND,0.0016365839134274036,False,0.0
SOLUSDT,2026-09-07 14:50:00+00:00,0.0005000000000000001,0.0019,BE_STOP,0.004977314930030536,0.014137488753182511,0.006,10,421.0,TREND,0.0017099264615393257,False,0.0
BTCUSDT,2026-09-07 14:52:00+00:00,0.0005000000000000001,0.0019,BE_STOP,0.003673546676765764,0.005078583601590645,0.006,10,430.0,TREND,0.0012919631022263126,False,0.0
BTCUSDT,2026-09-07 14:53:00+00:00,0.0005000000000000001,0.0019,BE_STOP,0.004134927074119509,0.004613150254190204,0.006,10,429.0,TREND,0.0012489141738104195,False,0.0
BTCUSDT,2026-09-07 14:53:00+00:00,0.0005000000000000001,0.0019,BE_STOP,0.004648605292297211,0.00409495968097902,0.006,10,426.0,TREND,0.0010363063964535049,False,0.0
BTCUSDT,2026-09-07 15:19:00+00:00,0.0005000000000000001,0.0019,BE_STOP,0.0035977275113566773,0.002531312500079138,0.006,10,44.0,CHOP,0.0006577219850101733,False,0.0
NEARUSDT,2026-09-07 15:28:00+00:00,0.004600000000000001,0.006,TP,0.006103025905851213,0.0015364261021721664,0.006,10,9.0,CHOP,0.002621679460055992,False,0.0
SOLUSDT,2026-09-07 15:33:00+00:00,0.004600000000000001,0.006,TP,0.00696011136178187,0.00025920414726622967,0.006,10,5.0,CHOP,0.001294649285817148,False,0.0
XRPUSDT,2026-09-07 15:40:00+00:00,0.004600000000000001,0.006,TP,0.00829486439699947,0.0009376803231389619,0.006,10,7.0,CHOP,0.0013137828703321992,False,0.0
NEARUSDT,2026-09-07 15:43:00+00:00,-0.0264,-0.025,MAE_KILL,0.0019488222335199042,0.02554651753940002,0.006,10,47.0,CHOP,0.00221209480233375,False,0.0
NEARUSDT,2026-09-07 15:49:00+00:00,0.0005000000000000001,0.0019,BE_STOP,0.004630431019560296,0.0026830534879696234,0.006,10,9.0,CHOP,0.0030354360889240676,False,0.0
SOLUSDT,2026-09-07 15:59:00+00:00,0.0005000000000000001,0.0019,BE_STOP,0.004394881028440957,0.0007647480203674035,0.006,10,10.0,CHOP,0.0015087524235459628,False,0.0
ETHUSDT,2026-09-07 18:31:00+00:00,0.0005000000000000001,0.0019,BE_STOP,0.0059265701183300115,0.0077907018878863275,0.006,10,221.0,CHOP,0.0007042978561621568,False,0.0
NEARUSDT,2026-09-07 22:36:00+00:00,0.004600000000000001,0.006,TP,0.009378407851690328,0.019105779716466768,0.006,10,397.0,CHOP,0.0030472036142701734,False,0.0
NEARUSDT,2026-09-07 22:40:00+00:00,0.004600000000000001,0.006,TP,0.006230256230256129,0.0006581256581256831,0.006,10,2.0,CHOP,0.0020213859499573997,False,0.0
BTCUSDT,2026-09-07 23:03:00+00:00,0.0005000000000000001,0.0019,BE_STOP,0.004570511037499684,0.0037373252079804515,0.006,10,272.0,CHOP,0.0001972336713277688,False,0.0
NEARUSDT,2026-09-07 23:08:00+00:00,0.004600000000000001,0.006,TP,0.006278887241649841,0.0026162030173542457,0.006,10,5.0,CHOP,0.0017223336530914905,False,0.0
BTCUSDT,2026-09-08 01:34:00+00:00,0.0005000000000000001,0.0019,BE_STOP,0.003419138079118844,0.006658919820138396,0.006,10,636.0,CHOP,0.0004142878795533879,False,0.0
BTCUSDT,2026-09-08 02:30:00+00:00,0.0005000000000000001,0.0019,BE_STOP,0.0049237165335214075,0.002092642748581934,0.006,10,201.0,CHOP,0.0005579778550167865,False,0.0
NEARUSDT,2026-09-08 02:47:00+00:00,0.004600000000000001,0.006,TP,0.006097037355088111,0.002275654787462275,0.006,10,17.0,CHOP,0.0016653376679138948,False,0.0
NEARUSDT,2026-09-08 02:59:00+00:00,-0.0264,-0.025,MAE_KILL,0.00012716174974575662,0.027043065445913905,0.006,10,85.0,CHOP,0.0012140919440003816,False,0.0
BTCUSDT,2026-09-08 05:00:00+00:00,0.004600000000000001,0.006,TP,0.0075078472742809675,0.00024271875343708266,0.006,10,133.0,CHOP,0.00041834672048857656,False,0.0
BTCUSDT,2026-09-08 05:19:00+00:00,0.0005000000000000001,0.0019,BE_STOP,0.004954316110462545,0.0009328157220007101,0.006,10,139.0,CHOP,0.000462786681955282,False,0.0
ETHUSDT,2026-09-08 06:09:00+00:00,0.0005000000000000001,0.0019,BE_STOP,0.0035756516685700513,0.011752028960357038,0.006,10,449.0,CHOP,0.0010025892053601134,False,0.0
ETHUSDT,2026-09-08 06:22:00+00:00,0.004600000000000001,0.006,TP,0.007031628207197147,0.0020937550427624655,0.006,10,82.0,CHOP,0.0005489407316904413,False,0.0
XRPUSDT,2026-09-08 06:24:00+00:00,0.0005000000000000001,0.0019,BE_STOP,0.004901960784313666,0.0012975778546712976,0.006,10,14.0,CHOP,0.001184297248311073,False,0.0
BTCUSDT,2026-09-08 06:53:00+00:00,0.004600000000000001,0.006,TP,0.0060835439501124,0.00938567636562226,0.006,10,910.0,CHOP,0.0008747929363396201,False,0.0
BTCUSDT,2026-09-08 07:54:00+00:00,0.0005000000000000001,0.0019,BE_STOP,0.003352803142376093,0.0020532571545171657,0.006,10,90.0,TREND,0.0007910596774546249,False,0.0
BTCUSDT,2026-09-08 07:56:00+00:00,0.0005000000000000001,0.0019,BE_STOP,0.0037873090092316935,0.0016163944206348162,0.006,10,94.0,TREND,0.000772595012341475,False,0.0
NEARUSDT,2026-09-08 08:48:00+00:00,0.0005000000000000001,0.0019,BE_STOP,0.004833002502804718,0.012211961681194533,0.006,10,52.0,CHOP,0.002536709859571689,False,0.0
SOLUSDT,2026-09-08 09:41:00+00:00,0.004600000000000001,0.006,TP,0.006086787690515438,0.0013202601689157353,0.006,10,53.0,CHOP,0.0008584464753768898,False,0.0
XRPUSDT,2026-09-08 10:20:00+00:00,0.004600000000000001,0.006,TP,0.006888633754305434,0.009471871412169833,0.006,10,301.0,CHOP,0.0012762424143021231,False,0.0
BTCUSDT,2026-09-08 10:27:00+00:00,0.0005000000000000001,0.0019,BE_STOP,0.0035182858108510867,0.0008652772254206736,0.006,10,45.0,CHOP,0.000510235846582215,False,0.0
ETHUSDT,2026-09-08 13:39:00+00:00,0.004600000000000001,0.006,TP,0.007698894881878499,0.01423301230930327,0.006,10,405.0,TREND,0.0008114017160320045,False,0.0
BTCUSDT,2026-09-08 13:39:00+00:00,0.004600000000000001,0.006,TP,0.0060056071065924645,0.00876828855524405,0.006,10,345.0,CHOP,0.0006558654294417614,False,0.0
XRPUSDT,2026-09-08 16:01:00+00:00,-0.0414,-0.04,MAE_KILL,0.0025243418680130246,0.0421925712225027,0.006,10,140.0,CHOP,0.001864921951470839,False,0.0
SOLUSDT,2026-09-08 16:40:00+00:00,0.004600000000000001,0.006,TP,0.007218030659810705,0.005122783411024088,0.006,10,39.0,CHOP,0.0013544963374364206,False,0.0
BTCUSDT,2026-09-08 23:40:00+00:00,-0.02501888066177688,-0.02361888066177688,MAX_AGE,0.002877344924057159,0.03375495380186792,0.006,10,2880.0,CHOP,0.0006746472953544465,False,0.0
NEARUSDT,2026-09-09 00:03:00+00:00,0.004600000000000001,0.006,TP,0.006737787759685595,0.0047078132423445575,0.006,10,23.0,CHOP,0.0018078496461427188,False,0.0
ETHUSDT,2026-09-09 01:17:00+00:00,0.0005000000000000001,0.0019,BE_STOP,0.004079565596601153,0.0005506408736300681,0.006,10,73.0,CHOP,0.0003789603509861555,False,0.0
ETHUSDT,2026-09-09 05:01:00+00:00,0.0005000000000000001,0.0019,BE_STOP,0.0045570834665814245,0.010881036136872323,0.006,10,741.0,CHOP,0.0009625268399653064,False,0.0
BTCUSDT,2026-09-09 05:06:00+00:00,-0.00892220273183316,-0.00752220273183316,MAX_AGE,0.0025170206305350717,0.026241759455138992,0.006,10,2880.0,CHOP,0.0003752587017536794,False,0.0
BTCUSDT,2026-09-09 05:14:00+00:00,0.004600000000000001,0.006,TP,0.006549525632109697,0.015147285011599116,0.006,10,1127.0,CHOP,0.0005894699973095941,False,0.0
BTCUSDT,2026-09-09 05:26:00+00:00,-0.010257318249583444,-0.008857318249583444,MAX_AGE,0.00017539244058581075,0.027749589706969342,0.006,10,2880.0,CHOP,0.0004754387943022409,False,0.0
SOLUSDT,2026-09-09 05:27:00+00:00,0.0005000000000000001,0.0019,BE_STOP,0.00390433890045385,0.0019377799948197788,0.006,10,26.0,CHOP,0.0007749749554954604,False,0.0
BTCUSDT,2026-09-09 05:31:00+00:00,0.0005000000000000001,0.0019,BE_STOP,0.0054939832328954625,0.016456602601879488,0.006,10,1150.0,CHOP,0.0005198870605786456,False,0.0
XRPUSDT,2026-09-09 05:46:00+00:00,0.004600000000000001,0.006,TP,0.006009363426734638,0.0009083921459016539,0.006,10,20.0,CHOP,0.0010780917775537332,False,0.0
ETHUSDT,2026-09-09 06:15:00+00:00,0.0005000000000000001,0.0019,BE_STOP,0.005519257496126201,0.002567932395086118,0.006,10,69.0,CHOP,0.0007456759920856625,False,0.0
NEARUSDT,2026-09-09 06:19:00+00:00,0.004600000000000001,0.006,TP,0.008736587641545423,0.019466474405191083,0.006,10,51.0,CHOP,0.0029869193531774584,False,0.0
XRPUSDT,2026-09-09 06:33:00+00:00,0.0005000000000000001,0.0019,BE_STOP,0.0047442963789855,0.00781413521244687,0.006,10,78.0,CHOP,0.0009568328831567785,False,0.0
SOLUSDT,2026-09-09 07:14:00+00:00,0.0005000000000000001,0.0019,BE_STOP,0.004912502030946811,0.028653076048207556,0.006,10,2420.0,CHOP,0.0011523490033683015,False,0.0
BTCUSDT,2026-09-09 07:33:00+00:00,0.0005000000000000001,0.0019,BE_STOP,0.0037700723788131195,0.0,0.006,10,78.0,CHOP,0.0005804975584955286,False,0.0
BTCUSDT,2026-09-09 08:28:00+00:00,0.004600000000000001,0.006,TP,0.006942224367536177,0.0007973322853867223,0.006,10,128.0,CHOP,0.0005797221269005716,False,0.0
BTCUSDT,2026-09-09 08:36:00+00:00,0.004600000000000001,0.006,TP,0.0065211299252456575,0.000985869622844799,0.006,10,82.0,CHOP,0.0005484767620052296,False,0.0
ETHUSDT,2026-09-09 08:44:00+00:00,0.0005000000000000001,0.0019,BE_STOP,0.004003772939111586,0.0019620875337794624,0.006,10,71.0,CHOP,0.0006475855407054784,False,0.0
XRPUSDT,2026-09-09 08:59:00+00:00,0.0005000000000000001,0.0019,BE_STOP,0.003541420734671122,0.001249913200472206,0.006,10,31.0,TREND,0.0007340760066265203,False,0.0
SOLUSDT,2026-09-09 09:35:00+00:00,0.004600000000000001,0.006,TP,0.0065708418891170664,0.001346640561577817,0.006,10,51.0,TREND,0.0007851992332198891,False,0.0
ETHUSDT,2026-09-09 10:52:00+00:00,0.004600000000000001,0.006,TP,0.006503101386714205,0.010179115594228927,0.006,10,259.0,CHOP,0.0005729113334617952,False,0.0
BTCUSDT,2026-09-09 10:53:00+00:00,0.004600000000000001,0.006,TP,0.006173726676752359,0.000151285930408472,0.006,10,77.0,CHOP,0.0002794287155104256,False,0.0
NEARUSDT,2026-09-09 11:02:00+00:00,0.0005000000000000001,0.0019,BE_STOP,0.004817374136229018,0.006396841066140174,0.006,10,10.0,TREND,0.0034494429558595543,False,0.0
SOLUSDT,2026-09-09 11:09:00+00:00,0.0005000000000000001,0.0019,BE_STOP,0.003059609296579485,0.0017469693459964228,0.006,10,15.0,CHOP,0.0007025105617878218,False,0.0
BTCUSDT,2026-09-09 11:11:00+00:00,0.0005000000000000001,0.0019,BE_STOP,0.0032205119892202497,0.009794510312476972,0.006,10,339.0,TREND,0.000552521971522855,False,0.0
NEARUSDT,2026-09-09 11:16:00+00:00,0.004600000000000001,0.006,TP,0.006280308450592271,0.0014707051434930498,0.006,10,5.0,TREND,0.003690958854326356,False,0.0
BTCUSDT,2026-09-09 15:02:00+00:00,0.0005000000000000001,0.0019,BE_STOP,0.0033257946962326314,0.011386597630846899,0.006,10,554.0,CHOP,0.0004922371849360276,False,0.0
BTCUSDT,2026-09-09 15:02:00+00:00,0.0005000000000000001,0.0019,BE_STOP,0.0032322350753319876,0.01038425287545881,0.006,10,233.0,CHOP,0.0005446558936370594,False,0.0
BTCUSDT,2026-09-09 15:08:00+00:00,0.0005000000000000001,0.0019,BE_STOP,0.0030216127301804277,0.013594079317016295,0.006,10,828.0,CHOP,0.0005618648829363573,False,0.0
XRPUSDT,2026-09-09 15:08:00+00:00,0.0005000000000000001,0.0019,BE_STOP,0.003528332510055829,0.015312963093641982,0.006,10,232.0,CHOP,0.0008467998024133756,False,0.0
BTCUSDT,2026-09-09 15:11:00+00:00,0.004600000000000001,0.006,TP,0.007594243188263202,0.0006683644222135049,0.006,10,8.0,CHOP,0.0020297334296714657,False,0.0
NEARUSDT,2026-09-09 15:11:00+00:00,0.00718138911236263,0.00858138911236263,TP,0.014979121173811406,0.00015323909129217177,0.00858138911236263,10,6.0,TREND,0.005363368195226643,False,0.0
BTCUSDT,2026-09-09 15:16:00+00:00,0.0005000000000000001,0.0019,BE_STOP,0.0046998518179332096,0.0004082956518421743,0.006,10,8.0,CHOP,0.002494746396068529,False,0.0
SOLUSDT,2026-09-09 15:22:00+00:00,0.004600000000000001,0.006,TP,0.006762739736691097,0.0020628788837099617,0.006,10,8.0,CHOP,0.002908742630837807,False,0.0
BTCUSDT,2026-09-09 15:22:00+00:00,0.004600000000000001,0.006,TP,0.006475917601900282,1.2722824365967052e-06,0.006,10,6.0,CHOP,0.001941957384718029,False,0.0
BTCUSDT,2026-09-09 15:24:00+00:00,0.004600000000000001,0.006,TP,0.006051681949785507,0.00032481138648606303,0.006,10,5.0,CHOP,0.0015433544955078702,False,0.0
BTCUSDT,2026-09-09 15:28:00+00:00,0.0005000000000000001,0.0019,BE_STOP,0.004026931299658572,0.003210057755512301,0.006,10,16.0,CHOP,0.0028751031348433734,False,0.0
ETHUSDT,2026-09-09 15:31:00+00:00,0.0005000000000000001,0.0019,BE_STOP,0.005582047233946631,0.014917678899378147,0.006,10,268.0,CHOP,0.0007364482023759372,False,0.0
XRPUSDT,2026-09-09 19:50:00+00:00,0.004600000000000001,0.006,TP,0.008069653854321566,0.007998867417002807,0.006,10,258.0,CHOP,0.001976964070826905,False,0.0
BTCUSDT,2026-09-09 20:01:00+00:00,0.0005000000000000001,0.0019,BE_STOP,0.003000641991885009,0.007183161688783303,0.006,10,272.0,CHOP,0.0013248261963321188,False,0.0
ETHUSDT,2026-09-09 20:29:00+00:00,0.004600000000000001,0.006,TP,0.008080203501421525,0.010623971270387543,0.006,10,306.0,CHOP,0.0019045038497380081,False,0.0
BTCUSDT,2026-09-09 20:30:00+00:00,0.0005000000000000001,0.0019,BE_STOP,0.0034685660402948063,0.009641871515920619,0.006,10,305.0,CHOP,0.001411955138392623,False,0.0
BTCUSDT,2026-09-09 20:31:00+00:00,0.0005000000000000001,0.0019,BE_STOP,0.0044277197754439765,0.008670099086846744,0.006,10,304.0,CHOP,0.001384940639923111,False,0.0
BTCUSDT,2026-09-09 20:31:00+00:00,0.0005000000000000001,0.0019,BE_STOP,0.005058504930764907,0.0003576720658116601,0.006,10,40.0,CHOP,0.0006147032416768091,False,0.0
BTCUSDT,2026-09-09 20:31:00+00:00,0.0005000000000000001,0.0019,BE_STOP,0.00441881184195554,0.0010008474608768716,0.006,10,30.0,CHOP,0.0006443149545162968,False,0.0
BTCUSDT,2026-09-09 23:04:00+00:00,0.0005000000000000001,0.0019,BE_STOP,0.005735827045115384,0.0018560849782474932,0.006,10,154.0,CHOP,0.0008902154151357064,False,0.0
BTCUSDT,2026-09-10 00:17:00+00:00,0.0005000000000000001,0.0019,BE_STOP,0.003384365588313668,0.0004084799934437576,0.006,10,70.0,TREND,0.0004407669253036232,False,0.0
XRPUSDT,2026-09-10 01:04:00+00:00,0.0005000000000000001,0.0019,BE_STOP,0.005384836300976495,0.0011487650775416757,0.006,10,47.0,CHOP,0.0007025929268893221,False,0.0
ETHUSDT,2026-09-10 01:12:00+00:00,0.0005000000000000001,0.0019,BE_STOP,0.003884682845418847,0.01097352015457722,0.006,10,271.0,CHOP,0.0010639042769704345,False,0.0
ETHUSDT,2026-09-10 01:13:00+00:00,0.0005000000000000001,0.0019,BE_STOP,0.00470678855938221,0.01016358218636619,0.006,10,279.0,CHOP,0.0012929624041861443,False,0.0
BTCUSDT,2026-09-10 01:42:00+00:00,0.0005000000000000001,0.0019,BE_STOP,0.004275743271390745,0.0,0.006,10,23.0,CHOP,0.0007538503048078053,False,0.0
NEARUSDT,2026-09-10 01:46:00+00:00,0.0005000000000000001,0.0019,BE_STOP,0.0037243185724810134,0.0018416959973807689,0.006,10,4.0,CHOP,0.002756697342111098,False,0.0
BTCUSDT,2026-09-10 03:07:00+00:00,0.0005000000000000001,0.0019,BE_STOP,0.0033603266799716864,0.006890586230071256,0.006,10,391.0,CHOP,0.0009262345321844771,False,0.0
BTCUSDT,2026-09-10 03:07:00+00:00,0.0005000000000000001,0.0019,BE_STOP,0.0031731918937976385,0.00707580913838398,0.006,10,388.0,CHOP,0.0007838995732578753,False,0.0
NEARUSDT,2026-09-10 03:25:00+00:00,0.0005000000000000001,0.0019,BE_STOP,0.005769766423938545,0.0036210258246787267,0.006,10,18.0,CHOP,0.003635237072028283,False,0.0
ETHUSDT,2026-09-10 06:04:00+00:00,0.0005000000000000001,0.0019,BE_STOP,0.0031109351390225496,0.0018301995038663452,0.006,10,175.0,CHOP,0.0005500410366397598,False,0.0
BTCUSDT,2026-09-10 06:47:00+00:00,0.0005000000000000001,0.0019,BE_STOP,0.0038124576836323157,0.0,0.006,10,41.0,CHOP,0.0003965466018761319,False,0.0
ETHUSDT,2026-09-10 07:46:00+00:00,0.0005000000000000001,0.0019,BE_STOP,0.0038142465952893593,0.004752640243335181,0.006,10,261.0,TREND,0.0003883008198810167,False,0.0
NEARUSDT,2026-09-10 09:40:00+00:00,0.004969230404420052,0.006369230404420051,TP,0.008382438376628764,0.011287243754668299,0.006369230404420051,10,114.0,CHOP,0.003980769002762532,False,0.0
NEARUSDT,2026-09-10 09:42:00+00:00,0.004600000000000001,0.006,TP,0.007929221267005961,0.0003338619480844303,0.006,10,2.0,CHOP,0.0019793244065007365,False,0.0
BTCUSDT,2026-09-10 11:13:00+00:00,0.0005000000000000001,0.0019,BE_STOP,0.00365486479309404,0.0008864554482373626,0.006,10,90.0,CHOP,0.000490052071239719,False,0.0
ETHUSDT,2026-09-10 12:30:00+00:00,0.004600000000000001,0.006,TP,0.007485005607658954,0.009402987500609476,0.006,10,644.0,CHOP,0.0010672547549000252,False,0.0
ETHUSDT,2026-09-10 12:30:00+00:00,0.004600000000000001,0.006,TP,0.007271204971569497,0.003332804961815108,0.006,10,77.0,CHOP,0.0007501714304294294,False,0.0
NEARUSDT,2026-09-10 12:33:00+00:00,0.0005000000000000001,0.0019,BE_STOP,0.003859721934011241,0.0035692052293006603,0.006,10,2.0,CHOP,0.0027984466249666444,False,0.0
BTCUSDT,2026-09-10 12:38:00+00:00,0.004600000000000001,0.006,TP,0.008265952051814688,0.026306373097942946,0.006,10,2815.0,CHOP,0.0013787925759783778,False,0.0
BTCUSDT,2026-09-10 12:46:00+00:00,0.004600000000000001,0.006,TP,0.006765994288446455,0.0011526483776344487,0.006,10,11.0,CHOP,0.001524527006197038,False,0.0
BTCUSDT,2026-09-10 12:47:00+00:00,0.004600000000000001,0.006,TP,0.006015273632034563,0.0020483323409493178,0.006,10,8.0,CHOP,0.0020308196831895185,False,0.0
NEARUSDT,2026-09-10 12:53:00+00:00,0.0005000000000000001,0.0019,BE_STOP,0.00365024058403846,0.023809523809523767,0.006257555286923137,10,16.0,CHOP,0.003910972054326961,False,0.0
SOLUSDT,2026-09-10 12:57:00+00:00,0.0005000000000000001,0.0019,BE_STOP,0.0030277646013947617,0.0016450854334244694,0.006,10,2.0,CHOP,0.0032490797758300796,False,0.0
BTCUSDT,2026-09-10 12:58:00+00:00,0.0005000000000000001,0.0019,BE_STOP,0.0033137937803639087,0.002486970381261828,0.006,10,11.0,TREND,0.0019322261105703742,False,0.0
BTCUSDT,2026-09-10 13:01:00+00:00,0.0005000000000000001,0.0019,BE_STOP,0.004553557864722808,0.0012399908071885708,0.006,10,12.0,TREND,0.0018696316142194844,False,0.0
BTCUSDT,2026-09-10 13:22:00+00:00,0.0005000000000000001,0.0019,BE_STOP,0.0032831484965336224,0.0013901736807641538,0.006,10,21.0,TREND,0.001374582947895741,False,0.0
SOLUSDT,2026-09-10 13:51:00+00:00,0.0005000000000000001,0.0019,BE_STOP,0.0031585406335188273,0.002404112138251437,0.006,10,27.0,TREND,0.0017258449958398462,False,0.0
ETHUSDT,2026-09-10 14:02:00+00:00,0.004600000000000001,0.006,TP,0.0061648467654141035,0.0,0.006,10,11.0,CHOP,0.0012892276298240462,False,0.0
BTCUSDT,2026-09-10 17:38:00+00:00,0.0005000000000000001,0.0019,BE_STOP,0.0032509887561343914,0.006389383554552382,0.006,10,216.0,CHOP,0.0010540199555687912,False,0.0
XRPUSDT,2026-09-10 23:08:00+00:00,-0.0414,-0.04,MAE_KILL,0.002587508085962803,0.04204700639689499,0.006,10,1324.0,CHOP,0.001016521033771067,False,0.0
BTCUSDT,2026-09-10 23:14:00+00:00,-0.0414,-0.04,MAE_KILL,0.0006040292897696252,0.0401786218839435,0.006,10,2318.0,TREND,0.0005250049648086271,False,0.0
BTCUSDT,2026-09-10 23:14:00+00:00,-0.0414,-0.04,MAE_KILL,0.0003000397960732973,0.040470221364089023,0.006,10,2295.0,TREND,0.0003606575193685126,False,0.0
BTCUSDT,2026-09-10 23:17:00+00:00,0.0005000000000000001,0.0019,BE_STOP,0.003245296407216909,0.0009926328641044035,0.006,10,8.0,CHOP,0.0008660148743994127,False,0.0
BTCUSDT,2026-09-10 23:37:00+00:00,0.0005000000000000001,0.0019,BE_STOP,0.005964266434253231,0.008396802580829794,0.006,10,640.0,TREND,0.0016688610285966936,False,0.0
BTCUSDT,2026-09-10 23:37:00+00:00,0.0005000000000000001,0.0019,BE_STOP,0.005970731707317073,0.008390243902439025,0.006,10,638.0,TREND,0.0017092682926829188,False,0.0
BTCUSDT,2026-09-11 01:15:00+00:00,0.0005000000000000001,0.0019,BE_STOP,0.0031952212417056783,0.0030140892055731706,0.006,10,98.0,CHOP,0.0005314819765247059,False,0.0
BTCUSDT,2026-09-11 01:22:00+00:00,0.0005000000000000001,0.0019,BE_STOP,0.003410967492189407,0.00279967832373826,0.006,10,103.0,CHOP,0.0005313169790361253,False,0.0
NEARUSDT,2026-09-11 01:25:00+00:00,0.0005000000000000001,0.0019,BE_STOP,0.003704608369972361,0.0010177495521901754,0.006,10,3.0,CHOP,0.0031957335938772222,False,0.0
ETHUSDT,2026-09-11 01:36:00+00:00,0.0005000000000000001,0.0019,BE_STOP,0.0037116560667852304,2.8519860008296717e-05,0.006,10,11.0,CHOP,0.0006498453816161094,False,0.0
SOLUSDT,2026-09-11 04:27:00+00:00,0.004600000000000001,0.006,TP,0.0062172511084240675,0.005854494155582314,0.006,10,192.0,CHOP,0.0009248862785743256,False,0.0
BTCUSDT,2026-09-11 06:24:00+00:00,0.0005000000000000001,0.0019,BE_STOP,0.0036563403145230614,0.0013030574525161975,0.006,10,116.0,CHOP,0.00046917477288178764,False,0.0
SOLUSDT,2026-09-11 11:18:00+00:00,0.0005000000000000001,0.0019,BE_STOP,0.0038127408246443587,0.013703617552766409,0.006,10,579.0,CHOP,0.001222273110136059,False,0.0
ETHUSDT,2026-09-11 12:09:00+00:00,0.004600000000000001,0.006,TP,0.0064774930438945486,0.007373877491421412,0.006,10,345.0,CHOP,0.0005101916651891004,False,0.0
BTCUSDT,2026-09-11 12:12:00+00:00,-0.018651925358287115,-0.017251925358287117,EOD,0.0028208366481462053,0.024187173812828814,0.006,10,2100.0,CHOP,0.0007432903655740759,False,0.0
BTCUSDT,2026-09-11 12:12:00+00:00,-0.019390531970549504,-0.017990531970549506,EOD,0.0018030088427822596,0.024920568081767024,0.006,10,1764.0,CHOP,0.0005816804385115543,False,0.0
BTCUSDT,2026-09-11 12:12:00+00:00,-0.00659898191990048,-0.0051989819199004805,EOD,0.00136243832510563,0.012219287938542952,0.006,10,1114.0,CHOP,0.0007934014995685527,False,0.0
BTCUSDT,2026-09-11 12:12:00+00:00,-0.00579558718545388,-0.004395587185453881,EOD,0.0019198066359272146,0.011020290437640141,0.006,10,777.0,CHOP,0.0014365456084119961,False,0.0
BTCUSDT,2026-09-11 12:12:00+00:00,-0.005380222819422415,-0.003980222819422416,EOD,0.001900748819370119,0.010602186448195751,0.006,10,775.0,CHOP,0.0015443234720767423,False,0.0
BTCUSDT,2026-09-11 12:12:00+00:00,-0.00582442648861069,-0.0044244264886106905,EOD,0.0014591471428515874,0.011049319956512602,0.006,10,773.0,CHOP,0.001453087561693525,False,0.0
ETHUSDT,2026-09-11 12:12:00+00:00,9.880462185722928e-05,0.0014988046218572292,EOD,0.0023622464148838557,0.0018124131976262755,0.006,10,54.0,CHOP,0.000811949475854767,False,0.0
SOLUSDT,2026-09-11 12:13:00+00:00,-0.0014907075186454378,-9.070751864543783e-05,EOD,0.00022172949002222908,0.0016327353356178809,0.006,10,4.0,CHOP,0.0008689204365479264,False,0.0
