pair,ts,net_frac,gross_frac,exit_type,tp_mult,hold_min,regime,k,ts_parsed,fold
NEARUSDT,2026-08-12 13:00:00+00:00,0.0005000000000000001,0.0019,BE_STOP,1.6,15.0,,1.6,,
SOLUSDT,2026-08-12 13:18:00+00:00,0.0005000000000000001,0.0019,BE_STOP,1.6,20.0,,1.6,,
BTCUSDT,2026-08-12 13:33:00+00:00,0.0005000000000000001,0.0019,BE_STOP,1.6,27.0,,1.6,,
BTCUSDT,2026-08-12 13:43:00+00:00,0.0005000000000000001,0.0019,BE_STOP,1.6,51.0,,1.6,,
BTCUSDT,2026-08-12 13:45:00+00:00,0.0005000000000000001,0.0019,BE_STOP,1.6,62.0,,1.6,,
ETHUSDT,2026-08-12 13:47:00+00:00,0.0005000000000000001,0.0019,BE_STOP,1.6,60.0,,1.6,,
NEARUSDT,2026-08-12 13:56:00+00:00,0.004600000000000001,0.006,TP,1.6,11.0,,1.6,,
BTCUSDT,2026-08-12 14:02:00+00:00,0.004600000000000001,0.006,TP,1.6,59.0,,1.6,,
BTCUSDT,2026-08-12 14:03:00+00:00,0.004600000000000001,0.006,TP,1.6,73.0,,1.6,,
BTCUSDT,2026-08-12 14:03:00+00:00,0.004600000000000001,0.006,TP,1.6,45.0,,1.6,,
SOLUSDT,2026-08-12 14:03:00+00:00,0.004600000000000001,0.006,TP,1.6,20.0,,1.6,,
BTCUSDT,2026-08-12 14:11:00+00:00,0.0005000000000000001,0.0019,BE_STOP,1.6,14.0,,1.6,,
NEARUSDT,2026-08-12 14:31:00+00:00,0.004600000000000001,0.006,TP,1.6,20.0,,1.6,,
SOLUSDT,2026-08-12 14:32:00+00:00,0.0005000000000000001,0.0019,BE_STOP,1.6,27.0,,1.6,,
NEARUSDT,2026-08-12 14:35:00+00:00,-0.0264,-0.025,MAE_KILL,1.6,99.0,,1.6,,
NEARUSDT,2026-08-12 14:35:00+00:00,-0.0264,-0.025,MAE_KILL,1.6,62.0,,1.6,,
BTCUSDT,2026-08-12 14:59:00+00:00,0.004600000000000001,0.006,TP,1.6,50.0,,1.6,,
ETHUSDT,2026-08-12 15:02:00+00:00,0.0005000000000000001,0.0019,BE_STOP,1.6,27.0,,1.6,,
BTCUSDT,2026-08-12 15:18:00+00:00,0.0005000000000000001,0.0019,BE_STOP,1.6,71.0,,1.6,,
BTCUSDT,2026-08-12 15:18:00+00:00,0.0005000000000000001,0.0019,BE_STOP,1.6,45.0,,1.6,,
BTCUSDT,2026-08-12 15:18:00+00:00,0.0005000000000000001,0.0019,BE_STOP,1.6,41.0,,1.6,,
BTCUSDT,2026-08-12 15:43:00+00:00,0.0005000000000000001,0.0019,BE_STOP,1.6,72.0,,1.6,,
NEARUSDT,2026-08-12 17:21:00+00:00,0.0005000000000000001,0.0019,BE_STOP,1.6,118.0,,1.6,,
ETHUSDT,2026-08-12 20:27:00+00:00,0.0005000000000000001,0.0019,BE_STOP,1.6,185.0,,1.6,,
ETHUSDT,2026-08-12 20:29:00+00:00,0.0005000000000000001,0.0019,BE_STOP,1.6,330.0,,1.6,,
BTCUSDT,2026-08-12 20:38:00+00:00,0.0005000000000000001,0.0019,BE_STOP,1.6,395.0,,1.6,,
ETHUSDT,2026-08-12 21:06:00+00:00,0.0005000000000000001,0.0019,BE_STOP,1.6,39.0,CHOP,1.6,,
NEARUSDT,2026-08-12 21:59:00+00:00,0.004600000000000001,0.006,TP,1.6,53.0,CHOP,1.6,,
SOLUSDT,2026-08-13 04:22:00+00:00,0.0005000000000000001,0.0019,BE_STOP,1.6,464.0,CHOP,1.6,,
ETHUSDT,2026-08-13 05:06:00+00:00,0.004600000000000001,0.006,TP,1.6,517.0,CHOP,1.6,,
BTCUSDT,2026-08-13 05:15:00+00:00,0.004600000000000001,0.006,TP,1.6,837.0,,1.6,,
BTCUSDT,2026-08-13 05:15:00+00:00,0.004600000000000001,0.006,TP,1.6,811.0,,1.6,,
ETHUSDT,2026-08-13 05:22:00+00:00,0.0005000000000000001,0.0019,BE_STOP,1.6,842.0,,1.6,,
NEARUSDT,2026-08-13 08:48:00+00:00,0.0005000000000000001,0.0019,BE_STOP,1.6,213.0,CHOP,1.6,,
NEARUSDT,2026-08-13 09:09:00+00:00,0.004600000000000001,0.006,TP,1.6,21.0,CHOP,1.6,,
NEARUSDT,2026-08-13 09:14:00+00:00,0.004600000000000001,0.006,TP,1.6,231.0,CHOP,1.6,,
ETHUSDT,2026-08-13 11:45:00+00:00,0.0005000000000000001,0.0019,BE_STOP,1.6,150.0,CHOP,1.6,,
BTCUSDT,2026-08-13 11:47:00+00:00,0.0005000000000000001,0.0019,BE_STOP,1.6,445.0,CHOP,1.6,,
NEARUSDT,2026-08-13 11:51:00+00:00,0.004600000000000001,0.006,TP,1.6,6.0,CHOP,1.6,,
ETHUSDT,2026-08-13 12:07:00+00:00,0.0005000000000000001,0.0019,BE_STOP,1.6,177.0,CHOP,1.6,,
BTCUSDT,2026-08-13 12:31:00+00:00,0.0005000000000000001,0.0019,BE_STOP,1.6,40.0,CHOP,1.6,,
ETHUSDT,2026-08-13 12:32:00+00:00,0.0005000000000000001,0.0019,BE_STOP,1.6,45.0,TREND,1.6,,
NEARUSDT,2026-08-13 13:11:00+00:00,0.0005000000000000001,0.0019,BE_STOP,1.6,40.0,CHOP,1.6,,
BTCUSDT,2026-08-13 13:15:00+00:00,0.0005000000000000001,0.0019,BE_STOP,1.6,40.0,CHOP,1.6,,
ETHUSDT,2026-08-13 14:50:00+00:00,0.0005000000000000001,0.0019,BE_STOP,1.6,95.0,CHOP,1.6,,
BTCUSDT,2026-08-13 14:59:00+00:00,0.0005000000000000001,0.0019,BE_STOP,1.6,108.0,CHOP,1.6,,
NEARUSDT,2026-08-13 14:59:00+00:00,0.0005000000000000001,0.0019,BE_STOP,1.6,8.0,CHOP,1.6,,
NEARUSDT,2026-08-13 15:47:00+00:00,0.004600000000000001,0.006,TP,1.6,47.0,CHOP,1.6,,
NEARUSDT,2026-08-13 15:47:00+00:00,0.004600000000000001,0.006,TP,1.6,45.0,CHOP,1.6,,
NEARUSDT,2026-08-13 15:56:00+00:00,0.0005000000000000001,0.0019,BE_STOP,1.6,8.0,CHOP,1.6,,
NEARUSDT,2026-08-13 15:59:00+00:00,0.004600000000000001,0.006,TP,1.6,232.0,CHOP,1.6,,
BTCUSDT,2026-08-13 16:37:00+00:00,0.004600000000000001,0.006,TP,1.6,47.0,CHOP,1.6,,
BTCUSDT,2026-08-13 16:39:00+00:00,0.004600000000000001,0.006,TP,1.6,1119.0,CHOP,1.6,,
BTCUSDT,2026-08-13 16:39:00+00:00,0.004600000000000001,0.006,TP,1.6,39.0,CHOP,1.6,,
BTCUSDT,2026-08-13 16:39:00+00:00,0.004600000000000001,0.006,TP,1.6,37.0,CHOP,1.6,,
BTCUSDT,2026-08-13 16:40:00+00:00,0.004600000000000001,0.006,TP,1.6,1538.0,,1.6,,
NEARUSDT,2026-08-13 16:42:00+00:00,0.004600000000000001,0.006,TP,1.6,4.0,CHOP,1.6,,
XRPUSDT,2026-08-13 19:04:00+00:00,0.0005000000000000001,0.0019,BE_STOP,1.6,133.0,CHOP,1.6,,
BTCUSDT,2026-08-13 19:14:00+00:00,0.0005000000000000001,0.0019,BE_STOP,1.6,10.0,CHOP,1.6,,
BTCUSDT,2026-08-14 07:03:00+00:00,0.0005000000000000001,0.0019,BE_STOP,1.6,855.0,CHOP,1.6,,
BTCUSDT,2026-08-14 08:47:00+00:00,0.0005000000000000001,0.0019,BE_STOP,1.6,963.0,CHOP,1.6,,
BTCUSDT,2026-08-14 08:51:00+00:00,0.0005000000000000001,0.0019,BE_STOP,1.6,965.0,CHOP,1.6,,
BTCUSDT,2026-08-14 08:53:00+00:00,0.0005000000000000001,0.0019,BE_STOP,1.6,110.0,TREND,1.6,,
BTCUSDT,2026-08-14 13:47:00+00:00,-0.02154785408396109,-0.02014785408396109,MAX_AGE,1.6,2880.0,,1.6,,
BTCUSDT,2026-08-14 16:00:00+00:00,0.0005000000000000001,0.0019,BE_STOP,1.6,433.0,TREND,1.6,,
ETHUSDT,2026-08-14 16:06:00+00:00,0.0005000000000000001,0.0019,BE_STOP,1.6,434.0,CHOP,1.6,,
ETHUSDT,2026-08-14 16:47:00+00:00,0.0005000000000000001,0.0019,BE_STOP,1.6,46.0,CHOP,1.6,,
BTCUSDT,2026-08-14 17:56:00+00:00,0.0005000000000000001,0.0019,BE_STOP,1.6,542.0,TREND,1.6,,
SOLUSDT,2026-08-14 18:14:00+00:00,0.004600000000000001,0.006,TP,1.6,86.0,CHOP,1.6,,
ETHUSDT,2026-08-14 18:39:00+00:00,0.0005000000000000001,0.0019,BE_STOP,1.6,152.0,CHOP,1.6,,
BTCUSDT,2026-08-14 19:28:00+00:00,0.0005000000000000001,0.0019,BE_STOP,1.6,73.0,CHOP,1.6,,
ETHUSDT,2026-08-15 05:07:00+00:00,-0.008436945280502726,-0.007036945280502725,MAX_AGE,1.6,2880.0,CHOP,1.6,,
BTCUSDT,2026-08-15 05:18:00+00:00,-0.013430863617867047,-0.012030863617867047,MAX_AGE,1.6,2880.0,CHOP,1.6,,
ETHUSDT,2026-08-15 05:40:00+00:00,0.0005000000000000001,0.0019,BE_STOP,1.6,659.0,CHOP,1.6,,
BTCUSDT,2026-08-15 06:15:00+00:00,0.0005000000000000001,0.0019,BE_STOP,1.6,646.0,CHOP,1.6,,
SOLUSDT,2026-08-15 06:50:00+00:00,0.0005000000000000001,0.0019,BE_STOP,1.6,92.0,CHOP,1.6,,
ETHUSDT,2026-08-15 16:42:00+00:00,-0.011725591374778738,-0.010325591374778738,MAX_AGE,1.6,2880.0,CHOP,1.6,,
ETHUSDT,2026-08-15 19:14:00+00:00,-0.004091262403382052,-0.002691262403382052,MAX_AGE,1.6,2880.0,CHOP,1.6,,
SOLUSDT,2026-08-16 00:28:00+00:00,0.0005000000000000001,0.0019,BE_STOP,1.6,314.0,CHOP,1.6,,
ETHUSDT,2026-08-16 13:47:00+00:00,-0.007918842022446564,-0.006518842022446565,MAX_AGE,1.6,2880.0,CHOP,1.6,,
ETHUSDT,2026-08-16 17:11:00+00:00,0.0005000000000000001,0.0019,BE_STOP,1.6,2161.0,CHOP,1.6,,
ETHUSDT,2026-08-16 17:35:00+00:00,0.0005000000000000001,0.0019,BE_STOP,1.6,2084.0,CHOP,1.6,,
ETHUSDT,2026-08-16 17:56:00+00:00,-0.005801295877914654,-0.0044012958779146545,MAX_AGE,1.6,2880.0,CHOP,1.6,,
ETHUSDT,2026-08-16 18:04:00+00:00,0.0005000000000000001,0.0019,BE_STOP,1.6,257.0,CHOP,1.6,,
NEARUSDT,2026-08-16 20:52:00+00:00,0.004600000000000001,0.006,TP,1.6,176.0,CHOP,1.6,,
BTCUSDT,2026-08-16 21:40:00+00:00,0.004600000000000001,0.006,TP,1.6,269.0,TREND,1.6,,
BTCUSDT,2026-08-16 21:40:00+00:00,0.004600000000000001,0.006,TP,1.6,245.0,CHOP,1.6,,
ETHUSDT,2026-08-16 21:40:00+00:00,0.004600000000000001,0.006,TP,1.6,216.0,TREND,1.6,,
BTCUSDT,2026-08-16 21:47:00+00:00,0.0005000000000000001,0.0019,BE_STOP,1.6,2372.0,CHOP,1.6,,
BTCUSDT,2026-08-16 21:50:00+00:00,0.0005000000000000001,0.0019,BE_STOP,1.6,2410.0,CHOP,1.6,,
BTCUSDT,2026-08-16 21:50:00+00:00,0.0005000000000000001,0.0019,BE_STOP,1.6,1282.0,CHOP,1.6,,
BTCUSDT,2026-08-16 21:50:00+00:00,0.0005000000000000001,0.0019,BE_STOP,1.6,57.0,CHOP,1.6,,
BTCUSDT,2026-08-16 21:51:00+00:00,0.0005000000000000001,0.0019,BE_STOP,1.6,1749.0,CHOP,1.6,,
SOLUSDT,2026-08-16 22:05:00+00:00,0.0005000000000000001,0.0019,BE_STOP,1.6,15.0,TREND,1.6,,
SOLUSDT,2026-08-16 22:05:00+00:00,0.0005000000000000001,0.0019,BE_STOP,1.6,12.0,TREND,1.6,,
BTCUSDT,2026-08-16 22:49:00+00:00,0.0005000000000000001,0.0019,BE_STOP,1.6,67.0,TREND,1.6,,
BTCUSDT,2026-08-16 22:51:00+00:00,0.0005000000000000001,0.0019,BE_STOP,1.6,64.0,TREND,1.6,,
BTCUSDT,2026-08-16 22:53:00+00:00,0.0005000000000000001,0.0019,BE_STOP,1.6,69.0,TREND,1.6,,
BTCUSDT,2026-08-16 22:57:00+00:00,0.0005000000000000001,0.0019,BE_STOP,1.6,60.0,TREND,1.6,,
XRPUSDT,2026-08-16 22:59:00+00:00,0.0005000000000000001,0.0019,BE_STOP,1.6,79.0,CHOP,1.6,,
ETHUSDT,2026-08-17 01:01:00+00:00,0.004600000000000001,0.006,TP,1.6,132.0,CHOP,1.6,,
ETHUSDT,2026-08-17 01:01:00+00:00,0.004600000000000001,0.006,TP,1.6,130.0,CHOP,1.6,,
ETHUSDT,2026-08-17 01:01:00+00:00,0.004600000000000001,0.006,TP,1.6,127.0,CHOP,1.6,,
ETHUSDT,2026-08-17 01:01:00+00:00,0.004600000000000001,0.006,TP,1.6,121.0,CHOP,1.6,,
BTCUSDT,2026-08-17 01:15:00+00:00,0.0005000000000000001,0.0019,BE_STOP,1.6,132.0,CHOP,1.6,,
ETHUSDT,2026-08-17 01:37:00+00:00,0.0005000000000000001,0.0019,BE_STOP,1.6,28.0,CHOP,1.6,,
BTCUSDT,2026-08-17 01:54:00+00:00,0.0005000000000000001,0.0019,BE_STOP,1.6,39.0,CHOP,1.6,,
BTCUSDT,2026-08-17 02:52:00+00:00,0.004600000000000001,0.006,TP,1.6,110.0,CHOP,1.6,,
BTCUSDT,2026-08-17 02:53:00+00:00,0.004600000000000001,0.006,TP,1.6,108.0,CHOP,1.6,,
BTCUSDT,2026-08-17 02:53:00+00:00,0.004600000000000001,0.006,TP,1.6,106.0,CHOP,1.6,,
BTCUSDT,2026-08-17 05:28:00+00:00,0.0005000000000000001,0.0019,BE_STOP,1.6,150.0,CHOP,1.6,,
SOLUSDT,2026-08-17 06:45:00+00:00,0.004600000000000001,0.006,TP,1.6,306.0,CHOP,1.6,,
NEARUSDT,2026-08-17 06:46:00+00:00,0.004600000000000001,0.006,TP,1.6,78.0,TREND,1.6,,
ETHUSDT,2026-08-17 07:01:00+00:00,0.0005000000000000001,0.0019,BE_STOP,1.6,245.0,TREND,1.6,,
BTCUSDT,2026-08-17 07:17:00+00:00,0.0005000000000000001,0.0019,BE_STOP,1.6,263.0,CHOP,1.6,,
BTCUSDT,2026-08-17 09:15:00+00:00,0.0005000000000000001,0.0019,BE_STOP,1.6,117.0,TREND,1.6,,
BTCUSDT,2026-08-17 13:02:00+00:00,0.0005000000000000001,0.0019,BE_STOP,1.6,226.0,CHOP,1.6,,
BTCUSDT,2026-08-17 15:28:00+00:00,0.004600000000000001,0.006,TP,1.6,519.0,CHOP,1.6,,
SOLUSDT,2026-08-17 16:20:00+00:00,0.0005000000000000001,0.0019,BE_STOP,1.6,559.0,TREND,1.6,,
BTCUSDT,2026-08-17 17:23:00+00:00,0.004600000000000001,0.006,TP,1.6,114.0,TREND,1.6,,
SOLUSDT,2026-08-17 17:39:00+00:00,0.0005000000000000001,0.0019,BE_STOP,1.6,79.0,CHOP,1.6,,
NEARUSDT,2026-08-17 17:46:00+00:00,-0.0264,-0.025,MAE_KILL,1.6,659.0,TREND,1.6,,
BTCUSDT,2026-08-17 18:23:00+00:00,0.004600000000000001,0.006,TP,1.6,44.0,TREND,1.6,,
BTCUSDT,2026-08-17 18:29:00+00:00,0.0005000000000000001,0.0019,BE_STOP,1.6,66.0,CHOP,1.6,,
BTCUSDT,2026-08-17 19:01:00+00:00,0.0005000000000000001,0.0019,BE_STOP,1.6,75.0,TREND,1.6,,
ETHUSDT,2026-08-18 02:30:00+00:00,0.004600000000000001,0.006,TP,1.6,447.0,CHOP,1.6,,
NEARUSDT,2026-08-18 02:49:00+00:00,0.0005000000000000001,0.0019,BE_STOP,1.6,19.0,CHOP,1.6,,
ETHUSDT,2026-08-18 03:36:00+00:00,0.0005000000000000001,0.0019,BE_STOP,1.6,1541.0,CHOP,1.6,,
NEARUSDT,2026-08-18 06:30:00+00:00,-0.0264,-0.025,MAE_KILL,1.6,174.0,CHOP,1.6,,
BTCUSDT,2026-08-18 14:26:00+00:00,0.004600000000000001,0.006,TP,1.6,1197.0,TREND,1.6,,
ETHUSDT,2026-08-18 14:26:00+00:00,0.004600000000000001,0.006,TP,1.6,475.0,CHOP,1.6,,
BTCUSDT,2026-08-18 14:27:00+00:00,0.004600000000000001,0.006,TP,1.6,1203.0,TREND,1.6,,
BTCUSDT,2026-08-18 22:01:00+00:00,-0.028554714242977803,-0.027154714242977804,MAX_AGE,1.6,2880.0,TREND,1.6,,
BTCUSDT,2026-08-18 22:05:00+00:00,-0.028503875914720034,-0.027103875914720035,MAX_AGE,1.6,2880.0,TREND,1.6,,
BTCUSDT,2026-08-18 22:07:00+00:00,-0.028417050923664595,-0.027017050923664597,MAX_AGE,1.6,2880.0,TREND,1.6,,
ETHUSDT,2026-08-19 00:03:00+00:00,0.0005000000000000001,0.0019,BE_STOP,1.6,118.0,CHOP,1.6,,
ETHUSDT,2026-08-19 00:03:00+00:00,0.0005000000000000001,0.0019,BE_STOP,1.6,116.0,CHOP,1.6,,
ETHUSDT,2026-08-19 02:26:00+00:00,0.0005000000000000001,0.0019,BE_STOP,1.6,140.0,CHOP,1.6,,
BTCUSDT,2026-08-19 05:53:00+00:00,0.004600000000000001,0.006,TP,1.6,345.0,CHOP,1.6,,
BTCUSDT,2026-08-19 06:09:00+00:00,0.004600000000000001,0.006,TP,1.6,487.0,CHOP,1.6,,
NEARUSDT,2026-08-19 06:48:00+00:00,0.004600000000000001,0.006,TP,1.6,55.0,TREND,1.6,,
NEARUSDT,2026-08-19 06:56:00+00:00,0.004600000000000001,0.006,TP,1.6,8.0,CHOP,1.6,,
BTCUSDT,2026-08-19 12:38:00+00:00,0.004600000000000001,0.006,TP,1.6,341.0,CHOP,1.6,,
BTCUSDT,2026-08-19 12:41:00+00:00,0.004600000000000001,0.006,TP,1.6,614.0,CHOP,1.6,,
ETHUSDT,2026-08-19 12:47:00+00:00,0.004600000000000001,0.006,TP,1.6,9.0,CHOP,1.6,,
BTCUSDT,2026-08-19 13:03:00+00:00,-0.0214630918801097,-0.020063091880109702,MAX_AGE,1.6,2880.0,CHOP,1.6,,
XRPUSDT,2026-08-19 13:20:00+00:00,0.004600000000000001,0.006,TP,1.6,33.0,CHOP,1.6,,
BTCUSDT,2026-08-19 13:31:00+00:00,0.004600000000000001,0.006,TP,1.6,1380.0,TREND,1.6,,
BTCUSDT,2026-08-19 13:31:00+00:00,0.004600000000000001,0.006,TP,1.6,1378.0,TREND,1.6,,
BTCUSDT,2026-08-19 13:34:00+00:00,0.0005000000000000001,0.0019,BE_STOP,1.6,1385.0,TREND,1.6,,
NEARUSDT,2026-08-19 13:44:00+00:00,0.0005000000000000001,0.0019,BE_STOP,1.6,23.0,CHOP,1.6,,
BTCUSDT,2026-08-19 14:10:00+00:00,0.004600000000000001,0.006,TP,1.6,25.0,CHOP,1.6,,
NEARUSDT,2026-08-19 14:14:00+00:00,0.0005000000000000001,0.0019,BE_STOP,1.6,92.0,CHOP,1.6,,
BTCUSDT,2026-08-19 14:17:00+00:00,0.004600000000000001,0.006,TP,1.6,44.0,TREND,1.6,,
SOLUSDT,2026-08-19 14:44:00+00:00,0.004600000000000001,0.006,TP,1.6,34.0,TREND,1.6,,
NEARUSDT,2026-08-19 14:47:00+00:00,0.0005000000000000001,0.0019,BE_STOP,1.6,33.0,CHOP,1.6,,
XRPUSDT,2026-08-19 14:52:00+00:00,0.004600000000000001,0.006,TP,1.6,77.0,TREND,1.6,,
XRPUSDT,2026-08-19 14:54:00+00:00,0.004600000000000001,0.006,TP,1.6,83.0,TREND,1.6,,
XRPUSDT,2026-08-19 14:54:00+00:00,0.004600000000000001,0.006,TP,1.6,7.0,TREND,1.6,,
BTCUSDT,2026-08-19 14:55:00+00:00,0.004600000000000001,0.006,TP,1.6,38.0,TREND,1.6,,
NEARUSDT,2026-08-19 14:55:00+00:00,0.004600000000000001,0.006,TP,1.6,11.0,TREND,1.6,,
NEARUSDT,2026-08-19 15:00:00+00:00,0.004600000000000001,0.006,TP,1.6,8.0,TREND,1.6,,
NEARUSDT,2026-08-19 15:02:00+00:00,0.0005000000000000001,0.0019,BE_STOP,1.6,7.0,TREND,1.6,,
ETHUSDT,2026-08-19 15:04:00+00:00,0.004600000000000001,0.006,TP,1.6,7.0,TREND,1.6,,
BTCUSDT,2026-08-19 15:05:00+00:00,0.004600000000000001,0.006,TP,1.6,6.0,TREND,1.6,,
BTCUSDT,2026-08-19 15:05:00+00:00,0.004600000000000001,0.006,TP,1.6,4.0,TREND,1.6,,
SOLUSDT,2026-08-19 15:05:00+00:00,0.004879527976102221,0.00627952797610222,TP,1.6,2.0,TREND,1.6,,
BTCUSDT,2026-08-19 15:14:00+00:00,-0.0414,-0.04,MAE_KILL,1.6,2185.0,CHOP,1.6,,
BTCUSDT,2026-08-19 15:14:00+00:00,-0.0414,-0.04,MAE_KILL,1.6,544.0,TREND,1.6,,
ETHUSDT,2026-08-19 15:18:00+00:00,0.0005000000000000001,0.0019,BE_STOP,1.6,4.0,TREND,1.6,,
BTCUSDT,2026-08-19 15:22:00+00:00,0.004600000000000001,0.006,TP,1.6,15.0,TREND,1.6,,
BTCUSDT,2026-08-19 15:23:00+00:00,0.004600000000000001,0.006,TP,1.6,13.0,TREND,1.6,,
ETHUSDT,2026-08-19 15:23:00+00:00,0.005121412963327725,0.006521412963327725,TP,1.6,5.0,TREND,1.6,,
NEARUSDT,2026-08-19 15:23:00+00:00,0.004600000000000001,0.006,TP,1.6,2.0,TREND,1.6,,
ETHUSDT,2026-08-19 15:24:00+00:00,0.005419711528242839,0.006819711528242838,TP,1.6,8.0,TREND,1.6,,
NEARUSDT,2026-08-19 15:26:00+00:00,-0.0264,-0.025,MAE_KILL,1.6,143.0,CHOP,1.6,,
BTCUSDT,2026-08-19 15:26:00+00:00,0.004600000000000001,0.006,TP,1.6,1.0,TREND,1.6,,
BTCUSDT,2026-08-19 15:35:00+00:00,0.00977212520505511,0.01117212520505511,TP,1.6,5.0,TREND,1.6,,
NEARUSDT,2026-08-19 15:40:00+00:00,0.006009111434876377,0.007409111434876377,TP,1.6,8.0,TREND,1.6,,
NEARUSDT,2026-08-19 15:43:00+00:00,0.0005000000000000001,0.0019,BE_STOP,1.6,4.0,TREND,1.6,,
BTCUSDT,2026-08-19 15:54:00+00:00,0.0005000000000000001,0.0019,BE_STOP,1.6,19.0,TREND,1.6,,
XRPUSDT,2026-08-19 16:00:00+00:00,0.0005000000000000001,0.0019,BE_STOP,1.6,6.0,TREND,1.6,,
ETHUSDT,2026-08-19 16:01:00+00:00,0.004600000000000001,0.006,TP,1.6,12.0,TREND,1.6,,
BTCUSDT,2026-08-19 16:05:00+00:00,0.0047900307363356815,0.006190030736335681,TP,1.6,20.0,TREND,1.6,,
BTCUSDT,2026-08-19 16:05:00+00:00,0.004600000000000001,0.006,TP,1.6,18.0,TREND,1.6,,
BTCUSDT,2026-08-19 16:09:00+00:00,0.0005000000000000001,0.0019,BE_STOP,1.6,7.0,TREND,1.6,,
BTCUSDT,2026-08-19 16:11:00+00:00,0.0005000000000000001,0.0019,BE_STOP,1.6,28.0,TREND,1.6,,
ETHUSDT,2026-08-19 16:23:00+00:00,0.0005000000000000001,0.0019,BE_STOP,1.6,16.0,TREND,1.6,,
BTCUSDT,2026-08-19 16:39:00+00:00,0.0005000000000000001,0.0019,BE_STOP,1.6,28.0,TREND,1.6,,
ETHUSDT,2026-08-19 16:47:00+00:00,0.0005000000000000001,0.0019,BE_STOP,1.6,79.0,TREND,1.6,,
NEARUSDT,2026-08-19 16:58:00+00:00,0.0005000000000000001,0.0019,BE_STOP,1.6,19.0,TREND,1.6,,
SOLUSDT,2026-08-19 17:03:00+00:00,0.004600000000000001,0.006,TP,1.6,40.0,TREND,1.6,,
BTCUSDT,2026-08-19 17:08:00+00:00,0.004600000000000001,0.006,TP,1.6,21.0,TREND,1.6,,
BTCUSDT,2026-08-19 17:19:00+00:00,0.004600000000000001,0.006,TP,1.6,20.0,TREND,1.6,,
BTCUSDT,2026-08-19 17:19:00+00:00,0.004600000000000001,0.006,TP,1.6,16.0,TREND,1.6,,
BTCUSDT,2026-08-19 17:28:00+00:00,0.004600000000000001,0.006,TP,1.6,19.0,TREND,1.6,,
BTCUSDT,2026-08-19 17:30:00+00:00,0.0005000000000000001,0.0019,BE_STOP,1.6,10.0,TREND,1.6,,
NEARUSDT,2026-08-19 17:48:00+00:00,-0.0264,-0.025,MAE_KILL,1.6,108.0,CHOP,1.6,,
SOLUSDT,2026-08-19 18:48:00+00:00,0.0005000000000000001,0.0019,BE_STOP,1.6,159.0,TREND,1.6,,
ETHUSDT,2026-08-19 19:13:00+00:00,0.004600000000000001,0.006,TP,1.6,25.0,TREND,1.6,,
BTCUSDT,2026-08-19 19:15:00+00:00,0.0005000000000000001,0.0019,BE_STOP,1.6,86.0,TREND,1.6,,
ETHUSDT,2026-08-19 20:07:00+00:00,0.004600000000000001,0.006,TP,1.6,242.0,TREND,1.6,,
XRPUSDT,2026-08-19 20:15:00+00:00,0.004600000000000001,0.006,TP,1.6,8.0,TREND,1.6,,
SOLUSDT,2026-08-19 20:50:00+00:00,0.0073632062052447775,0.008763206205244777,TP,1.6,313.0,TREND,1.6,,
ETHUSDT,2026-08-19 20:50:00+00:00,-0.0414,-0.04,MAE_KILL,1.6,202.0,TREND,1.6,,
NEARUSDT,2026-08-19 20:50:00+00:00,-0.0264,-0.025,MAE_KILL,1.6,198.0,CHOP,1.6,,
SOLUSDT,2026-08-19 20:50:00+00:00,0.004600000000000001,0.006,TP,1.6,97.0,TREND,1.6,,
BTCUSDT,2026-08-19 20:50:00+00:00,0.004600000000000001,0.006,TP,1.6,35.0,CHOP,1.6,,
BTCUSDT,2026-08-19 20:51:00+00:00,0.008266705073485219,0.009666705073485219,TP,1.6,310.0,TREND,1.6,,
XRPUSDT,2026-08-19 20:54:00+00:00,0.004600000000000001,0.006,TP,1.6,3.0,CHOP,1.6,,
SOLUSDT,2026-08-19 21:04:00+00:00,-0.0414,-0.04,MAE_KILL,1.6,222.0,TREND,1.6,,
NEARUSDT,2026-08-19 21:04:00+00:00,0.004600000000000001,0.006,TP,1.6,8.0,CHOP,1.6,,
BTCUSDT,2026-08-19 21:06:00+00:00,0.004600000000000001,0.006,TP,1.6,12.0,CHOP,1.6,,
BTCUSDT,2026-08-19 21:06:00+00:00,0.004600000000000001,0.006,TP,1.6,7.0,CHOP,1.6,,
BTCUSDT,2026-08-19 21:06:00+00:00,0.004600000000000001,0.006,TP,1.6,4.0,CHOP,1.6,,
BTCUSDT,2026-08-19 21:07:00+00:00,0.004600000000000001,0.006,TP,1.6,2.0,CHOP,1.6,,
BTCUSDT,2026-08-19 21:21:00+00:00,0.004600000000000001,0.006,TP,1.6,9.0,CHOP,1.6,,
SOLUSDT,2026-08-19 21:22:00+00:00,0.008845021443532042,0.010245021443532043,TP,1.6,4.0,TREND,1.6,,
BTCUSDT,2026-08-19 21:23:00+00:00,0.004600000000000001,0.006,TP,1.6,7.0,CHOP,1.6,,
BTCUSDT,2026-08-19 21:25:00+00:00,0.0005000000000000001,0.0019,BE_STOP,1.6,17.0,CHOP,1.6,,
BTCUSDT,2026-08-19 21:29:00+00:00,0.0005000000000000001,0.0019,BE_STOP,1.6,5.0,CHOP,1.6,,
BTCUSDT,2026-08-19 21:31:00+00:00,0.004600000000000001,0.006,TP,1.6,21.0,CHOP,1.6,,
ETHUSDT,2026-08-19 21:31:00+00:00,0.014543434026799003,0.015943434026799003,TP,1.6,11.0,TREND,1.6,,
NEARUSDT,2026-08-19 21:33:00+00:00,0.004600000000000001,0.006,TP,1.6,7.0,TREND,1.6,,
ETHUSDT,2026-08-19 21:45:00+00:00,0.005415537284950074,0.006815537284950073,TP,1.6,7.0,TREND,1.6,,
ETHUSDT,2026-08-19 21:46:00+00:00,0.017096630483286378,0.018496630483286376,TP,1.6,32.0,TREND,1.6,,
BTCUSDT,2026-08-19 21:47:00+00:00,0.004600000000000001,0.006,TP,1.6,18.0,CHOP,1.6,,
BTCUSDT,2026-08-19 21:48:00+00:00,0.0005000000000000001,0.0019,BE_STOP,1.6,17.0,CHOP,1.6,,
SOLUSDT,2026-08-19 21:48:00+00:00,0.0005000000000000001,0.0019,BE_STOP,1.6,14.0,TREND,1.6,,
BTCUSDT,2026-08-19 21:52:00+00:00,0.0005000000000000001,0.0019,BE_STOP,1.6,30.0,CHOP,1.6,,
BTCUSDT,2026-08-19 21:54:00+00:00,0.0005000000000000001,0.0019,BE_STOP,1.6,18.0,CHOP,1.6,,
XRPUSDT,2026-08-19 22:01:00+00:00,0.0005000000000000001,0.0019,BE_STOP,1.6,3.0,TREND,1.6,,
XRPUSDT,2026-08-19 22:06:00+00:00,0.004600000000000001,0.006,TP,1.6,6.0,TREND,1.6,,
BTCUSDT,2026-08-19 22:25:00+00:00,0.004600000000000001,0.006,TP,1.6,23.0,TREND,1.6,,
BTCUSDT,2026-08-19 22:32:00+00:00,0.004600000000000001,0.006,TP,1.6,26.0,TREND,1.6,,
SOLUSDT,2026-08-19 22:33:00+00:00,0.004600000000000001,0.006,TP,1.6,7.0,TREND,1.6,,
BTCUSDT,2026-08-20 03:16:00+00:00,0.0005000000000000001,0.0019,BE_STOP,1.6,280.0,TREND,1.6,,
BTCUSDT,2026-08-20 07:11:00+00:00,0.0005000000000000001,0.0019,BE_STOP,1.6,564.0,CHOP,1.6,,
BTCUSDT,2026-08-20 07:11:00+00:00,0.0005000000000000001,0.0019,BE_STOP,1.6,559.0,CHOP,1.6,,
BTCUSDT,2026-08-20 07:11:00+00:00,0.0005000000000000001,0.0019,BE_STOP,1.6,555.0,CHOP,1.6,,
BTCUSDT,2026-08-20 07:13:00+00:00,0.0005000000000000001,0.0019,BE_STOP,1.6,563.0,CHOP,1.6,,
BTCUSDT,2026-08-20 07:13:00+00:00,0.0005000000000000001,0.0019,BE_STOP,1.6,559.0,CHOP,1.6,,
SOLUSDT,2026-08-20 08:07:00+00:00,0.004600000000000001,0.006,TP,1.6,54.0,CHOP,1.6,,
ETHUSDT,2026-08-20 08:07:00+00:00,0.0005000000000000001,0.0019,BE_STOP,1.6,52.0,CHOP,1.6,,
NEARUSDT,2026-08-20 08:09:00+00:00,0.004600000000000001,0.006,TP,1.6,58.0,CHOP,1.6,,
BTCUSDT,2026-08-20 08:09:00+00:00,0.004600000000000001,0.006,TP,1.6,1.0,CHOP,1.6,,
BTCUSDT,2026-08-20 08:10:00+00:00,-0.0414,-0.04,MAE_KILL,1.6,775.0,TREND,1.6,,
ETHUSDT,2026-08-20 08:16:00+00:00,0.0005000000000000001,0.0019,BE_STOP,1.6,5.0,CHOP,1.6,,
BTCUSDT,2026-08-20 08:17:00+00:00,0.004600000000000001,0.006,TP,1.6,1.0,TREND,1.6,,
BTCUSDT,2026-08-20 08:19:00+00:00,0.0005000000000000001,0.0019,BE_STOP,1.6,5.0,TREND,1.6,,
BTCUSDT,2026-08-20 08:31:00+00:00,0.0005000000000000001,0.0019,BE_STOP,1.6,7.0,TREND,1.6,,
BTCUSDT,2026-08-20 08:34:00+00:00,0.0005000000000000001,0.0019,BE_STOP,1.6,3.0,TREND,1.6,,
SOLUSDT,2026-08-20 08:37:00+00:00,0.004600000000000001,0.006,TP,1.6,15.0,TREND,1.6,,
BTCUSDT,2026-08-20 08:40:00+00:00,0.004600000000000001,0.006,TP,1.6,5.0,TREND,1.6,,
BTCUSDT,2026-08-20 08:42:00+00:00,0.0005000000000000001,0.0019,BE_STOP,1.6,24.0,TREND,1.6,,
BTCUSDT,2026-08-20 08:47:00+00:00,0.005167838339266931,0.00656783833926693,TP,1.6,27.0,TREND,1.6,,
SOLUSDT,2026-08-20 08:49:00+00:00,0.0005000000000000001,0.0019,BE_STOP,1.6,9.0,TREND,1.6,,
BTCUSDT,2026-08-20 09:06:00+00:00,-0.0414,-0.04,MAE_KILL,1.6,632.0,TREND,1.6,,
BTCUSDT,2026-08-20 09:06:00+00:00,-0.0414,-0.04,MAE_KILL,1.6,349.0,CHOP,1.6,,
BTCUSDT,2026-08-20 09:09:00+00:00,0.004600000000000001,0.006,TP,1.6,27.0,TREND,1.6,,
BTCUSDT,2026-08-20 09:16:00+00:00,0.0005000000000000001,0.0019,BE_STOP,1.6,5.0,TREND,1.6,,
BTCUSDT,2026-08-20 09:19:00+00:00,0.004600000000000001,0.006,TP,1.6,30.0,TREND,1.6,,
ETHUSDT,2026-08-20 09:29:00+00:00,0.0005000000000000001,0.0019,BE_STOP,1.6,13.0,CHOP,1.6,,
BTCUSDT,2026-08-20 09:52:00+00:00,0.0005000000000000001,0.0019,BE_STOP,1.6,45.0,TREND,1.6,,
XRPUSDT,2026-08-20 09:52:00+00:00,0.004600000000000001,0.006,TP,1.6,22.0,TREND,1.6,,
SOLUSDT,2026-08-20 09:59:00+00:00,0.0005000000000000001,0.0019,BE_STOP,1.6,50.0,TREND,1.6,,
BTCUSDT,2026-08-20 10:15:00+00:00,-0.0414,-0.04,MAE_KILL,1.6,177.0,CHOP,1.6,,
BTCUSDT,2026-08-20 10:15:00+00:00,-0.0414,-0.04,MAE_KILL,1.6,175.0,CHOP,1.6,,
BTCUSDT,2026-08-20 10:15:00+00:00,0.004600000000000001,0.006,TP,1.6,56.0,TREND,1.6,,
NEARUSDT,2026-08-20 11:11:00+00:00,0.004600000000000001,0.006,TP,1.6,72.0,CHOP,1.6,,
BTCUSDT,2026-08-20 12:10:00+00:00,0.0005000000000000001,0.0019,BE_STOP,1.6,135.0,TREND,1.6,,
ETHUSDT,2026-08-20 12:11:00+00:00,0.0005000000000000001,0.0019,BE_STOP,1.6,138.0,CHOP,1.6,,
NEARUSDT,2026-08-20 12:32:00+00:00,-0.0264,-0.025,MAE_KILL,1.6,137.0,CHOP,1.6,,
ETHUSDT,2026-08-20 13:36:00+00:00,0.004600000000000001,0.006,TP,1.6,299.0,TREND,1.6,,
SOLUSDT,2026-08-21 00:18:00+00:00,0.004600000000000001,0.006,TP,1.6,931.0,TREND,1.6,,
ETHUSDT,2026-08-21 00:18:00+00:00,0.004600000000000001,0.006,TP,1.6,16.0,CHOP,1.6,,
BTCUSDT,2026-08-21 00:18:00+00:00,0.004600000000000001,0.006,TP,1.6,14.0,CHOP,1.6,,
BTCUSDT,2026-08-21 00:18:00+00:00,0.004600000000000001,0.006,TP,1.6,11.0,CHOP,1.6,,
BTCUSDT,2026-08-21 00:18:00+00:00,0.004600000000000001,0.006,TP,1.6,7.0,CHOP,1.6,,
BTCUSDT,2026-08-21 00:18:00+00:00,0.004600000000000001,0.006,TP,1.6,5.0,CHOP,1.6,,
BTCUSDT,2026-08-21 00:18:00+00:00,0.004600000000000001,0.006,TP,1.6,3.0,CHOP,1.6,,
BTCUSDT,2026-08-21 00:34:00+00:00,0.0005000000000000001,0.0019,BE_STOP,1.6,5.0,TREND,1.6,,
BTCUSDT,2026-08-21 00:35:00+00:00,0.0005000000000000001,0.0019,BE_STOP,1.6,16.0,CHOP,1.6,,
SOLUSDT,2026-08-21 00:49:00+00:00,0.0005000000000000001,0.0019,BE_STOP,1.6,11.0,CHOP,1.6,,
XRPUSDT,2026-08-21 01:05:00+00:00,0.0005000000000000001,0.0019,BE_STOP,1.6,44.0,TREND,1.6,,
XRPUSDT,2026-08-21 01:05:00+00:00,0.0005000000000000001,0.0019,BE_STOP,1.6,38.0,TREND,1.6,,
XRPUSDT,2026-08-21 01:06:00+00:00,0.0005000000000000001,0.0019,BE_STOP,1.6,43.0,TREND,1.6,,
BTCUSDT,2026-08-21 01:16:00+00:00,0.004600000000000001,0.006,TP,1.6,42.0,TREND,1.6,,
BTCUSDT,2026-08-21 01:18:00+00:00,0.004600000000000001,0.006,TP,1.6,46.0,TREND,1.6,,
BTCUSDT,2026-08-21 01:18:00+00:00,0.004600000000000001,0.006,TP,1.6,13.0,CHOP,1.6,,
BTCUSDT,2026-08-21 01:18:00+00:00,0.004600000000000001,0.006,TP,1.6,11.0,CHOP,1.6,,
ETHUSDT,2026-08-21 01:18:00+00:00,0.004600000000000001,0.006,TP,1.6,8.0,CHOP,1.6,,
ETHUSDT,2026-08-21 01:18:00+00:00,0.004600000000000001,0.006,TP,1.6,1.0,CHOP,1.6,,
SOLUSDT,2026-08-21 01:20:00+00:00,0.0005000000000000001,0.0019,BE_STOP,1.6,55.0,CHOP,1.6,,
BTCUSDT,2026-08-21 01:31:00+00:00,0.004600000000000001,0.006,TP,1.6,10.0,TREND,1.6,,
BTCUSDT,2026-08-21 01:34:00+00:00,0.0005000000000000001,0.0019,BE_STOP,1.6,5.0,TREND,1.6,,
SOLUSDT,2026-08-21 01:47:00+00:00,0.004600000000000001,0.006,TP,1.6,28.0,CHOP,1.6,,
NEARUSDT,2026-08-21 01:47:00+00:00,0.0005000000000000001,0.0019,BE_STOP,1.6,24.0,TREND,1.6,,
BTCUSDT,2026-08-21 01:47:00+00:00,0.004600000000000001,0.006,TP,1.6,14.0,TREND,1.6,,
BTCUSDT,2026-08-21 01:47:00+00:00,0.004600000000000001,0.006,TP,1.6,12.0,TREND,1.6,,
XRPUSDT,2026-08-21 01:47:00+00:00,0.004600000000000001,0.006,TP,1.6,10.0,TREND,1.6,,
BTCUSDT,2026-08-21 01:54:00+00:00,0.0005000000000000001,0.0019,BE_STOP,1.6,6.0,TREND,1.6,,
XRPUSDT,2026-08-21 02:40:00+00:00,0.0005000000000000001,0.0019,BE_STOP,1.6,42.0,TREND,1.6,,
BTCUSDT,2026-08-21 03:04:00+00:00,0.004600000000000001,0.006,TP,1.6,24.0,TREND,1.6,,
ETHUSDT,2026-08-21 03:11:00+00:00,0.0005000000000000001,0.0019,BE_STOP,1.6,106.0,CHOP,1.6,,
XRPUSDT,2026-08-21 03:27:00+00:00,0.004600000000000001,0.006,TP,1.6,14.0,CHOP,1.6,,
NEARUSDT,2026-08-21 03:37:00+00:00,0.004600000000000001,0.006,TP,1.6,10.0,CHOP,1.6,,
XRPUSDT,2026-08-21 03:39:00+00:00,-0.0414,-0.04,MAE_KILL,1.6,170.0,CHOP,1.6,,
XRPUSDT,2026-08-21 03:44:00+00:00,0.0005000000000000001,0.0019,BE_STOP,1.6,7.0,TREND,1.6,,
XRPUSDT,2026-08-21 03:51:00+00:00,0.004600000000000001,0.006,TP,1.6,7.0,TREND,1.6,,
XRPUSDT,2026-08-21 03:59:00+00:00,0.0005000000000000001,0.0019,BE_STOP,1.6,19.0,TREND,1.6,,
BTCUSDT,2026-08-21 05:23:00+00:00,0.0005000000000000001,0.0019,BE_STOP,1.6,207.0,TREND,1.6,,
ETHUSDT,2026-08-21 05:24:00+00:00,0.0005000000000000001,0.0019,BE_STOP,1.6,93.0,CHOP,1.6,,
XRPUSDT,2026-08-21 05:48:00+00:00,0.0005000000000000001,0.0019,BE_STOP,1.6,23.0,CHOP,1.6,,
BTCUSDT,2026-08-21 06:11:00+00:00,0.0005000000000000001,0.0019,BE_STOP,1.6,22.0,TREND,1.6,,
BTCUSDT,2026-08-21 06:42:00+00:00,0.0005000000000000001,0.0019,BE_STOP,1.6,292.0,TREND,1.6,,
BTCUSDT,2026-08-21 06:42:00+00:00,0.0005000000000000001,0.0019,BE_STOP,1.6,290.0,TREND,1.6,,
BTCUSDT,2026-08-21 06:43:00+00:00,0.0005000000000000001,0.0019,BE_STOP,1.6,289.0,TREND,1.6,,
BTCUSDT,2026-08-21 06:43:00+00:00,0.0005000000000000001,0.0019,BE_STOP,1.6,80.0,TREND,1.6,,
SOLUSDT,2026-08-21 06:48:00+00:00,0.0005000000000000001,0.0019,BE_STOP,1.6,5.0,TREND,1.6,,
XRPUSDT,2026-08-21 07:01:00+00:00,0.0005000000000000001,0.0019,BE_STOP,1.6,13.0,CHOP,1.6,,
BTCUSDT,2026-08-21 07:05:00+00:00,0.0005000000000000001,0.0019,BE_STOP,1.6,4.0,CHOP,1.6,,
BTCUSDT,2026-08-21 07:10:00+00:00,-0.0414,-0.04,MAE_KILL,1.6,430.0,CHOP,1.6,,
ETHUSDT,2026-08-21 07:15:00+00:00,0.004600000000000001,0.006,TP,1.6,25.0,CHOP,1.6,,
BTCUSDT,2026-08-21 07:15:00+00:00,0.004600000000000001,0.006,TP,1.6,10.0,CHOP,1.6,,
NEARUSDT,2026-08-21 07:16:00+00:00,0.004600000000000001,0.006,TP,1.6,5.0,TREND,1.6,,
ETHUSDT,2026-08-21 07:18:00+00:00,0.0005000000000000001,0.0019,BE_STOP,1.6,3.0,TREND,1.6,,
SOLUSDT,2026-08-21 07:21:00+00:00,0.0005000000000000001,0.0019,BE_STOP,1.6,70.0,TREND,1.6,,
BTCUSDT,2026-08-21 07:42:00+00:00,0.004600000000000001,0.006,TP,1.6,18.0,TREND,1.6,,
BTCUSDT,2026-08-21 07:43:00+00:00,0.004600000000000001,0.006,TP,1.6,22.0,TREND,1.6,,
BTCUSDT,2026-08-21 07:44:00+00:00,0.0005000000000000001,0.0019,BE_STOP,1.6,27.0,TREND,1.6,,
BTCUSDT,2026-08-21 07:46:00+00:00,0.0005000000000000001,0.0019,BE_STOP,1.6,27.0,TREND,1.6,,
BTCUSDT,2026-08-21 08:05:00+00:00,0.0005000000000000001,0.0019,BE_STOP,1.6,20.0,TREND,1.6,,
BTCUSDT,2026-08-21 08:06:00+00:00,0.0005000000000000001,0.0019,BE_STOP,1.6,18.0,TREND,1.6,,
XRPUSDT,2026-08-21 08:10:00+00:00,-0.0414,-0.04,MAE_KILL,1.6,304.0,CHOP,1.6,,
BTCUSDT,2026-08-21 08:13:00+00:00,0.004600000000000001,0.006,TP,1.6,8.0,TREND,1.6,,
NEARUSDT,2026-08-21 08:13:00+00:00,0.0005000000000000001,0.0019,BE_STOP,1.6,5.0,TREND,1.6,,
BTCUSDT,2026-08-21 08:14:00+00:00,0.004600000000000001,0.006,TP,1.6,31.0,TREND,1.6,,
BTCUSDT,2026-08-21 08:14:00+00:00,0.004600000000000001,0.006,TP,1.6,4.0,TREND,1.6,,
XRPUSDT,2026-08-21 08:17:00+00:00,0.005740734451284253,0.007140734451284252,TP,1.6,4.0,CHOP,1.6,,
SOLUSDT,2026-08-21 08:25:00+00:00,0.004600000000000001,0.006,TP,1.6,9.0,CHOP,1.6,,
BTCUSDT,2026-08-21 08:27:00+00:00,0.0005000000000000001,0.0019,BE_STOP,1.6,8.0,TREND,1.6,,
BTCUSDT,2026-08-21 08:31:00+00:00,0.004600000000000001,0.006,TP,1.6,10.0,TREND,1.6,,
BTCUSDT,2026-08-21 08:31:00+00:00,0.004600000000000001,0.006,TP,1.6,8.0,TREND,1.6,,
XRPUSDT,2026-08-21 08:33:00+00:00,-0.0414,-0.04,MAE_KILL,1.6,43.0,CHOP,1.6,,
BTCUSDT,2026-08-21 08:33:00+00:00,0.004600000000000001,0.006,TP,1.6,5.0,TREND,1.6,,
BTCUSDT,2026-08-21 08:35:00+00:00,-0.0414,-0.04,MAE_KILL,1.6,275.0,TREND,1.6,,
BTCUSDT,2026-08-21 08:35:00+00:00,0.004600000000000001,0.006,TP,1.6,9.0,TREND,1.6,,
SOLUSDT,2026-08-21 08:38:00+00:00,0.004600000000000001,0.006,TP,1.6,5.0,TREND,1.6,,
XRPUSDT,2026-08-21 08:43:00+00:00,0.0005000000000000001,0.0019,BE_STOP,1.6,8.0,CHOP,1.6,,
ETHUSDT,2026-08-21 08:46:00+00:00,0.004600000000000001,0.006,TP,1.6,6.0,TREND,1.6,,
ETHUSDT,2026-08-21 08:46:00+00:00,0.004600000000000001,0.006,TP,1.6,2.0,TREND,1.6,,
BTCUSDT,2026-08-21 08:47:00+00:00,0.004600000000000001,0.006,TP,1.6,9.0,TREND,1.6,,
SOLUSDT,2026-08-21 08:47:00+00:00,0.004600000000000001,0.006,TP,1.6,5.0,TREND,1.6,,
BTCUSDT,2026-08-21 08:51:00+00:00,-0.0414,-0.04,MAE_KILL,1.6,125.0,CHOP,1.6,,
BTCUSDT,2026-08-21 08:51:00+00:00,0.004600000000000001,0.006,TP,1.6,2.0,TREND,1.6,,
NEARUSDT,2026-08-21 08:57:00+00:00,0.004600000000000001,0.006,TP,1.6,6.0,TREND,1.6,,
BTCUSDT,2026-08-21 08:57:00+00:00,0.004600000000000001,0.006,TP,1.6,2.0,TREND,1.6,,
XRPUSDT,2026-08-21 09:00:00+00:00,0.005135773300627145,0.006535773300627145,TP,1.6,3.0,CHOP,1.6,,
ETHUSDT,2026-08-21 09:01:00+00:00,0.0005000000000000001,0.0019,BE_STOP,1.6,8.0,TREND,1.6,,
ETHUSDT,2026-08-21 09:07:00+00:00,0.00569296984239893,0.0070929698423989294,TP,1.6,3.0,TREND,1.6,,
BTCUSDT,2026-08-21 09:18:00+00:00,0.0005000000000000001,0.0019,BE_STOP,1.6,9.0,TREND,1.6,,
XRPUSDT,2026-08-21 09:18:00+00:00,0.0005000000000000001,0.0019,BE_STOP,1.6,5.0,CHOP,1.6,,
ETHUSDT,2026-08-21 09:32:00+00:00,0.0005000000000000001,0.0019,BE_STOP,1.6,14.0,CHOP,1.6,,
BTCUSDT,2026-08-21 09:37:00+00:00,0.0005000000000000001,0.0019,BE_STOP,1.6,26.0,TREND,1.6,,
BTCUSDT,2026-08-21 09:44:00+00:00,0.004600000000000001,0.006,TP,1.6,9.0,TREND,1.6,,
BTCUSDT,2026-08-21 09:44:00+00:00,0.004600000000000001,0.006,TP,1.6,6.0,TREND,1.6,,
BTCUSDT,2026-08-21 11:19:00+00:00,0.004600000000000001,0.006,TP,1.6,119.0,TREND,1.6,,
BTCUSDT,2026-08-21 11:23:00+00:00,0.0005000000000000001,0.0019,BE_STOP,1.6,127.0,TREND,1.6,,
BTCUSDT,2026-08-21 11:32:00+00:00,0.004600000000000001,0.006,TP,1.6,12.0,CHOP,1.6,,
SOLUSDT,2026-08-21 11:34:00+00:00,0.0067596708957899645,0.008159670895789964,TP,1.6,147.0,TREND,1.6,,
SOLUSDT,2026-08-21 11:34:00+00:00,0.004600000000000001,0.006,TP,1.6,1.0,CHOP,1.6,,
SOLUSDT,2026-08-21 11:35:00+00:00,0.0005000000000000001,0.0019,BE_STOP,1.6,280.0,TREND,1.6,,
BTCUSDT,2026-08-21 11:52:00+00:00,0.0005000000000000001,0.0019,BE_STOP,1.6,15.0,CHOP,1.6,,
BTCUSDT,2026-08-21 11:53:00+00:00,0.0005000000000000001,0.0019,BE_STOP,1.6,13.0,CHOP,1.6,,
XRPUSDT,2026-08-21 11:59:00+00:00,0.004600000000000001,0.006,TP,1.6,5.0,CHOP,1.6,,
SOLUSDT,2026-08-21 12:03:00+00:00,0.0005000000000000001,0.0019,BE_STOP,1.6,4.0,CHOP,1.6,,
BTCUSDT,2026-08-21 12:05:00+00:00,0.0005000000000000001,0.0019,BE_STOP,1.6,30.0,CHOP,1.6,,
BTCUSDT,2026-08-21 12:06:00+00:00,0.0005000000000000001,0.0019,BE_STOP,1.6,14.0,CHOP,1.6,,
ETHUSDT,2026-08-21 12:39:00+00:00,0.004600000000000001,0.006,TP,1.6,31.0,CHOP,1.6,,
ETHUSDT,2026-08-21 12:53:00+00:00,0.0005000000000000001,0.0019,BE_STOP,1.6,13.0,CHOP,1.6,,
NEARUSDT,2026-08-21 13:31:00+00:00,0.0046961313012895715,0.006096131301289571,TP,1.6,249.0,CHOP,1.6,,
XRPUSDT,2026-08-21 13:31:00+00:00,0.0005000000000000001,0.0019,BE_STOP,1.6,127.0,CHOP,1.6,,
BTCUSDT,2026-08-21 13:35:00+00:00,0.004600000000000001,0.006,TP,1.6,92.0,CHOP,1.6,,
SOLUSDT,2026-08-21 13:35:00+00:00,0.004600000000000001,0.006,TP,1.6,90.0,CHOP,1.6,,
XRPUSDT,2026-08-21 13:37:00+00:00,0.0049656977942692,0.006365697794269199,TP,1.6,6.0,CHOP,1.6,,
NEARUSDT,2026-08-21 13:37:00+00:00,0.0005000000000000001,0.0019,BE_STOP,1.6,4.0,CHOP,1.6,,
XRPUSDT,2026-08-21 13:37:00+00:00,0.005936269766770164,0.007336269766770163,TP,1.6,2.0,CHOP,1.6,,
XRPUSDT,2026-08-21 13:48:00+00:00,0.006504721326110329,0.007904721326110328,TP,1.6,6.0,CHOP,1.6,,
BTCUSDT,2026-08-21 13:51:00+00:00,0.004600000000000001,0.006,TP,1.6,5.0,CHOP,1.6,,
ETHUSDT,2026-08-21 13:53:00+00:00,0.0005000000000000001,0.0019,BE_STOP,1.6,9.0,CHOP,1.6,,
BTCUSDT,2026-08-21 13:54:00+00:00,0.0005000000000000001,0.0019,BE_STOP,1.6,61.0,CHOP,1.6,,
NEARUSDT,2026-08-21 14:03:00+00:00,0.0005000000000000001,0.0019,BE_STOP,1.6,14.0,CHOP,1.6,,
ETHUSDT,2026-08-21 14:23:00+00:00,0.0005000000000000001,0.0019,BE_STOP,1.6,20.0,CHOP,1.6,,
SOLUSDT,2026-08-21 14:36:00+00:00,0.004600000000000001,0.006,TP,1.6,13.0,CHOP,1.6,,
NEARUSDT,2026-08-21 14:54:00+00:00,0.0005000000000000001,0.0019,BE_STOP,1.6,18.0,CHOP,1.6,,
BTCUSDT,2026-08-21 15:14:00+00:00,0.004600000000000001,0.006,TP,1.6,77.0,TREND,1.6,,
BTCUSDT,2026-08-21 15:14:00+00:00,0.004600000000000001,0.006,TP,1.6,20.0,CHOP,1.6,,
BTCUSDT,2026-08-21 15:15:00+00:00,0.004600000000000001,0.006,TP,1.6,82.0,CHOP,1.6,,
XRPUSDT,2026-08-21 15:18:00+00:00,0.0005000000000000001,0.0019,BE_STOP,1.6,4.0,CHOP,1.6,,
BTCUSDT,2026-08-21 15:29:00+00:00,0.0005000000000000001,0.0019,BE_STOP,1.6,11.0,CHOP,1.6,,
NEARUSDT,2026-08-21 15:39:00+00:00,0.0005000000000000001,0.0019,BE_STOP,1.6,10.0,CHOP,1.6,,
BTCUSDT,2026-08-21 21:24:00+00:00,0.004600000000000001,0.006,TP,1.6,364.0,CHOP,1.6,,
BTCUSDT,2026-08-21 21:27:00+00:00,0.004600000000000001,0.006,TP,1.6,456.0,CHOP,1.6,,
BTCUSDT,2026-08-21 21:27:00+00:00,0.004600000000000001,0.006,TP,1.6,371.0,CHOP,1.6,,
NEARUSDT,2026-08-21 21:28:00+00:00,0.0005000000000000001,0.0019,BE_STOP,1.6,4.0,CHOP,1.6,,
ETHUSDT,2026-08-21 21:33:00+00:00,0.004600000000000001,0.006,TP,1.6,2.0,TREND,1.6,,
BTCUSDT,2026-08-21 21:36:00+00:00,0.0005000000000000001,0.0019,BE_STOP,1.6,712.0,TREND,1.6,,
BTCUSDT,2026-08-21 21:36:00+00:00,0.0005000000000000001,0.0019,BE_STOP,1.6,710.0,TREND,1.6,,
BTCUSDT,2026-08-21 21:37:00+00:00,0.0005000000000000001,0.0019,BE_STOP,1.6,8.0,CHOP,1.6,,
BTCUSDT,2026-08-21 21:47:00+00:00,0.0005000000000000001,0.0019,BE_STOP,1.6,11.0,CHOP,1.6,,
NEARUSDT,2026-08-21 21:52:00+00:00,0.0055460239699063945,0.006946023969906394,TP,1.6,25.0,CHOP,1.6,,
ETHUSDT,2026-08-21 21:52:00+00:00,0.004974969826343102,0.006374969826343101,TP,1.6,18.0,TREND,1.6,,
BTCUSDT,2026-08-21 21:52:00+00:00,0.004600000000000001,0.006,TP,1.6,14.0,CHOP,1.6,,
NEARUSDT,2026-08-21 21:52:00+00:00,0.004600000000000001,0.006,TP,1.6,9.0,CHOP,1.6,,
BTCUSDT,2026-08-21 21:55:00+00:00,0.004600000000000001,0.006,TP,1.6,8.0,CHOP,1.6,,
BTCUSDT,2026-08-21 21:57:00+00:00,0.0005000000000000001,0.0019,BE_STOP,1.6,4.0,CHOP,1.6,,
SOLUSDT,2026-08-21 22:03:00+00:00,0.004600000000000001,0.006,TP,1.6,6.0,CHOP,1.6,,
XRPUSDT,2026-08-21 22:04:00+00:00,0.004600000000000001,0.006,TP,1.6,382.0,CHOP,1.6,,
BTCUSDT,2026-08-21 22:21:00+00:00,0.0005000000000000001,0.0019,BE_STOP,1.6,21.0,CHOP,1.6,,
BTCUSDT,2026-08-21 22:21:00+00:00,0.0005000000000000001,0.0019,BE_STOP,1.6,17.0,CHOP,1.6,,
XRPUSDT,2026-08-21 22:32:00+00:00,0.007017350293268333,0.008417350293268332,TP,1.6,8.0,CHOP,1.6,,
NEARUSDT,2026-08-21 22:46:00+00:00,0.0005000000000000001,0.0019,BE_STOP,1.6,34.0,TREND,1.6,,
ETHUSDT,2026-08-21 23:24:00+00:00,0.0005000000000000001,0.0019,BE_STOP,1.6,63.0,TREND,1.6,,
BTCUSDT,2026-08-21 23:44:00+00:00,0.0005000000000000001,0.0019,BE_STOP,1.6,58.0,CHOP,1.6,,
NEARUSDT,2026-08-21 23:52:00+00:00,0.0005000000000000001,0.0019,BE_STOP,1.6,7.0,CHOP,1.6,,
BTCUSDT,2026-08-22 00:06:00+00:00,0.004600000000000001,0.006,TP,1.6,94.0,CHOP,1.6,,
BTCUSDT,2026-08-22 00:06:00+00:00,0.004600000000000001,0.006,TP,1.6,14.0,TREND,1.6,,
BTCUSDT,2026-08-22 00:56:00+00:00,0.0005000000000000001,0.0019,BE_STOP,1.6,46.0,TREND,1.6,,
ETHUSDT,2026-08-22 01:08:00+00:00,0.0005000000000000001,0.0019,BE_STOP,1.6,12.0,TREND,1.6,,
BTCUSDT,2026-08-22 03:03:00+00:00,0.004600000000000001,0.006,TP,1.6,115.0,CHOP,1.6,,
NEARUSDT,2026-08-22 03:13:00+00:00,0.004600000000000001,0.006,TP,1.6,10.0,TREND,1.6,,
XRPUSDT,2026-08-22 03:17:00+00:00,0.004600000000000001,0.006,TP,1.6,4.0,TREND,1.6,,
ETHUSDT,2026-08-22 03:28:00+00:00,0.0005000000000000001,0.0019,BE_STOP,1.6,10.0,CHOP,1.6,,
BTCUSDT,2026-08-22 03:33:00+00:00,0.0005000000000000001,0.0019,BE_STOP,1.6,338.0,CHOP,1.6,,
BTCUSDT,2026-08-22 03:33:00+00:00,0.0005000000000000001,0.0019,BE_STOP,1.6,325.0,CHOP,1.6,,
XRPUSDT,2026-08-22 04:17:00+00:00,0.006782385443890727,0.008182385443890727,TP,1.6,42.0,TREND,1.6,,
NEARUSDT,2026-08-22 04:26:00+00:00,0.004600000000000001,0.006,TP,1.6,9.0,TREND,1.6,,
XRPUSDT,2026-08-22 04:31:00+00:00,0.0059216862825948674,0.007321686282594867,TP,1.6,5.0,TREND,1.6,,
NEARUSDT,2026-08-22 04:49:00+00:00,0.0005000000000000001,0.0019,BE_STOP,1.6,17.0,TREND,1.6,,
SOLUSDT,2026-08-22 05:09:00+00:00,-0.0414,-0.04,MAE_KILL,1.6,20.0,TREND,1.6,,
ETHUSDT,2026-08-22 05:10:00+00:00,-0.0414,-0.04,MAE_KILL,1.6,346.0,TREND,1.6,,
BTCUSDT,2026-08-22 05:10:00+00:00,0.004600000000000001,0.006,TP,1.6,302.0,TREND,1.6,,
SOLUSDT,2026-08-22 05:16:00+00:00,0.026461054641450273,0.02786105464145027,TP,1.6,3.0,CHOP,1.6,,
BTCUSDT,2026-08-22 05:16:00+00:00,0.004600000000000001,0.006,TP,1.6,1.0,CHOP,1.6,,
BTCUSDT,2026-08-22 05:17:00+00:00,0.0005000000000000001,0.0019,BE_STOP,1.6,6.0,CHOP,1.6,,
BTCUSDT,2026-08-22 05:26:00+00:00,0.0005000000000000001,0.0019,BE_STOP,1.6,9.0,CHOP,1.6,,
BTCUSDT,2026-08-22 05:33:00+00:00,0.0005000000000000001,0.0019,BE_STOP,1.6,7.0,CHOP,1.6,,
BTCUSDT,2026-08-22 05:47:00+00:00,0.0005000000000000001,0.0019,BE_STOP,1.6,14.0,CHOP,1.6,,
BTCUSDT,2026-08-22 07:10:00+00:00,0.0005000000000000001,0.0019,BE_STOP,1.6,81.0,CHOP,1.6,,
BTCUSDT,2026-08-22 08:44:00+00:00,0.0005000000000000001,0.0019,BE_STOP,1.6,90.0,CHOP,1.6,,
BTCUSDT,2026-08-22 09:59:00+00:00,0.0005000000000000001,0.0019,BE_STOP,1.6,73.0,TREND,1.6,,
SOLUSDT,2026-08-22 10:02:00+00:00,0.004600000000000001,0.006,TP,1.6,3.0,CHOP,1.6,,
BTCUSDT,2026-08-22 10:17:00+00:00,0.0005000000000000001,0.0019,BE_STOP,1.6,13.0,TREND,1.6,,
BTCUSDT,2026-08-22 10:28:00+00:00,0.0005000000000000001,0.0019,BE_STOP,1.6,11.0,CHOP,1.6,,
BTCUSDT,2026-08-22 10:31:00+00:00,0.0005000000000000001,0.0019,BE_STOP,1.6,308.0,CHOP,1.6,,
NEARUSDT,2026-08-22 11:05:00+00:00,0.0005000000000000001,0.0019,BE_STOP,1.6,37.0,CHOP,1.6,,
NEARUSDT,2026-08-22 11:05:00+00:00,0.0005000000000000001,0.0019,BE_STOP,1.6,34.0,CHOP,1.6,,
NEARUSDT,2026-08-22 11:12:00+00:00,0.0005000000000000001,0.0019,BE_STOP,1.6,5.0,CHOP,1.6,,
NEARUSDT,2026-08-22 11:24:00+00:00,0.004600000000000001,0.006,TP,1.6,19.0,CHOP,1.6,,
ETHUSDT,2026-08-22 11:44:00+00:00,0.004600000000000001,0.006,TP,1.6,20.0,CHOP,1.6,,
XRPUSDT,2026-08-22 12:02:00+00:00,0.004600000000000001,0.006,TP,1.6,18.0,CHOP,1.6,,
SOLUSDT,2026-08-22 12:10:00+00:00,0.0005000000000000001,0.0019,BE_STOP,1.6,411.0,CHOP,1.6,,
BTCUSDT,2026-08-22 16:54:00+00:00,0.0005000000000000001,0.0019,BE_STOP,1.6,292.0,CHOP,1.6,,
BTCUSDT,2026-08-22 16:54:00+00:00,0.0005000000000000001,0.0019,BE_STOP,1.6,282.0,CHOP,1.6,,
NEARUSDT,2026-08-22 18:41:00+00:00,-0.0264,-0.025,MAE_KILL,1.6,107.0,CHOP,1.6,,
BTCUSDT,2026-08-22 21:09:00+00:00,0.0005000000000000001,0.0019,BE_STOP,1.6,148.0,CHOP,1.6,,
ETHUSDT,2026-08-22 21:20:00+00:00,0.0005000000000000001,0.0019,BE_STOP,1.6,264.0,CHOP,1.6,,
ETHUSDT,2026-08-22 21:56:00+00:00,0.004600000000000001,0.006,TP,1.6,36.0,CHOP,1.6,,
BTCUSDT,2026-08-22 22:06:00+00:00,0.0005000000000000001,0.0019,BE_STOP,1.6,56.0,CHOP,1.6,,
BTCUSDT,2026-08-23 01:57:00+00:00,0.0005000000000000001,0.0019,BE_STOP,1.6,231.0,CHOP,1.6,,
BTCUSDT,2026-08-23 04:08:00+00:00,0.004600000000000001,0.006,TP,1.6,131.0,CHOP,1.6,,
BTCUSDT,2026-08-23 05:08:00+00:00,0.004600000000000001,0.006,TP,1.6,1076.0,CHOP,1.6,,
BTCUSDT,2026-08-23 05:08:00+00:00,0.004600000000000001,0.006,TP,1.6,431.0,CHOP,1.6,,
BTCUSDT,2026-08-23 05:08:00+00:00,0.004600000000000001,0.006,TP,1.6,59.0,CHOP,1.6,,
BTCUSDT,2026-08-23 05:14:00+00:00,-0.0414,-0.04,MAE_KILL,1.6,2655.0,TREND,1.6,,
BTCUSDT,2026-08-23 05:14:00+00:00,0.004600000000000001,0.006,TP,1.6,2377.0,CHOP,1.6,,
BTCUSDT,2026-08-23 05:14:00+00:00,0.004600000000000001,0.006,TP,1.6,4.0,CHOP,1.6,,
BTCUSDT,2026-08-23 05:14:00+00:00,0.004600000000000001,0.006,TP,1.6,2.0,TREND,1.6,,
XRPUSDT,2026-08-23 05:15:00+00:00,0.0005000000000000001,0.0019,BE_STOP,1.6,7.0,CHOP,1.6,,
BTCUSDT,2026-08-23 05:17:00+00:00,-0.0414,-0.04,MAE_KILL,1.6,1549.0,CHOP,1.6,,
BTCUSDT,2026-08-23 05:17:00+00:00,0.004600000000000001,0.006,TP,1.6,2.0,TREND,1.6,,
BTCUSDT,2026-08-23 06:14:00+00:00,0.0005000000000000001,0.0019,BE_STOP,1.6,53.0,TREND,1.6,,
BTCUSDT,2026-08-23 06:14:00+00:00,0.0005000000000000001,0.0019,BE_STOP,1.6,51.0,TREND,1.6,,
XRPUSDT,2026-08-23 06:23:00+00:00,0.0005000000000000001,0.0019,BE_STOP,1.6,5.0,TREND,1.6,,
ETHUSDT,2026-08-23 06:33:00+00:00,0.004600000000000001,0.006,TP,1.6,65.0,TREND,1.6,,
XRPUSDT,2026-08-23 06:38:00+00:00,0.0005000000000000001,0.0019,BE_STOP,1.6,15.0,TREND,1.6,,
XRPUSDT,2026-08-23 07:17:00+00:00,0.004600000000000001,0.006,TP,1.6,57.0,TREND,1.6,,
ETHUSDT,2026-08-23 07:22:00+00:00,0.0005000000000000001,0.0019,BE_STOP,1.6,44.0,TREND,1.6,,
NEARUSDT,2026-08-23 07:29:00+00:00,0.0005000000000000001,0.0019,BE_STOP,1.6,7.0,CHOP,1.6,,
SOLUSDT,2026-08-23 08:11:00+00:00,0.0005000000000000001,0.0019,BE_STOP,1.6,41.0,CHOP,1.6,,
SOLUSDT,2026-08-23 08:47:00+00:00,0.0005000000000000001,0.0019,BE_STOP,1.6,202.0,CHOP,1.6,,
BTCUSDT,2026-08-23 08:57:00+00:00,0.0005000000000000001,0.0019,BE_STOP,1.6,143.0,TREND,1.6,,
BTCUSDT,2026-08-23 08:57:00+00:00,0.0005000000000000001,0.0019,BE_STOP,1.6,100.0,CHOP,1.6,,
XRPUSDT,2026-08-23 09:35:00+00:00,0.004600000000000001,0.006,TP,1.6,38.0,CHOP,1.6,,
ETHUSDT,2026-08-23 09:37:00+00:00,0.0005000000000000001,0.0019,BE_STOP,1.6,38.0,CHOP,1.6,,
BTCUSDT,2026-08-23 10:06:00+00:00,0.004600000000000001,0.006,TP,1.6,115.0,TREND,1.6,,
BTCUSDT,2026-08-23 11:20:00+00:00,0.004600000000000001,0.006,TP,1.6,153.0,CHOP,1.6,,
BTCUSDT,2026-08-23 11:20:00+00:00,0.004600000000000001,0.006,TP,1.6,73.0,CHOP,1.6,,
ETHUSDT,2026-08-23 13:18:00+00:00,-0.0414,-0.04,MAE_KILL,1.6,481.0,TREND,1.6,,
BTCUSDT,2026-08-23 13:19:00+00:00,0.004600000000000001,0.006,TP,1.6,117.0,TREND,1.6,,
BTCUSDT,2026-08-23 13:19:00+00:00,0.004600000000000001,0.006,TP,1.6,114.0,TREND,1.6,,
SOLUSDT,2026-08-23 14:06:00+00:00,0.0005000000000000001,0.0019,BE_STOP,1.6,44.0,TREND,1.6,,
XRPUSDT,2026-08-23 14:11:00+00:00,0.004600000000000001,0.006,TP,1.6,5.0,TREND,1.6,,
NEARUSDT,2026-08-23 14:16:00+00:00,0.0005000000000000001,0.0019,BE_STOP,1.6,3.0,TREND,1.6,,
ETHUSDT,2026-08-23 14:42:00+00:00,0.004600000000000001,0.006,TP,1.6,305.0,CHOP,1.6,,
NEARUSDT,2026-08-23 17:14:00+00:00,-0.0264,-0.025,MAE_KILL,1.6,151.0,CHOP,1.6,,
XRPUSDT,2026-08-23 17:22:00+00:00,0.004600000000000001,0.006,TP,1.6,7.0,CHOP,1.6,,
BTCUSDT,2026-08-23 21:16:00+00:00,0.004600000000000001,0.006,TP,1.6,233.0,CHOP,1.6,,
BTCUSDT,2026-08-23 21:22:00+00:00,0.004600000000000001,0.006,TP,1.6,482.0,TREND,1.6,,
ETHUSDT,2026-08-23 21:25:00+00:00,0.0005000000000000001,0.0019,BE_STOP,1.6,429.0,TREND,1.6,,
ETHUSDT,2026-08-23 21:29:00+00:00,0.0047317683051642705,0.00613176830516427,TP,1.6,485.0,CHOP,1.6,,
BTCUSDT,2026-08-23 22:10:00+00:00,-0.01262776486572086,-0.011227764865720859,MAX_AGE,1.6,2880.0,CHOP,1.6,,
ETHUSDT,2026-08-23 23:03:00+00:00,0.004600000000000001,0.006,TP,1.6,53.0,CHOP,1.6,,
ETHUSDT,2026-08-23 23:07:00+00:00,0.0005000000000000001,0.0019,BE_STOP,1.6,3.0,CHOP,1.6,,
BTCUSDT,2026-08-24 00:49:00+00:00,0.0005000000000000001,0.0019,BE_STOP,1.6,102.0,CHOP,1.6,,
NEARUSDT,2026-08-24 00:52:00+00:00,0.0005000000000000001,0.0019,BE_STOP,1.6,3.0,CHOP,1.6,,
XRPUSDT,2026-08-24 01:15:00+00:00,0.004600000000000001,0.006,TP,1.6,23.0,CHOP,1.6,,
BTCUSDT,2026-08-24 01:33:00+00:00,0.0005000000000000001,0.0019,BE_STOP,1.6,17.0,CHOP,1.6,,
ETHUSDT,2026-08-24 01:51:00+00:00,0.004600000000000001,0.006,TP,1.6,18.0,CHOP,1.6,,
BTCUSDT,2026-08-24 02:05:00+00:00,0.0005000000000000001,0.0019,BE_STOP,1.6,13.0,CHOP,1.6,,
NEARUSDT,2026-08-24 02:37:00+00:00,-0.0264,-0.025,MAE_KILL,1.6,32.0,CHOP,1.6,,
BTCUSDT,2026-08-24 03:33:00+00:00,-0.021503773716845965,-0.020103773716845966,MAX_AGE,1.6,2880.0,CHOP,1.6,,
XRPUSDT,2026-08-24 03:38:00+00:00,0.0005000000000000001,0.0019,BE_STOP,1.6,5.0,CHOP,1.6,,
BTCUSDT,2026-08-24 05:04:00+00:00,0.0005000000000000001,0.0019,BE_STOP,1.6,86.0,CHOP,1.6,,
SOLUSDT,2026-08-24 05:15:00+00:00,0.004600000000000001,0.006,TP,1.6,11.0,CHOP,1.6,,
BTCUSDT,2026-08-24 06:33:00+00:00,0.0005000000000000001,0.0019,BE_STOP,1.6,78.0,CHOP,1.6,,
XRPUSDT,2026-08-24 06:49:00+00:00,0.0005000000000000001,0.0019,BE_STOP,1.6,16.0,CHOP,1.6,,
BTCUSDT,2026-08-24 07:21:00+00:00,0.0005000000000000001,0.0019,BE_STOP,1.6,284.0,CHOP,1.6,,
BTCUSDT,2026-08-24 07:21:00+00:00,0.0005000000000000001,0.0019,BE_STOP,1.6,31.0,CHOP,1.6,,
BTCUSDT,2026-08-24 10:41:00+00:00,0.0005000000000000001,0.0019,BE_STOP,1.6,197.0,CHOP,1.6,,
BTCUSDT,2026-08-24 10:43:00+00:00,0.0005000000000000001,0.0019,BE_STOP,1.6,202.0,CHOP,1.6,,
ETHUSDT,2026-08-24 11:07:00+00:00,0.0005000000000000001,0.0019,BE_STOP,1.6,25.0,CHOP,1.6,,
BTCUSDT,2026-08-24 11:07:00+00:00,0.0005000000000000001,0.0019,BE_STOP,1.6,23.0,CHOP,1.6,,
BTCUSDT,2026-08-24 11:36:00+00:00,0.004600000000000001,0.006,TP,1.6,859.0,CHOP,1.6,,
BTCUSDT,2026-08-24 11:36:00+00:00,0.004600000000000001,0.006,TP,1.6,851.0,CHOP,1.6,,
BTCUSDT,2026-08-24 11:37:00+00:00,0.004600000000000001,0.006,TP,1.6,855.0,CHOP,1.6,,
BTCUSDT,2026-08-24 11:40:00+00:00,0.004600000000000001,0.006,TP,1.6,850.0,TREND,1.6,,
NEARUSDT,2026-08-24 11:44:00+00:00,0.004600000000000001,0.006,TP,1.6,3.0,CHOP,1.6,,
SOLUSDT,2026-08-24 12:17:00+00:00,0.0005000000000000001,0.0019,BE_STOP,1.6,70.0,CHOP,1.6,,
SOLUSDT,2026-08-24 12:17:00+00:00,0.0005000000000000001,0.0019,BE_STOP,1.6,68.0,CHOP,1.6,,
BTCUSDT,2026-08-24 12:34:00+00:00,0.0005000000000000001,0.0019,BE_STOP,1.6,51.0,CHOP,1.6,,
BTCUSDT,2026-08-24 12:34:00+00:00,0.0005000000000000001,0.0019,BE_STOP,1.6,49.0,CHOP,1.6,,
BTCUSDT,2026-08-24 12:41:00+00:00,0.004600000000000001,0.006,TP,1.6,54.0,CHOP,1.6,,
BTCUSDT,2026-08-24 12:42:00+00:00,0.004600000000000001,0.006,TP,1.6,64.0,CHOP,1.6,,
BTCUSDT,2026-08-24 12:50:00+00:00,0.004600000000000001,0.006,TP,1.6,14.0,CHOP,1.6,,
BTCUSDT,2026-08-24 12:51:00+00:00,-0.0414,-0.04,MAE_KILL,1.6,1892.0,TREND,1.6,,
BTCUSDT,2026-08-24 12:51:00+00:00,0.004600000000000001,0.006,TP,1.6,8.0,TREND,1.6,,
ETHUSDT,2026-08-24 12:51:00+00:00,0.004600000000000001,0.006,TP,1.6,6.0,CHOP,1.6,,
SOLUSDT,2026-08-24 12:53:00+00:00,0.0005000000000000001,0.0019,BE_STOP,1.6,3.0,CHOP,1.6,,
NEARUSDT,2026-08-24 13:01:00+00:00,0.0005000000000000001,0.0019,BE_STOP,1.6,23.0,CHOP,1.6,,
BTCUSDT,2026-08-24 13:01:00+00:00,0.0005000000000000001,0.0019,BE_STOP,1.6,9.0,TREND,1.6,,
BTCUSDT,2026-08-24 13:15:00+00:00,0.0005000000000000001,0.0019,BE_STOP,1.6,17.0,TREND,1.6,,
BTCUSDT,2026-08-24 13:16:00+00:00,0.0005000000000000001,0.0019,BE_STOP,1.6,16.0,TREND,1.6,,
BTCUSDT,2026-08-24 13:16:00+00:00,0.0005000000000000001,0.0019,BE_STOP,1.6,14.0,TREND,1.6,,
BTCUSDT,2026-08-24 13:16:00+00:00,0.0005000000000000001,0.0019,BE_STOP,1.6,12.0,TREND,1.6,,
BTCUSDT,2026-08-24 13:33:00+00:00,0.004600000000000001,0.006,TP,1.6,12.0,TREND,1.6,,
BTCUSDT,2026-08-24 13:40:00+00:00,0.004600000000000001,0.006,TP,1.6,23.0,TREND,1.6,,
BTCUSDT,2026-08-24 13:40:00+00:00,0.004600000000000001,0.006,TP,1.6,21.0,TREND,1.6,,
BTCUSDT,2026-08-24 13:40:00+00:00,0.004600000000000001,0.006,TP,1.6,16.0,TREND,1.6,,
BTCUSDT,2026-08-24 13:42:00+00:00,0.004600000000000001,0.006,TP,1.6,9.0,TREND,1.6,,
BTCUSDT,2026-08-24 13:45:00+00:00,0.004600000000000001,0.006,TP,1.6,4.0,TREND,1.6,,
SOLUSDT,2026-08-24 13:46:00+00:00,0.004600000000000001,0.006,TP,1.6,87.0,CHOP,1.6,,
SOLUSDT,2026-08-24 13:47:00+00:00,0.0005000000000000001,0.0019,BE_STOP,1.6,90.0,CHOP,1.6,,
BTCUSDT,2026-08-24 13:48:00+00:00,0.0005000000000000001,0.0019,BE_STOP,1.6,5.0,CHOP,1.6,,
BTCUSDT,2026-08-24 13:54:00+00:00,0.0005000000000000001,0.0019,BE_STOP,1.6,6.0,CHOP,1.6,,
BTCUSDT,2026-08-24 13:55:00+00:00,0.0005000000000000001,0.0019,BE_STOP,1.6,5.0,CHOP,1.6,,
BTCUSDT,2026-08-24 14:15:00+00:00,0.004600000000000001,0.006,TP,1.6,13.0,CHOP,1.6,,
BTCUSDT,2026-08-24 14:23:00+00:00,-0.0414,-0.04,MAE_KILL,1.6,1728.0,CHOP,1.6,,
ETHUSDT,2026-08-24 14:23:00+00:00,0.004600000000000001,0.006,TP,1.6,7.0,CHOP,1.6,,
NEARUSDT,2026-08-24 14:26:00+00:00,0.004600000000000001,0.006,TP,1.6,2.0,CHOP,1.6,,
BTCUSDT,2026-08-24 14:32:00+00:00,0.004600000000000001,0.006,TP,1.6,5.0,CHOP,1.6,,
NEARUSDT,2026-08-24 14:33:00+00:00,-0.0264,-0.025,MAE_KILL,1.6,33.0,CHOP,1.6,,
SOLUSDT,2026-08-24 14:33:00+00:00,0.004600000000000001,0.006,TP,1.6,4.0,CHOP,1.6,,
SOLUSDT,2026-08-24 14:43:00+00:00,0.0005000000000000001,0.0019,BE_STOP,1.6,107.0,CHOP,1.6,,
SOLUSDT,2026-08-24 14:43:00+00:00,0.0005000000000000001,0.0019,BE_STOP,1.6,6.0,CHOP,1.6,,
BTCUSDT,2026-08-24 14:48:00+00:00,0.0005000000000000001,0.0019,BE_STOP,1.6,16.0,CHOP,1.6,,
SOLUSDT,2026-08-24 14:50:00+00:00,0.0005000000000000001,0.0019,BE_STOP,1.6,7.0,CHOP,1.6,,
SOLUSDT,2026-08-24 15:22:00+00:00,0.004600000000000001,0.006,TP,1.6,34.0,CHOP,1.6,,
ETHUSDT,2026-08-24 15:30:00+00:00,0.0005000000000000001,0.0019,BE_STOP,1.6,45.0,CHOP,1.6,,
BTCUSDT,2026-08-24 15:38:00+00:00,0.0005000000000000001,0.0019,BE_STOP,1.6,64.0,CHOP,1.6,,
ETHUSDT,2026-08-24 15:43:00+00:00,0.004600000000000001,0.006,TP,1.6,52.0,CHOP,1.6,,
ETHUSDT,2026-08-24 15:43:00+00:00,0.004600000000000001,0.006,TP,1.6,4.0,CHOP,1.6,,
BTCUSDT,2026-08-24 15:57:00+00:00,0.004600000000000001,0.006,TP,1.6,13.0,CHOP,1.6,,
BTCUSDT,2026-08-24 15:57:00+00:00,0.004600000000000001,0.006,TP,1.6,11.0,CHOP,1.6,,
BTCUSDT,2026-08-24 16:56:00+00:00,0.0005000000000000001,0.0019,BE_STOP,1.6,56.0,CHOP,1.6,,
BTCUSDT,2026-08-24 17:02:00+00:00,0.004600000000000001,0.006,TP,1.6,6.0,CHOP,1.6,,
BTCUSDT,2026-08-24 17:05:00+00:00,0.0005000000000000001,0.0019,BE_STOP,1.6,67.0,CHOP,1.6,,
BTCUSDT,2026-08-24 17:22:00+00:00,0.004600000000000001,0.006,TP,1.6,17.0,CHOP,1.6,,
BTCUSDT,2026-08-24 17:27:00+00:00,0.0005000000000000001,0.0019,BE_STOP,1.6,24.0,CHOP,1.6,,
BTCUSDT,2026-08-24 17:37:00+00:00,0.0005000000000000001,0.0019,BE_STOP,1.6,10.0,CHOP,1.6,,
NEARUSDT,2026-08-24 19:21:00+00:00,0.0005000000000000001,0.0019,BE_STOP,1.6,104.0,CHOP,1.6,,
SOLUSDT,2026-08-24 22:37:00+00:00,-0.0414,-0.04,MAE_KILL,1.6,524.0,CHOP,1.6,,
SOLUSDT,2026-08-24 23:43:00+00:00,-0.0414,-0.04,MAE_KILL,1.6,586.0,CHOP,1.6,,
NEARUSDT,2026-08-25 00:00:00+00:00,0.004600000000000001,0.006,TP,1.6,17.0,CHOP,1.6,,
BTCUSDT,2026-08-25 00:44:00+00:00,0.004600000000000001,0.006,TP,1.6,126.0,CHOP,1.6,,
BTCUSDT,2026-08-25 00:45:00+00:00,0.004600000000000001,0.006,TP,1.6,45.0,CHOP,1.6,,
NEARUSDT,2026-08-25 00:47:00+00:00,0.004600000000000001,0.006,TP,1.6,3.0,CHOP,1.6,,
SOLUSDT,2026-08-25 01:05:00+00:00,0.0005000000000000001,0.0019,BE_STOP,1.6,18.0,TREND,1.6,,
ETHUSDT,2026-08-25 01:33:00+00:00,0.0005000000000000001,0.0019,BE_STOP,1.6,44.0,CHOP,1.6,,
BTCUSDT,2026-08-25 02:17:00+00:00,0.004600000000000001,0.006,TP,1.6,654.0,CHOP,1.6,,
BTCUSDT,2026-08-25 02:17:00+00:00,0.004600000000000001,0.006,TP,1.6,647.0,CHOP,1.6,,
BTCUSDT,2026-08-25 02:17:00+00:00,0.004600000000000001,0.006,TP,1.6,72.0,TREND,1.6,,
ETHUSDT,2026-08-25 02:17:00+00:00,0.004600000000000001,0.006,TP,1.6,44.0,TREND,1.6,,
XRPUSDT,2026-08-25 02:28:00+00:00,0.004600000000000001,0.006,TP,1.6,3.0,CHOP,1.6,,
BTCUSDT,2026-08-25 02:33:00+00:00,0.0005000000000000001,0.0019,BE_STOP,1.6,12.0,CHOP,1.6,,
BTCUSDT,2026-08-25 02:41:00+00:00,0.004600000000000001,0.006,TP,1.6,18.0,CHOP,1.6,,
BTCUSDT,2026-08-25 02:44:00+00:00,0.0005000000000000001,0.0019,BE_STOP,1.6,25.0,CHOP,1.6,,
ETHUSDT,2026-08-25 02:44:00+00:00,0.0005000000000000001,0.0019,BE_STOP,1.6,11.0,CHOP,1.6,,
BTCUSDT,2026-08-25 03:52:00+00:00,0.0005000000000000001,0.0019,BE_STOP,1.6,57.0,TREND,1.6,,
BTCUSDT,2026-08-25 04:00:00+00:00,0.0005000000000000001,0.0019,BE_STOP,1.6,68.0,TREND,1.6,,
BTCUSDT,2026-08-25 04:03:00+00:00,0.0005000000000000001,0.0019,BE_STOP,1.6,11.0,TREND,1.6,,
BTCUSDT,2026-08-25 04:09:00+00:00,0.0005000000000000001,0.0019,BE_STOP,1.6,9.0,CHOP,1.6,,
BTCUSDT,2026-08-25 04:33:00+00:00,0.0005000000000000001,0.0019,BE_STOP,1.6,24.0,CHOP,1.6,,
SOLUSDT,2026-08-25 05:00:00+00:00,0.0005000000000000001,0.0019,BE_STOP,1.6,25.0,CHOP,1.6,,
BTCUSDT,2026-08-25 05:32:00+00:00,0.004600000000000001,0.006,TP,1.6,32.0,CHOP,1.6,,
NEARUSDT,2026-08-25 06:41:00+00:00,0.004600000000000001,0.006,TP,1.6,158.0,CHOP,1.6,,
NEARUSDT,2026-08-25 06:49:00+00:00,-0.0264,-0.025,MAE_KILL,1.6,260.0,CHOP,1.6,,
BTCUSDT,2026-08-25 07:49:00+00:00,0.004600000000000001,0.006,TP,1.6,68.0,CHOP,1.6,,
BTCUSDT,2026-08-25 07:49:00+00:00,0.004600000000000001,0.006,TP,1.6,60.0,CHOP,1.6,,
BTCUSDT,2026-08-25 09:51:00+00:00,0.004600000000000001,0.006,TP,1.6,117.0,CHOP,1.6,,
BTCUSDT,2026-08-25 09:52:00+00:00,0.004600000000000001,0.006,TP,1.6,120.0,CHOP,1.6,,
SOLUSDT,2026-08-25 12:03:00+00:00,-0.0414,-0.04,MAE_KILL,1.6,391.0,CHOP,1.6,,
BTCUSDT,2026-08-25 12:07:00+00:00,0.004600000000000001,0.006,TP,1.6,131.0,CHOP,1.6,,
BTCUSDT,2026-08-25 12:12:00+00:00,0.0005000000000000001,0.0019,BE_STOP,1.6,138.0,CHOP,1.6,,
BTCUSDT,2026-08-25 12:12:00+00:00,0.0005000000000000001,0.0019,BE_STOP,1.6,9.0,CHOP,1.6,,
ETHUSDT,2026-08-25 12:24:00+00:00,0.0005000000000000001,0.0019,BE_STOP,1.6,17.0,CHOP,1.6,,
BTCUSDT,2026-08-25 12:28:00+00:00,0.0005000000000000001,0.0019,BE_STOP,1.6,4.0,TREND,1.6,,
NEARUSDT,2026-08-25 13:02:00+00:00,0.0005000000000000001,0.0019,BE_STOP,1.6,44.0,CHOP,1.6,,
BTCUSDT,2026-08-25 13:24:00+00:00,0.0005000000000000001,0.0019,BE_STOP,1.6,56.0,TREND,1.6,,
BTCUSDT,2026-08-25 13:51:00+00:00,0.004600000000000001,0.006,TP,1.6,1228.0,CHOP,1.6,,
BTCUSDT,2026-08-25 13:51:00+00:00,0.004600000000000001,0.006,TP,1.6,1110.0,CHOP,1.6,,
BTCUSDT,2026-08-25 13:51:00+00:00,0.004600000000000001,0.006,TP,1.6,27.0,TREND,1.6,,
BTCUSDT,2026-08-25 13:54:00+00:00,0.0005000000000000001,0.0019,BE_STOP,1.6,1439.0,CHOP,1.6,,
NEARUSDT,2026-08-25 14:06:00+00:00,0.00519306017368331,0.0065930601736833095,TP,1.6,6.0,CHOP,1.6,,
BTCUSDT,2026-08-25 14:25:00+00:00,0.004600000000000001,0.006,TP,1.6,19.0,TREND,1.6,,
BTCUSDT,2026-08-25 14:35:00+00:00,0.0005000000000000001,0.0019,BE_STOP,1.6,10.0,CHOP,1.6,,
ETHUSDT,2026-08-25 14:39:00+00:00,0.0005000000000000001,0.0019,BE_STOP,1.6,97.0,CHOP,1.6,,
SOLUSDT,2026-08-25 14:59:00+00:00,0.0005000000000000001,0.0019,BE_STOP,1.6,20.0,CHOP,1.6,,
NEARUSDT,2026-08-25 15:07:00+00:00,0.0005000000000000001,0.0019,BE_STOP,1.6,8.0,CHOP,1.6,,
BTCUSDT,2026-08-25 15:48:00+00:00,0.0005000000000000001,0.0019,BE_STOP,1.6,73.0,CHOP,1.6,,
BTCUSDT,2026-08-25 16:08:00+00:00,0.0005000000000000001,0.0019,BE_STOP,1.6,61.0,CHOP,1.6,,
SOLUSDT,2026-08-25 17:18:00+00:00,0.0005000000000000001,0.0019,BE_STOP,1.6,89.0,CHOP,1.6,,
NEARUSDT,2026-08-25 17:32:00+00:00,0.0005000000000000001,0.0019,BE_STOP,1.6,14.0,CHOP,1.6,,
XRPUSDT,2026-08-25 18:27:00+00:00,0.0005000000000000001,0.0019,BE_STOP,1.6,139.0,CHOP,1.6,,
ETHUSDT,2026-08-25 18:31:00+00:00,0.0005000000000000001,0.0019,BE_STOP,1.6,57.0,CHOP,1.6,,
BTCUSDT,2026-08-25 20:51:00+00:00,0.0005000000000000001,0.0019,BE_STOP,1.6,416.0,CHOP,1.6,,
SOLUSDT,2026-08-25 21:07:00+00:00,0.004600000000000001,0.006,TP,1.6,429.0,TREND,1.6,,
ETHUSDT,2026-08-25 21:07:00+00:00,0.004600000000000001,0.006,TP,1.6,15.0,CHOP,1.6,,
BTCUSDT,2026-08-25 21:08:00+00:00,-0.0414,-0.04,MAE_KILL,1.6,1106.0,TREND,1.6,,
XRPUSDT,2026-08-25 21:08:00+00:00,-0.0414,-0.04,MAE_KILL,1.6,532.0,TREND,1.6,,
BTCUSDT,2026-08-25 21:11:00+00:00,0.0005000000000000001,0.0019,BE_STOP,1.6,1885.0,CHOP,1.6,,
BTCUSDT,2026-08-25 21:13:00+00:00,0.0005000000000000001,0.0019,BE_STOP,1.6,440.0,CHOP,1.6,,
ETHUSDT,2026-08-25 21:26:00+00:00,0.0005000000000000001,0.0019,BE_STOP,1.6,10.0,TREND,1.6,,
XRPUSDT,2026-08-25 21:29:00+00:00,0.0005000000000000001,0.0019,BE_STOP,1.6,11.0,CHOP,1.6,,
BTCUSDT,2026-08-25 22:08:00+00:00,0.004600000000000001,0.006,TP,1.6,42.0,TREND,1.6,,
BTCUSDT,2026-08-25 22:08:00+00:00,0.004600000000000001,0.006,TP,1.6,37.0,CHOP,1.6,,
ETHUSDT,2026-08-25 23:10:00+00:00,0.0005000000000000001,0.0019,BE_STOP,1.6,62.0,CHOP,1.6,,
BTCUSDT,2026-08-26 00:09:00+00:00,0.004600000000000001,0.006,TP,1.6,58.0,CHOP,1.6,,
BTCUSDT,2026-08-26 03:07:00+00:00,0.0005000000000000001,0.0019,BE_STOP,1.6,295.0,CHOP,1.6,,
BTCUSDT,2026-08-26 05:24:00+00:00,0.0005000000000000001,0.0019,BE_STOP,1.6,137.0,CHOP,1.6,,
SOLUSDT,2026-08-26 10:16:00+00:00,0.0005000000000000001,0.0019,BE_STOP,1.6,784.0,CHOP,1.6,,
ETHUSDT,2026-08-26 10:39:00+00:00,0.004600000000000001,0.006,TP,1.6,21.0,CHOP,1.6,,
BTCUSDT,2026-08-26 15:04:00+00:00,0.004600000000000001,0.006,TP,1.6,1074.0,TREND,1.6,,
BTCUSDT,2026-08-26 15:10:00+00:00,0.0005000000000000001,0.0019,BE_STOP,1.6,1082.0,TREND,1.6,,
SOLUSDT,2026-08-26 22:15:00+00:00,0.004600000000000001,0.006,TP,1.6,1668.0,CHOP,1.6,,
SOLUSDT,2026-08-26 22:15:00+00:00,0.004600000000000001,0.006,TP,1.6,1664.0,CHOP,1.6,,
BTCUSDT,2026-08-26 22:30:00+00:00,0.0005000000000000001,0.0019,BE_STOP,1.6,710.0,CHOP,1.6,,
SOLUSDT,2026-08-26 23:06:00+00:00,0.0005000000000000001,0.0019,BE_STOP,1.6,36.0,TREND,1.6,,
BTCUSDT,2026-08-26 23:46:00+00:00,0.004600000000000001,0.006,TP,1.6,40.0,CHOP,1.6,,
BTCUSDT,2026-08-27 00:04:00+00:00,0.0005000000000000001,0.0019,BE_STOP,1.6,107.0,CHOP,1.6,,
BTCUSDT,2026-08-27 01:25:00+00:00,0.0005000000000000001,0.0019,BE_STOP,1.6,80.0,CHOP,1.6,,
SOLUSDT,2026-08-27 01:29:00+00:00,0.004600000000000001,0.006,TP,1.6,4.0,TREND,1.6,,
NEARUSDT,2026-08-27 04:36:00+00:00,-0.0264,-0.025,MAE_KILL,1.6,290.0,TREND,1.6,,
BTCUSDT,2026-08-27 08:04:00+00:00,0.004600000000000001,0.006,TP,1.6,1599.0,CHOP,1.6,,
ETHUSDT,2026-08-27 08:04:00+00:00,0.004600000000000001,0.006,TP,1.6,395.0,CHOP,1.6,,
ETHUSDT,2026-08-27 08:05:00+00:00,0.0005000000000000001,0.0019,BE_STOP,1.6,586.0,TREND,1.6,,
ETHUSDT,2026-08-27 08:09:00+00:00,-0.0414,-0.04,MAE_KILL,1.6,2095.0,TREND,1.6,,
SOLUSDT,2026-08-27 08:09:00+00:00,0.004600000000000001,0.006,TP,1.6,1.0,CHOP,1.6,,
BTCUSDT,2026-08-27 08:10:00+00:00,0.004600000000000001,0.006,TP,1.6,5.0,CHOP,1.6,,
SOLUSDT,2026-08-27 08:25:00+00:00,0.006042294059953992,0.007442294059953992,TP,1.6,11.0,CHOP,1.6,,
ETHUSDT,2026-08-27 08:29:00+00:00,-0.0414,-0.04,MAE_KILL,1.6,1940.0,CHOP,1.6,,
ETHUSDT,2026-08-27 08:30:00+00:00,-0.0414,-0.04,MAE_KILL,1.6,1045.0,CHOP,1.6,,
ETHUSDT,2026-08-27 08:30:00+00:00,0.004600000000000001,0.006,TP,1.6,20.0,CHOP,1.6,,
BTCUSDT,2026-08-27 08:39:00+00:00,0.0005000000000000001,0.0019,BE_STOP,1.6,27.0,TREND,1.6,,
BTCUSDT,2026-08-27 08:43:00+00:00,0.004600000000000001,0.006,TP,1.6,26.0,TREND,1.6,,
SOLUSDT,2026-08-27 08:45:00+00:00,0.004600000000000001,0.006,TP,1.6,6.0,CHOP,1.6,,
SOLUSDT,2026-08-27 08:48:00+00:00,0.004600000000000001,0.006,TP,1.6,17.0,CHOP,1.6,,
NEARUSDT,2026-08-27 08:51:00+00:00,0.0005000000000000001,0.0019,BE_STOP,1.6,6.0,TREND,1.6,,
BTCUSDT,2026-08-27 08:55:00+00:00,0.0005000000000000001,0.0019,BE_STOP,1.6,28.0,TREND,1.6,,
SOLUSDT,2026-08-27 09:01:00+00:00,0.0005000000000000001,0.0019,BE_STOP,1.6,9.0,TREND,1.6,,
XRPUSDT,2026-08-27 09:25:00+00:00,0.004600000000000001,0.006,TP,1.6,52.0,CHOP,1.6,,
BTCUSDT,2026-08-27 09:26:00+00:00,0.004600000000000001,0.006,TP,1.6,51.0,TREND,1.6,,
BTCUSDT,2026-08-27 09:26:00+00:00,0.004600000000000001,0.006,TP,1.6,43.0,TREND,1.6,,
BTCUSDT,2026-08-27 09:26:00+00:00,0.004600000000000001,0.006,TP,1.6,38.0,TREND,1.6,,
BTCUSDT,2026-08-27 10:28:00+00:00,0.0005000000000000001,0.0019,BE_STOP,1.6,87.0,TREND,1.6,,
BTCUSDT,2026-08-27 10:29:00+00:00,0.0005000000000000001,0.0019,BE_STOP,1.6,93.0,TREND,1.6,,
BTCUSDT,2026-08-27 10:41:00+00:00,0.0005000000000000001,0.0019,BE_STOP,1.6,13.0,CHOP,1.6,,
BTCUSDT,2026-08-27 10:41:00+00:00,0.0005000000000000001,0.0019,BE_STOP,1.6,10.0,CHOP,1.6,,
ETHUSDT,2026-08-27 11:34:00+00:00,0.0005000000000000001,0.0019,BE_STOP,1.6,51.0,CHOP,1.6,,
SOLUSDT,2026-08-27 11:52:00+00:00,0.0005000000000000001,0.0019,BE_STOP,1.6,14.0,TREND,1.6,,
BTCUSDT,2026-08-27 11:54:00+00:00,0.0005000000000000001,0.0019,BE_STOP,1.6,73.0,CHOP,1.6,,
XRPUSDT,2026-08-27 12:31:00+00:00,0.004600000000000001,0.006,TP,1.6,36.0,CHOP,1.6,,
SOLUSDT,2026-08-27 12:52:00+00:00,0.0005000000000000001,0.0019,BE_STOP,1.6,20.0,TREND,1.6,,
SOLUSDT,2026-08-27 13:10:00+00:00,0.0005000000000000001,0.0019,BE_STOP,1.6,18.0,TREND,1.6,,
BTCUSDT,2026-08-27 13:43:00+00:00,0.0005000000000000001,0.0019,BE_STOP,1.6,111.0,CHOP,1.6,,
BTCUSDT,2026-08-27 13:52:00+00:00,0.0005000000000000001,0.0019,BE_STOP,1.6,42.0,CHOP,1.6,,
XRPUSDT,2026-08-27 13:56:00+00:00,0.004600000000000001,0.006,TP,1.6,12.0,CHOP,1.6,,
SOLUSDT,2026-08-27 13:57:00+00:00,0.004600000000000001,0.006,TP,1.6,271.0,TREND,1.6,,
SOLUSDT,2026-08-27 13:57:00+00:00,0.004600000000000001,0.006,TP,1.6,4.0,CHOP,1.6,,
ETHUSDT,2026-08-27 14:07:00+00:00,0.0005000000000000001,0.0019,BE_STOP,1.6,8.0,CHOP,1.6,,
BTCUSDT,2026-08-27 14:07:00+00:00,0.0005000000000000001,0.0019,BE_STOP,1.6,6.0,CHOP,1.6,,
BTCUSDT,2026-08-27 14:09:00+00:00,0.0005000000000000001,0.0019,BE_STOP,1.6,13.0,CHOP,1.6,,
XRPUSDT,2026-08-27 14:19:00+00:00,0.004600000000000001,0.006,TP,1.6,7.0,CHOP,1.6,,
NEARUSDT,2026-08-27 14:20:00+00:00,0.004600000000000001,0.006,TP,1.6,10.0,CHOP,1.6,,
SOLUSDT,2026-08-27 14:25:00+00:00,0.0005000000000000001,0.0019,BE_STOP,1.6,6.0,CHOP,1.6,,
BTCUSDT,2026-08-27 14:35:00+00:00,0.004600000000000001,0.006,TP,1.6,27.0,CHOP,1.6,,
BTCUSDT,2026-08-27 14:36:00+00:00,0.004600000000000001,0.006,TP,1.6,15.0,CHOP,1.6,,
BTCUSDT,2026-08-27 14:41:00+00:00,0.004600000000000001,0.006,TP,1.6,16.0,CHOP,1.6,,
XRPUSDT,2026-08-27 14:42:00+00:00,0.004600000000000001,0.006,TP,1.6,6.0,CHOP,1.6,,
BTCUSDT,2026-08-27 15:13:00+00:00,0.004600000000000001,0.006,TP,1.6,34.0,CHOP,1.6,,
BTCUSDT,2026-08-27 15:13:00+00:00,0.004600000000000001,0.006,TP,1.6,28.0,CHOP,1.6,,
BTCUSDT,2026-08-27 15:22:00+00:00,0.0005000000000000001,0.0019,BE_STOP,1.6,352.0,TREND,1.6,,
BTCUSDT,2026-08-27 15:22:00+00:00,0.0005000000000000001,0.0019,BE_STOP,1.6,350.0,TREND,1.6,,
BTCUSDT,2026-08-27 15:22:00+00:00,0.0005000000000000001,0.0019,BE_STOP,1.6,39.0,CHOP,1.6,,
XRPUSDT,2026-08-27 15:36:00+00:00,0.0005000000000000001,0.0019,BE_STOP,1.6,12.0,CHOP,1.6,,
NEARUSDT,2026-08-27 15:38:00+00:00,0.0005000000000000001,0.0019,BE_STOP,1.6,5.0,CHOP,1.6,,
BTCUSDT,2026-08-27 16:11:00+00:00,0.0005000000000000001,0.0019,BE_STOP,1.6,33.0,CHOP,1.6,,
SOLUSDT,2026-08-27 16:21:00+00:00,0.0005000000000000001,0.0019,BE_STOP,1.6,68.0,CHOP,1.6,,
SOLUSDT,2026-08-27 16:21:00+00:00,0.0005000000000000001,0.0019,BE_STOP,1.6,53.0,TREND,1.6,,
SOLUSDT,2026-08-27 16:22:00+00:00,0.004600000000000001,0.006,TP,1.6,11.0,TREND,1.6,,
ETHUSDT,2026-08-27 16:46:00+00:00,0.0005000000000000001,0.0019,BE_STOP,1.6,19.0,CHOP,1.6,,
BTCUSDT,2026-08-27 17:22:00+00:00,0.0005000000000000001,0.0019,BE_STOP,1.6,127.0,CHOP,1.6,,
BTCUSDT,2026-08-27 17:42:00+00:00,0.0005000000000000001,0.0019,BE_STOP,1.6,77.0,CHOP,1.6,,
BTCUSDT,2026-08-27 17:42:00+00:00,0.0005000000000000001,0.0019,BE_STOP,1.6,56.0,CHOP,1.6,,
ETHUSDT,2026-08-27 18:13:00+00:00,0.004600000000000001,0.006,TP,1.6,157.0,CHOP,1.6,,
BTCUSDT,2026-08-27 18:13:00+00:00,0.004600000000000001,0.006,TP,1.6,30.0,CHOP,1.6,,
BTCUSDT,2026-08-27 18:13:00+00:00,0.004600000000000001,0.006,TP,1.6,27.0,CHOP,1.6,,
BTCUSDT,2026-08-27 18:27:00+00:00,0.0005000000000000001,0.0019,BE_STOP,1.6,13.0,CHOP,1.6,,
BTCUSDT,2026-08-28 01:18:00+00:00,-0.0414,-0.04,MAE_KILL,1.6,2045.0,CHOP,1.6,,
BTCUSDT,2026-08-28 01:30:00+00:00,0.004600000000000001,0.006,TP,1.6,488.0,CHOP,1.6,,
ETHUSDT,2026-08-28 01:34:00+00:00,0.0005000000000000001,0.0019,BE_STOP,1.6,15.0,TREND,1.6,,
BTCUSDT,2026-08-28 01:35:00+00:00,0.0005000000000000001,0.0019,BE_STOP,1.6,5.0,TREND,1.6,,
BTCUSDT,2026-08-28 02:53:00+00:00,0.0005000000000000001,0.0019,BE_STOP,1.6,506.0,CHOP,1.6,,
ETHUSDT,2026-08-28 04:09:00+00:00,0.004600000000000001,0.006,TP,1.6,591.0,CHOP,1.6,,
ETHUSDT,2026-08-28 04:12:00+00:00,0.0005000000000000001,0.0019,BE_STOP,1.6,592.0,CHOP,1.6,,
BTCUSDT,2026-08-28 04:13:00+00:00,0.0005000000000000001,0.0019,BE_STOP,1.6,80.0,CHOP,1.6,,
XRPUSDT,2026-08-28 09:35:00+00:00,-0.0414,-0.04,MAE_KILL,1.6,1034.0,TREND,1.6,,
BTCUSDT,2026-08-28 10:03:00+00:00,0.004600000000000001,0.006,TP,1.6,353.0,CHOP,1.6,,
ETHUSDT,2026-08-28 10:12:00+00:00,0.0005000000000000001,0.0019,BE_STOP,1.6,36.0,CHOP,1.6,,
BTCUSDT,2026-08-28 14:05:00+00:00,0.004600000000000001,0.006,TP,1.6,240.0,CHOP,1.6,,
BTCUSDT,2026-08-28 14:05:00+00:00,0.004600000000000001,0.006,TP,1.6,233.0,CHOP,1.6,,
ETHUSDT,2026-08-28 14:13:00+00:00,0.004600000000000001,0.006,TP,1.6,6.0,CHOP,1.6,,
SOLUSDT,2026-08-28 14:14:00+00:00,0.0005000000000000001,0.0019,BE_STOP,1.6,9.0,CHOP,1.6,,
SOLUSDT,2026-08-28 14:17:00+00:00,0.0005000000000000001,0.0019,BE_STOP,1.6,4.0,CHOP,1.6,,
BTCUSDT,2026-08-28 14:18:00+00:00,0.0005000000000000001,0.0019,BE_STOP,1.6,2021.0,CHOP,1.6,,
NEARUSDT,2026-08-28 14:34:00+00:00,0.004600000000000001,0.006,TP,1.6,14.0,CHOP,1.6,,
BTCUSDT,2026-08-28 15:02:00+00:00,0.0005000000000000001,0.0019,BE_STOP,1.6,23.0,CHOP,1.6,,
BTCUSDT,2026-08-28 15:58:00+00:00,0.004600000000000001,0.006,TP,1.6,100.0,CHOP,1.6,,
BTCUSDT,2026-08-28 16:01:00+00:00,0.004600000000000001,0.006,TP,1.6,105.0,CHOP,1.6,,
XRPUSDT,2026-08-28 16:02:00+00:00,0.004600000000000001,0.006,TP,1.6,3.0,CHOP,1.6,,
ETHUSDT,2026-08-28 16:03:00+00:00,-0.0414,-0.04,MAE_KILL,1.6,1835.0,TREND,1.6,,
BTCUSDT,2026-08-28 16:12:00+00:00,-0.0414,-0.04,MAE_KILL,1.6,878.0,TREND,1.6,,
BTCUSDT,2026-08-28 16:14:00+00:00,-0.0414,-0.04,MAE_KILL,1.6,878.0,TREND,1.6,,
BTCUSDT,2026-08-28 16:16:00+00:00,0.004600000000000001,0.006,TP,1.6,9.0,CHOP,1.6,,
BTCUSDT,2026-08-28 16:17:00+00:00,0.004600000000000001,0.006,TP,1.6,14.0,CHOP,1.6,,
BTCUSDT,2026-08-28 16:17:00+00:00,0.004600000000000001,0.006,TP,1.6,12.0,CHOP,1.6,,
ETHUSDT,2026-08-28 16:23:00+00:00,0.004600000000000001,0.006,TP,1.6,11.0,CHOP,1.6,,
NEARUSDT,2026-08-29 08:12:00+00:00,-0.0264,-0.025,MAE_KILL,1.6,485.0,CHOP,1.6,,
NEARUSDT,2026-08-29 08:43:00+00:00,-0.0264,-0.025,MAE_KILL,1.6,514.0,CHOP,1.6,,
BTCUSDT,2026-08-29 14:43:00+00:00,0.004600000000000001,0.006,TP,1.6,360.0,CHOP,1.6,,
BTCUSDT,2026-08-29 15:02:00+00:00,0.0005000000000000001,0.0019,BE_STOP,1.6,902.0,CHOP,1.6,,
BTCUSDT,2026-08-29 15:02:00+00:00,0.0005000000000000001,0.0019,BE_STOP,1.6,900.0,CHOP,1.6,,
BTCUSDT,2026-08-29 15:02:00+00:00,0.0005000000000000001,0.0019,BE_STOP,1.6,898.0,CHOP,1.6,,
SOLUSDT,2026-08-29 15:06:00+00:00,0.0005000000000000001,0.0019,BE_STOP,1.6,23.0,TREND,1.6,,
SOLUSDT,2026-08-29 19:16:00+00:00,0.004600000000000001,0.006,TP,1.6,254.0,TREND,1.6,,
BTCUSDT,2026-08-30 04:19:00+00:00,-0.02347674655309041,-0.02207674655309041,MAX_AGE,1.6,2880.0,CHOP,1.6,,
BTCUSDT,2026-08-30 04:22:00+00:00,-0.02364170319348779,-0.02224170319348779,MAX_AGE,1.6,2880.0,CHOP,1.6,,
BTCUSDT,2026-08-30 12:32:00+00:00,0.004600000000000001,0.006,TP,1.6,1035.0,TREND,1.6,,
SOLUSDT,2026-08-30 12:59:00+00:00,0.004600000000000001,0.006,TP,1.6,26.0,CHOP,1.6,,
NEARUSDT,2026-08-30 13:06:00+00:00,0.0005000000000000001,0.0019,BE_STOP,1.6,7.0,CHOP,1.6,,
BTCUSDT,2026-08-30 15:02:00+00:00,-0.011063720645724865,-0.009663720645724865,MAX_AGE,1.6,2880.0,CHOP,1.6,,
ETHUSDT,2026-08-30 15:09:00+00:00,0.004600000000000001,0.006,TP,1.6,123.0,CHOP,1.6,,
SOLUSDT,2026-08-30 15:15:00+00:00,0.004600000000000001,0.006,TP,1.6,13.0,TREND,1.6,,
SOLUSDT,2026-08-30 17:24:00+00:00,0.004600000000000001,0.006,TP,1.6,127.0,CHOP,1.6,,
NEARUSDT,2026-08-30 18:52:00+00:00,-0.0264,-0.025,MAE_KILL,1.6,217.0,CHOP,1.6,,
NEARUSDT,2026-08-30 18:57:00+00:00,0.004600000000000001,0.006,TP,1.6,4.0,CHOP,1.6,,
BTCUSDT,2026-08-30 20:43:00+00:00,0.004600000000000001,0.006,TP,1.6,105.0,CHOP,1.6,,
NEARUSDT,2026-08-30 20:46:00+00:00,0.0005000000000000001,0.0019,BE_STOP,1.6,3.0,CHOP,1.6,,
BTCUSDT,2026-08-30 21:01:00+00:00,0.004600000000000001,0.006,TP,1.6,215.0,CHOP,1.6,,
XRPUSDT,2026-08-30 21:01:00+00:00,0.004600000000000001,0.006,TP,1.6,15.0,CHOP,1.6,,
ETHUSDT,2026-08-30 22:32:00+00:00,0.0005000000000000001,0.0019,BE_STOP,1.6,90.0,CHOP,1.6,,
BTCUSDT,2026-08-30 23:19:00+00:00,0.0005000000000000001,0.0019,BE_STOP,1.6,47.0,CHOP,1.6,,
BTCUSDT,2026-08-30 23:20:00+00:00,0.0005000000000000001,0.0019,BE_STOP,1.6,136.0,CHOP,1.6,,
ETHUSDT,2026-08-30 23:23:00+00:00,0.004600000000000001,0.006,TP,1.6,1141.0,CHOP,1.6,,
ETHUSDT,2026-08-30 23:23:00+00:00,0.004600000000000001,0.006,TP,1.6,4.0,CHOP,1.6,,
BTCUSDT,2026-08-30 23:26:00+00:00,0.0005000000000000001,0.0019,BE_STOP,1.6,1147.0,CHOP,1.6,,
NEARUSDT,2026-08-30 23:28:00+00:00,0.004600000000000001,0.006,TP,1.6,4.0,CHOP,1.6,,
ETHUSDT,2026-08-30 23:29:00+00:00,0.004600000000000001,0.006,TP,1.6,1942.0,TREND,1.6,,
ETHUSDT,2026-08-30 23:29:00+00:00,0.004600000000000001,0.006,TP,1.6,1940.0,TREND,1.6,,
BTCUSDT,2026-08-30 23:30:00+00:00,0.004600000000000001,0.006,TP,1.6,4.0,CHOP,1.6,,
BTCUSDT,2026-08-30 23:31:00+00:00,0.0005000000000000001,0.0019,BE_STOP,1.6,1947.0,CHOP,1.6,,
BTCUSDT,2026-08-30 23:37:00+00:00,0.0005000000000000001,0.0019,BE_STOP,1.6,4.0,TREND,1.6,,
BTCUSDT,2026-08-30 23:41:00+00:00,0.004600000000000001,0.006,TP,1.6,11.0,TREND,1.6,,
ETHUSDT,2026-08-30 23:43:00+00:00,0.0005000000000000001,0.0019,BE_STOP,1.6,3.0,TREND,1.6,,
BTCUSDT,2026-08-30 23:46:00+00:00,0.004600000000000001,0.006,TP,1.6,10.0,TREND,1.6,,
BTCUSDT,2026-08-30 23:47:00+00:00,0.004600000000000001,0.006,TP,1.6,2375.0,CHOP,1.6,,
BTCUSDT,2026-08-30 23:47:00+00:00,0.004600000000000001,0.006,TP,1.6,4.0,TREND,1.6,,
NEARUSDT,2026-08-31 00:16:00+00:00,0.004600000000000001,0.006,TP,1.6,9.0,TREND,1.6,,
ETHUSDT,2026-08-31 00:23:00+00:00,0.004600000000000001,0.006,TP,1.6,21.0,TREND,1.6,,
BTCUSDT,2026-08-31 00:35:00+00:00,0.004600000000000001,0.006,TP,1.6,35.0,TREND,1.6,,
SOLUSDT,2026-08-31 00:36:00+00:00,0.004600000000000001,0.006,TP,1.6,38.0,TREND,1.6,,
NEARUSDT,2026-08-31 00:38:00+00:00,-0.0264,-0.025,MAE_KILL,1.6,44.0,TREND,1.6,,
BTCUSDT,2026-08-31 00:47:00+00:00,0.0005000000000000001,0.0019,BE_STOP,1.6,30.0,TREND,1.6,,
NEARUSDT,2026-08-31 00:54:00+00:00,0.004600000000000001,0.006,TP,1.6,7.0,CHOP,1.6,,
BTCUSDT,2026-08-31 01:04:00+00:00,0.0005000000000000001,0.0019,BE_STOP,1.6,59.0,TREND,1.6,,
ETHUSDT,2026-08-31 02:06:00+00:00,0.0005000000000000001,0.0019,BE_STOP,1.6,61.0,TREND,1.6,,
SOLUSDT,2026-08-31 02:35:00+00:00,0.0005000000000000001,0.0019,BE_STOP,1.6,28.0,TREND,1.6,,
ETHUSDT,2026-08-31 03:09:00+00:00,0.0005000000000000001,0.0019,BE_STOP,1.6,33.0,CHOP,1.6,,
NEARUSDT,2026-08-31 03:19:00+00:00,0.004600000000000001,0.006,TP,1.6,10.0,CHOP,1.6,,
ETHUSDT,2026-08-31 04:02:00+00:00,0.0005000000000000001,0.0019,BE_STOP,1.6,43.0,CHOP,1.6,,
SOLUSDT,2026-08-31 05:25:00+00:00,0.004600000000000001,0.006,TP,1.6,301.0,TREND,1.6,,
SOLUSDT,2026-08-31 05:25:00+00:00,0.004600000000000001,0.006,TP,1.6,271.0,TREND,1.6,,
BTCUSDT,2026-08-31 07:29:00+00:00,0.0005000000000000001,0.0019,BE_STOP,1.6,123.0,CHOP,1.6,,
BTCUSDT,2026-08-31 07:31:00+00:00,0.0005000000000000001,0.0019,BE_STOP,1.6,414.0,CHOP,1.6,,
BTCUSDT,2026-08-31 07:31:00+00:00,0.0005000000000000001,0.0019,BE_STOP,1.6,409.0,CHOP,1.6,,
BTCUSDT,2026-08-31 08:03:00+00:00,0.0005000000000000001,0.0019,BE_STOP,1.6,444.0,CHOP,1.6,,
XRPUSDT,2026-08-31 08:03:00+00:00,0.0005000000000000001,0.0019,BE_STOP,1.6,31.0,CHOP,1.6,,
ETHUSDT,2026-08-31 08:09:00+00:00,0.0005000000000000001,0.0019,BE_STOP,1.6,35.0,CHOP,1.6,,
SOLUSDT,2026-08-31 08:09:00+00:00,0.0005000000000000001,0.0019,BE_STOP,1.6,6.0,TREND,1.6,,
BTCUSDT,2026-08-31 08:44:00+00:00,0.0005000000000000001,0.0019,BE_STOP,1.6,75.0,CHOP,1.6,,
BTCUSDT,2026-08-31 08:44:00+00:00,0.0005000000000000001,0.0019,BE_STOP,1.6,32.0,TREND,1.6,,
BTCUSDT,2026-08-31 09:08:00+00:00,0.004600000000000001,0.006,TP,1.6,22.0,CHOP,1.6,,
BTCUSDT,2026-08-31 09:09:00+00:00,0.004600000000000001,0.006,TP,1.6,25.0,CHOP,1.6,,
NEARUSDT,2026-08-31 09:11:00+00:00,0.0005000000000000001,0.0019,BE_STOP,1.6,221.0,CHOP,1.6,,
SOLUSDT,2026-08-31 10:12:00+00:00,0.0005000000000000001,0.0019,BE_STOP,1.6,59.0,TREND,1.6,,
BTCUSDT,2026-08-31 12:30:00+00:00,0.004600000000000001,0.006,TP,1.6,138.0,TREND,1.6,,
BTCUSDT,2026-08-31 12:59:00+00:00,0.0005000000000000001,0.0019,BE_STOP,1.6,28.0,CHOP,1.6,,
BTCUSDT,2026-08-31 13:00:00+00:00,0.0005000000000000001,0.0019,BE_STOP,1.6,293.0,TREND,1.6,,
SOLUSDT,2026-08-31 13:38:00+00:00,0.0005000000000000001,0.0019,BE_STOP,1.6,329.0,TREND,1.6,,
ETHUSDT,2026-08-31 14:04:00+00:00,0.0005000000000000001,0.0019,BE_STOP,1.6,26.0,CHOP,1.6,,
ETHUSDT,2026-08-31 14:41:00+00:00,0.004600000000000001,0.006,TP,1.6,99.0,CHOP,1.6,,
SOLUSDT,2026-08-31 14:41:00+00:00,0.004600000000000001,0.006,TP,1.6,37.0,CHOP,1.6,,
ETHUSDT,2026-08-31 15:47:00+00:00,0.0005000000000000001,0.0019,BE_STOP,1.6,64.0,CHOP,1.6,,
BTCUSDT,2026-08-31 15:53:00+00:00,0.0005000000000000001,0.0019,BE_STOP,1.6,68.0,CHOP,1.6,,
SOLUSDT,2026-08-31 16:42:00+00:00,0.0005000000000000001,0.0019,BE_STOP,1.6,48.0,CHOP,1.6,,
XRPUSDT,2026-08-31 16:49:00+00:00,0.0005000000000000001,0.0019,BE_STOP,1.6,7.0,CHOP,1.6,,
BTCUSDT,2026-08-31 16:57:00+00:00,0.0005000000000000001,0.0019,BE_STOP,1.6,466.0,TREND,1.6,,
BTCUSDT,2026-08-31 16:57:00+00:00,0.0005000000000000001,0.0019,BE_STOP,1.6,70.0,CHOP,1.6,,
BTCUSDT,2026-08-31 17:46:00+00:00,0.0005000000000000001,0.0019,BE_STOP,1.6,517.0,TREND,1.6,,
BTCUSDT,2026-08-31 18:01:00+00:00,0.0005000000000000001,0.0019,BE_STOP,1.6,72.0,CHOP,1.6,,
BTCUSDT,2026-08-31 18:01:00+00:00,0.0005000000000000001,0.0019,BE_STOP,1.6,64.0,CHOP,1.6,,
SOLUSDT,2026-08-31 18:24:00+00:00,0.0005000000000000001,0.0019,BE_STOP,1.6,23.0,CHOP,1.6,,
NEARUSDT,2026-08-31 18:42:00+00:00,0.0005000000000000001,0.0019,BE_STOP,1.6,18.0,CHOP,1.6,,
BTCUSDT,2026-08-31 18:53:00+00:00,0.0005000000000000001,0.0019,BE_STOP,1.6,66.0,CHOP,1.6,,
NEARUSDT,2026-08-31 19:49:00+00:00,0.0005000000000000001,0.0019,BE_STOP,1.6,56.0,CHOP,1.6,,
SOLUSDT,2026-08-31 21:30:00+00:00,0.0005000000000000001,0.0019,BE_STOP,1.6,101.0,CHOP,1.6,,
NEARUSDT,2026-08-31 22:57:00+00:00,-0.0264,-0.025,MAE_KILL,1.6,294.0,CHOP,1.6,,
BTCUSDT,2026-08-31 23:19:00+00:00,0.0005000000000000001,0.0019,BE_STOP,1.6,379.0,CHOP,1.6,,
ETHUSDT,2026-09-01 01:28:00+00:00,0.0005000000000000001,0.0019,BE_STOP,1.6,129.0,CHOP,1.6,,
BTCUSDT,2026-09-01 01:35:00+00:00,0.0005000000000000001,0.0019,BE_STOP,1.6,158.0,CHOP,1.6,,
BTCUSDT,2026-09-01 02:24:00+00:00,0.0005000000000000001,0.0019,BE_STOP,1.6,56.0,CHOP,1.6,,
ETHUSDT,2026-09-01 02:27:00+00:00,0.0005000000000000001,0.0019,BE_STOP,1.6,52.0,CHOP,1.6,,
NEARUSDT,2026-09-01 03:46:00+00:00,-0.0264,-0.025,MAE_KILL,1.6,82.0,CHOP,1.6,,
BTCUSDT,2026-09-01 05:12:00+00:00,0.0005000000000000001,0.0019,BE_STOP,1.6,86.0,CHOP,1.6,,
BTCUSDT,2026-09-01 06:02:00+00:00,0.0005000000000000001,0.0019,BE_STOP,1.6,511.0,CHOP,1.6,,
BTCUSDT,2026-09-01 06:16:00+00:00,0.0005000000000000001,0.0019,BE_STOP,1.6,64.0,CHOP,1.6,,
BTCUSDT,2026-09-01 08:06:00+00:00,0.004600000000000001,0.006,TP,1.6,110.0,CHOP,1.6,,
BTCUSDT,2026-09-01 08:26:00+00:00,0.004600000000000001,0.006,TP,1.6,19.0,CHOP,1.6,,
BTCUSDT,2026-09-01 10:31:00+00:00,0.0005000000000000001,0.0019,BE_STOP,1.6,482.0,CHOP,1.6,,
NEARUSDT,2026-09-01 10:44:00+00:00,0.0005000000000000001,0.0019,BE_STOP,1.6,12.0,TREND,1.6,,
BTCUSDT,2026-09-01 12:42:00+00:00,0.0005000000000000001,0.0019,BE_STOP,1.6,255.0,CHOP,1.6,,
ETHUSDT,2026-09-01 13:06:00+00:00,0.004600000000000001,0.006,TP,1.6,24.0,CHOP,1.6,,
XRPUSDT,2026-09-01 13:07:00+00:00,0.0005000000000000001,0.0019,BE_STOP,1.6,1448.0,CHOP,1.6,,
BTCUSDT,2026-09-01 13:43:00+00:00,0.0005000000000000001,0.0019,BE_STOP,1.6,36.0,CHOP,1.6,,
BTCUSDT,2026-09-01 13:44:00+00:00,0.0005000000000000001,0.0019,BE_STOP,1.6,34.0,CHOP,1.6,,
BTCUSDT,2026-09-01 13:58:00+00:00,0.0005000000000000001,0.0019,BE_STOP,1.6,12.0,CHOP,1.6,,
XRPUSDT,2026-09-01 14:01:00+00:00,0.004600000000000001,0.006,TP,1.6,17.0,CHOP,1.6,,
BTCUSDT,2026-09-01 14:12:00+00:00,0.0005000000000000001,0.0019,BE_STOP,1.6,10.0,CHOP,1.6,,
XRPUSDT,2026-09-01 14:19:00+00:00,0.0005000000000000001,0.0019,BE_STOP,1.6,19.0,CHOP,1.6,,
NEARUSDT,2026-09-01 14:23:00+00:00,0.004600000000000001,0.006,TP,1.6,4.0,TREND,1.6,,
NEARUSDT,2026-09-01 16:17:00+00:00,-0.0264,-0.025,MAE_KILL,1.6,112.0,TREND,1.6,,
BTCUSDT,2026-09-01 16:40:00+00:00,0.0005000000000000001,0.0019,BE_STOP,1.6,21.0,CHOP,1.6,,
BTCUSDT,2026-09-01 16:41:00+00:00,0.0005000000000000001,0.0019,BE_STOP,1.6,2198.0,CHOP,1.6,,
SOLUSDT,2026-09-01 16:46:00+00:00,0.0005000000000000001,0.0019,BE_STOP,1.6,5.0,CHOP,1.6,,
NEARUSDT,2026-09-01 17:06:00+00:00,0.004614731142100191,0.006014731142100191,TP,1.6,19.0,CHOP,1.6,,
BTCUSDT,2026-09-01 18:19:00+00:00,0.004600000000000001,0.006,TP,1.6,72.0,CHOP,1.6,,
BTCUSDT,2026-09-01 18:27:00+00:00,0.004600000000000001,0.006,TP,1.6,2557.0,TREND,1.6,,
BTCUSDT,2026-09-01 18:27:00+00:00,0.004600000000000001,0.006,TP,1.6,102.0,CHOP,1.6,,
BTCUSDT,2026-09-01 18:28:00+00:00,0.004600000000000001,0.006,TP,1.6,2560.0,TREND,1.6,,
SOLUSDT,2026-09-01 18:28:00+00:00,0.004600000000000001,0.006,TP,1.6,9.0,CHOP,1.6,,
ETHUSDT,2026-09-01 18:37:00+00:00,0.004600000000000001,0.006,TP,1.6,8.0,CHOP,1.6,,
SOLUSDT,2026-09-01 18:40:00+00:00,0.0005000000000000001,0.0019,BE_STOP,1.6,3.0,TREND,1.6,,
BTCUSDT,2026-09-01 18:45:00+00:00,0.004600000000000001,0.006,TP,1.6,14.0,CHOP,1.6,,
SOLUSDT,2026-09-01 18:49:00+00:00,0.0005000000000000001,0.0019,BE_STOP,1.6,10.0,TREND,1.6,,
SOLUSDT,2026-09-01 18:49:00+00:00,0.0005000000000000001,0.0019,BE_STOP,1.6,8.0,TREND,1.6,,
NEARUSDT,2026-09-01 19:04:00+00:00,0.004600000000000001,0.006,TP,1.6,13.0,CHOP,1.6,,
BTCUSDT,2026-09-01 19:23:00+00:00,0.004600000000000001,0.006,TP,1.6,29.0,CHOP,1.6,,
BTCUSDT,2026-09-01 19:29:00+00:00,0.0005000000000000001,0.0019,BE_STOP,1.6,24.0,CHOP,1.6,,
BTCUSDT,2026-09-01 23:52:00+00:00,0.0005000000000000001,0.0019,BE_STOP,1.6,263.0,CHOP,1.6,,
BTCUSDT,2026-09-01 23:54:00+00:00,0.0005000000000000001,0.0019,BE_STOP,1.6,270.0,CHOP,1.6,,
NEARUSDT,2026-09-02 00:07:00+00:00,0.0005000000000000001,0.0019,BE_STOP,1.6,15.0,CHOP,1.6,,
BTCUSDT,2026-09-02 01:14:00+00:00,0.0005000000000000001,0.0019,BE_STOP,1.6,67.0,CHOP,1.6,,
NEARUSDT,2026-09-02 01:25:00+00:00,0.0005000000000000001,0.0019,BE_STOP,1.6,11.0,CHOP,1.6,,
SOLUSDT,2026-09-02 01:40:00+00:00,0.004600000000000001,0.006,TP,1.6,10.0,CHOP,1.6,,
SOLUSDT,2026-09-02 01:50:00+00:00,0.004600000000000001,0.006,TP,1.6,10.0,CHOP,1.6,,
XRPUSDT,2026-09-02 03:30:00+00:00,0.0005000000000000001,0.0019,BE_STOP,1.6,216.0,CHOP,1.6,,
ETHUSDT,2026-09-02 09:23:00+00:00,-0.0414,-0.04,MAE_KILL,1.6,1641.0,CHOP,1.6,,
BTCUSDT,2026-09-02 09:48:00+00:00,0.0005000000000000001,0.0019,BE_STOP,1.6,24.0,CHOP,1.6,,
SOLUSDT,2026-09-02 09:49:00+00:00,0.0005000000000000001,0.0019,BE_STOP,1.6,479.0,CHOP,1.6,,
ETHUSDT,2026-09-02 10:32:00+00:00,-0.0414,-0.04,MAE_KILL,1.6,1428.0,CHOP,1.6,,
ETHUSDT,2026-09-02 10:33:00+00:00,0.004600000000000001,0.006,TP,1.6,45.0,TREND,1.6,,
NEARUSDT,2026-09-02 10:50:00+00:00,0.004600000000000001,0.006,TP,1.6,18.0,CHOP,1.6,,
BTCUSDT,2026-09-02 10:54:00+00:00,0.0005000000000000001,0.0019,BE_STOP,1.6,968.0,CHOP,1.6,,
BTCUSDT,2026-09-02 10:54:00+00:00,0.0005000000000000001,0.0019,BE_STOP,1.6,19.0,TREND,1.6,,
BTCUSDT,2026-09-02 10:55:00+00:00,0.0005000000000000001,0.0019,BE_STOP,1.6,967.0,CHOP,1.6,,
SOLUSDT,2026-09-02 11:28:00+00:00,0.0005000000000000001,0.0019,BE_STOP,1.6,37.0,TREND,1.6,,
SOLUSDT,2026-09-02 11:33:00+00:00,0.0005000000000000001,0.0019,BE_STOP,1.6,39.0,TREND,1.6,,
NEARUSDT,2026-09-02 11:39:00+00:00,0.004600000000000001,0.006,TP,1.6,108.0,CHOP,1.6,,
SOLUSDT,2026-09-02 12:31:00+00:00,0.0005000000000000001,0.0019,BE_STOP,1.6,52.0,TREND,1.6,,
BTCUSDT,2026-09-02 12:46:00+00:00,0.0005000000000000001,0.0019,BE_STOP,1.6,71.0,TREND,1.6,,
BTCUSDT,2026-09-02 12:50:00+00:00,0.0005000000000000001,0.0019,BE_STOP,1.6,110.0,TREND,1.6,,
BTCUSDT,2026-09-02 12:50:00+00:00,0.0005000000000000001,0.0019,BE_STOP,1.6,107.0,TREND,1.6,,
XRPUSDT,2026-09-02 13:01:00+00:00,0.0005000000000000001,0.0019,BE_STOP,1.6,11.0,CHOP,1.6,,
BTCUSDT,2026-09-02 13:45:00+00:00,0.004600000000000001,0.006,TP,1.6,74.0,CHOP,1.6,,
BTCUSDT,2026-09-02 18:43:00+00:00,-0.02447668000176955,-0.023076680001769552,MAX_AGE,1.6,2880.0,CHOP,1.6,,
BTCUSDT,2026-09-02 23:09:00+00:00,0.0005000000000000001,0.0019,BE_STOP,1.6,266.0,CHOP,1.6,,
BTCUSDT,2026-09-03 01:47:00+00:00,0.0005000000000000001,0.0019,BE_STOP,1.6,157.0,CHOP,1.6,,
BTCUSDT,2026-09-03 02:34:00+00:00,0.004600000000000001,0.006,TP,1.6,769.0,CHOP,1.6,,
BTCUSDT,2026-09-03 03:05:00+00:00,0.0005000000000000001,0.0019,BE_STOP,1.6,1415.0,CHOP,1.6,,
BTCUSDT,2026-09-03 05:23:00+00:00,0.004600000000000001,0.006,TP,1.6,138.0,CHOP,1.6,,
BTCUSDT,2026-09-03 05:31:00+00:00,0.0005000000000000001,0.0019,BE_STOP,1.6,223.0,CHOP,1.6,,
BTCUSDT,2026-09-03 07:16:00+00:00,0.0005000000000000001,0.0019,BE_STOP,1.6,281.0,CHOP,1.6,,
NEARUSDT,2026-09-03 07:40:00+00:00,0.0005000000000000001,0.0019,BE_STOP,1.6,24.0,CHOP,1.6,,
XRPUSDT,2026-09-03 08:10:00+00:00,0.0005000000000000001,0.0019,BE_STOP,1.6,29.0,CHOP,1.6,,
NEARUSDT,2026-09-03 12:17:00+00:00,0.0005000000000000001,0.0019,BE_STOP,1.6,247.0,CHOP,1.6,,
SOLUSDT,2026-09-03 12:54:00+00:00,-0.0414,-0.04,MAE_KILL,1.6,1526.0,TREND,1.6,,
BTCUSDT,2026-09-03 12:55:00+00:00,0.004600000000000001,0.006,TP,1.6,2803.0,CHOP,1.6,,
ETHUSDT,2026-09-03 13:35:00+00:00,0.0005000000000000001,0.0019,BE_STOP,1.6,37.0,CHOP,1.6,,
ETHUSDT,2026-09-03 13:48:00+00:00,0.0005000000000000001,0.0019,BE_STOP,1.6,13.0,CHOP,1.6,,
BTCUSDT,2026-09-03 13:54:00+00:00,0.0005000000000000001,0.0019,BE_STOP,1.6,58.0,CHOP,1.6,,
BTCUSDT,2026-09-03 14:23:00+00:00,0.004600000000000001,0.006,TP,1.6,35.0,CHOP,1.6,,
BTCUSDT,2026-09-03 14:30:00+00:00,-0.0414,-0.04,MAE_KILL,1.6,1537.0,CHOP,1.6,,
BTCUSDT,2026-09-03 14:30:00+00:00,-0.0414,-0.04,MAE_KILL,1.6,1529.0,CHOP,1.6,,
BTCUSDT,2026-09-03 14:32:00+00:00,-0.0414,-0.04,MAE_KILL,1.6,1546.0,CHOP,1.6,,
NEARUSDT,2026-09-03 14:32:00+00:00,0.004600000000000001,0.006,TP,1.6,9.0,CHOP,1.6,,
BTCUSDT,2026-09-03 14:48:00+00:00,-0.0414,-0.04,MAE_KILL,1.6,557.0,CHOP,1.6,,
BTCUSDT,2026-09-03 14:48:00+00:00,0.004600000000000001,0.006,TP,1.6,15.0,TREND,1.6,,
ETHUSDT,2026-09-03 14:48:00+00:00,0.004600000000000001,0.006,TP,1.6,13.0,TREND,1.6,,
BTCUSDT,2026-09-03 14:48:00+00:00,0.004600000000000001,0.006,TP,1.6,10.0,TREND,1.6,,
BTCUSDT,2026-09-03 14:48:00+00:00,0.004600000000000001,0.006,TP,1.6,8.0,TREND,1.6,,
BTCUSDT,2026-09-03 14:49:00+00:00,-0.0414,-0.04,MAE_KILL,1.6,565.0,CHOP,1.6,,
SOLUSDT,2026-09-03 14:59:00+00:00,-0.0414,-0.04,MAE_KILL,1.6,160.0,CHOP,1.6,,
ETHUSDT,2026-09-03 15:00:00+00:00,0.004600000000000001,0.006,TP,1.6,8.0,TREND,1.6,,
ETHUSDT,2026-09-03 15:00:00+00:00,0.004600000000000001,0.006,TP,1.6,5.0,TREND,1.6,,
SOLUSDT,2026-09-03 15:01:00+00:00,-0.0414,-0.04,MAE_KILL,1.6,67.0,CHOP,1.6,,
BTCUSDT,2026-09-03 15:01:00+00:00,0.004600000000000001,0.006,TP,1.6,11.0,TREND,1.6,,
BTCUSDT,2026-09-03 15:01:00+00:00,0.004600000000000001,0.006,TP,1.6,4.0,TREND,1.6,,
NEARUSDT,2026-09-03 15:04:00+00:00,0.004600000000000001,0.006,TP,1.6,4.0,TREND,1.6,,
BTCUSDT,2026-09-03 15:45:00+00:00,0.0005000000000000001,0.0019,BE_STOP,1.6,21.0,TREND,1.6,,
BTCUSDT,2026-09-03 15:46:00+00:00,0.0005000000000000001,0.0019,BE_STOP,1.6,40.0,TREND,1.6,,
BTCUSDT,2026-09-03 15:47:00+00:00,0.0005000000000000001,0.0019,BE_STOP,1.6,39.0,TREND,1.6,,
SOLUSDT,2026-09-03 15:50:00+00:00,0.0005000000000000001,0.0019,BE_STOP,1.6,29.0,TREND,1.6,,
SOLUSDT,2026-09-03 15:50:00+00:00,0.0005000000000000001,0.0019,BE_STOP,1.6,5.0,TREND,1.6,,
BTCUSDT,2026-09-03 15:51:00+00:00,0.004600000000000001,0.006,TP,1.6,41.0,TREND,1.6,,
BTCUSDT,2026-09-03 15:51:00+00:00,0.004600000000000001,0.006,TP,1.6,37.0,TREND,1.6,,
ETHUSDT,2026-09-03 15:52:00+00:00,0.004600000000000001,0.006,TP,1.6,49.0,TREND,1.6,,
BTCUSDT,2026-09-03 15:52:00+00:00,0.004600000000000001,0.006,TP,1.6,33.0,TREND,1.6,,
NEARUSDT,2026-09-03 15:52:00+00:00,0.004600000000000001,0.006,TP,1.6,5.0,TREND,1.6,,
BTCUSDT,2026-09-03 16:33:00+00:00,0.0005000000000000001,0.0019,BE_STOP,1.6,26.0,TREND,1.6,,
XRPUSDT,2026-09-03 18:08:00+00:00,0.0005000000000000001,0.0019,BE_STOP,1.6,129.0,TREND,1.6,,
BTCUSDT,2026-09-03 18:26:00+00:00,0.0005000000000000001,0.0019,BE_STOP,1.6,111.0,TREND,1.6,,
SOLUSDT,2026-09-03 19:04:00+00:00,0.004600000000000001,0.006,TP,1.6,187.0,TREND,1.6,,
BTCUSDT,2026-09-03 19:05:00+00:00,0.004600000000000001,0.006,TP,1.6,190.0,TREND,1.6,,
SOLUSDT,2026-09-03 19:05:00+00:00,0.004600000000000001,0.006,TP,1.6,57.0,TREND,1.6,,
BTCUSDT,2026-09-03 19:06:00+00:00,0.0005000000000000001,0.0019,BE_STOP,1.6,193.0,TREND,1.6,,
BTCUSDT,2026-09-03 19:06:00+00:00,0.0005000000000000001,0.0019,BE_STOP,1.6,185.0,TREND,1.6,,
NEARUSDT,2026-09-03 19:19:00+00:00,0.0005000000000000001,0.0019,BE_STOP,1.6,6.0,TREND,1.6,,
XRPUSDT,2026-09-03 19:48:00+00:00,0.0005000000000000001,0.0019,BE_STOP,1.6,37.0,TREND,1.6,,
BTCUSDT,2026-09-03 19:52:00+00:00,0.004600000000000001,0.006,TP,1.6,46.0,TREND,1.6,,
NEARUSDT,2026-09-03 20:02:00+00:00,0.0005000000000000001,0.0019,BE_STOP,1.6,10.0,CHOP,1.6,,
ETHUSDT,2026-09-03 20:39:00+00:00,0.0005000000000000001,0.0019,BE_STOP,1.6,82.0,TREND,1.6,,
ETHUSDT,2026-09-03 20:39:00+00:00,0.0005000000000000001,0.0019,BE_STOP,1.6,37.0,CHOP,1.6,,
BTCUSDT,2026-09-03 21:32:00+00:00,0.004600000000000001,0.006,TP,1.6,51.0,CHOP,1.6,,
BTCUSDT,2026-09-03 21:34:00+00:00,0.004600000000000001,0.006,TP,1.6,132.0,TREND,1.6,,
BTCUSDT,2026-09-03 21:34:00+00:00,0.004600000000000001,0.006,TP,1.6,55.0,CHOP,1.6,,
NEARUSDT,2026-09-03 21:36:00+00:00,0.0005000000000000001,0.0019,BE_STOP,1.6,3.0,CHOP,1.6,,
XRPUSDT,2026-09-03 22:04:00+00:00,0.0005000000000000001,0.0019,BE_STOP,1.6,169.0,TREND,1.6,,
XRPUSDT,2026-09-03 22:05:00+00:00,0.0005000000000000001,0.0019,BE_STOP,1.6,137.0,TREND,1.6,,
SOLUSDT,2026-09-03 22:16:00+00:00,0.0005000000000000001,0.0019,BE_STOP,1.6,36.0,CHOP,1.6,,
SOLUSDT,2026-09-03 22:32:00+00:00,0.004600000000000001,0.006,TP,1.6,246.0,TREND,1.6,,
BTCUSDT,2026-09-03 22:32:00+00:00,0.004600000000000001,0.006,TP,1.6,28.0,CHOP,1.6,,
ETHUSDT,2026-09-03 22:32:00+00:00,0.004600000000000001,0.006,TP,1.6,24.0,CHOP,1.6,,
BTCUSDT,2026-09-03 23:18:00+00:00,0.0005000000000000001,0.0019,BE_STOP,1.6,62.0,CHOP,1.6,,
NEARUSDT,2026-09-04 00:32:00+00:00,0.0005000000000000001,0.0019,BE_STOP,1.6,114.0,CHOP,1.6,,
ETHUSDT,2026-09-04 00:36:00+00:00,0.004600000000000001,0.006,TP,1.6,78.0,CHOP,1.6,,
XRPUSDT,2026-09-04 01:06:00+00:00,0.0005000000000000001,0.0019,BE_STOP,1.6,542.0,TREND,1.6,,
XRPUSDT,2026-09-04 01:34:00+00:00,0.004600000000000001,0.006,TP,1.6,28.0,CHOP,1.6,,
BTCUSDT,2026-09-04 01:51:00+00:00,0.0005000000000000001,0.0019,BE_STOP,1.6,197.0,CHOP,1.6,,
BTCUSDT,2026-09-04 01:58:00+00:00,0.0005000000000000001,0.0019,BE_STOP,1.6,202.0,CHOP,1.6,,
BTCUSDT,2026-09-04 04:38:00+00:00,0.0005000000000000001,0.0019,BE_STOP,1.6,160.0,CHOP,1.6,,
BTCUSDT,2026-09-04 04:44:00+00:00,0.0005000000000000001,0.0019,BE_STOP,1.6,173.0,CHOP,1.6,,
BTCUSDT,2026-09-04 06:39:00+00:00,0.0005000000000000001,0.0019,BE_STOP,1.6,304.0,CHOP,1.6,,
BTCUSDT,2026-09-04 07:08:00+00:00,0.0005000000000000001,0.0019,BE_STOP,1.6,144.0,CHOP,1.6,,
BTCUSDT,2026-09-04 08:06:00+00:00,0.0005000000000000001,0.0019,BE_STOP,1.6,87.0,CHOP,1.6,,
ETHUSDT,2026-09-04 08:46:00+00:00,0.004600000000000001,0.006,TP,1.6,248.0,CHOP,1.6,,
BTCUSDT,2026-09-04 09:24:00+00:00,0.0005000000000000001,0.0019,BE_STOP,1.6,136.0,CHOP,1.6,,
SOLUSDT,2026-09-04 10:32:00+00:00,0.0005000000000000001,0.0019,BE_STOP,1.6,67.0,CHOP,1.6,,
BTCUSDT,2026-09-04 12:02:00+00:00,0.0005000000000000001,0.0019,BE_STOP,1.6,195.0,CHOP,1.6,,
ETHUSDT,2026-09-04 12:30:00+00:00,0.004600000000000001,0.006,TP,1.6,1241.0,TREND,1.6,,
SOLUSDT,2026-09-04 12:30:00+00:00,0.004600000000000001,0.006,TP,1.6,264.0,CHOP,1.6,,
NEARUSDT,2026-09-04 12:30:00+00:00,0.004600000000000001,0.006,TP,1.6,118.0,CHOP,1.6,,
BTCUSDT,2026-09-04 12:30:00+00:00,0.004600000000000001,0.006,TP,1.6,28.0,CHOP,1.6,,
ETHUSDT,2026-09-04 12:39:00+00:00,0.0005000000000000001,0.0019,BE_STOP,1.6,6.0,CHOP,1.6,,
SOLUSDT,2026-09-04 12:40:00+00:00,0.0005000000000000001,0.0019,BE_STOP,1.6,5.0,CHOP,1.6,,
BTCUSDT,2026-09-04 12:45:00+00:00,0.004600000000000001,0.006,TP,1.6,6.0,CHOP,1.6,,
BTCUSDT,2026-09-04 12:45:00+00:00,0.004600000000000001,0.006,TP,1.6,4.0,CHOP,1.6,,
ETHUSDT,2026-09-04 12:49:00+00:00,0.0005000000000000001,0.0019,BE_STOP,1.6,12.0,CHOP,1.6,,
ETHUSDT,2026-09-04 12:58:00+00:00,0.0005000000000000001,0.0019,BE_STOP,1.6,7.0,CHOP,1.6,,
BTCUSDT,2026-09-04 13:17:00+00:00,0.0005000000000000001,0.0019,BE_STOP,1.6,28.0,CHOP,1.6,,
BTCUSDT,2026-09-04 13:21:00+00:00,0.0005000000000000001,0.0019,BE_STOP,1.6,23.0,CHOP,1.6,,
BTCUSDT,2026-09-04 13:35:00+00:00,0.004600000000000001,0.006,TP,1.6,42.0,CHOP,1.6,,
BTCUSDT,2026-09-04 13:38:00+00:00,0.0005000000000000001,0.0019,BE_STOP,1.6,51.0,CHOP,1.6,,
SOLUSDT,2026-09-04 13:38:00+00:00,0.0005000000000000001,0.0019,BE_STOP,1.6,21.0,TREND,1.6,,
SOLUSDT,2026-09-04 13:47:00+00:00,0.004600000000000001,0.006,TP,1.6,7.0,TREND,1.6,,
ETHUSDT,2026-09-04 13:53:00+00:00,0.0005000000000000001,0.0019,BE_STOP,1.6,31.0,TREND,1.6,,
SOLUSDT,2026-09-04 13:54:00+00:00,0.0005000000000000001,0.0019,BE_STOP,1.6,16.0,TREND,1.6,,
SOLUSDT,2026-09-04 13:54:00+00:00,0.0005000000000000001,0.0019,BE_STOP,1.6,12.0,TREND,1.6,,
SOLUSDT,2026-09-04 14:19:00+00:00,0.004600000000000001,0.006,TP,1.6,19.0,TREND,1.6,,
NEARUSDT,2026-09-04 14:20:00+00:00,-0.0264,-0.025,MAE_KILL,1.6,22.0,CHOP,1.6,,
BTCUSDT,2026-09-04 14:23:00+00:00,0.0005000000000000001,0.0019,BE_STOP,1.6,28.0,TREND,1.6,,
SOLUSDT,2026-09-04 14:43:00+00:00,0.004600000000000001,0.006,TP,1.6,18.0,TREND,1.6,,
ETHUSDT,2026-09-04 14:45:00+00:00,0.0005000000000000001,0.0019,BE_STOP,1.6,25.0,TREND,1.6,,
BTCUSDT,2026-09-04 14:47:00+00:00,0.004600000000000001,0.006,TP,1.6,25.0,TREND,1.6,,
BTCUSDT,2026-09-04 14:56:00+00:00,0.0005000000000000001,0.0019,BE_STOP,1.6,12.0,TREND,1.6,,
BTCUSDT,2026-09-05 16:55:00+00:00,0.004600000000000001,0.006,TP,1.6,1627.0,TREND,1.6,,
ETHUSDT,2026-09-05 17:01:00+00:00,0.0005000000000000001,0.0019,BE_STOP,1.6,6.0,TREND,1.6,,
ETHUSDT,2026-09-05 17:28:00+00:00,0.0005000000000000001,0.0019,BE_STOP,1.6,27.0,TREND,1.6,,
BTCUSDT,2026-09-05 21:35:00+00:00,-0.026779390191178844,-0.025379390191178845,MAX_AGE,1.6,2880.0,TREND,1.6,,
BTCUSDT,2026-09-05 21:37:00+00:00,-0.025362935239409332,-0.023962935239409334,MAX_AGE,1.6,2880.0,TREND,1.6,,
BTCUSDT,2026-09-05 21:50:00+00:00,0.0005000000000000001,0.0019,BE_STOP,1.6,261.0,CHOP,1.6,,
BTCUSDT,2026-09-06 00:32:00+00:00,-0.01817047451323531,-0.016770474513235312,MAX_AGE,1.6,2880.0,CHOP,1.6,,
BTCUSDT,2026-09-06 00:36:00+00:00,-0.018995123907763596,-0.017595123907763598,MAX_AGE,1.6,2880.0,CHOP,1.6,,
SOLUSDT,2026-09-06 01:21:00+00:00,0.0005000000000000001,0.0019,BE_STOP,1.6,45.0,CHOP,1.6,,
SOLUSDT,2026-09-06 02:40:00+00:00,-0.0414,-0.04,MAE_KILL,1.6,2148.0,TREND,1.6,,
NEARUSDT,2026-09-06 02:48:00+00:00,0.0005000000000000001,0.0019,BE_STOP,1.6,8.0,CHOP,1.6,,
BTCUSDT,2026-09-06 04:05:00+00:00,0.0005000000000000001,0.0019,BE_STOP,1.6,390.0,CHOP,1.6,,
BTCUSDT,2026-09-06 04:07:00+00:00,0.0005000000000000001,0.0019,BE_STOP,1.6,390.0,CHOP,1.6,,
ETHUSDT,2026-09-06 04:28:00+00:00,0.0005000000000000001,0.0019,BE_STOP,1.6,21.0,TREND,1.6,,
BTCUSDT,2026-09-06 06:54:00+00:00,0.0005000000000000001,0.0019,BE_STOP,1.6,332.0,CHOP,1.6,,
ETHUSDT,2026-09-06 07:13:00+00:00,0.004600000000000001,0.006,TP,1.6,265.0,CHOP,1.6,,
BTCUSDT,2026-09-06 07:15:00+00:00,0.0005000000000000001,0.0019,BE_STOP,1.6,21.0,CHOP,1.6,,
BTCUSDT,2026-09-06 07:17:00+00:00,0.0005000000000000001,0.0019,BE_STOP,1.6,169.0,CHOP,1.6,,
BTCUSDT,2026-09-06 07:23:00+00:00,0.0005000000000000001,0.0019,BE_STOP,1.6,198.0,CHOP,1.6,,
SOLUSDT,2026-09-06 07:42:00+00:00,0.0005000000000000001,0.0019,BE_STOP,1.6,24.0,CHOP,1.6,,
ETHUSDT,2026-09-06 13:37:00+00:00,0.0005000000000000001,0.0019,BE_STOP,1.6,381.0,CHOP,1.6,,
NEARUSDT,2026-09-06 13:39:00+00:00,0.004600000000000001,0.006,TP,1.6,2.0,CHOP,1.6,,
BTCUSDT,2026-09-06 14:32:00+00:00,0.004600000000000001,0.006,TP,1.6,438.0,CHOP,1.6,,
BTCUSDT,2026-09-06 14:32:00+00:00,0.004600000000000001,0.006,TP,1.6,52.0,CHOP,1.6,,
BTCUSDT,2026-09-06 14:50:00+00:00,-0.011981560859515428,-0.010581560859515428,MAX_AGE,1.6,2880.0,TREND,1.6,,
BTCUSDT,2026-09-06 14:56:00+00:00,-0.009570530850120286,-0.008170530850120285,MAX_AGE,1.6,2880.0,TREND,1.6,,
NEARUSDT,2026-09-06 15:01:00+00:00,0.0064074763664283135,0.007807476366428313,TP,1.6,29.0,CHOP,1.6,,
BTCUSDT,2026-09-06 19:36:00+00:00,0.0005000000000000001,0.0019,BE_STOP,1.6,285.0,CHOP,1.6,,
SOLUSDT,2026-09-06 22:18:00+00:00,0.004600000000000001,0.006,TP,1.6,162.0,CHOP,1.6,,
BTCUSDT,2026-09-06 23:03:00+00:00,0.004600000000000001,0.006,TP,1.6,940.0,CHOP,1.6,,
BTCUSDT,2026-09-06 23:38:00+00:00,0.004600000000000001,0.006,TP,1.6,1548.0,CHOP,1.6,,
BTCUSDT,2026-09-06 23:38:00+00:00,0.004600000000000001,0.006,TP,1.6,1385.0,CHOP,1.6,,
BTCUSDT,2026-09-06 23:56:00+00:00,0.0005000000000000001,0.0019,BE_STOP,1.6,52.0,CHOP,1.6,,
NEARUSDT,2026-09-07 00:07:00+00:00,0.0005000000000000001,0.0019,BE_STOP,1.6,29.0,CHOP,1.6,,
XRPUSDT,2026-09-07 01:29:00+00:00,0.0005000000000000001,0.0019,BE_STOP,1.6,190.0,CHOP,1.6,,
ETHUSDT,2026-09-07 01:44:00+00:00,0.004600000000000001,0.006,TP,1.6,107.0,CHOP,1.6,,
ETHUSDT,2026-09-07 01:44:00+00:00,0.004600000000000001,0.006,TP,1.6,97.0,CHOP,1.6,,
SOLUSDT,2026-09-07 04:01:00+00:00,0.0005000000000000001,0.0019,BE_STOP,1.6,1219.0,CHOP,1.6,,
BTCUSDT,2026-09-07 04:21:00+00:00,0.0005000000000000001,0.0019,BE_STOP,1.6,157.0,CHOP,1.6,,
ETHUSDT,2026-09-07 05:04:00+00:00,0.0005000000000000001,0.0019,BE_STOP,1.6,215.0,CHOP,1.6,,
BTCUSDT,2026-09-07 05:05:00+00:00,0.0005000000000000001,0.0019,BE_STOP,1.6,198.0,CHOP,1.6,,
ETHUSDT,2026-09-07 05:25:00+00:00,0.004600000000000001,0.006,TP,1.6,64.0,CHOP,1.6,,
ETHUSDT,2026-09-07 05:51:00+00:00,0.0005000000000000001,0.0019,BE_STOP,1.6,43.0,CHOP,1.6,,
BTCUSDT,2026-09-07 07:31:00+00:00,0.0005000000000000001,0.0019,BE_STOP,1.6,210.0,CHOP,1.6,,
BTCUSDT,2026-09-07 07:33:00+00:00,0.004600000000000001,0.006,TP,1.6,101.0,CHOP,1.6,,
BTCUSDT,2026-09-07 07:40:00+00:00,0.004600000000000001,0.006,TP,1.6,1003.0,CHOP,1.6,,
BTCUSDT,2026-09-07 07:41:00+00:00,0.004600000000000001,0.006,TP,1.6,1027.0,CHOP,1.6,,
BTCUSDT,2026-09-07 07:41:00+00:00,0.004600000000000001,0.006,TP,1.6,999.0,CHOP,1.6,,
BTCUSDT,2026-09-07 07:41:00+00:00,0.004600000000000001,0.006,TP,1.6,10.0,CHOP,1.6,,
ETHUSDT,2026-09-07 07:43:00+00:00,0.0005000000000000001,0.0019,BE_STOP,1.6,9.0,CHOP,1.6,,
SOLUSDT,2026-09-07 14:35:00+00:00,0.0005000000000000001,0.0019,BE_STOP,1.6,404.0,TREND,1.6,,
SOLUSDT,2026-09-07 14:50:00+00:00,0.0005000000000000001,0.0019,BE_STOP,1.6,421.0,TREND,1.6,,
BTCUSDT,2026-09-07 14:52:00+00:00,0.0005000000000000001,0.0019,BE_STOP,1.6,430.0,TREND,1.6,,
BTCUSDT,2026-09-07 14:53:00+00:00,0.0005000000000000001,0.0019,BE_STOP,1.6,429.0,TREND,1.6,,
BTCUSDT,2026-09-07 14:53:00+00:00,0.0005000000000000001,0.0019,BE_STOP,1.6,426.0,TREND,1.6,,
BTCUSDT,2026-09-07 15:19:00+00:00,0.0005000000000000001,0.0019,BE_STOP,1.6,44.0,CHOP,1.6,,
NEARUSDT,2026-09-07 15:28:00+00:00,0.004600000000000001,0.006,TP,1.6,9.0,CHOP,1.6,,
SOLUSDT,2026-09-07 15:33:00+00:00,0.004600000000000001,0.006,TP,1.6,5.0,CHOP,1.6,,
XRPUSDT,2026-09-07 15:40:00+00:00,0.004600000000000001,0.006,TP,1.6,7.0,CHOP,1.6,,
NEARUSDT,2026-09-07 15:43:00+00:00,-0.0264,-0.025,MAE_KILL,1.6,47.0,CHOP,1.6,,
NEARUSDT,2026-09-07 15:49:00+00:00,0.0005000000000000001,0.0019,BE_STOP,1.6,9.0,CHOP,1.6,,
SOLUSDT,2026-09-07 15:59:00+00:00,0.0005000000000000001,0.0019,BE_STOP,1.6,10.0,CHOP,1.6,,
ETHUSDT,2026-09-07 18:31:00+00:00,0.0005000000000000001,0.0019,BE_STOP,1.6,221.0,CHOP,1.6,,
NEARUSDT,2026-09-07 22:36:00+00:00,0.004600000000000001,0.006,TP,1.6,397.0,CHOP,1.6,,
NEARUSDT,2026-09-07 22:40:00+00:00,0.004600000000000001,0.006,TP,1.6,2.0,CHOP,1.6,,
BTCUSDT,2026-09-07 23:03:00+00:00,0.0005000000000000001,0.0019,BE_STOP,1.6,272.0,CHOP,1.6,,
NEARUSDT,2026-09-07 23:08:00+00:00,0.004600000000000001,0.006,TP,1.6,5.0,CHOP,1.6,,
BTCUSDT,2026-09-08 01:34:00+00:00,0.0005000000000000001,0.0019,BE_STOP,1.6,636.0,CHOP,1.6,,
BTCUSDT,2026-09-08 02:30:00+00:00,0.0005000000000000001,0.0019,BE_STOP,1.6,201.0,CHOP,1.6,,
NEARUSDT,2026-09-08 02:47:00+00:00,0.004600000000000001,0.006,TP,1.6,17.0,CHOP,1.6,,
NEARUSDT,2026-09-08 02:59:00+00:00,-0.0264,-0.025,MAE_KILL,1.6,85.0,CHOP,1.6,,
BTCUSDT,2026-09-08 05:00:00+00:00,0.004600000000000001,0.006,TP,1.6,133.0,CHOP,1.6,,
BTCUSDT,2026-09-08 05:19:00+00:00,0.0005000000000000001,0.0019,BE_STOP,1.6,139.0,CHOP,1.6,,
ETHUSDT,2026-09-08 06:09:00+00:00,0.0005000000000000001,0.0019,BE_STOP,1.6,449.0,CHOP,1.6,,
ETHUSDT,2026-09-08 06:22:00+00:00,0.004600000000000001,0.006,TP,1.6,82.0,CHOP,1.6,,
XRPUSDT,2026-09-08 06:24:00+00:00,0.0005000000000000001,0.0019,BE_STOP,1.6,14.0,CHOP,1.6,,
BTCUSDT,2026-09-08 06:53:00+00:00,0.004600000000000001,0.006,TP,1.6,910.0,CHOP,1.6,,
BTCUSDT,2026-09-08 07:54:00+00:00,0.0005000000000000001,0.0019,BE_STOP,1.6,90.0,TREND,1.6,,
BTCUSDT,2026-09-08 07:56:00+00:00,0.0005000000000000001,0.0019,BE_STOP,1.6,94.0,TREND,1.6,,
NEARUSDT,2026-09-08 08:48:00+00:00,0.0005000000000000001,0.0019,BE_STOP,1.6,52.0,CHOP,1.6,,
SOLUSDT,2026-09-08 09:41:00+00:00,0.004600000000000001,0.006,TP,1.6,53.0,CHOP,1.6,,
XRPUSDT,2026-09-08 10:20:00+00:00,0.004600000000000001,0.006,TP,1.6,301.0,CHOP,1.6,,
BTCUSDT,2026-09-08 10:27:00+00:00,0.0005000000000000001,0.0019,BE_STOP,1.6,45.0,CHOP,1.6,,
ETHUSDT,2026-09-08 13:39:00+00:00,0.004600000000000001,0.006,TP,1.6,405.0,TREND,1.6,,
BTCUSDT,2026-09-08 13:39:00+00:00,0.004600000000000001,0.006,TP,1.6,345.0,CHOP,1.6,,
XRPUSDT,2026-09-08 16:01:00+00:00,-0.0414,-0.04,MAE_KILL,1.6,140.0,CHOP,1.6,,
SOLUSDT,2026-09-08 16:40:00+00:00,0.004600000000000001,0.006,TP,1.6,39.0,CHOP,1.6,,
BTCUSDT,2026-09-08 23:40:00+00:00,-0.02501888066177688,-0.02361888066177688,MAX_AGE,1.6,2880.0,CHOP,1.6,,
NEARUSDT,2026-09-09 00:03:00+00:00,0.004600000000000001,0.006,TP,1.6,23.0,CHOP,1.6,,
ETHUSDT,2026-09-09 01:17:00+00:00,0.0005000000000000001,0.0019,BE_STOP,1.6,73.0,CHOP,1.6,,
ETHUSDT,2026-09-09 05:01:00+00:00,0.0005000000000000001,0.0019,BE_STOP,1.6,741.0,CHOP,1.6,,
BTCUSDT,2026-09-09 05:06:00+00:00,-0.00892220273183316,-0.00752220273183316,MAX_AGE,1.6,2880.0,CHOP,1.6,,
BTCUSDT,2026-09-09 05:14:00+00:00,0.004600000000000001,0.006,TP,1.6,1127.0,CHOP,1.6,,
BTCUSDT,2026-09-09 05:26:00+00:00,-0.010257318249583444,-0.008857318249583444,MAX_AGE,1.6,2880.0,CHOP,1.6,,
SOLUSDT,2026-09-09 05:27:00+00:00,0.0005000000000000001,0.0019,BE_STOP,1.6,26.0,CHOP,1.6,,
BTCUSDT,2026-09-09 05:31:00+00:00,0.0005000000000000001,0.0019,BE_STOP,1.6,1150.0,CHOP,1.6,,
XRPUSDT,2026-09-09 05:46:00+00:00,0.004600000000000001,0.006,TP,1.6,20.0,CHOP,1.6,,
ETHUSDT,2026-09-09 06:15:00+00:00,0.0005000000000000001,0.0019,BE_STOP,1.6,69.0,CHOP,1.6,,
NEARUSDT,2026-09-09 06:19:00+00:00,0.004600000000000001,0.006,TP,1.6,51.0,CHOP,1.6,,
XRPUSDT,2026-09-09 06:33:00+00:00,0.0005000000000000001,0.0019,BE_STOP,1.6,78.0,CHOP,1.6,,
SOLUSDT,2026-09-09 07:14:00+00:00,0.0005000000000000001,0.0019,BE_STOP,1.6,2420.0,CHOP,1.6,,
BTCUSDT,2026-09-09 07:33:00+00:00,0.0005000000000000001,0.0019,BE_STOP,1.6,78.0,CHOP,1.6,,
BTCUSDT,2026-09-09 08:28:00+00:00,0.004600000000000001,0.006,TP,1.6,128.0,CHOP,1.6,,
BTCUSDT,2026-09-09 08:36:00+00:00,0.004600000000000001,0.006,TP,1.6,82.0,CHOP,1.6,,
ETHUSDT,2026-09-09 08:44:00+00:00,0.0005000000000000001,0.0019,BE_STOP,1.6,71.0,CHOP,1.6,,
XRPUSDT,2026-09-09 08:59:00+00:00,0.0005000000000000001,0.0019,BE_STOP,1.6,31.0,TREND,1.6,,
SOLUSDT,2026-09-09 09:35:00+00:00,0.004600000000000001,0.006,TP,1.6,51.0,TREND,1.6,,
ETHUSDT,2026-09-09 10:52:00+00:00,0.004600000000000001,0.006,TP,1.6,259.0,CHOP,1.6,,
BTCUSDT,2026-09-09 10:53:00+00:00,0.004600000000000001,0.006,TP,1.6,77.0,CHOP,1.6,,
NEARUSDT,2026-09-09 11:02:00+00:00,0.0005000000000000001,0.0019,BE_STOP,1.6,10.0,TREND,1.6,,
SOLUSDT,2026-09-09 11:09:00+00:00,0.0005000000000000001,0.0019,BE_STOP,1.6,15.0,CHOP,1.6,,
BTCUSDT,2026-09-09 11:11:00+00:00,0.0005000000000000001,0.0019,BE_STOP,1.6,339.0,TREND,1.6,,
NEARUSDT,2026-09-09 11:16:00+00:00,0.004600000000000001,0.006,TP,1.6,5.0,TREND,1.6,,
BTCUSDT,2026-09-09 15:02:00+00:00,0.0005000000000000001,0.0019,BE_STOP,1.6,554.0,CHOP,1.6,,
BTCUSDT,2026-09-09 15:02:00+00:00,0.0005000000000000001,0.0019,BE_STOP,1.6,233.0,CHOP,1.6,,
BTCUSDT,2026-09-09 15:08:00+00:00,0.0005000000000000001,0.0019,BE_STOP,1.6,828.0,CHOP,1.6,,
XRPUSDT,2026-09-09 15:08:00+00:00,0.0005000000000000001,0.0019,BE_STOP,1.6,232.0,CHOP,1.6,,
BTCUSDT,2026-09-09 15:11:00+00:00,0.004600000000000001,0.006,TP,1.6,8.0,CHOP,1.6,,
NEARUSDT,2026-09-09 15:11:00+00:00,0.00718138911236263,0.00858138911236263,TP,1.6,6.0,TREND,1.6,,
BTCUSDT,2026-09-09 15:16:00+00:00,0.0005000000000000001,0.0019,BE_STOP,1.6,8.0,CHOP,1.6,,
SOLUSDT,2026-09-09 15:22:00+00:00,0.004600000000000001,0.006,TP,1.6,8.0,CHOP,1.6,,
BTCUSDT,2026-09-09 15:22:00+00:00,0.004600000000000001,0.006,TP,1.6,6.0,CHOP,1.6,,
BTCUSDT,2026-09-09 15:24:00+00:00,0.004600000000000001,0.006,TP,1.6,5.0,CHOP,1.6,,
BTCUSDT,2026-09-09 15:28:00+00:00,0.0005000000000000001,0.0019,BE_STOP,1.6,16.0,CHOP,1.6,,
ETHUSDT,2026-09-09 15:31:00+00:00,0.0005000000000000001,0.0019,BE_STOP,1.6,268.0,CHOP,1.6,,
XRPUSDT,2026-09-09 19:50:00+00:00,0.004600000000000001,0.006,TP,1.6,258.0,CHOP,1.6,,
BTCUSDT,2026-09-09 20:01:00+00:00,0.0005000000000000001,0.0019,BE_STOP,1.6,272.0,CHOP,1.6,,
ETHUSDT,2026-09-09 20:29:00+00:00,0.004600000000000001,0.006,TP,1.6,306.0,CHOP,1.6,,
BTCUSDT,2026-09-09 20:30:00+00:00,0.0005000000000000001,0.0019,BE_STOP,1.6,305.0,CHOP,1.6,,
BTCUSDT,2026-09-09 20:31:00+00:00,0.0005000000000000001,0.0019,BE_STOP,1.6,304.0,CHOP,1.6,,
BTCUSDT,2026-09-09 20:31:00+00:00,0.0005000000000000001,0.0019,BE_STOP,1.6,40.0,CHOP,1.6,,
BTCUSDT,2026-09-09 20:31:00+00:00,0.0005000000000000001,0.0019,BE_STOP,1.6,30.0,CHOP,1.6,,
BTCUSDT,2026-09-09 23:04:00+00:00,0.0005000000000000001,0.0019,BE_STOP,1.6,154.0,CHOP,1.6,,
BTCUSDT,2026-09-10 00:17:00+00:00,0.0005000000000000001,0.0019,BE_STOP,1.6,70.0,TREND,1.6,,
XRPUSDT,2026-09-10 01:04:00+00:00,0.0005000000000000001,0.0019,BE_STOP,1.6,47.0,CHOP,1.6,,
ETHUSDT,2026-09-10 01:12:00+00:00,0.0005000000000000001,0.0019,BE_STOP,1.6,271.0,CHOP,1.6,,
ETHUSDT,2026-09-10 01:13:00+00:00,0.0005000000000000001,0.0019,BE_STOP,1.6,279.0,CHOP,1.6,,
BTCUSDT,2026-09-10 01:42:00+00:00,0.0005000000000000001,0.0019,BE_STOP,1.6,23.0,CHOP,1.6,,
NEARUSDT,2026-09-10 01:46:00+00:00,0.0005000000000000001,0.0019,BE_STOP,1.6,4.0,CHOP,1.6,,
BTCUSDT,2026-09-10 03:07:00+00:00,0.0005000000000000001,0.0019,BE_STOP,1.6,391.0,CHOP,1.6,,
BTCUSDT,2026-09-10 03:07:00+00:00,0.0005000000000000001,0.0019,BE_STOP,1.6,388.0,CHOP,1.6,,
NEARUSDT,2026-09-10 03:25:00+00:00,0.0005000000000000001,0.0019,BE_STOP,1.6,18.0,CHOP,1.6,,
ETHUSDT,2026-09-10 06:04:00+00:00,0.0005000000000000001,0.0019,BE_STOP,1.6,175.0,CHOP,1.6,,
BTCUSDT,2026-09-10 06:47:00+00:00,0.0005000000000000001,0.0019,BE_STOP,1.6,41.0,CHOP,1.6,,
ETHUSDT,2026-09-10 07:46:00+00:00,0.0005000000000000001,0.0019,BE_STOP,1.6,261.0,TREND,1.6,,
NEARUSDT,2026-09-10 09:40:00+00:00,0.004969230404420052,0.006369230404420051,TP,1.6,114.0,CHOP,1.6,,
NEARUSDT,2026-09-10 09:42:00+00:00,0.004600000000000001,0.006,TP,1.6,2.0,CHOP,1.6,,
BTCUSDT,2026-09-10 11:13:00+00:00,0.0005000000000000001,0.0019,BE_STOP,1.6,90.0,CHOP,1.6,,
ETHUSDT,2026-09-10 12:30:00+00:00,0.004600000000000001,0.006,TP,1.6,644.0,CHOP,1.6,,
ETHUSDT,2026-09-10 12:30:00+00:00,0.004600000000000001,0.006,TP,1.6,77.0,CHOP,1.6,,
NEARUSDT,2026-09-10 12:33:00+00:00,0.0005000000000000001,0.0019,BE_STOP,1.6,2.0,CHOP,1.6,,
BTCUSDT,2026-09-10 12:38:00+00:00,0.004600000000000001,0.006,TP,1.6,2815.0,CHOP,1.6,,
BTCUSDT,2026-09-10 12:46:00+00:00,0.004600000000000001,0.006,TP,1.6,11.0,CHOP,1.6,,
BTCUSDT,2026-09-10 12:47:00+00:00,0.004600000000000001,0.006,TP,1.6,8.0,CHOP,1.6,,
NEARUSDT,2026-09-10 12:53:00+00:00,0.0005000000000000001,0.0019,BE_STOP,1.6,16.0,CHOP,1.6,,
SOLUSDT,2026-09-10 12:57:00+00:00,0.0005000000000000001,0.0019,BE_STOP,1.6,2.0,CHOP,1.6,,
BTCUSDT,2026-09-10 12:58:00+00:00,0.0005000000000000001,0.0019,BE_STOP,1.6,11.0,TREND,1.6,,
BTCUSDT,2026-09-10 13:01:00+00:00,0.0005000000000000001,0.0019,BE_STOP,1.6,12.0,TREND,1.6,,
BTCUSDT,2026-09-10 13:22:00+00:00,0.0005000000000000001,0.0019,BE_STOP,1.6,21.0,TREND,1.6,,
SOLUSDT,2026-09-10 13:51:00+00:00,0.0005000000000000001,0.0019,BE_STOP,1.6,27.0,TREND,1.6,,
ETHUSDT,2026-09-10 14:02:00+00:00,0.004600000000000001,0.006,TP,1.6,11.0,CHOP,1.6,,
BTCUSDT,2026-09-10 17:38:00+00:00,0.0005000000000000001,0.0019,BE_STOP,1.6,216.0,CHOP,1.6,,
XRPUSDT,2026-09-10 23:08:00+00:00,-0.0414,-0.04,MAE_KILL,1.6,1324.0,CHOP,1.6,,
BTCUSDT,2026-09-10 23:14:00+00:00,-0.0414,-0.04,MAE_KILL,1.6,2318.0,TREND,1.6,,
BTCUSDT,2026-09-10 23:14:00+00:00,-0.0414,-0.04,MAE_KILL,1.6,2295.0,TREND,1.6,,
BTCUSDT,2026-09-10 23:17:00+00:00,0.0005000000000000001,0.0019,BE_STOP,1.6,8.0,CHOP,1.6,,
BTCUSDT,2026-09-10 23:37:00+00:00,0.0005000000000000001,0.0019,BE_STOP,1.6,640.0,TREND,1.6,,
BTCUSDT,2026-09-10 23:37:00+00:00,0.0005000000000000001,0.0019,BE_STOP,1.6,638.0,TREND,1.6,,
BTCUSDT,2026-09-11 01:15:00+00:00,0.0005000000000000001,0.0019,BE_STOP,1.6,98.0,CHOP,1.6,,
BTCUSDT,2026-09-11 01:22:00+00:00,0.0005000000000000001,0.0019,BE_STOP,1.6,103.0,CHOP,1.6,,
NEARUSDT,2026-09-11 01:25:00+00:00,0.0005000000000000001,0.0019,BE_STOP,1.6,3.0,CHOP,1.6,,
ETHUSDT,2026-09-11 01:36:00+00:00,0.0005000000000000001,0.0019,BE_STOP,1.6,11.0,CHOP,1.6,,
SOLUSDT,2026-09-11 04:27:00+00:00,0.004600000000000001,0.006,TP,1.6,192.0,CHOP,1.6,,
BTCUSDT,2026-09-11 06:24:00+00:00,0.0005000000000000001,0.0019,BE_STOP,1.6,116.0,CHOP,1.6,,
SOLUSDT,2026-09-11 11:18:00+00:00,0.0005000000000000001,0.0019,BE_STOP,1.6,579.0,CHOP,1.6,,
ETHUSDT,2026-09-11 12:09:00+00:00,0.004600000000000001,0.006,TP,1.6,345.0,CHOP,1.6,,
BTCUSDT,2026-09-11 12:12:00+00:00,-0.018651925358287115,-0.017251925358287117,EOD,1.6,2100.0,CHOP,1.6,,
BTCUSDT,2026-09-11 12:12:00+00:00,-0.019390531970549504,-0.017990531970549506,EOD,1.6,1764.0,CHOP,1.6,,
BTCUSDT,2026-09-11 12:12:00+00:00,-0.00659898191990048,-0.0051989819199004805,EOD,1.6,1114.0,CHOP,1.6,,
BTCUSDT,2026-09-11 12:12:00+00:00,-0.00579558718545388,-0.004395587185453881,EOD,1.6,777.0,CHOP,1.6,,
BTCUSDT,2026-09-11 12:12:00+00:00,-0.005380222819422415,-0.003980222819422416,EOD,1.6,775.0,CHOP,1.6,,
BTCUSDT,2026-09-11 12:12:00+00:00,-0.00582442648861069,-0.0044244264886106905,EOD,1.6,773.0,CHOP,1.6,,
ETHUSDT,2026-09-11 12:12:00+00:00,9.880462185722928e-05,0.0014988046218572292,EOD,1.6,54.0,CHOP,1.6,,
SOLUSDT,2026-09-11 12:13:00+00:00,-0.0014907075186454378,-9.070751864543783e-05,EOD,1.6,4.0,CHOP,1.6,,
NEARUSDT,2026-08-12 13:00:00+00:00,0.0005000000000000001,0.0019,BE_STOP,2.0,15.0,,2.0,2026-08-12 13:00:00+00:00,fold1
SOLUSDT,2026-08-12 13:18:00+00:00,0.0005000000000000001,0.0019,BE_STOP,2.0,20.0,,2.0,2026-08-12 13:18:00+00:00,fold1
BTCUSDT,2026-08-12 13:33:00+00:00,0.0005000000000000001,0.0019,BE_STOP,2.0,27.0,,2.0,2026-08-12 13:33:00+00:00,fold1
BTCUSDT,2026-08-12 13:43:00+00:00,0.0005000000000000001,0.0019,BE_STOP,2.0,51.0,,2.0,2026-08-12 13:43:00+00:00,fold1
BTCUSDT,2026-08-12 13:45:00+00:00,0.0005000000000000001,0.0019,BE_STOP,2.0,62.0,,2.0,2026-08-12 13:45:00+00:00,fold1
ETHUSDT,2026-08-12 13:47:00+00:00,0.0005000000000000001,0.0019,BE_STOP,2.0,60.0,,2.0,2026-08-12 13:47:00+00:00,fold1
NEARUSDT,2026-08-12 13:56:00+00:00,0.004600000000000001,0.006,TP,2.0,11.0,,2.0,2026-08-12 13:56:00+00:00,fold1
BTCUSDT,2026-08-12 14:02:00+00:00,0.004600000000000001,0.006,TP,2.0,59.0,,2.0,2026-08-12 14:02:00+00:00,fold1
BTCUSDT,2026-08-12 14:03:00+00:00,0.004600000000000001,0.006,TP,2.0,73.0,,2.0,2026-08-12 14:03:00+00:00,fold1
BTCUSDT,2026-08-12 14:03:00+00:00,0.004600000000000001,0.006,TP,2.0,45.0,,2.0,2026-08-12 14:03:00+00:00,fold1
SOLUSDT,2026-08-12 14:03:00+00:00,0.004600000000000001,0.006,TP,2.0,20.0,,2.0,2026-08-12 14:03:00+00:00,fold1
BTCUSDT,2026-08-12 14:11:00+00:00,0.0005000000000000001,0.0019,BE_STOP,2.0,14.0,,2.0,2026-08-12 14:11:00+00:00,fold1
NEARUSDT,2026-08-12 14:31:00+00:00,0.004600000000000001,0.006,TP,2.0,20.0,,2.0,2026-08-12 14:31:00+00:00,fold1
SOLUSDT,2026-08-12 14:32:00+00:00,0.0005000000000000001,0.0019,BE_STOP,2.0,27.0,,2.0,2026-08-12 14:32:00+00:00,fold1
NEARUSDT,2026-08-12 14:35:00+00:00,-0.0264,-0.025,MAE_KILL,2.0,99.0,,2.0,2026-08-12 14:35:00+00:00,fold1
NEARUSDT,2026-08-12 14:35:00+00:00,-0.0264,-0.025,MAE_KILL,2.0,62.0,,2.0,2026-08-12 14:35:00+00:00,fold1
BTCUSDT,2026-08-12 14:59:00+00:00,0.004600000000000001,0.006,TP,2.0,50.0,,2.0,2026-08-12 14:59:00+00:00,fold1
ETHUSDT,2026-08-12 15:02:00+00:00,0.0005000000000000001,0.0019,BE_STOP,2.0,27.0,,2.0,2026-08-12 15:02:00+00:00,fold1
BTCUSDT,2026-08-12 15:18:00+00:00,0.0005000000000000001,0.0019,BE_STOP,2.0,71.0,,2.0,2026-08-12 15:18:00+00:00,fold1
BTCUSDT,2026-08-12 15:18:00+00:00,0.0005000000000000001,0.0019,BE_STOP,2.0,45.0,,2.0,2026-08-12 15:18:00+00:00,fold1
BTCUSDT,2026-08-12 15:18:00+00:00,0.0005000000000000001,0.0019,BE_STOP,2.0,41.0,,2.0,2026-08-12 15:18:00+00:00,fold1
BTCUSDT,2026-08-12 15:43:00+00:00,0.0005000000000000001,0.0019,BE_STOP,2.0,72.0,,2.0,2026-08-12 15:43:00+00:00,fold1
NEARUSDT,2026-08-12 17:21:00+00:00,0.0005000000000000001,0.0019,BE_STOP,2.0,118.0,,2.0,2026-08-12 17:21:00+00:00,fold1
ETHUSDT,2026-08-12 20:27:00+00:00,0.0005000000000000001,0.0019,BE_STOP,2.0,185.0,,2.0,2026-08-12 20:27:00+00:00,fold1
ETHUSDT,2026-08-12 20:29:00+00:00,0.0005000000000000001,0.0019,BE_STOP,2.0,330.0,,2.0,2026-08-12 20:29:00+00:00,fold1
BTCUSDT,2026-08-12 20:38:00+00:00,0.0005000000000000001,0.0019,BE_STOP,2.0,395.0,,2.0,2026-08-12 20:38:00+00:00,fold1
ETHUSDT,2026-08-12 21:06:00+00:00,0.0005000000000000001,0.0019,BE_STOP,2.0,39.0,CHOP,2.0,2026-08-12 21:06:00+00:00,fold1
NEARUSDT,2026-08-12 21:59:00+00:00,0.004600000000000001,0.006,TP,2.0,53.0,CHOP,2.0,2026-08-12 21:59:00+00:00,fold1
SOLUSDT,2026-08-13 04:22:00+00:00,0.0005000000000000001,0.0019,BE_STOP,2.0,464.0,CHOP,2.0,2026-08-13 04:22:00+00:00,fold1
ETHUSDT,2026-08-13 05:06:00+00:00,0.004600000000000001,0.006,TP,2.0,517.0,CHOP,2.0,2026-08-13 05:06:00+00:00,fold1
BTCUSDT,2026-08-13 05:15:00+00:00,0.004600000000000001,0.006,TP,2.0,837.0,,2.0,2026-08-13 05:15:00+00:00,fold1
BTCUSDT,2026-08-13 05:15:00+00:00,0.004600000000000001,0.006,TP,2.0,811.0,,2.0,2026-08-13 05:15:00+00:00,fold1
ETHUSDT,2026-08-13 05:22:00+00:00,0.0005000000000000001,0.0019,BE_STOP,2.0,842.0,,2.0,2026-08-13 05:22:00+00:00,fold1
NEARUSDT,2026-08-13 08:48:00+00:00,0.0005000000000000001,0.0019,BE_STOP,2.0,213.0,CHOP,2.0,2026-08-13 08:48:00+00:00,fold1
NEARUSDT,2026-08-13 09:09:00+00:00,0.004600000000000001,0.006,TP,2.0,21.0,CHOP,2.0,2026-08-13 09:09:00+00:00,fold1
NEARUSDT,2026-08-13 09:14:00+00:00,0.004600000000000001,0.006,TP,2.0,231.0,CHOP,2.0,2026-08-13 09:14:00+00:00,fold1
ETHUSDT,2026-08-13 11:45:00+00:00,0.0005000000000000001,0.0019,BE_STOP,2.0,150.0,CHOP,2.0,2026-08-13 11:45:00+00:00,fold1
BTCUSDT,2026-08-13 11:47:00+00:00,0.0005000000000000001,0.0019,BE_STOP,2.0,445.0,CHOP,2.0,2026-08-13 11:47:00+00:00,fold1
NEARUSDT,2026-08-13 11:51:00+00:00,0.004600000000000001,0.006,TP,2.0,6.0,CHOP,2.0,2026-08-13 11:51:00+00:00,fold1
ETHUSDT,2026-08-13 12:07:00+00:00,0.0005000000000000001,0.0019,BE_STOP,2.0,177.0,CHOP,2.0,2026-08-13 12:07:00+00:00,fold1
BTCUSDT,2026-08-13 12:31:00+00:00,0.0005000000000000001,0.0019,BE_STOP,2.0,40.0,CHOP,2.0,2026-08-13 12:31:00+00:00,fold1
ETHUSDT,2026-08-13 12:32:00+00:00,0.0005000000000000001,0.0019,BE_STOP,2.0,45.0,TREND,2.0,2026-08-13 12:32:00+00:00,fold1
NEARUSDT,2026-08-13 13:11:00+00:00,0.0005000000000000001,0.0019,BE_STOP,2.0,40.0,CHOP,2.0,2026-08-13 13:11:00+00:00,fold1
BTCUSDT,2026-08-13 13:15:00+00:00,0.0005000000000000001,0.0019,BE_STOP,2.0,40.0,CHOP,2.0,2026-08-13 13:15:00+00:00,fold1
ETHUSDT,2026-08-13 14:50:00+00:00,0.0005000000000000001,0.0019,BE_STOP,2.0,95.0,CHOP,2.0,2026-08-13 14:50:00+00:00,fold1
BTCUSDT,2026-08-13 14:59:00+00:00,0.0005000000000000001,0.0019,BE_STOP,2.0,108.0,CHOP,2.0,2026-08-13 14:59:00+00:00,fold1
NEARUSDT,2026-08-13 14:59:00+00:00,0.0005000000000000001,0.0019,BE_STOP,2.0,8.0,CHOP,2.0,2026-08-13 14:59:00+00:00,fold1
NEARUSDT,2026-08-13 15:47:00+00:00,0.004600000000000001,0.006,TP,2.0,47.0,CHOP,2.0,2026-08-13 15:47:00+00:00,fold1
NEARUSDT,2026-08-13 15:47:00+00:00,0.004600000000000001,0.006,TP,2.0,45.0,CHOP,2.0,2026-08-13 15:47:00+00:00,fold1
NEARUSDT,2026-08-13 15:56:00+00:00,0.0005000000000000001,0.0019,BE_STOP,2.0,8.0,CHOP,2.0,2026-08-13 15:56:00+00:00,fold1
NEARUSDT,2026-08-13 15:59:00+00:00,0.004600000000000001,0.006,TP,2.0,232.0,CHOP,2.0,2026-08-13 15:59:00+00:00,fold1
BTCUSDT,2026-08-13 16:37:00+00:00,0.004600000000000001,0.006,TP,2.0,47.0,CHOP,2.0,2026-08-13 16:37:00+00:00,fold1
BTCUSDT,2026-08-13 16:39:00+00:00,0.004600000000000001,0.006,TP,2.0,1119.0,CHOP,2.0,2026-08-13 16:39:00+00:00,fold1
BTCUSDT,2026-08-13 16:39:00+00:00,0.004600000000000001,0.006,TP,2.0,39.0,CHOP,2.0,2026-08-13 16:39:00+00:00,fold1
BTCUSDT,2026-08-13 16:39:00+00:00,0.004600000000000001,0.006,TP,2.0,37.0,CHOP,2.0,2026-08-13 16:39:00+00:00,fold1
BTCUSDT,2026-08-13 16:40:00+00:00,0.004600000000000001,0.006,TP,2.0,1538.0,,2.0,2026-08-13 16:40:00+00:00,fold1
NEARUSDT,2026-08-13 16:42:00+00:00,0.004600000000000001,0.006,TP,2.0,4.0,CHOP,2.0,2026-08-13 16:42:00+00:00,fold1
XRPUSDT,2026-08-13 19:04:00+00:00,0.0005000000000000001,0.0019,BE_STOP,2.0,133.0,CHOP,2.0,2026-08-13 19:04:00+00:00,fold1
BTCUSDT,2026-08-13 19:14:00+00:00,0.0005000000000000001,0.0019,BE_STOP,2.0,10.0,CHOP,2.0,2026-08-13 19:14:00+00:00,fold1
BTCUSDT,2026-08-14 07:03:00+00:00,0.0005000000000000001,0.0019,BE_STOP,2.0,855.0,CHOP,2.0,2026-08-14 07:03:00+00:00,fold1
BTCUSDT,2026-08-14 08:47:00+00:00,0.0005000000000000001,0.0019,BE_STOP,2.0,963.0,CHOP,2.0,2026-08-14 08:47:00+00:00,fold1
BTCUSDT,2026-08-14 08:51:00+00:00,0.0005000000000000001,0.0019,BE_STOP,2.0,965.0,CHOP,2.0,2026-08-14 08:51:00+00:00,fold1
BTCUSDT,2026-08-14 08:53:00+00:00,0.0005000000000000001,0.0019,BE_STOP,2.0,110.0,TREND,2.0,2026-08-14 08:53:00+00:00,fold1
BTCUSDT,2026-08-14 13:47:00+00:00,-0.02154785408396109,-0.02014785408396109,MAX_AGE,2.0,2880.0,,2.0,2026-08-14 13:47:00+00:00,fold1
BTCUSDT,2026-08-14 16:00:00+00:00,0.0005000000000000001,0.0019,BE_STOP,2.0,433.0,TREND,2.0,2026-08-14 16:00:00+00:00,fold1
ETHUSDT,2026-08-14 16:06:00+00:00,0.0005000000000000001,0.0019,BE_STOP,2.0,434.0,CHOP,2.0,2026-08-14 16:06:00+00:00,fold1
ETHUSDT,2026-08-14 16:47:00+00:00,0.0005000000000000001,0.0019,BE_STOP,2.0,46.0,CHOP,2.0,2026-08-14 16:47:00+00:00,fold1
BTCUSDT,2026-08-14 17:56:00+00:00,0.0005000000000000001,0.0019,BE_STOP,2.0,542.0,TREND,2.0,2026-08-14 17:56:00+00:00,fold1
SOLUSDT,2026-08-14 18:14:00+00:00,0.004600000000000001,0.006,TP,2.0,86.0,CHOP,2.0,2026-08-14 18:14:00+00:00,fold1
ETHUSDT,2026-08-14 18:39:00+00:00,0.0005000000000000001,0.0019,BE_STOP,2.0,152.0,CHOP,2.0,2026-08-14 18:39:00+00:00,fold1
BTCUSDT,2026-08-14 19:28:00+00:00,0.0005000000000000001,0.0019,BE_STOP,2.0,73.0,CHOP,2.0,2026-08-14 19:28:00+00:00,fold1
ETHUSDT,2026-08-15 05:07:00+00:00,-0.008436945280502726,-0.007036945280502725,MAX_AGE,2.0,2880.0,CHOP,2.0,2026-08-15 05:07:00+00:00,fold1
BTCUSDT,2026-08-15 05:18:00+00:00,-0.013430863617867047,-0.012030863617867047,MAX_AGE,2.0,2880.0,CHOP,2.0,2026-08-15 05:18:00+00:00,fold1
ETHUSDT,2026-08-15 05:40:00+00:00,0.0005000000000000001,0.0019,BE_STOP,2.0,659.0,CHOP,2.0,2026-08-15 05:40:00+00:00,fold1
BTCUSDT,2026-08-15 06:15:00+00:00,0.0005000000000000001,0.0019,BE_STOP,2.0,646.0,CHOP,2.0,2026-08-15 06:15:00+00:00,fold1
SOLUSDT,2026-08-15 06:50:00+00:00,0.0005000000000000001,0.0019,BE_STOP,2.0,92.0,CHOP,2.0,2026-08-15 06:50:00+00:00,fold1
ETHUSDT,2026-08-15 16:42:00+00:00,-0.011725591374778738,-0.010325591374778738,MAX_AGE,2.0,2880.0,CHOP,2.0,2026-08-15 16:42:00+00:00,fold1
ETHUSDT,2026-08-15 19:14:00+00:00,-0.004091262403382052,-0.002691262403382052,MAX_AGE,2.0,2880.0,CHOP,2.0,2026-08-15 19:14:00+00:00,fold1
SOLUSDT,2026-08-16 00:28:00+00:00,0.0005000000000000001,0.0019,BE_STOP,2.0,314.0,CHOP,2.0,2026-08-16 00:28:00+00:00,fold1
ETHUSDT,2026-08-16 13:47:00+00:00,-0.007918842022446564,-0.006518842022446565,MAX_AGE,2.0,2880.0,CHOP,2.0,2026-08-16 13:47:00+00:00,fold1
ETHUSDT,2026-08-16 17:11:00+00:00,0.0005000000000000001,0.0019,BE_STOP,2.0,2161.0,CHOP,2.0,2026-08-16 17:11:00+00:00,fold1
ETHUSDT,2026-08-16 17:35:00+00:00,0.0005000000000000001,0.0019,BE_STOP,2.0,2084.0,CHOP,2.0,2026-08-16 17:35:00+00:00,fold1
ETHUSDT,2026-08-16 17:56:00+00:00,-0.005801295877914654,-0.0044012958779146545,MAX_AGE,2.0,2880.0,CHOP,2.0,2026-08-16 17:56:00+00:00,fold1
ETHUSDT,2026-08-16 18:04:00+00:00,0.0005000000000000001,0.0019,BE_STOP,2.0,257.0,CHOP,2.0,2026-08-16 18:04:00+00:00,fold1
NEARUSDT,2026-08-16 20:52:00+00:00,0.004600000000000001,0.006,TP,2.0,176.0,CHOP,2.0,2026-08-16 20:52:00+00:00,fold1
BTCUSDT,2026-08-16 21:40:00+00:00,0.004600000000000001,0.006,TP,2.0,269.0,TREND,2.0,2026-08-16 21:40:00+00:00,fold1
BTCUSDT,2026-08-16 21:40:00+00:00,0.004600000000000001,0.006,TP,2.0,245.0,CHOP,2.0,2026-08-16 21:40:00+00:00,fold1
ETHUSDT,2026-08-16 21:40:00+00:00,0.004600000000000001,0.006,TP,2.0,216.0,TREND,2.0,2026-08-16 21:40:00+00:00,fold1
BTCUSDT,2026-08-16 21:47:00+00:00,0.0005000000000000001,0.0019,BE_STOP,2.0,2372.0,CHOP,2.0,2026-08-16 21:47:00+00:00,fold1
BTCUSDT,2026-08-16 21:50:00+00:00,0.0005000000000000001,0.0019,BE_STOP,2.0,2410.0,CHOP,2.0,2026-08-16 21:50:00+00:00,fold1
BTCUSDT,2026-08-16 21:50:00+00:00,0.0005000000000000001,0.0019,BE_STOP,2.0,1282.0,CHOP,2.0,2026-08-16 21:50:00+00:00,fold1
BTCUSDT,2026-08-16 21:50:00+00:00,0.0005000000000000001,0.0019,BE_STOP,2.0,57.0,CHOP,2.0,2026-08-16 21:50:00+00:00,fold1
BTCUSDT,2026-08-16 21:51:00+00:00,0.0005000000000000001,0.0019,BE_STOP,2.0,1749.0,CHOP,2.0,2026-08-16 21:51:00+00:00,fold1
SOLUSDT,2026-08-16 22:05:00+00:00,0.0005000000000000001,0.0019,BE_STOP,2.0,15.0,TREND,2.0,2026-08-16 22:05:00+00:00,fold1
SOLUSDT,2026-08-16 22:05:00+00:00,0.0005000000000000001,0.0019,BE_STOP,2.0,12.0,TREND,2.0,2026-08-16 22:05:00+00:00,fold1
BTCUSDT,2026-08-16 22:49:00+00:00,0.0005000000000000001,0.0019,BE_STOP,2.0,67.0,TREND,2.0,2026-08-16 22:49:00+00:00,fold1
BTCUSDT,2026-08-16 22:51:00+00:00,0.0005000000000000001,0.0019,BE_STOP,2.0,64.0,TREND,2.0,2026-08-16 22:51:00+00:00,fold1
BTCUSDT,2026-08-16 22:53:00+00:00,0.0005000000000000001,0.0019,BE_STOP,2.0,69.0,TREND,2.0,2026-08-16 22:53:00+00:00,fold1
BTCUSDT,2026-08-16 22:57:00+00:00,0.0005000000000000001,0.0019,BE_STOP,2.0,60.0,TREND,2.0,2026-08-16 22:57:00+00:00,fold1
XRPUSDT,2026-08-16 22:59:00+00:00,0.0005000000000000001,0.0019,BE_STOP,2.0,79.0,CHOP,2.0,2026-08-16 22:59:00+00:00,fold1
ETHUSDT,2026-08-17 01:01:00+00:00,0.004600000000000001,0.006,TP,2.0,132.0,CHOP,2.0,2026-08-17 01:01:00+00:00,fold1
ETHUSDT,2026-08-17 01:01:00+00:00,0.004600000000000001,0.006,TP,2.0,130.0,CHOP,2.0,2026-08-17 01:01:00+00:00,fold1
ETHUSDT,2026-08-17 01:01:00+00:00,0.004600000000000001,0.006,TP,2.0,127.0,CHOP,2.0,2026-08-17 01:01:00+00:00,fold1
ETHUSDT,2026-08-17 01:01:00+00:00,0.004600000000000001,0.006,TP,2.0,121.0,CHOP,2.0,2026-08-17 01:01:00+00:00,fold1
BTCUSDT,2026-08-17 01:15:00+00:00,0.0005000000000000001,0.0019,BE_STOP,2.0,132.0,CHOP,2.0,2026-08-17 01:15:00+00:00,fold1
ETHUSDT,2026-08-17 01:37:00+00:00,0.0005000000000000001,0.0019,BE_STOP,2.0,28.0,CHOP,2.0,2026-08-17 01:37:00+00:00,fold1
BTCUSDT,2026-08-17 01:54:00+00:00,0.0005000000000000001,0.0019,BE_STOP,2.0,39.0,CHOP,2.0,2026-08-17 01:54:00+00:00,fold1
BTCUSDT,2026-08-17 02:52:00+00:00,0.004600000000000001,0.006,TP,2.0,110.0,CHOP,2.0,2026-08-17 02:52:00+00:00,fold1
BTCUSDT,2026-08-17 02:53:00+00:00,0.004600000000000001,0.006,TP,2.0,108.0,CHOP,2.0,2026-08-17 02:53:00+00:00,fold1
BTCUSDT,2026-08-17 02:53:00+00:00,0.004600000000000001,0.006,TP,2.0,106.0,CHOP,2.0,2026-08-17 02:53:00+00:00,fold1
BTCUSDT,2026-08-17 05:28:00+00:00,0.0005000000000000001,0.0019,BE_STOP,2.0,150.0,CHOP,2.0,2026-08-17 05:28:00+00:00,fold1
SOLUSDT,2026-08-17 06:45:00+00:00,0.004600000000000001,0.006,TP,2.0,306.0,CHOP,2.0,2026-08-17 06:45:00+00:00,fold1
NEARUSDT,2026-08-17 06:46:00+00:00,0.004600000000000001,0.006,TP,2.0,78.0,TREND,2.0,2026-08-17 06:46:00+00:00,fold1
ETHUSDT,2026-08-17 07:01:00+00:00,0.0005000000000000001,0.0019,BE_STOP,2.0,245.0,TREND,2.0,2026-08-17 07:01:00+00:00,fold1
BTCUSDT,2026-08-17 07:17:00+00:00,0.0005000000000000001,0.0019,BE_STOP,2.0,263.0,CHOP,2.0,2026-08-17 07:17:00+00:00,fold1
BTCUSDT,2026-08-17 09:15:00+00:00,0.0005000000000000001,0.0019,BE_STOP,2.0,117.0,TREND,2.0,2026-08-17 09:15:00+00:00,fold1
BTCUSDT,2026-08-17 13:02:00+00:00,0.0005000000000000001,0.0019,BE_STOP,2.0,226.0,CHOP,2.0,2026-08-17 13:02:00+00:00,fold1
BTCUSDT,2026-08-17 15:28:00+00:00,0.004600000000000001,0.006,TP,2.0,519.0,CHOP,2.0,2026-08-17 15:28:00+00:00,fold1
SOLUSDT,2026-08-17 16:20:00+00:00,0.0005000000000000001,0.0019,BE_STOP,2.0,559.0,TREND,2.0,2026-08-17 16:20:00+00:00,fold1
BTCUSDT,2026-08-17 17:23:00+00:00,0.004600000000000001,0.006,TP,2.0,114.0,TREND,2.0,2026-08-17 17:23:00+00:00,fold1
SOLUSDT,2026-08-17 17:39:00+00:00,0.0005000000000000001,0.0019,BE_STOP,2.0,79.0,CHOP,2.0,2026-08-17 17:39:00+00:00,fold1
NEARUSDT,2026-08-17 17:46:00+00:00,-0.0264,-0.025,MAE_KILL,2.0,659.0,TREND,2.0,2026-08-17 17:46:00+00:00,fold1
BTCUSDT,2026-08-17 18:23:00+00:00,0.004600000000000001,0.006,TP,2.0,44.0,TREND,2.0,2026-08-17 18:23:00+00:00,fold1
BTCUSDT,2026-08-17 18:29:00+00:00,0.0005000000000000001,0.0019,BE_STOP,2.0,66.0,CHOP,2.0,2026-08-17 18:29:00+00:00,fold1
BTCUSDT,2026-08-17 19:01:00+00:00,0.0005000000000000001,0.0019,BE_STOP,2.0,75.0,TREND,2.0,2026-08-17 19:01:00+00:00,fold1
ETHUSDT,2026-08-18 02:30:00+00:00,0.004600000000000001,0.006,TP,2.0,447.0,CHOP,2.0,2026-08-18 02:30:00+00:00,fold1
NEARUSDT,2026-08-18 02:49:00+00:00,0.0005000000000000001,0.0019,BE_STOP,2.0,19.0,CHOP,2.0,2026-08-18 02:49:00+00:00,fold1
ETHUSDT,2026-08-18 03:36:00+00:00,0.0005000000000000001,0.0019,BE_STOP,2.0,1541.0,CHOP,2.0,2026-08-18 03:36:00+00:00,fold1
NEARUSDT,2026-08-18 06:30:00+00:00,-0.0264,-0.025,MAE_KILL,2.0,174.0,CHOP,2.0,2026-08-18 06:30:00+00:00,fold1
BTCUSDT,2026-08-18 14:26:00+00:00,0.004600000000000001,0.006,TP,2.0,1197.0,TREND,2.0,2026-08-18 14:26:00+00:00,fold1
ETHUSDT,2026-08-18 14:26:00+00:00,0.004600000000000001,0.006,TP,2.0,475.0,CHOP,2.0,2026-08-18 14:26:00+00:00,fold1
BTCUSDT,2026-08-18 14:27:00+00:00,0.004600000000000001,0.006,TP,2.0,1203.0,TREND,2.0,2026-08-18 14:27:00+00:00,fold1
BTCUSDT,2026-08-18 22:01:00+00:00,-0.028554714242977803,-0.027154714242977804,MAX_AGE,2.0,2880.0,TREND,2.0,2026-08-18 22:01:00+00:00,fold1
BTCUSDT,2026-08-18 22:05:00+00:00,-0.028503875914720034,-0.027103875914720035,MAX_AGE,2.0,2880.0,TREND,2.0,2026-08-18 22:05:00+00:00,fold1
BTCUSDT,2026-08-18 22:07:00+00:00,-0.028417050923664595,-0.027017050923664597,MAX_AGE,2.0,2880.0,TREND,2.0,2026-08-18 22:07:00+00:00,fold1
ETHUSDT,2026-08-19 00:03:00+00:00,0.0005000000000000001,0.0019,BE_STOP,2.0,118.0,CHOP,2.0,2026-08-19 00:03:00+00:00,fold1
ETHUSDT,2026-08-19 00:03:00+00:00,0.0005000000000000001,0.0019,BE_STOP,2.0,116.0,CHOP,2.0,2026-08-19 00:03:00+00:00,fold1
ETHUSDT,2026-08-19 02:26:00+00:00,0.0005000000000000001,0.0019,BE_STOP,2.0,140.0,CHOP,2.0,2026-08-19 02:26:00+00:00,fold1
BTCUSDT,2026-08-19 05:53:00+00:00,0.004600000000000001,0.006,TP,2.0,345.0,CHOP,2.0,2026-08-19 05:53:00+00:00,fold1
BTCUSDT,2026-08-19 06:09:00+00:00,0.004600000000000001,0.006,TP,2.0,487.0,CHOP,2.0,2026-08-19 06:09:00+00:00,fold1
NEARUSDT,2026-08-19 06:48:00+00:00,0.004600000000000001,0.006,TP,2.0,55.0,TREND,2.0,2026-08-19 06:48:00+00:00,fold1
NEARUSDT,2026-08-19 06:56:00+00:00,0.004600000000000001,0.006,TP,2.0,8.0,CHOP,2.0,2026-08-19 06:56:00+00:00,fold1
BTCUSDT,2026-08-19 12:38:00+00:00,0.004600000000000001,0.006,TP,2.0,341.0,CHOP,2.0,2026-08-19 12:38:00+00:00,fold1
BTCUSDT,2026-08-19 12:41:00+00:00,0.004600000000000001,0.006,TP,2.0,614.0,CHOP,2.0,2026-08-19 12:41:00+00:00,fold1
ETHUSDT,2026-08-19 12:47:00+00:00,0.004600000000000001,0.006,TP,2.0,9.0,CHOP,2.0,2026-08-19 12:47:00+00:00,fold1
BTCUSDT,2026-08-19 13:03:00+00:00,-0.0214630918801097,-0.020063091880109702,MAX_AGE,2.0,2880.0,CHOP,2.0,2026-08-19 13:03:00+00:00,fold1
XRPUSDT,2026-08-19 13:20:00+00:00,0.004600000000000001,0.006,TP,2.0,33.0,CHOP,2.0,2026-08-19 13:20:00+00:00,fold1
BTCUSDT,2026-08-19 13:31:00+00:00,0.004600000000000001,0.006,TP,2.0,1380.0,TREND,2.0,2026-08-19 13:31:00+00:00,fold1
BTCUSDT,2026-08-19 13:31:00+00:00,0.004600000000000001,0.006,TP,2.0,1378.0,TREND,2.0,2026-08-19 13:31:00+00:00,fold1
BTCUSDT,2026-08-19 13:34:00+00:00,0.0005000000000000001,0.0019,BE_STOP,2.0,1385.0,TREND,2.0,2026-08-19 13:34:00+00:00,fold1
NEARUSDT,2026-08-19 13:44:00+00:00,0.0005000000000000001,0.0019,BE_STOP,2.0,23.0,CHOP,2.0,2026-08-19 13:44:00+00:00,fold1
BTCUSDT,2026-08-19 14:10:00+00:00,0.004600000000000001,0.006,TP,2.0,25.0,CHOP,2.0,2026-08-19 14:10:00+00:00,fold1
NEARUSDT,2026-08-19 14:14:00+00:00,0.0005000000000000001,0.0019,BE_STOP,2.0,92.0,CHOP,2.0,2026-08-19 14:14:00+00:00,fold1
BTCUSDT,2026-08-19 14:17:00+00:00,0.004600000000000001,0.006,TP,2.0,44.0,TREND,2.0,2026-08-19 14:17:00+00:00,fold1
SOLUSDT,2026-08-19 14:44:00+00:00,0.004600000000000001,0.006,TP,2.0,34.0,TREND,2.0,2026-08-19 14:44:00+00:00,fold1
NEARUSDT,2026-08-19 14:47:00+00:00,0.0005000000000000001,0.0019,BE_STOP,2.0,33.0,CHOP,2.0,2026-08-19 14:47:00+00:00,fold1
XRPUSDT,2026-08-19 14:52:00+00:00,0.004600000000000001,0.006,TP,2.0,77.0,TREND,2.0,2026-08-19 14:52:00+00:00,fold1
XRPUSDT,2026-08-19 14:54:00+00:00,0.004600000000000001,0.006,TP,2.0,83.0,TREND,2.0,2026-08-19 14:54:00+00:00,fold1
XRPUSDT,2026-08-19 14:54:00+00:00,0.004600000000000001,0.006,TP,2.0,7.0,TREND,2.0,2026-08-19 14:54:00+00:00,fold1
BTCUSDT,2026-08-19 14:55:00+00:00,0.004600000000000001,0.006,TP,2.0,38.0,TREND,2.0,2026-08-19 14:55:00+00:00,fold1
NEARUSDT,2026-08-19 14:55:00+00:00,0.004600000000000001,0.006,TP,2.0,11.0,TREND,2.0,2026-08-19 14:55:00+00:00,fold1
NEARUSDT,2026-08-19 15:00:00+00:00,0.004600000000000001,0.006,TP,2.0,8.0,TREND,2.0,2026-08-19 15:00:00+00:00,fold1
NEARUSDT,2026-08-19 15:02:00+00:00,0.0005000000000000001,0.0019,BE_STOP,2.0,7.0,TREND,2.0,2026-08-19 15:02:00+00:00,fold1
ETHUSDT,2026-08-19 15:04:00+00:00,0.004600000000000001,0.006,TP,2.0,7.0,TREND,2.0,2026-08-19 15:04:00+00:00,fold1
BTCUSDT,2026-08-19 15:05:00+00:00,0.004600000000000001,0.006,TP,2.0,6.0,TREND,2.0,2026-08-19 15:05:00+00:00,fold1
BTCUSDT,2026-08-19 15:05:00+00:00,0.004600000000000001,0.006,TP,2.0,4.0,TREND,2.0,2026-08-19 15:05:00+00:00,fold1
SOLUSDT,2026-08-19 15:06:00+00:00,0.006449409970127774,0.007849409970127773,TP,2.0,3.0,TREND,2.0,2026-08-19 15:06:00+00:00,fold1
BTCUSDT,2026-08-19 15:14:00+00:00,-0.0414,-0.04,MAE_KILL,2.0,2185.0,CHOP,2.0,2026-08-19 15:14:00+00:00,fold1
BTCUSDT,2026-08-19 15:14:00+00:00,-0.0414,-0.04,MAE_KILL,2.0,544.0,TREND,2.0,2026-08-19 15:14:00+00:00,fold1
BTCUSDT,2026-08-19 15:22:00+00:00,0.004600000000000001,0.006,TP,2.0,15.0,TREND,2.0,2026-08-19 15:22:00+00:00,fold1
BTCUSDT,2026-08-19 15:23:00+00:00,0.004600000000000001,0.006,TP,2.0,13.0,TREND,2.0,2026-08-19 15:23:00+00:00,fold1
NEARUSDT,2026-08-19 15:23:00+00:00,0.004600000000000001,0.006,TP,2.0,2.0,TREND,2.0,2026-08-19 15:23:00+00:00,fold1
ETHUSDT,2026-08-19 15:24:00+00:00,0.0073662466824658416,0.008766246682465841,TP,2.0,10.0,TREND,2.0,2026-08-19 15:24:00+00:00,fold1
ETHUSDT,2026-08-19 15:24:00+00:00,0.0071246394103035475,0.008524639410303547,TP,2.0,8.0,TREND,2.0,2026-08-19 15:24:00+00:00,fold1
ETHUSDT,2026-08-19 15:24:00+00:00,0.006751766204159656,0.008151766204159656,TP,2.0,6.0,TREND,2.0,2026-08-19 15:24:00+00:00,fold1
NEARUSDT,2026-08-19 15:26:00+00:00,-0.0264,-0.025,MAE_KILL,2.0,143.0,CHOP,2.0,2026-08-19 15:26:00+00:00,fold1
BTCUSDT,2026-08-19 15:26:00+00:00,0.004600000000000001,0.006,TP,2.0,1.0,TREND,2.0,2026-08-19 15:26:00+00:00,fold1
BTCUSDT,2026-08-19 15:39:00+00:00,0.012565156506318885,0.013965156506318886,TP,2.0,9.0,TREND,2.0,2026-08-19 15:39:00+00:00,fold1
NEARUSDT,2026-08-19 15:41:00+00:00,0.00786138929359547,0.009261389293595471,TP,2.0,9.0,TREND,2.0,2026-08-19 15:41:00+00:00,fold1
NEARUSDT,2026-08-19 15:43:00+00:00,0.0005000000000000001,0.0019,BE_STOP,2.0,4.0,TREND,2.0,2026-08-19 15:43:00+00:00,fold1
BTCUSDT,2026-08-19 15:54:00+00:00,0.0005000000000000001,0.0019,BE_STOP,2.0,19.0,TREND,2.0,2026-08-19 15:54:00+00:00,fold1
XRPUSDT,2026-08-19 16:00:00+00:00,0.0005000000000000001,0.0019,BE_STOP,2.0,6.0,TREND,2.0,2026-08-19 16:00:00+00:00,fold1
ETHUSDT,2026-08-19 16:02:00+00:00,0.004674008550788763,0.006074008550788762,TP,2.0,13.0,TREND,2.0,2026-08-19 16:02:00+00:00,fold1
BTCUSDT,2026-08-19 16:05:00+00:00,0.006337538420419601,0.007737538420419601,TP,2.0,20.0,TREND,2.0,2026-08-19 16:05:00+00:00,fold1
BTCUSDT,2026-08-19 16:05:00+00:00,0.0057602338180364554,0.007160233818036455,TP,2.0,18.0,TREND,2.0,2026-08-19 16:05:00+00:00,fold1
BTCUSDT,2026-08-19 16:09:00+00:00,0.0005000000000000001,0.0019,BE_STOP,2.0,7.0,TREND,2.0,2026-08-19 16:09:00+00:00,fold1
BTCUSDT,2026-08-19 16:11:00+00:00,0.0005000000000000001,0.0019,BE_STOP,2.0,28.0,TREND,2.0,2026-08-19 16:11:00+00:00,fold1
ETHUSDT,2026-08-19 16:23:00+00:00,0.0005000000000000001,0.0019,BE_STOP,2.0,16.0,TREND,2.0,2026-08-19 16:23:00+00:00,fold1
BTCUSDT,2026-08-19 16:39:00+00:00,0.0005000000000000001,0.0019,BE_STOP,2.0,28.0,TREND,2.0,2026-08-19 16:39:00+00:00,fold1
ETHUSDT,2026-08-19 16:47:00+00:00,0.0005000000000000001,0.0019,BE_STOP,2.0,79.0,TREND,2.0,2026-08-19 16:47:00+00:00,fold1
NEARUSDT,2026-08-19 16:58:00+00:00,0.0005000000000000001,0.0019,BE_STOP,2.0,19.0,TREND,2.0,2026-08-19 16:58:00+00:00,fold1
SOLUSDT,2026-08-19 17:03:00+00:00,0.004600000000000001,0.006,TP,2.0,40.0,TREND,2.0,2026-08-19 17:03:00+00:00,fold1
BTCUSDT,2026-08-19 17:08:00+00:00,0.004600000000000001,0.006,TP,2.0,21.0,TREND,2.0,2026-08-19 17:08:00+00:00,fold1
BTCUSDT,2026-08-19 17:19:00+00:00,0.004600000000000001,0.006,TP,2.0,20.0,TREND,2.0,2026-08-19 17:19:00+00:00,fold1
BTCUSDT,2026-08-19 17:19:00+00:00,0.004600000000000001,0.006,TP,2.0,16.0,TREND,2.0,2026-08-19 17:19:00+00:00,fold1
BTCUSDT,2026-08-19 17:28:00+00:00,0.004600000000000001,0.006,TP,2.0,19.0,TREND,2.0,2026-08-19 17:28:00+00:00,fold1
BTCUSDT,2026-08-19 17:30:00+00:00,0.0005000000000000001,0.0019,BE_STOP,2.0,10.0,TREND,2.0,2026-08-19 17:30:00+00:00,fold1
NEARUSDT,2026-08-19 17:48:00+00:00,-0.0264,-0.025,MAE_KILL,2.0,108.0,CHOP,2.0,2026-08-19 17:48:00+00:00,fold1
SOLUSDT,2026-08-19 18:48:00+00:00,0.0005000000000000001,0.0019,BE_STOP,2.0,159.0,TREND,2.0,2026-08-19 18:48:00+00:00,fold1
ETHUSDT,2026-08-19 19:13:00+00:00,0.004600000000000001,0.006,TP,2.0,25.0,TREND,2.0,2026-08-19 19:13:00+00:00,fold1
BTCUSDT,2026-08-19 19:15:00+00:00,0.0005000000000000001,0.0019,BE_STOP,2.0,86.0,TREND,2.0,2026-08-19 19:15:00+00:00,fold1
ETHUSDT,2026-08-19 20:07:00+00:00,0.00462711931710779,0.00602711931710779,TP,2.0,242.0,TREND,2.0,2026-08-19 20:07:00+00:00,fold1
XRPUSDT,2026-08-19 20:15:00+00:00,0.004600000000000001,0.006,TP,2.0,8.0,TREND,2.0,2026-08-19 20:15:00+00:00,fold1
SOLUSDT,2026-08-19 20:50:00+00:00,0.00955400775655597,0.01095400775655597,TP,2.0,313.0,TREND,2.0,2026-08-19 20:50:00+00:00,fold1
ETHUSDT,2026-08-19 20:50:00+00:00,-0.0414,-0.04,MAE_KILL,2.0,202.0,TREND,2.0,2026-08-19 20:50:00+00:00,fold1
NEARUSDT,2026-08-19 20:50:00+00:00,-0.0264,-0.025,MAE_KILL,2.0,198.0,CHOP,2.0,2026-08-19 20:50:00+00:00,fold1
SOLUSDT,2026-08-19 20:50:00+00:00,0.004600000000000001,0.006,TP,2.0,97.0,TREND,2.0,2026-08-19 20:50:00+00:00,fold1
BTCUSDT,2026-08-19 20:50:00+00:00,0.004600000000000001,0.006,TP,2.0,35.0,CHOP,2.0,2026-08-19 20:50:00+00:00,fold1
BTCUSDT,2026-08-19 20:51:00+00:00,0.010683381341856524,0.012083381341856525,TP,2.0,310.0,TREND,2.0,2026-08-19 20:51:00+00:00,fold1
XRPUSDT,2026-08-19 20:54:00+00:00,0.004600000000000001,0.006,TP,2.0,3.0,CHOP,2.0,2026-08-19 20:54:00+00:00,fold1
SOLUSDT,2026-08-19 21:04:00+00:00,-0.0414,-0.04,MAE_KILL,2.0,222.0,TREND,2.0,2026-08-19 21:04:00+00:00,fold1
NEARUSDT,2026-08-19 21:04:00+00:00,0.004600000000000001,0.006,TP,2.0,8.0,CHOP,2.0,2026-08-19 21:04:00+00:00,fold1
BTCUSDT,2026-08-19 21:06:00+00:00,0.004600000000000001,0.006,TP,2.0,12.0,CHOP,2.0,2026-08-19 21:06:00+00:00,fold1
BTCUSDT,2026-08-19 21:06:00+00:00,0.004600000000000001,0.006,TP,2.0,7.0,CHOP,2.0,2026-08-19 21:06:00+00:00,fold1
BTCUSDT,2026-08-19 21:06:00+00:00,0.004600000000000001,0.006,TP,2.0,4.0,CHOP,2.0,2026-08-19 21:06:00+00:00,fold1
BTCUSDT,2026-08-19 21:07:00+00:00,0.004600000000000001,0.006,TP,2.0,2.0,CHOP,2.0,2026-08-19 21:07:00+00:00,fold1
BTCUSDT,2026-08-19 21:23:00+00:00,0.004997253668594436,0.006397253668594435,TP,2.0,11.0,CHOP,2.0,2026-08-19 21:23:00+00:00,fold1
BTCUSDT,2026-08-19 21:25:00+00:00,0.0005000000000000001,0.0019,BE_STOP,2.0,17.0,CHOP,2.0,2026-08-19 21:25:00+00:00,fold1
SOLUSDT,2026-08-19 21:28:00+00:00,0.011406276804415054,0.012806276804415054,TP,2.0,10.0,TREND,2.0,2026-08-19 21:28:00+00:00,fold1
BTCUSDT,2026-08-19 21:30:00+00:00,0.005150687373779499,0.006550687373779498,TP,2.0,14.0,CHOP,2.0,2026-08-19 21:30:00+00:00,fold1
BTCUSDT,2026-08-19 21:31:00+00:00,0.004600000000000001,0.006,TP,2.0,21.0,CHOP,2.0,2026-08-19 21:31:00+00:00,fold1
NEARUSDT,2026-08-19 21:31:00+00:00,0.004600000000000001,0.006,TP,2.0,8.0,TREND,2.0,2026-08-19 21:31:00+00:00,fold1
NEARUSDT,2026-08-19 21:33:00+00:00,0.004600000000000001,0.006,TP,2.0,7.0,TREND,2.0,2026-08-19 21:33:00+00:00,fold1
ETHUSDT,2026-08-19 21:45:00+00:00,0.007119421606187591,0.00851942160618759,TP,2.0,7.0,TREND,2.0,2026-08-19 21:45:00+00:00,fold1
ETHUSDT,2026-08-19 21:46:00+00:00,0.01852929253349876,0.019929292533498757,TP,2.0,26.0,TREND,2.0,2026-08-19 21:46:00+00:00,fold1
BTCUSDT,2026-08-19 21:47:00+00:00,0.004600000000000001,0.006,TP,2.0,18.0,CHOP,2.0,2026-08-19 21:47:00+00:00,fold1
BTCUSDT,2026-08-19 21:48:00+00:00,0.0005000000000000001,0.0019,BE_STOP,2.0,17.0,CHOP,2.0,2026-08-19 21:48:00+00:00,fold1
SOLUSDT,2026-08-19 21:48:00+00:00,0.0005000000000000001,0.0019,BE_STOP,2.0,14.0,TREND,2.0,2026-08-19 21:48:00+00:00,fold1
BTCUSDT,2026-08-19 21:54:00+00:00,0.0005000000000000001,0.0019,BE_STOP,2.0,18.0,CHOP,2.0,2026-08-19 21:54:00+00:00,fold1
XRPUSDT,2026-08-19 22:01:00+00:00,0.0005000000000000001,0.0019,BE_STOP,2.0,3.0,TREND,2.0,2026-08-19 22:01:00+00:00,fold1
XRPUSDT,2026-08-19 22:03:00+00:00,0.00524569805194808,0.00664569805194808,TP,2.0,2.0,TREND,2.0,2026-08-19 22:03:00+00:00,fold1
XRPUSDT,2026-08-19 22:08:00+00:00,0.0005000000000000001,0.0019,BE_STOP,2.0,5.0,TREND,2.0,2026-08-19 22:08:00+00:00,fold1
ETHUSDT,2026-08-19 22:25:00+00:00,0.0005000000000000001,0.0019,BE_STOP,2.0,71.0,TREND,2.0,2026-08-19 22:25:00+00:00,fold1
BTCUSDT,2026-08-19 22:33:00+00:00,0.004600000000000001,0.006,TP,2.0,25.0,TREND,2.0,2026-08-19 22:33:00+00:00,fold1
SOLUSDT,2026-08-19 22:33:00+00:00,0.004600000000000001,0.006,TP,2.0,7.0,TREND,2.0,2026-08-19 22:33:00+00:00,fold1
BTCUSDT,2026-08-20 03:16:00+00:00,0.0005000000000000001,0.0019,BE_STOP,2.0,280.0,TREND,2.0,2026-08-20 03:16:00+00:00,fold1
BTCUSDT,2026-08-20 07:11:00+00:00,0.0005000000000000001,0.0019,BE_STOP,2.0,564.0,CHOP,2.0,2026-08-20 07:11:00+00:00,fold1
BTCUSDT,2026-08-20 07:11:00+00:00,0.0005000000000000001,0.0019,BE_STOP,2.0,559.0,CHOP,2.0,2026-08-20 07:11:00+00:00,fold1
BTCUSDT,2026-08-20 07:11:00+00:00,0.0005000000000000001,0.0019,BE_STOP,2.0,555.0,CHOP,2.0,2026-08-20 07:11:00+00:00,fold1
BTCUSDT,2026-08-20 07:13:00+00:00,0.0005000000000000001,0.0019,BE_STOP,2.0,563.0,CHOP,2.0,2026-08-20 07:13:00+00:00,fold1
BTCUSDT,2026-08-20 07:13:00+00:00,0.0005000000000000001,0.0019,BE_STOP,2.0,559.0,CHOP,2.0,2026-08-20 07:13:00+00:00,fold1
SOLUSDT,2026-08-20 08:07:00+00:00,0.004600000000000001,0.006,TP,2.0,54.0,CHOP,2.0,2026-08-20 08:07:00+00:00,fold1
ETHUSDT,2026-08-20 08:07:00+00:00,0.0005000000000000001,0.0019,BE_STOP,2.0,52.0,CHOP,2.0,2026-08-20 08:07:00+00:00,fold1
NEARUSDT,2026-08-20 08:09:00+00:00,0.004600000000000001,0.006,TP,2.0,58.0,CHOP,2.0,2026-08-20 08:09:00+00:00,fold1
BTCUSDT,2026-08-20 08:09:00+00:00,0.004600000000000001,0.006,TP,2.0,1.0,CHOP,2.0,2026-08-20 08:09:00+00:00,fold1
BTCUSDT,2026-08-20 08:10:00+00:00,-0.0414,-0.04,MAE_KILL,2.0,775.0,TREND,2.0,2026-08-20 08:10:00+00:00,fold1
ETHUSDT,2026-08-20 08:16:00+00:00,0.0005000000000000001,0.0019,BE_STOP,2.0,5.0,CHOP,2.0,2026-08-20 08:16:00+00:00,fold1
BTCUSDT,2026-08-20 08:17:00+00:00,0.005123956378208505,0.0065239563782085045,TP,2.0,1.0,TREND,2.0,2026-08-20 08:17:00+00:00,fold1
BTCUSDT,2026-08-20 08:19:00+00:00,0.0005000000000000001,0.0019,BE_STOP,2.0,5.0,TREND,2.0,2026-08-20 08:19:00+00:00,fold1
BTCUSDT,2026-08-20 08:31:00+00:00,0.0005000000000000001,0.0019,BE_STOP,2.0,7.0,TREND,2.0,2026-08-20 08:31:00+00:00,fold1
BTCUSDT,2026-08-20 08:34:00+00:00,0.0005000000000000001,0.0019,BE_STOP,2.0,3.0,TREND,2.0,2026-08-20 08:34:00+00:00,fold1
SOLUSDT,2026-08-20 08:38:00+00:00,0.004880766994028877,0.006280766994028877,TP,2.0,16.0,TREND,2.0,2026-08-20 08:38:00+00:00,fold1
BTCUSDT,2026-08-20 08:40:00+00:00,0.004600000000000001,0.006,TP,2.0,5.0,TREND,2.0,2026-08-20 08:40:00+00:00,fold1
BTCUSDT,2026-08-20 08:41:00+00:00,0.0005000000000000001,0.0019,BE_STOP,2.0,2.0,TREND,2.0,2026-08-20 08:41:00+00:00,fold1
BTCUSDT,2026-08-20 08:42:00+00:00,0.0005000000000000001,0.0019,BE_STOP,2.0,24.0,TREND,2.0,2026-08-20 08:42:00+00:00,fold1
BTCUSDT,2026-08-20 09:06:00+00:00,-0.0414,-0.04,MAE_KILL,2.0,632.0,TREND,2.0,2026-08-20 09:06:00+00:00,fold1
BTCUSDT,2026-08-20 09:06:00+00:00,-0.0414,-0.04,MAE_KILL,2.0,349.0,CHOP,2.0,2026-08-20 09:06:00+00:00,fold1
BTCUSDT,2026-08-20 09:06:00+00:00,0.006809797924083662,0.008209797924083662,TP,2.0,46.0,TREND,2.0,2026-08-20 09:06:00+00:00,fold1
BTCUSDT,2026-08-20 09:06:00+00:00,0.004600000000000001,0.006,TP,2.0,23.0,TREND,2.0,2026-08-20 09:06:00+00:00,fold1
ETHUSDT,2026-08-20 09:06:00+00:00,0.004600000000000001,0.006,TP,2.0,21.0,CHOP,2.0,2026-08-20 09:06:00+00:00,fold1
BTCUSDT,2026-08-20 09:09:00+00:00,0.004600000000000001,0.006,TP,2.0,28.0,TREND,2.0,2026-08-20 09:09:00+00:00,fold1
BTCUSDT,2026-08-20 09:16:00+00:00,0.0005000000000000001,0.0019,BE_STOP,2.0,5.0,TREND,2.0,2026-08-20 09:16:00+00:00,fold1
BTCUSDT,2026-08-20 09:20:00+00:00,0.0005000000000000001,0.0019,BE_STOP,2.0,5.0,TREND,2.0,2026-08-20 09:20:00+00:00,fold1
BTCUSDT,2026-08-20 09:28:00+00:00,0.0005000000000000001,0.0019,BE_STOP,2.0,8.0,TREND,2.0,2026-08-20 09:28:00+00:00,fold1
XRPUSDT,2026-08-20 09:31:00+00:00,0.0005000000000000001,0.0019,BE_STOP,2.0,3.0,TREND,2.0,2026-08-20 09:31:00+00:00,fold1
BTCUSDT,2026-08-20 09:52:00+00:00,0.0005000000000000001,0.0019,BE_STOP,2.0,45.0,TREND,2.0,2026-08-20 09:52:00+00:00,fold1
SOLUSDT,2026-08-20 09:59:00+00:00,0.0005000000000000001,0.0019,BE_STOP,2.0,50.0,TREND,2.0,2026-08-20 09:59:00+00:00,fold1
ETHUSDT,2026-08-20 10:02:00+00:00,0.0005000000000000001,0.0019,BE_STOP,2.0,31.0,CHOP,2.0,2026-08-20 10:02:00+00:00,fold1
BTCUSDT,2026-08-20 10:15:00+00:00,-0.0414,-0.04,MAE_KILL,2.0,177.0,CHOP,2.0,2026-08-20 10:15:00+00:00,fold1
BTCUSDT,2026-08-20 10:15:00+00:00,-0.0414,-0.04,MAE_KILL,2.0,175.0,CHOP,2.0,2026-08-20 10:15:00+00:00,fold1
BTCUSDT,2026-08-20 10:15:00+00:00,0.004600000000000001,0.006,TP,2.0,57.0,TREND,2.0,2026-08-20 10:15:00+00:00,fold1
BTCUSDT,2026-08-20 10:15:00+00:00,0.004600000000000001,0.006,TP,2.0,53.0,TREND,2.0,2026-08-20 10:15:00+00:00,fold1
XRPUSDT,2026-08-20 10:21:00+00:00,0.0005000000000000001,0.0019,BE_STOP,2.0,68.0,TREND,2.0,2026-08-20 10:21:00+00:00,fold1
NEARUSDT,2026-08-20 11:11:00+00:00,0.004600000000000001,0.006,TP,2.0,72.0,CHOP,2.0,2026-08-20 11:11:00+00:00,fold1
ETHUSDT,2026-08-20 12:11:00+00:00,0.0005000000000000001,0.0019,BE_STOP,2.0,138.0,CHOP,2.0,2026-08-20 12:11:00+00:00,fold1
ETHUSDT,2026-08-20 12:13:00+00:00,0.0005000000000000001,0.0019,BE_STOP,2.0,131.0,CHOP,2.0,2026-08-20 12:13:00+00:00,fold1
NEARUSDT,2026-08-20 12:32:00+00:00,-0.0264,-0.025,MAE_KILL,2.0,137.0,CHOP,2.0,2026-08-20 12:32:00+00:00,fold1
ETHUSDT,2026-08-21 00:18:00+00:00,0.004600000000000001,0.006,TP,2.0,16.0,CHOP,2.0,2026-08-21 00:18:00+00:00,fold1
BTCUSDT,2026-08-21 00:18:00+00:00,0.004600000000000001,0.006,TP,2.0,14.0,CHOP,2.0,2026-08-21 00:18:00+00:00,fold1
BTCUSDT,2026-08-21 00:18:00+00:00,0.004600000000000001,0.006,TP,2.0,11.0,CHOP,2.0,2026-08-21 00:18:00+00:00,fold1
BTCUSDT,2026-08-21 00:18:00+00:00,0.004600000000000001,0.006,TP,2.0,7.0,CHOP,2.0,2026-08-21 00:18:00+00:00,fold1
BTCUSDT,2026-08-21 00:18:00+00:00,0.004600000000000001,0.006,TP,2.0,5.0,CHOP,2.0,2026-08-21 00:18:00+00:00,fold1
BTCUSDT,2026-08-21 00:18:00+00:00,0.004600000000000001,0.006,TP,2.0,3.0,CHOP,2.0,2026-08-21 00:18:00+00:00,fold1
SOLUSDT,2026-08-21 00:18:00+00:00,0.004600000000000001,0.006,TP,2.0,1.0,CHOP,2.0,2026-08-21 00:18:00+00:00,fold1
BTCUSDT,2026-08-21 00:34:00+00:00,0.0005000000000000001,0.0019,BE_STOP,2.0,5.0,TREND,2.0,2026-08-21 00:34:00+00:00,fold1
BTCUSDT,2026-08-21 00:35:00+00:00,0.0005000000000000001,0.0019,BE_STOP,2.0,16.0,CHOP,2.0,2026-08-21 00:35:00+00:00,fold1
SOLUSDT,2026-08-21 00:49:00+00:00,0.0005000000000000001,0.0019,BE_STOP,2.0,11.0,CHOP,2.0,2026-08-21 00:49:00+00:00,fold1
XRPUSDT,2026-08-21 01:05:00+00:00,0.0005000000000000001,0.0019,BE_STOP,2.0,44.0,TREND,2.0,2026-08-21 01:05:00+00:00,fold1
XRPUSDT,2026-08-21 01:05:00+00:00,0.0005000000000000001,0.0019,BE_STOP,2.0,38.0,TREND,2.0,2026-08-21 01:05:00+00:00,fold1
XRPUSDT,2026-08-21 01:06:00+00:00,0.0005000000000000001,0.0019,BE_STOP,2.0,43.0,TREND,2.0,2026-08-21 01:06:00+00:00,fold1
BTCUSDT,2026-08-21 01:16:00+00:00,0.004600000000000001,0.006,TP,2.0,42.0,TREND,2.0,2026-08-21 01:16:00+00:00,fold1
BTCUSDT,2026-08-21 01:18:00+00:00,0.004600000000000001,0.006,TP,2.0,46.0,TREND,2.0,2026-08-21 01:18:00+00:00,fold1
BTCUSDT,2026-08-21 01:18:00+00:00,0.004600000000000001,0.006,TP,2.0,13.0,CHOP,2.0,2026-08-21 01:18:00+00:00,fold1
BTCUSDT,2026-08-21 01:18:00+00:00,0.004600000000000001,0.006,TP,2.0,11.0,CHOP,2.0,2026-08-21 01:18:00+00:00,fold1
ETHUSDT,2026-08-21 01:18:00+00:00,0.004600000000000001,0.006,TP,2.0,8.0,CHOP,2.0,2026-08-21 01:18:00+00:00,fold1
ETHUSDT,2026-08-21 01:18:00+00:00,0.004600000000000001,0.006,TP,2.0,1.0,CHOP,2.0,2026-08-21 01:18:00+00:00,fold1
SOLUSDT,2026-08-21 01:20:00+00:00,0.0005000000000000001,0.0019,BE_STOP,2.0,55.0,CHOP,2.0,2026-08-21 01:20:00+00:00,fold1
BTCUSDT,2026-08-21 01:31:00+00:00,0.004600000000000001,0.006,TP,2.0,10.0,TREND,2.0,2026-08-21 01:31:00+00:00,fold1
BTCUSDT,2026-08-21 01:34:00+00:00,0.0005000000000000001,0.0019,BE_STOP,2.0,5.0,TREND,2.0,2026-08-21 01:34:00+00:00,fold1
SOLUSDT,2026-08-21 01:47:00+00:00,0.004600000000000001,0.006,TP,2.0,28.0,CHOP,2.0,2026-08-21 01:47:00+00:00,fold1
NEARUSDT,2026-08-21 01:47:00+00:00,0.0005000000000000001,0.0019,BE_STOP,2.0,24.0,TREND,2.0,2026-08-21 01:47:00+00:00,fold1
BTCUSDT,2026-08-21 01:47:00+00:00,0.004600000000000001,0.006,TP,2.0,14.0,TREND,2.0,2026-08-21 01:47:00+00:00,fold1
BTCUSDT,2026-08-21 01:47:00+00:00,0.004600000000000001,0.006,TP,2.0,12.0,TREND,2.0,2026-08-21 01:47:00+00:00,fold1
XRPUSDT,2026-08-21 01:47:00+00:00,0.004600000000000001,0.006,TP,2.0,10.0,TREND,2.0,2026-08-21 01:47:00+00:00,fold1
BTCUSDT,2026-08-21 01:54:00+00:00,0.0005000000000000001,0.0019,BE_STOP,2.0,6.0,TREND,2.0,2026-08-21 01:54:00+00:00,fold1
XRPUSDT,2026-08-21 02:40:00+00:00,0.0005000000000000001,0.0019,BE_STOP,2.0,42.0,TREND,2.0,2026-08-21 02:40:00+00:00,fold1
BTCUSDT,2026-08-21 03:04:00+00:00,0.004600000000000001,0.006,TP,2.0,24.0,TREND,2.0,2026-08-21 03:04:00+00:00,fold1
ETHUSDT,2026-08-21 03:11:00+00:00,0.0005000000000000001,0.0019,BE_STOP,2.0,106.0,CHOP,2.0,2026-08-21 03:11:00+00:00,fold1
XRPUSDT,2026-08-21 03:27:00+00:00,0.004600000000000001,0.006,TP,2.0,14.0,CHOP,2.0,2026-08-21 03:27:00+00:00,fold1
NEARUSDT,2026-08-21 03:37:00+00:00,0.004600000000000001,0.006,TP,2.0,10.0,CHOP,2.0,2026-08-21 03:37:00+00:00,fold1
XRPUSDT,2026-08-21 03:39:00+00:00,-0.0414,-0.04,MAE_KILL,2.0,170.0,CHOP,2.0,2026-08-21 03:39:00+00:00,fold1
XRPUSDT,2026-08-21 03:44:00+00:00,0.0005000000000000001,0.0019,BE_STOP,2.0,7.0,TREND,2.0,2026-08-21 03:44:00+00:00,fold1
XRPUSDT,2026-08-21 03:51:00+00:00,0.004600000000000001,0.006,TP,2.0,7.0,TREND,2.0,2026-08-21 03:51:00+00:00,fold1
XRPUSDT,2026-08-21 03:59:00+00:00,0.0005000000000000001,0.0019,BE_STOP,2.0,19.0,TREND,2.0,2026-08-21 03:59:00+00:00,fold1
BTCUSDT,2026-08-21 05:23:00+00:00,0.0005000000000000001,0.0019,BE_STOP,2.0,207.0,TREND,2.0,2026-08-21 05:23:00+00:00,fold1
ETHUSDT,2026-08-21 05:24:00+00:00,0.0005000000000000001,0.0019,BE_STOP,2.0,93.0,CHOP,2.0,2026-08-21 05:24:00+00:00,fold1
XRPUSDT,2026-08-21 05:48:00+00:00,0.0005000000000000001,0.0019,BE_STOP,2.0,23.0,CHOP,2.0,2026-08-21 05:48:00+00:00,fold1
BTCUSDT,2026-08-21 06:11:00+00:00,0.0005000000000000001,0.0019,BE_STOP,2.0,22.0,TREND,2.0,2026-08-21 06:11:00+00:00,fold1
BTCUSDT,2026-08-21 06:42:00+00:00,0.0005000000000000001,0.0019,BE_STOP,2.0,292.0,TREND,2.0,2026-08-21 06:42:00+00:00,fold1
BTCUSDT,2026-08-21 06:42:00+00:00,0.0005000000000000001,0.0019,BE_STOP,2.0,290.0,TREND,2.0,2026-08-21 06:42:00+00:00,fold1
BTCUSDT,2026-08-21 06:43:00+00:00,0.0005000000000000001,0.0019,BE_STOP,2.0,289.0,TREND,2.0,2026-08-21 06:43:00+00:00,fold1
BTCUSDT,2026-08-21 06:43:00+00:00,0.0005000000000000001,0.0019,BE_STOP,2.0,80.0,TREND,2.0,2026-08-21 06:43:00+00:00,fold1
SOLUSDT,2026-08-21 06:48:00+00:00,0.0005000000000000001,0.0019,BE_STOP,2.0,5.0,TREND,2.0,2026-08-21 06:48:00+00:00,fold1
XRPUSDT,2026-08-21 07:01:00+00:00,0.0005000000000000001,0.0019,BE_STOP,2.0,13.0,CHOP,2.0,2026-08-21 07:01:00+00:00,fold1
BTCUSDT,2026-08-21 07:05:00+00:00,0.0005000000000000001,0.0019,BE_STOP,2.0,4.0,CHOP,2.0,2026-08-21 07:05:00+00:00,fold1
BTCUSDT,2026-08-21 07:10:00+00:00,-0.0414,-0.04,MAE_KILL,2.0,430.0,CHOP,2.0,2026-08-21 07:10:00+00:00,fold1
ETHUSDT,2026-08-21 07:15:00+00:00,0.004600000000000001,0.006,TP,2.0,25.0,CHOP,2.0,2026-08-21 07:15:00+00:00,fold1
BTCUSDT,2026-08-21 07:15:00+00:00,0.004600000000000001,0.006,TP,2.0,10.0,CHOP,2.0,2026-08-21 07:15:00+00:00,fold1
NEARUSDT,2026-08-21 07:16:00+00:00,0.004600000000000001,0.006,TP,2.0,5.0,TREND,2.0,2026-08-21 07:16:00+00:00,fold1
ETHUSDT,2026-08-21 07:18:00+00:00,0.0005000000000000001,0.0019,BE_STOP,2.0,3.0,TREND,2.0,2026-08-21 07:18:00+00:00,fold1
SOLUSDT,2026-08-21 07:21:00+00:00,0.0005000000000000001,0.0019,BE_STOP,2.0,70.0,TREND,2.0,2026-08-21 07:21:00+00:00,fold1
BTCUSDT,2026-08-21 07:42:00+00:00,0.004600000000000001,0.006,TP,2.0,18.0,TREND,2.0,2026-08-21 07:42:00+00:00,fold1
BTCUSDT,2026-08-21 07:43:00+00:00,0.004600000000000001,0.006,TP,2.0,22.0,TREND,2.0,2026-08-21 07:43:00+00:00,fold1
BTCUSDT,2026-08-21 07:44:00+00:00,0.0005000000000000001,0.0019,BE_STOP,2.0,27.0,TREND,2.0,2026-08-21 07:44:00+00:00,fold1
BTCUSDT,2026-08-21 07:46:00+00:00,0.0005000000000000001,0.0019,BE_STOP,2.0,27.0,TREND,2.0,2026-08-21 07:46:00+00:00,fold1
BTCUSDT,2026-08-21 08:05:00+00:00,0.0005000000000000001,0.0019,BE_STOP,2.0,20.0,TREND,2.0,2026-08-21 08:05:00+00:00,fold1
BTCUSDT,2026-08-21 08:06:00+00:00,0.0005000000000000001,0.0019,BE_STOP,2.0,18.0,TREND,2.0,2026-08-21 08:06:00+00:00,fold1
XRPUSDT,2026-08-21 08:10:00+00:00,-0.0414,-0.04,MAE_KILL,2.0,304.0,CHOP,2.0,2026-08-21 08:10:00+00:00,fold1
BTCUSDT,2026-08-21 08:13:00+00:00,0.004600000000000001,0.006,TP,2.0,8.0,TREND,2.0,2026-08-21 08:13:00+00:00,fold1
NEARUSDT,2026-08-21 08:13:00+00:00,0.0005000000000000001,0.0019,BE_STOP,2.0,5.0,TREND,2.0,2026-08-21 08:13:00+00:00,fold1
BTCUSDT,2026-08-21 08:14:00+00:00,0.004600000000000001,0.006,TP,2.0,31.0,TREND,2.0,2026-08-21 08:14:00+00:00,fold1
BTCUSDT,2026-08-21 08:14:00+00:00,0.004600000000000001,0.006,TP,2.0,4.0,TREND,2.0,2026-08-21 08:14:00+00:00,fold1
XRPUSDT,2026-08-21 08:22:00+00:00,0.0005000000000000001,0.0019,BE_STOP,2.0,9.0,CHOP,2.0,2026-08-21 08:22:00+00:00,fold1
SOLUSDT,2026-08-21 08:25:00+00:00,0.004600000000000001,0.006,TP,2.0,9.0,CHOP,2.0,2026-08-21 08:25:00+00:00,fold1
BTCUSDT,2026-08-21 08:27:00+00:00,0.0005000000000000001,0.0019,BE_STOP,2.0,8.0,TREND,2.0,2026-08-21 08:27:00+00:00,fold1
BTCUSDT,2026-08-21 08:31:00+00:00,0.004600000000000001,0.006,TP,2.0,10.0,TREND,2.0,2026-08-21 08:31:00+00:00,fold1
BTCUSDT,2026-08-21 08:31:00+00:00,0.004600000000000001,0.006,TP,2.0,8.0,TREND,2.0,2026-08-21 08:31:00+00:00,fold1
XRPUSDT,2026-08-21 08:33:00+00:00,-0.0414,-0.04,MAE_KILL,2.0,43.0,CHOP,2.0,2026-08-21 08:33:00+00:00,fold1
BTCUSDT,2026-08-21 08:33:00+00:00,0.004600000000000001,0.006,TP,2.0,5.0,TREND,2.0,2026-08-21 08:33:00+00:00,fold1
BTCUSDT,2026-08-21 08:35:00+00:00,-0.0414,-0.04,MAE_KILL,2.0,275.0,TREND,2.0,2026-08-21 08:35:00+00:00,fold1
BTCUSDT,2026-08-21 08:35:00+00:00,0.004600000000000001,0.006,TP,2.0,9.0,TREND,2.0,2026-08-21 08:35:00+00:00,fold1
SOLUSDT,2026-08-21 08:38:00+00:00,0.004600000000000001,0.006,TP,2.0,5.0,TREND,2.0,2026-08-21 08:38:00+00:00,fold1
XRPUSDT,2026-08-21 08:43:00+00:00,0.0005000000000000001,0.0019,BE_STOP,2.0,8.0,CHOP,2.0,2026-08-21 08:43:00+00:00,fold1
ETHUSDT,2026-08-21 08:46:00+00:00,0.004600000000000001,0.006,TP,2.0,6.0,TREND,2.0,2026-08-21 08:46:00+00:00,fold1
ETHUSDT,2026-08-21 08:46:00+00:00,0.004600000000000001,0.006,TP,2.0,2.0,TREND,2.0,2026-08-21 08:46:00+00:00,fold1
BTCUSDT,2026-08-21 08:47:00+00:00,0.004600000000000001,0.006,TP,2.0,9.0,TREND,2.0,2026-08-21 08:47:00+00:00,fold1
SOLUSDT,2026-08-21 08:47:00+00:00,0.004600000000000001,0.006,TP,2.0,5.0,TREND,2.0,2026-08-21 08:47:00+00:00,fold1
BTCUSDT,2026-08-21 08:51:00+00:00,-0.0414,-0.04,MAE_KILL,2.0,125.0,CHOP,2.0,2026-08-21 08:51:00+00:00,fold1
BTCUSDT,2026-08-21 08:51:00+00:00,0.004600000000000001,0.006,TP,2.0,2.0,TREND,2.0,2026-08-21 08:51:00+00:00,fold1
NEARUSDT,2026-08-21 08:57:00+00:00,0.004600000000000001,0.006,TP,2.0,6.0,TREND,2.0,2026-08-21 08:57:00+00:00,fold1
BTCUSDT,2026-08-21 08:57:00+00:00,0.004600000000000001,0.006,TP,2.0,2.0,TREND,2.0,2026-08-21 08:57:00+00:00,fold1
ETHUSDT,2026-08-21 09:01:00+00:00,0.0005000000000000001,0.0019,BE_STOP,2.0,8.0,TREND,2.0,2026-08-21 09:01:00+00:00,fold1
XRPUSDT,2026-08-21 09:01:00+00:00,0.0005000000000000001,0.0019,BE_STOP,2.0,4.0,CHOP,2.0,2026-08-21 09:01:00+00:00,fold1
ETHUSDT,2026-08-21 09:07:00+00:00,0.007466212302998663,0.008866212302998663,TP,2.0,3.0,TREND,2.0,2026-08-21 09:07:00+00:00,fold1
XRPUSDT,2026-08-21 09:18:00+00:00,0.0005000000000000001,0.0019,BE_STOP,2.0,5.0,CHOP,2.0,2026-08-21 09:18:00+00:00,fold1
ETHUSDT,2026-08-21 09:32:00+00:00,0.0005000000000000001,0.0019,BE_STOP,2.0,14.0,CHOP,2.0,2026-08-21 09:32:00+00:00,fold1
BTCUSDT,2026-08-21 09:37:00+00:00,0.0005000000000000001,0.0019,BE_STOP,2.0,26.0,TREND,2.0,2026-08-21 09:37:00+00:00,fold1
BTCUSDT,2026-08-21 09:44:00+00:00,0.004600000000000001,0.006,TP,2.0,9.0,TREND,2.0,2026-08-21 09:44:00+00:00,fold1
BTCUSDT,2026-08-21 09:44:00+00:00,0.004600000000000001,0.006,TP,2.0,6.0,TREND,2.0,2026-08-21 09:44:00+00:00,fold1
BTCUSDT,2026-08-21 11:20:00+00:00,0.005380239521068155,0.006780239521068154,TP,2.0,120.0,TREND,2.0,2026-08-21 11:20:00+00:00,fold1
BTCUSDT,2026-08-21 11:23:00+00:00,0.0005000000000000001,0.0019,BE_STOP,2.0,127.0,TREND,2.0,2026-08-21 11:23:00+00:00,fold1
BTCUSDT,2026-08-21 11:32:00+00:00,0.010227388371950924,0.011627388371950924,TP,2.0,143.0,TREND,2.0,2026-08-21 11:32:00+00:00,fold1
BTCUSDT,2026-08-21 11:32:00+00:00,0.004600000000000001,0.006,TP,2.0,12.0,CHOP,2.0,2026-08-21 11:32:00+00:00,fold1
SOLUSDT,2026-08-21 11:34:00+00:00,0.008799588619737453,0.010199588619737453,TP,2.0,147.0,TREND,2.0,2026-08-21 11:34:00+00:00,fold1
SOLUSDT,2026-08-21 11:34:00+00:00,0.004600000000000001,0.006,TP,2.0,1.0,CHOP,2.0,2026-08-21 11:34:00+00:00,fold1
SOLUSDT,2026-08-21 11:35:00+00:00,0.0005000000000000001,0.0019,BE_STOP,2.0,280.0,TREND,2.0,2026-08-21 11:35:00+00:00,fold1
BTCUSDT,2026-08-21 11:51:00+00:00,0.0005000000000000001,0.0019,BE_STOP,2.0,8.0,CHOP,2.0,2026-08-21 11:51:00+00:00,fold1
BTCUSDT,2026-08-21 11:52:00+00:00,0.0005000000000000001,0.0019,BE_STOP,2.0,15.0,CHOP,2.0,2026-08-21 11:52:00+00:00,fold1
BTCUSDT,2026-08-21 11:53:00+00:00,0.0005000000000000001,0.0019,BE_STOP,2.0,13.0,CHOP,2.0,2026-08-21 11:53:00+00:00,fold1
XRPUSDT,2026-08-21 11:59:00+00:00,0.0053114796666248135,0.006711479666624813,TP,2.0,5.0,CHOP,2.0,2026-08-21 11:59:00+00:00,fold1
SOLUSDT,2026-08-21 12:03:00+00:00,0.0005000000000000001,0.0019,BE_STOP,2.0,4.0,CHOP,2.0,2026-08-21 12:03:00+00:00,fold1
BTCUSDT,2026-08-21 12:05:00+00:00,0.0005000000000000001,0.0019,BE_STOP,2.0,30.0,CHOP,2.0,2026-08-21 12:05:00+00:00,fold1
BTCUSDT,2026-08-21 12:06:00+00:00,0.0005000000000000001,0.0019,BE_STOP,2.0,15.0,CHOP,2.0,2026-08-21 12:06:00+00:00,fold1
BTCUSDT,2026-08-21 12:06:00+00:00,0.0005000000000000001,0.0019,BE_STOP,2.0,9.0,CHOP,2.0,2026-08-21 12:06:00+00:00,fold1
ETHUSDT,2026-08-21 12:39:00+00:00,0.004600000000000001,0.006,TP,2.0,31.0,CHOP,2.0,2026-08-21 12:39:00+00:00,fold1
ETHUSDT,2026-08-21 12:53:00+00:00,0.0005000000000000001,0.0019,BE_STOP,2.0,13.0,CHOP,2.0,2026-08-21 12:53:00+00:00,fold1
BTCUSDT,2026-08-21 13:35:00+00:00,0.004600000000000001,0.006,TP,2.0,92.0,CHOP,2.0,2026-08-21 13:35:00+00:00,fold1
SOLUSDT,2026-08-21 13:35:00+00:00,0.004600000000000001,0.006,TP,2.0,90.0,CHOP,2.0,2026-08-21 13:35:00+00:00,fold1
SOLUSDT,2026-08-21 13:37:00+00:00,0.0005000000000000001,0.0019,BE_STOP,2.0,86.0,CHOP,2.0,2026-08-21 13:37:00+00:00,fold1
XRPUSDT,2026-08-21 13:38:00+00:00,0.007770337208462703,0.009170337208462703,TP,2.0,3.0,CHOP,2.0,2026-08-21 13:38:00+00:00,fold1
XRPUSDT,2026-08-21 13:40:00+00:00,0.008379800080297326,0.009779800080297326,TP,2.0,136.0,CHOP,2.0,2026-08-21 13:40:00+00:00,fold1
BTCUSDT,2026-08-21 13:51:00+00:00,0.004600000000000001,0.006,TP,2.0,5.0,CHOP,2.0,2026-08-21 13:51:00+00:00,fold1
ETHUSDT,2026-08-21 13:53:00+00:00,0.0005000000000000001,0.0019,BE_STOP,2.0,9.0,CHOP,2.0,2026-08-21 13:53:00+00:00,fold1
BTCUSDT,2026-08-21 13:54:00+00:00,0.0005000000000000001,0.0019,BE_STOP,2.0,61.0,CHOP,2.0,2026-08-21 13:54:00+00:00,fold1
XRPUSDT,2026-08-21 14:03:00+00:00,0.0005000000000000001,0.0019,BE_STOP,2.0,21.0,CHOP,2.0,2026-08-21 14:03:00+00:00,fold1
ETHUSDT,2026-08-21 14:23:00+00:00,0.0005000000000000001,0.0019,BE_STOP,2.0,20.0,CHOP,2.0,2026-08-21 14:23:00+00:00,fold1
SOLUSDT,2026-08-21 14:36:00+00:00,0.004600000000000001,0.006,TP,2.0,13.0,CHOP,2.0,2026-08-21 14:36:00+00:00,fold1
NEARUSDT,2026-08-21 14:54:00+00:00,0.0005000000000000001,0.0019,BE_STOP,2.0,18.0,CHOP,2.0,2026-08-21 14:54:00+00:00,fold1
BTCUSDT,2026-08-21 15:14:00+00:00,0.004600000000000001,0.006,TP,2.0,77.0,TREND,2.0,2026-08-21 15:14:00+00:00,fold1
BTCUSDT,2026-08-21 15:14:00+00:00,0.004600000000000001,0.006,TP,2.0,20.0,CHOP,2.0,2026-08-21 15:14:00+00:00,fold1
BTCUSDT,2026-08-21 15:15:00+00:00,0.004600000000000001,0.006,TP,2.0,82.0,CHOP,2.0,2026-08-21 15:15:00+00:00,fold1
XRPUSDT,2026-08-21 15:18:00+00:00,0.0005000000000000001,0.0019,BE_STOP,2.0,4.0,CHOP,2.0,2026-08-21 15:18:00+00:00,fold2
BTCUSDT,2026-08-21 15:29:00+00:00,0.0005000000000000001,0.0019,BE_STOP,2.0,11.0,CHOP,2.0,2026-08-21 15:29:00+00:00,fold2
NEARUSDT,2026-08-21 15:39:00+00:00,0.0005000000000000001,0.0019,BE_STOP,2.0,10.0,CHOP,2.0,2026-08-21 15:39:00+00:00,fold2
BTCUSDT,2026-08-21 21:24:00+00:00,0.004600000000000001,0.006,TP,2.0,364.0,CHOP,2.0,2026-08-21 21:24:00+00:00,fold2
BTCUSDT,2026-08-21 21:27:00+00:00,0.004600000000000001,0.006,TP,2.0,456.0,CHOP,2.0,2026-08-21 21:27:00+00:00,fold2
BTCUSDT,2026-08-21 21:27:00+00:00,0.004600000000000001,0.006,TP,2.0,371.0,CHOP,2.0,2026-08-21 21:27:00+00:00,fold2
BTCUSDT,2026-08-21 21:36:00+00:00,0.0005000000000000001,0.0019,BE_STOP,2.0,712.0,TREND,2.0,2026-08-21 21:36:00+00:00,fold2
BTCUSDT,2026-08-21 21:36:00+00:00,0.0005000000000000001,0.0019,BE_STOP,2.0,710.0,TREND,2.0,2026-08-21 21:36:00+00:00,fold2
BTCUSDT,2026-08-21 21:37:00+00:00,0.0005000000000000001,0.0019,BE_STOP,2.0,8.0,CHOP,2.0,2026-08-21 21:37:00+00:00,fold2
BTCUSDT,2026-08-21 21:47:00+00:00,0.0005000000000000001,0.0019,BE_STOP,2.0,11.0,CHOP,2.0,2026-08-21 21:47:00+00:00,fold2
BTCUSDT,2026-08-21 21:52:00+00:00,0.004600000000000001,0.006,TP,2.0,14.0,CHOP,2.0,2026-08-21 21:52:00+00:00,fold2
NEARUSDT,2026-08-21 21:52:00+00:00,0.004600000000000001,0.006,TP,2.0,9.0,CHOP,2.0,2026-08-21 21:52:00+00:00,fold2
NEARUSDT,2026-08-21 21:54:00+00:00,0.0005000000000000001,0.0019,BE_STOP,2.0,30.0,CHOP,2.0,2026-08-21 21:54:00+00:00,fold2
NEARUSDT,2026-08-21 21:55:00+00:00,0.0005000000000000001,0.0019,BE_STOP,2.0,28.0,CHOP,2.0,2026-08-21 21:55:00+00:00,fold2
BTCUSDT,2026-08-21 21:55:00+00:00,0.004600000000000001,0.006,TP,2.0,8.0,CHOP,2.0,2026-08-21 21:55:00+00:00,fold2
BTCUSDT,2026-08-21 21:57:00+00:00,0.0005000000000000001,0.0019,BE_STOP,2.0,4.0,CHOP,2.0,2026-08-21 21:57:00+00:00,fold2
SOLUSDT,2026-08-21 22:03:00+00:00,0.004600000000000001,0.006,TP,2.0,6.0,CHOP,2.0,2026-08-21 22:03:00+00:00,fold2
XRPUSDT,2026-08-21 22:05:00+00:00,0.005589889985209795,0.006989889985209794,TP,2.0,383.0,CHOP,2.0,2026-08-21 22:05:00+00:00,fold2
BTCUSDT,2026-08-21 22:21:00+00:00,0.0005000000000000001,0.0019,BE_STOP,2.0,21.0,CHOP,2.0,2026-08-21 22:21:00+00:00,fold2
BTCUSDT,2026-08-21 22:21:00+00:00,0.0005000000000000001,0.0019,BE_STOP,2.0,17.0,CHOP,2.0,2026-08-21 22:21:00+00:00,fold2
XRPUSDT,2026-08-21 22:40:00+00:00,0.009121687866585414,0.010521687866585415,TP,2.0,16.0,CHOP,2.0,2026-08-21 22:40:00+00:00,fold2
NEARUSDT,2026-08-21 22:46:00+00:00,0.0005000000000000001,0.0019,BE_STOP,2.0,34.0,TREND,2.0,2026-08-21 22:46:00+00:00,fold2
SOLUSDT,2026-08-21 22:48:00+00:00,0.0005000000000000001,0.0019,BE_STOP,2.0,8.0,TREND,2.0,2026-08-21 22:48:00+00:00,fold2
XRPUSDT,2026-08-21 23:00:00+00:00,0.0005000000000000001,0.0019,BE_STOP,2.0,12.0,TREND,2.0,2026-08-21 23:00:00+00:00,fold2
ETHUSDT,2026-08-21 23:24:00+00:00,0.0005000000000000001,0.0019,BE_STOP,2.0,63.0,TREND,2.0,2026-08-21 23:24:00+00:00,fold2
BTCUSDT,2026-08-21 23:44:00+00:00,0.0005000000000000001,0.0019,BE_STOP,2.0,58.0,CHOP,2.0,2026-08-21 23:44:00+00:00,fold2
BTCUSDT,2026-08-21 23:44:00+00:00,0.0005000000000000001,0.0019,BE_STOP,2.0,43.0,CHOP,2.0,2026-08-21 23:44:00+00:00,fold2
NEARUSDT,2026-08-21 23:52:00+00:00,0.0005000000000000001,0.0019,BE_STOP,2.0,7.0,CHOP,2.0,2026-08-21 23:52:00+00:00,fold2
BTCUSDT,2026-08-22 00:06:00+00:00,0.004600000000000001,0.006,TP,2.0,18.0,TREND,2.0,2026-08-22 00:06:00+00:00,fold2
BTCUSDT,2026-08-22 00:06:00+00:00,0.004600000000000001,0.006,TP,2.0,14.0,TREND,2.0,2026-08-22 00:06:00+00:00,fold2
BTCUSDT,2026-08-22 00:56:00+00:00,0.0005000000000000001,0.0019,BE_STOP,2.0,46.0,TREND,2.0,2026-08-22 00:56:00+00:00,fold2
ETHUSDT,2026-08-22 01:08:00+00:00,0.0005000000000000001,0.0019,BE_STOP,2.0,12.0,TREND,2.0,2026-08-22 01:08:00+00:00,fold2
BTCUSDT,2026-08-22 03:03:00+00:00,0.004600000000000001,0.006,TP,2.0,115.0,CHOP,2.0,2026-08-22 03:03:00+00:00,fold2
NEARUSDT,2026-08-22 03:13:00+00:00,0.004600000000000001,0.006,TP,2.0,10.0,TREND,2.0,2026-08-22 03:13:00+00:00,fold2
XRPUSDT,2026-08-22 03:17:00+00:00,0.005818258055024277,0.007218258055024277,TP,2.0,4.0,TREND,2.0,2026-08-22 03:17:00+00:00,fold2
ETHUSDT,2026-08-22 03:28:00+00:00,0.0005000000000000001,0.0019,BE_STOP,2.0,10.0,CHOP,2.0,2026-08-22 03:28:00+00:00,fold2
BTCUSDT,2026-08-22 03:33:00+00:00,0.0005000000000000001,0.0019,BE_STOP,2.0,338.0,CHOP,2.0,2026-08-22 03:33:00+00:00,fold2
BTCUSDT,2026-08-22 03:33:00+00:00,0.0005000000000000001,0.0019,BE_STOP,2.0,325.0,CHOP,2.0,2026-08-22 03:33:00+00:00,fold2
XRPUSDT,2026-08-22 04:22:00+00:00,0.008827981804863409,0.010227981804863409,TP,2.0,47.0,TREND,2.0,2026-08-22 04:22:00+00:00,fold2
ETHUSDT,2026-08-22 05:08:00+00:00,0.004600000000000001,0.006,TP,2.0,46.0,CHOP,2.0,2026-08-22 05:08:00+00:00,fold2
ETHUSDT,2026-08-22 05:10:00+00:00,-0.0414,-0.04,MAE_KILL,2.0,346.0,TREND,2.0,2026-08-22 05:10:00+00:00,fold2
BTCUSDT,2026-08-22 05:10:00+00:00,0.004600000000000001,0.006,TP,2.0,302.0,TREND,2.0,2026-08-22 05:10:00+00:00,fold2
BTCUSDT,2026-08-22 05:16:00+00:00,0.00592208097792075,0.0073220809779207495,TP,2.0,1.0,CHOP,2.0,2026-08-22 05:16:00+00:00,fold2
BTCUSDT,2026-08-22 05:17:00+00:00,0.0005000000000000001,0.0019,BE_STOP,2.0,6.0,CHOP,2.0,2026-08-22 05:17:00+00:00,fold2
SOLUSDT,2026-08-22 05:20:00+00:00,0.0005000000000000001,0.0019,BE_STOP,2.0,7.0,CHOP,2.0,2026-08-22 05:20:00+00:00,fold2
BTCUSDT,2026-08-22 05:26:00+00:00,0.0005000000000000001,0.0019,BE_STOP,2.0,9.0,CHOP,2.0,2026-08-22 05:26:00+00:00,fold2
BTCUSDT,2026-08-22 05:33:00+00:00,0.0005000000000000001,0.0019,BE_STOP,2.0,7.0,CHOP,2.0,2026-08-22 05:33:00+00:00,fold2
BTCUSDT,2026-08-22 05:47:00+00:00,0.0005000000000000001,0.0019,BE_STOP,2.0,14.0,CHOP,2.0,2026-08-22 05:47:00+00:00,fold2
BTCUSDT,2026-08-22 07:10:00+00:00,0.0005000000000000001,0.0019,BE_STOP,2.0,81.0,CHOP,2.0,2026-08-22 07:10:00+00:00,fold2
BTCUSDT,2026-08-22 08:44:00+00:00,0.0005000000000000001,0.0019,BE_STOP,2.0,90.0,CHOP,2.0,2026-08-22 08:44:00+00:00,fold2
BTCUSDT,2026-08-22 09:59:00+00:00,0.0005000000000000001,0.0019,BE_STOP,2.0,73.0,TREND,2.0,2026-08-22 09:59:00+00:00,fold2
SOLUSDT,2026-08-22 10:02:00+00:00,0.004600000000000001,0.006,TP,2.0,3.0,CHOP,2.0,2026-08-22 10:02:00+00:00,fold2
BTCUSDT,2026-08-22 10:17:00+00:00,0.0005000000000000001,0.0019,BE_STOP,2.0,13.0,TREND,2.0,2026-08-22 10:17:00+00:00,fold2
BTCUSDT,2026-08-22 10:28:00+00:00,0.0005000000000000001,0.0019,BE_STOP,2.0,11.0,CHOP,2.0,2026-08-22 10:28:00+00:00,fold2
BTCUSDT,2026-08-22 10:31:00+00:00,0.0005000000000000001,0.0019,BE_STOP,2.0,308.0,CHOP,2.0,2026-08-22 10:31:00+00:00,fold2
NEARUSDT,2026-08-22 11:05:00+00:00,0.0005000000000000001,0.0019,BE_STOP,2.0,37.0,CHOP,2.0,2026-08-22 11:05:00+00:00,fold2
NEARUSDT,2026-08-22 11:05:00+00:00,0.0005000000000000001,0.0019,BE_STOP,2.0,34.0,CHOP,2.0,2026-08-22 11:05:00+00:00,fold2
NEARUSDT,2026-08-22 11:12:00+00:00,0.0005000000000000001,0.0019,BE_STOP,2.0,5.0,CHOP,2.0,2026-08-22 11:12:00+00:00,fold2
NEARUSDT,2026-08-22 11:24:00+00:00,0.004600000000000001,0.006,TP,2.0,19.0,CHOP,2.0,2026-08-22 11:24:00+00:00,fold2
ETHUSDT,2026-08-22 11:44:00+00:00,0.004600000000000001,0.006,TP,2.0,20.0,CHOP,2.0,2026-08-22 11:44:00+00:00,fold2
XRPUSDT,2026-08-22 12:02:00+00:00,0.0051065929636667125,0.006506592963666712,TP,2.0,18.0,CHOP,2.0,2026-08-22 12:02:00+00:00,fold2
SOLUSDT,2026-08-22 12:10:00+00:00,0.0005000000000000001,0.0019,BE_STOP,2.0,411.0,CHOP,2.0,2026-08-22 12:10:00+00:00,fold2
BTCUSDT,2026-08-22 16:54:00+00:00,0.0005000000000000001,0.0019,BE_STOP,2.0,292.0,CHOP,2.0,2026-08-22 16:54:00+00:00,fold2
BTCUSDT,2026-08-22 16:54:00+00:00,0.0005000000000000001,0.0019,BE_STOP,2.0,282.0,CHOP,2.0,2026-08-22 16:54:00+00:00,fold2
NEARUSDT,2026-08-22 18:41:00+00:00,-0.0264,-0.025,MAE_KILL,2.0,107.0,CHOP,2.0,2026-08-22 18:41:00+00:00,fold2
BTCUSDT,2026-08-22 21:09:00+00:00,0.0005000000000000001,0.0019,BE_STOP,2.0,148.0,CHOP,2.0,2026-08-22 21:09:00+00:00,fold2
ETHUSDT,2026-08-22 21:20:00+00:00,0.0005000000000000001,0.0019,BE_STOP,2.0,264.0,CHOP,2.0,2026-08-22 21:20:00+00:00,fold2
ETHUSDT,2026-08-22 21:56:00+00:00,0.004600000000000001,0.006,TP,2.0,36.0,CHOP,2.0,2026-08-22 21:56:00+00:00,fold2
BTCUSDT,2026-08-22 22:06:00+00:00,0.0005000000000000001,0.0019,BE_STOP,2.0,56.0,CHOP,2.0,2026-08-22 22:06:00+00:00,fold2
BTCUSDT,2026-08-23 01:57:00+00:00,0.0005000000000000001,0.0019,BE_STOP,2.0,231.0,CHOP,2.0,2026-08-23 01:57:00+00:00,fold2
BTCUSDT,2026-08-23 04:08:00+00:00,0.004600000000000001,0.006,TP,2.0,131.0,CHOP,2.0,2026-08-23 04:08:00+00:00,fold2
BTCUSDT,2026-08-23 05:08:00+00:00,0.004600000000000001,0.006,TP,2.0,1076.0,CHOP,2.0,2026-08-23 05:08:00+00:00,fold2
BTCUSDT,2026-08-23 05:08:00+00:00,0.004600000000000001,0.006,TP,2.0,431.0,CHOP,2.0,2026-08-23 05:08:00+00:00,fold2
BTCUSDT,2026-08-23 05:08:00+00:00,0.004600000000000001,0.006,TP,2.0,59.0,CHOP,2.0,2026-08-23 05:08:00+00:00,fold2
BTCUSDT,2026-08-23 05:14:00+00:00,-0.0414,-0.04,MAE_KILL,2.0,2655.0,TREND,2.0,2026-08-23 05:14:00+00:00,fold2
BTCUSDT,2026-08-23 05:14:00+00:00,0.004600000000000001,0.006,TP,2.0,2377.0,CHOP,2.0,2026-08-23 05:14:00+00:00,fold2
BTCUSDT,2026-08-23 05:14:00+00:00,0.004600000000000001,0.006,TP,2.0,4.0,CHOP,2.0,2026-08-23 05:14:00+00:00,fold2
BTCUSDT,2026-08-23 05:14:00+00:00,0.004600000000000001,0.006,TP,2.0,2.0,TREND,2.0,2026-08-23 05:14:00+00:00,fold2
XRPUSDT,2026-08-23 05:15:00+00:00,0.0005000000000000001,0.0019,BE_STOP,2.0,7.0,CHOP,2.0,2026-08-23 05:15:00+00:00,fold2
BTCUSDT,2026-08-23 05:17:00+00:00,-0.0414,-0.04,MAE_KILL,2.0,1549.0,CHOP,2.0,2026-08-23 05:17:00+00:00,fold2
BTCUSDT,2026-08-23 05:17:00+00:00,0.004600000000000001,0.006,TP,2.0,2.0,TREND,2.0,2026-08-23 05:17:00+00:00,fold2
BTCUSDT,2026-08-23 06:14:00+00:00,0.0005000000000000001,0.0019,BE_STOP,2.0,53.0,TREND,2.0,2026-08-23 06:14:00+00:00,fold2
BTCUSDT,2026-08-23 06:14:00+00:00,0.0005000000000000001,0.0019,BE_STOP,2.0,51.0,TREND,2.0,2026-08-23 06:14:00+00:00,fold2
XRPUSDT,2026-08-23 06:23:00+00:00,0.0005000000000000001,0.0019,BE_STOP,2.0,5.0,TREND,2.0,2026-08-23 06:23:00+00:00,fold2
ETHUSDT,2026-08-23 06:33:00+00:00,0.004600000000000001,0.006,TP,2.0,65.0,TREND,2.0,2026-08-23 06:33:00+00:00,fold2
XRPUSDT,2026-08-23 06:38:00+00:00,0.0005000000000000001,0.0019,BE_STOP,2.0,15.0,TREND,2.0,2026-08-23 06:38:00+00:00,fold2
XRPUSDT,2026-08-23 07:17:00+00:00,0.005807894453735499,0.007207894453735498,TP,2.0,57.0,TREND,2.0,2026-08-23 07:17:00+00:00,fold2
ETHUSDT,2026-08-23 07:22:00+00:00,0.0005000000000000001,0.0019,BE_STOP,2.0,44.0,TREND,2.0,2026-08-23 07:22:00+00:00,fold2
NEARUSDT,2026-08-23 07:29:00+00:00,0.0005000000000000001,0.0019,BE_STOP,2.0,7.0,CHOP,2.0,2026-08-23 07:29:00+00:00,fold2
SOLUSDT,2026-08-23 08:11:00+00:00,0.0005000000000000001,0.0019,BE_STOP,2.0,41.0,CHOP,2.0,2026-08-23 08:11:00+00:00,fold2
SOLUSDT,2026-08-23 08:47:00+00:00,0.0005000000000000001,0.0019,BE_STOP,2.0,202.0,CHOP,2.0,2026-08-23 08:47:00+00:00,fold2
BTCUSDT,2026-08-23 08:57:00+00:00,0.0005000000000000001,0.0019,BE_STOP,2.0,143.0,TREND,2.0,2026-08-23 08:57:00+00:00,fold2
BTCUSDT,2026-08-23 08:57:00+00:00,0.0005000000000000001,0.0019,BE_STOP,2.0,100.0,CHOP,2.0,2026-08-23 08:57:00+00:00,fold2
XRPUSDT,2026-08-23 09:35:00+00:00,0.004600000000000001,0.006,TP,2.0,38.0,CHOP,2.0,2026-08-23 09:35:00+00:00,fold2
ETHUSDT,2026-08-23 09:37:00+00:00,0.0005000000000000001,0.0019,BE_STOP,2.0,38.0,CHOP,2.0,2026-08-23 09:37:00+00:00,fold2
BTCUSDT,2026-08-23 10:06:00+00:00,0.004600000000000001,0.006,TP,2.0,115.0,TREND,2.0,2026-08-23 10:06:00+00:00,fold2
BTCUSDT,2026-08-23 11:20:00+00:00,0.004600000000000001,0.006,TP,2.0,153.0,CHOP,2.0,2026-08-23 11:20:00+00:00,fold2
BTCUSDT,2026-08-23 11:20:00+00:00,0.004600000000000001,0.006,TP,2.0,73.0,CHOP,2.0,2026-08-23 11:20:00+00:00,fold2
ETHUSDT,2026-08-23 13:18:00+00:00,-0.0414,-0.04,MAE_KILL,2.0,481.0,TREND,2.0,2026-08-23 13:18:00+00:00,fold2
BTCUSDT,2026-08-23 13:19:00+00:00,0.004600000000000001,0.006,TP,2.0,117.0,TREND,2.0,2026-08-23 13:19:00+00:00,fold2
BTCUSDT,2026-08-23 13:19:00+00:00,0.004600000000000001,0.006,TP,2.0,114.0,TREND,2.0,2026-08-23 13:19:00+00:00,fold2
SOLUSDT,2026-08-23 14:06:00+00:00,0.0005000000000000001,0.0019,BE_STOP,2.0,44.0,TREND,2.0,2026-08-23 14:06:00+00:00,fold2
XRPUSDT,2026-08-23 14:11:00+00:00,0.004600000000000001,0.006,TP,2.0,5.0,TREND,2.0,2026-08-23 14:11:00+00:00,fold2
NEARUSDT,2026-08-23 14:16:00+00:00,0.0005000000000000001,0.0019,BE_STOP,2.0,3.0,TREND,2.0,2026-08-23 14:16:00+00:00,fold2
ETHUSDT,2026-08-23 14:42:00+00:00,0.004600000000000001,0.006,TP,2.0,305.0,CHOP,2.0,2026-08-23 14:42:00+00:00,fold2
NEARUSDT,2026-08-23 17:14:00+00:00,-0.0264,-0.025,MAE_KILL,2.0,151.0,CHOP,2.0,2026-08-23 17:14:00+00:00,fold2
XRPUSDT,2026-08-23 17:22:00+00:00,0.004600000000000001,0.006,TP,2.0,7.0,CHOP,2.0,2026-08-23 17:22:00+00:00,fold2
BTCUSDT,2026-08-23 21:16:00+00:00,0.004600000000000001,0.006,TP,2.0,233.0,CHOP,2.0,2026-08-23 21:16:00+00:00,fold2
BTCUSDT,2026-08-23 21:22:00+00:00,0.004600000000000001,0.006,TP,2.0,482.0,TREND,2.0,2026-08-23 21:22:00+00:00,fold2
ETHUSDT,2026-08-23 21:25:00+00:00,0.0005000000000000001,0.0019,BE_STOP,2.0,429.0,TREND,2.0,2026-08-23 21:25:00+00:00,fold2
ETHUSDT,2026-08-23 21:30:00+00:00,0.0062647103814553375,0.007664710381455337,TP,2.0,486.0,CHOP,2.0,2026-08-23 21:30:00+00:00,fold2
BTCUSDT,2026-08-23 22:10:00+00:00,-0.01262776486572086,-0.011227764865720859,MAX_AGE,2.0,2880.0,CHOP,2.0,2026-08-23 22:10:00+00:00,fold2
ETHUSDT,2026-08-23 23:03:00+00:00,0.004600000000000001,0.006,TP,2.0,53.0,CHOP,2.0,2026-08-23 23:03:00+00:00,fold2
ETHUSDT,2026-08-23 23:07:00+00:00,0.0005000000000000001,0.0019,BE_STOP,2.0,3.0,CHOP,2.0,2026-08-23 23:07:00+00:00,fold2
BTCUSDT,2026-08-24 00:49:00+00:00,0.0005000000000000001,0.0019,BE_STOP,2.0,102.0,CHOP,2.0,2026-08-24 00:49:00+00:00,fold2
NEARUSDT,2026-08-24 00:52:00+00:00,0.0005000000000000001,0.0019,BE_STOP,2.0,3.0,CHOP,2.0,2026-08-24 00:52:00+00:00,fold2
XRPUSDT,2026-08-24 01:15:00+00:00,0.004882692473200485,0.006282692473200484,TP,2.0,23.0,CHOP,2.0,2026-08-24 01:15:00+00:00,fold2
BTCUSDT,2026-08-24 01:33:00+00:00,0.0005000000000000001,0.0019,BE_STOP,2.0,17.0,CHOP,2.0,2026-08-24 01:33:00+00:00,fold2
ETHUSDT,2026-08-24 01:51:00+00:00,0.004600000000000001,0.006,TP,2.0,18.0,CHOP,2.0,2026-08-24 01:51:00+00:00,fold2
BTCUSDT,2026-08-24 02:05:00+00:00,0.0005000000000000001,0.0019,BE_STOP,2.0,13.0,CHOP,2.0,2026-08-24 02:05:00+00:00,fold2
NEARUSDT,2026-08-24 02:37:00+00:00,-0.0264,-0.025,MAE_KILL,2.0,32.0,CHOP,2.0,2026-08-24 02:37:00+00:00,fold2
BTCUSDT,2026-08-24 03:33:00+00:00,-0.021503773716845965,-0.020103773716845966,MAX_AGE,2.0,2880.0,CHOP,2.0,2026-08-24 03:33:00+00:00,fold2
XRPUSDT,2026-08-24 03:38:00+00:00,0.0005000000000000001,0.0019,BE_STOP,2.0,5.0,CHOP,2.0,2026-08-24 03:38:00+00:00,fold2
BTCUSDT,2026-08-24 05:04:00+00:00,0.0005000000000000001,0.0019,BE_STOP,2.0,86.0,CHOP,2.0,2026-08-24 05:04:00+00:00,fold2
SOLUSDT,2026-08-24 05:15:00+00:00,0.004600000000000001,0.006,TP,2.0,11.0,CHOP,2.0,2026-08-24 05:15:00+00:00,fold2
BTCUSDT,2026-08-24 06:33:00+00:00,0.0005000000000000001,0.0019,BE_STOP,2.0,78.0,CHOP,2.0,2026-08-24 06:33:00+00:00,fold2
XRPUSDT,2026-08-24 06:49:00+00:00,0.0005000000000000001,0.0019,BE_STOP,2.0,16.0,CHOP,2.0,2026-08-24 06:49:00+00:00,fold2
BTCUSDT,2026-08-24 07:21:00+00:00,0.0005000000000000001,0.0019,BE_STOP,2.0,284.0,CHOP,2.0,2026-08-24 07:21:00+00:00,fold2
BTCUSDT,2026-08-24 07:21:00+00:00,0.0005000000000000001,0.0019,BE_STOP,2.0,31.0,CHOP,2.0,2026-08-24 07:21:00+00:00,fold2
BTCUSDT,2026-08-24 10:41:00+00:00,0.0005000000000000001,0.0019,BE_STOP,2.0,197.0,CHOP,2.0,2026-08-24 10:41:00+00:00,fold2
BTCUSDT,2026-08-24 10:43:00+00:00,0.0005000000000000001,0.0019,BE_STOP,2.0,202.0,CHOP,2.0,2026-08-24 10:43:00+00:00,fold2
ETHUSDT,2026-08-24 11:07:00+00:00,0.0005000000000000001,0.0019,BE_STOP,2.0,25.0,CHOP,2.0,2026-08-24 11:07:00+00:00,fold2
BTCUSDT,2026-08-24 11:07:00+00:00,0.0005000000000000001,0.0019,BE_STOP,2.0,23.0,CHOP,2.0,2026-08-24 11:07:00+00:00,fold2
BTCUSDT,2026-08-24 11:36:00+00:00,0.004600000000000001,0.006,TP,2.0,859.0,CHOP,2.0,2026-08-24 11:36:00+00:00,fold2
BTCUSDT,2026-08-24 11:36:00+00:00,0.004600000000000001,0.006,TP,2.0,851.0,CHOP,2.0,2026-08-24 11:36:00+00:00,fold2
BTCUSDT,2026-08-24 11:37:00+00:00,0.004600000000000001,0.006,TP,2.0,855.0,CHOP,2.0,2026-08-24 11:37:00+00:00,fold2
BTCUSDT,2026-08-24 11:40:00+00:00,0.004600000000000001,0.006,TP,2.0,850.0,TREND,2.0,2026-08-24 11:40:00+00:00,fold2
NEARUSDT,2026-08-24 11:44:00+00:00,0.004600000000000001,0.006,TP,2.0,3.0,CHOP,2.0,2026-08-24 11:44:00+00:00,fold2
SOLUSDT,2026-08-24 12:17:00+00:00,0.0005000000000000001,0.0019,BE_STOP,2.0,70.0,CHOP,2.0,2026-08-24 12:17:00+00:00,fold2
SOLUSDT,2026-08-24 12:17:00+00:00,0.0005000000000000001,0.0019,BE_STOP,2.0,68.0,CHOP,2.0,2026-08-24 12:17:00+00:00,fold2
BTCUSDT,2026-08-24 12:34:00+00:00,0.0005000000000000001,0.0019,BE_STOP,2.0,51.0,CHOP,2.0,2026-08-24 12:34:00+00:00,fold2
BTCUSDT,2026-08-24 12:34:00+00:00,0.0005000000000000001,0.0019,BE_STOP,2.0,49.0,CHOP,2.0,2026-08-24 12:34:00+00:00,fold2
BTCUSDT,2026-08-24 12:41:00+00:00,0.004600000000000001,0.006,TP,2.0,54.0,CHOP,2.0,2026-08-24 12:41:00+00:00,fold2
BTCUSDT,2026-08-24 12:42:00+00:00,0.004600000000000001,0.006,TP,2.0,64.0,CHOP,2.0,2026-08-24 12:42:00+00:00,fold2
BTCUSDT,2026-08-24 12:50:00+00:00,0.004600000000000001,0.006,TP,2.0,14.0,CHOP,2.0,2026-08-24 12:50:00+00:00,fold2
BTCUSDT,2026-08-24 12:51:00+00:00,-0.0414,-0.04,MAE_KILL,2.0,1892.0,TREND,2.0,2026-08-24 12:51:00+00:00,fold2
BTCUSDT,2026-08-24 12:51:00+00:00,0.004600000000000001,0.006,TP,2.0,8.0,TREND,2.0,2026-08-24 12:51:00+00:00,fold2
ETHUSDT,2026-08-24 12:51:00+00:00,0.004600000000000001,0.006,TP,2.0,6.0,CHOP,2.0,2026-08-24 12:51:00+00:00,fold2
SOLUSDT,2026-08-24 12:53:00+00:00,0.0005000000000000001,0.0019,BE_STOP,2.0,3.0,CHOP,2.0,2026-08-24 12:53:00+00:00,fold2
NEARUSDT,2026-08-24 13:01:00+00:00,0.0005000000000000001,0.0019,BE_STOP,2.0,23.0,CHOP,2.0,2026-08-24 13:01:00+00:00,fold2
BTCUSDT,2026-08-24 13:01:00+00:00,0.0005000000000000001,0.0019,BE_STOP,2.0,9.0,TREND,2.0,2026-08-24 13:01:00+00:00,fold2
BTCUSDT,2026-08-24 13:15:00+00:00,0.0005000000000000001,0.0019,BE_STOP,2.0,17.0,TREND,2.0,2026-08-24 13:15:00+00:00,fold2
BTCUSDT,2026-08-24 13:16:00+00:00,0.0005000000000000001,0.0019,BE_STOP,2.0,16.0,TREND,2.0,2026-08-24 13:16:00+00:00,fold2
BTCUSDT,2026-08-24 13:16:00+00:00,0.0005000000000000001,0.0019,BE_STOP,2.0,14.0,TREND,2.0,2026-08-24 13:16:00+00:00,fold2
BTCUSDT,2026-08-24 13:16:00+00:00,0.0005000000000000001,0.0019,BE_STOP,2.0,12.0,TREND,2.0,2026-08-24 13:16:00+00:00,fold2
BTCUSDT,2026-08-24 13:33:00+00:00,0.004600000000000001,0.006,TP,2.0,12.0,TREND,2.0,2026-08-24 13:33:00+00:00,fold2
BTCUSDT,2026-08-24 13:40:00+00:00,0.004600000000000001,0.006,TP,2.0,23.0,TREND,2.0,2026-08-24 13:40:00+00:00,fold2
BTCUSDT,2026-08-24 13:40:00+00:00,0.004600000000000001,0.006,TP,2.0,21.0,TREND,2.0,2026-08-24 13:40:00+00:00,fold2
BTCUSDT,2026-08-24 13:40:00+00:00,0.004600000000000001,0.006,TP,2.0,16.0,TREND,2.0,2026-08-24 13:40:00+00:00,fold2
BTCUSDT,2026-08-24 13:42:00+00:00,0.004600000000000001,0.006,TP,2.0,9.0,TREND,2.0,2026-08-24 13:42:00+00:00,fold2
BTCUSDT,2026-08-24 13:45:00+00:00,0.004600000000000001,0.006,TP,2.0,4.0,TREND,2.0,2026-08-24 13:45:00+00:00,fold2
SOLUSDT,2026-08-24 13:46:00+00:00,0.004600000000000001,0.006,TP,2.0,87.0,CHOP,2.0,2026-08-24 13:46:00+00:00,fold2
SOLUSDT,2026-08-24 13:47:00+00:00,0.0005000000000000001,0.0019,BE_STOP,2.0,90.0,CHOP,2.0,2026-08-24 13:47:00+00:00,fold2
BTCUSDT,2026-08-24 13:48:00+00:00,0.0005000000000000001,0.0019,BE_STOP,2.0,5.0,CHOP,2.0,2026-08-24 13:48:00+00:00,fold2
BTCUSDT,2026-08-24 13:54:00+00:00,0.0005000000000000001,0.0019,BE_STOP,2.0,6.0,CHOP,2.0,2026-08-24 13:54:00+00:00,fold2
BTCUSDT,2026-08-24 13:55:00+00:00,0.0005000000000000001,0.0019,BE_STOP,2.0,5.0,CHOP,2.0,2026-08-24 13:55:00+00:00,fold2
BTCUSDT,2026-08-24 14:15:00+00:00,0.004600000000000001,0.006,TP,2.0,13.0,CHOP,2.0,2026-08-24 14:15:00+00:00,fold2
BTCUSDT,2026-08-24 14:23:00+00:00,-0.0414,-0.04,MAE_KILL,2.0,1728.0,CHOP,2.0,2026-08-24 14:23:00+00:00,fold2
ETHUSDT,2026-08-24 14:23:00+00:00,0.004600000000000001,0.006,TP,2.0,7.0,CHOP,2.0,2026-08-24 14:23:00+00:00,fold2
NEARUSDT,2026-08-24 14:27:00+00:00,0.005750072150072133,0.007150072150072132,TP,2.0,3.0,CHOP,2.0,2026-08-24 14:27:00+00:00,fold2
BTCUSDT,2026-08-24 14:32:00+00:00,0.004600000000000001,0.006,TP,2.0,5.0,CHOP,2.0,2026-08-24 14:32:00+00:00,fold2
NEARUSDT,2026-08-24 14:33:00+00:00,-0.0264,-0.025,MAE_KILL,2.0,33.0,CHOP,2.0,2026-08-24 14:33:00+00:00,fold2
SOLUSDT,2026-08-24 14:33:00+00:00,0.004600000000000001,0.006,TP,2.0,4.0,CHOP,2.0,2026-08-24 14:33:00+00:00,fold2
SOLUSDT,2026-08-24 14:43:00+00:00,0.0005000000000000001,0.0019,BE_STOP,2.0,107.0,CHOP,2.0,2026-08-24 14:43:00+00:00,fold2
SOLUSDT,2026-08-24 14:43:00+00:00,0.0005000000000000001,0.0019,BE_STOP,2.0,6.0,CHOP,2.0,2026-08-24 14:43:00+00:00,fold2
BTCUSDT,2026-08-24 14:48:00+00:00,0.0005000000000000001,0.0019,BE_STOP,2.0,16.0,CHOP,2.0,2026-08-24 14:48:00+00:00,fold2
SOLUSDT,2026-08-24 14:50:00+00:00,0.0005000000000000001,0.0019,BE_STOP,2.0,7.0,CHOP,2.0,2026-08-24 14:50:00+00:00,fold2
SOLUSDT,2026-08-24 15:22:00+00:00,0.004600000000000001,0.006,TP,2.0,34.0,CHOP,2.0,2026-08-24 15:22:00+00:00,fold2
ETHUSDT,2026-08-24 15:30:00+00:00,0.0005000000000000001,0.0019,BE_STOP,2.0,45.0,CHOP,2.0,2026-08-24 15:30:00+00:00,fold2
BTCUSDT,2026-08-24 15:38:00+00:00,0.0005000000000000001,0.0019,BE_STOP,2.0,64.0,CHOP,2.0,2026-08-24 15:38:00+00:00,fold2
ETHUSDT,2026-08-24 15:43:00+00:00,0.004600000000000001,0.006,TP,2.0,52.0,CHOP,2.0,2026-08-24 15:43:00+00:00,fold2
ETHUSDT,2026-08-24 15:43:00+00:00,0.004600000000000001,0.006,TP,2.0,4.0,CHOP,2.0,2026-08-24 15:43:00+00:00,fold2
BTCUSDT,2026-08-24 15:57:00+00:00,0.004600000000000001,0.006,TP,2.0,13.0,CHOP,2.0,2026-08-24 15:57:00+00:00,fold2
BTCUSDT,2026-08-24 15:57:00+00:00,0.004600000000000001,0.006,TP,2.0,11.0,CHOP,2.0,2026-08-24 15:57:00+00:00,fold2
BTCUSDT,2026-08-24 16:56:00+00:00,0.0005000000000000001,0.0019,BE_STOP,2.0,56.0,CHOP,2.0,2026-08-24 16:56:00+00:00,fold2
BTCUSDT,2026-08-24 17:02:00+00:00,0.004600000000000001,0.006,TP,2.0,6.0,CHOP,2.0,2026-08-24 17:02:00+00:00,fold2
BTCUSDT,2026-08-24 17:05:00+00:00,0.0005000000000000001,0.0019,BE_STOP,2.0,67.0,CHOP,2.0,2026-08-24 17:05:00+00:00,fold2
BTCUSDT,2026-08-24 17:22:00+00:00,0.004600000000000001,0.006,TP,2.0,17.0,CHOP,2.0,2026-08-24 17:22:00+00:00,fold2
BTCUSDT,2026-08-24 17:27:00+00:00,0.0005000000000000001,0.0019,BE_STOP,2.0,24.0,CHOP,2.0,2026-08-24 17:27:00+00:00,fold2
BTCUSDT,2026-08-24 17:37:00+00:00,0.0005000000000000001,0.0019,BE_STOP,2.0,10.0,CHOP,2.0,2026-08-24 17:37:00+00:00,fold2
NEARUSDT,2026-08-24 19:21:00+00:00,0.0005000000000000001,0.0019,BE_STOP,2.0,104.0,CHOP,2.0,2026-08-24 19:21:00+00:00,fold2
SOLUSDT,2026-08-24 22:37:00+00:00,-0.0414,-0.04,MAE_KILL,2.0,524.0,CHOP,2.0,2026-08-24 22:37:00+00:00,fold2
SOLUSDT,2026-08-24 23:43:00+00:00,-0.0414,-0.04,MAE_KILL,2.0,586.0,CHOP,2.0,2026-08-24 23:43:00+00:00,fold2
NEARUSDT,2026-08-25 00:00:00+00:00,0.004600000000000001,0.006,TP,2.0,17.0,CHOP,2.0,2026-08-25 00:00:00+00:00,fold2
BTCUSDT,2026-08-25 00:44:00+00:00,0.004600000000000001,0.006,TP,2.0,126.0,CHOP,2.0,2026-08-25 00:44:00+00:00,fold2
BTCUSDT,2026-08-25 00:45:00+00:00,0.004600000000000001,0.006,TP,2.0,45.0,CHOP,2.0,2026-08-25 00:45:00+00:00,fold2
NEARUSDT,2026-08-25 00:47:00+00:00,0.004600000000000001,0.006,TP,2.0,3.0,CHOP,2.0,2026-08-25 00:47:00+00:00,fold2
SOLUSDT,2026-08-25 01:33:00+00:00,0.0005000000000000001,0.0019,BE_STOP,2.0,46.0,TREND,2.0,2026-08-25 01:33:00+00:00,fold2
ETHUSDT,2026-08-25 01:33:00+00:00,0.0005000000000000001,0.0019,BE_STOP,2.0,44.0,CHOP,2.0,2026-08-25 01:33:00+00:00,fold2
BTCUSDT,2026-08-25 02:17:00+00:00,0.004600000000000001,0.006,TP,2.0,654.0,CHOP,2.0,2026-08-25 02:17:00+00:00,fold2
BTCUSDT,2026-08-25 02:17:00+00:00,0.004600000000000001,0.006,TP,2.0,647.0,CHOP,2.0,2026-08-25 02:17:00+00:00,fold2
ETHUSDT,2026-08-25 02:17:00+00:00,0.004600000000000001,0.006,TP,2.0,44.0,TREND,2.0,2026-08-25 02:17:00+00:00,fold2
BTCUSDT,2026-08-25 02:33:00+00:00,0.0005000000000000001,0.0019,BE_STOP,2.0,12.0,CHOP,2.0,2026-08-25 02:33:00+00:00,fold2
BTCUSDT,2026-08-25 02:41:00+00:00,0.004600000000000001,0.006,TP,2.0,18.0,CHOP,2.0,2026-08-25 02:41:00+00:00,fold2
BTCUSDT,2026-08-25 02:44:00+00:00,0.0005000000000000001,0.0019,BE_STOP,2.0,25.0,CHOP,2.0,2026-08-25 02:44:00+00:00,fold2
ETHUSDT,2026-08-25 02:44:00+00:00,0.0005000000000000001,0.0019,BE_STOP,2.0,11.0,CHOP,2.0,2026-08-25 02:44:00+00:00,fold2
BTCUSDT,2026-08-25 03:52:00+00:00,0.0005000000000000001,0.0019,BE_STOP,2.0,57.0,TREND,2.0,2026-08-25 03:52:00+00:00,fold2
BTCUSDT,2026-08-25 04:00:00+00:00,0.0005000000000000001,0.0019,BE_STOP,2.0,68.0,TREND,2.0,2026-08-25 04:00:00+00:00,fold2
BTCUSDT,2026-08-25 04:03:00+00:00,0.0005000000000000001,0.0019,BE_STOP,2.0,11.0,TREND,2.0,2026-08-25 04:03:00+00:00,fold2
BTCUSDT,2026-08-25 04:09:00+00:00,0.0005000000000000001,0.0019,BE_STOP,2.0,9.0,CHOP,2.0,2026-08-25 04:09:00+00:00,fold2
BTCUSDT,2026-08-25 04:33:00+00:00,0.0005000000000000001,0.0019,BE_STOP,2.0,24.0,CHOP,2.0,2026-08-25 04:33:00+00:00,fold2
SOLUSDT,2026-08-25 05:00:00+00:00,0.0005000000000000001,0.0019,BE_STOP,2.0,25.0,CHOP,2.0,2026-08-25 05:00:00+00:00,fold2
BTCUSDT,2026-08-25 05:32:00+00:00,0.004600000000000001,0.006,TP,2.0,32.0,CHOP,2.0,2026-08-25 05:32:00+00:00,fold2
NEARUSDT,2026-08-25 06:41:00+00:00,0.004600000000000001,0.006,TP,2.0,158.0,CHOP,2.0,2026-08-25 06:41:00+00:00,fold2
BTCUSDT,2026-08-25 07:49:00+00:00,0.004600000000000001,0.006,TP,2.0,68.0,CHOP,2.0,2026-08-25 07:49:00+00:00,fold2
BTCUSDT,2026-08-25 07:53:00+00:00,0.0005000000000000001,0.0019,BE_STOP,2.0,377.0,TREND,2.0,2026-08-25 07:53:00+00:00,fold2
BTCUSDT,2026-08-25 09:51:00+00:00,0.004600000000000001,0.006,TP,2.0,117.0,CHOP,2.0,2026-08-25 09:51:00+00:00,fold2
BTCUSDT,2026-08-25 09:52:00+00:00,0.004600000000000001,0.006,TP,2.0,120.0,CHOP,2.0,2026-08-25 09:52:00+00:00,fold2
SOLUSDT,2026-08-25 12:03:00+00:00,-0.0414,-0.04,MAE_KILL,2.0,391.0,CHOP,2.0,2026-08-25 12:03:00+00:00,fold2
BTCUSDT,2026-08-25 12:07:00+00:00,0.004600000000000001,0.006,TP,2.0,131.0,CHOP,2.0,2026-08-25 12:07:00+00:00,fold2
BTCUSDT,2026-08-25 12:12:00+00:00,0.0005000000000000001,0.0019,BE_STOP,2.0,138.0,CHOP,2.0,2026-08-25 12:12:00+00:00,fold2
BTCUSDT,2026-08-25 12:12:00+00:00,0.0005000000000000001,0.0019,BE_STOP,2.0,9.0,CHOP,2.0,2026-08-25 12:12:00+00:00,fold2
ETHUSDT,2026-08-25 12:24:00+00:00,0.0005000000000000001,0.0019,BE_STOP,2.0,17.0,CHOP,2.0,2026-08-25 12:24:00+00:00,fold2
BTCUSDT,2026-08-25 12:28:00+00:00,0.0005000000000000001,0.0019,BE_STOP,2.0,4.0,TREND,2.0,2026-08-25 12:28:00+00:00,fold2
NEARUSDT,2026-08-25 13:02:00+00:00,0.0005000000000000001,0.0019,BE_STOP,2.0,44.0,CHOP,2.0,2026-08-25 13:02:00+00:00,fold2
BTCUSDT,2026-08-25 13:24:00+00:00,0.0005000000000000001,0.0019,BE_STOP,2.0,56.0,TREND,2.0,2026-08-25 13:24:00+00:00,fold2
BTCUSDT,2026-08-25 13:51:00+00:00,0.004600000000000001,0.006,TP,2.0,1228.0,CHOP,2.0,2026-08-25 13:51:00+00:00,fold2
BTCUSDT,2026-08-25 13:51:00+00:00,0.004600000000000001,0.006,TP,2.0,1110.0,CHOP,2.0,2026-08-25 13:51:00+00:00,fold2
BTCUSDT,2026-08-25 13:51:00+00:00,0.004600000000000001,0.006,TP,2.0,27.0,TREND,2.0,2026-08-25 13:51:00+00:00,fold2
BTCUSDT,2026-08-25 13:54:00+00:00,0.0005000000000000001,0.0019,BE_STOP,2.0,1439.0,CHOP,2.0,2026-08-25 13:54:00+00:00,fold2
NEARUSDT,2026-08-25 14:06:00+00:00,0.006841325217104136,0.008241325217104136,TP,2.0,6.0,CHOP,2.0,2026-08-25 14:06:00+00:00,fold2
BTCUSDT,2026-08-25 14:25:00+00:00,0.004600000000000001,0.006,TP,2.0,19.0,TREND,2.0,2026-08-25 14:25:00+00:00,fold2
BTCUSDT,2026-08-25 14:35:00+00:00,0.0005000000000000001,0.0019,BE_STOP,2.0,10.0,CHOP,2.0,2026-08-25 14:35:00+00:00,fold2
ETHUSDT,2026-08-25 14:39:00+00:00,0.0005000000000000001,0.0019,BE_STOP,2.0,97.0,CHOP,2.0,2026-08-25 14:39:00+00:00,fold2
SOLUSDT,2026-08-25 14:59:00+00:00,0.0005000000000000001,0.0019,BE_STOP,2.0,20.0,CHOP,2.0,2026-08-25 14:59:00+00:00,fold2
NEARUSDT,2026-08-25 15:07:00+00:00,0.0005000000000000001,0.0019,BE_STOP,2.0,8.0,CHOP,2.0,2026-08-25 15:07:00+00:00,fold2
BTCUSDT,2026-08-25 15:48:00+00:00,0.0005000000000000001,0.0019,BE_STOP,2.0,73.0,CHOP,2.0,2026-08-25 15:48:00+00:00,fold2
BTCUSDT,2026-08-25 16:08:00+00:00,0.0005000000000000001,0.0019,BE_STOP,2.0,61.0,CHOP,2.0,2026-08-25 16:08:00+00:00,fold2
SOLUSDT,2026-08-25 17:18:00+00:00,0.0005000000000000001,0.0019,BE_STOP,2.0,89.0,CHOP,2.0,2026-08-25 17:18:00+00:00,fold2
NEARUSDT,2026-08-25 17:32:00+00:00,0.0005000000000000001,0.0019,BE_STOP,2.0,14.0,CHOP,2.0,2026-08-25 17:32:00+00:00,fold2
XRPUSDT,2026-08-25 18:27:00+00:00,0.0005000000000000001,0.0019,BE_STOP,2.0,139.0,CHOP,2.0,2026-08-25 18:27:00+00:00,fold2
ETHUSDT,2026-08-25 18:31:00+00:00,0.0005000000000000001,0.0019,BE_STOP,2.0,57.0,CHOP,2.0,2026-08-25 18:31:00+00:00,fold2
BTCUSDT,2026-08-25 20:51:00+00:00,0.0005000000000000001,0.0019,BE_STOP,2.0,416.0,CHOP,2.0,2026-08-25 20:51:00+00:00,fold2
SOLUSDT,2026-08-25 21:07:00+00:00,0.005840518579276917,0.007240518579276916,TP,2.0,429.0,TREND,2.0,2026-08-25 21:07:00+00:00,fold2
ETHUSDT,2026-08-25 21:07:00+00:00,0.004600000000000001,0.006,TP,2.0,15.0,CHOP,2.0,2026-08-25 21:07:00+00:00,fold2
BTCUSDT,2026-08-25 21:08:00+00:00,-0.0414,-0.04,MAE_KILL,2.0,1106.0,TREND,2.0,2026-08-25 21:08:00+00:00,fold2
XRPUSDT,2026-08-25 21:08:00+00:00,-0.0414,-0.04,MAE_KILL,2.0,532.0,TREND,2.0,2026-08-25 21:08:00+00:00,fold2
BTCUSDT,2026-08-25 21:11:00+00:00,0.0005000000000000001,0.0019,BE_STOP,2.0,1885.0,CHOP,2.0,2026-08-25 21:11:00+00:00,fold2
BTCUSDT,2026-08-25 21:13:00+00:00,0.0005000000000000001,0.0019,BE_STOP,2.0,440.0,CHOP,2.0,2026-08-25 21:13:00+00:00,fold2
ETHUSDT,2026-08-25 21:26:00+00:00,0.0005000000000000001,0.0019,BE_STOP,2.0,10.0,TREND,2.0,2026-08-25 21:26:00+00:00,fold2
XRPUSDT,2026-08-25 21:29:00+00:00,0.0005000000000000001,0.0019,BE_STOP,2.0,11.0,CHOP,2.0,2026-08-25 21:29:00+00:00,fold2
BTCUSDT,2026-08-25 22:08:00+00:00,0.004600000000000001,0.006,TP,2.0,42.0,TREND,2.0,2026-08-25 22:08:00+00:00,fold2
BTCUSDT,2026-08-25 22:08:00+00:00,0.004600000000000001,0.006,TP,2.0,37.0,CHOP,2.0,2026-08-25 22:08:00+00:00,fold2
ETHUSDT,2026-08-25 23:10:00+00:00,0.0005000000000000001,0.0019,BE_STOP,2.0,62.0,CHOP,2.0,2026-08-25 23:10:00+00:00,fold2
BTCUSDT,2026-08-26 00:09:00+00:00,0.004600000000000001,0.006,TP,2.0,58.0,CHOP,2.0,2026-08-26 00:09:00+00:00,fold2
BTCUSDT,2026-08-26 03:07:00+00:00,0.0005000000000000001,0.0019,BE_STOP,2.0,295.0,CHOP,2.0,2026-08-26 03:07:00+00:00,fold2
BTCUSDT,2026-08-26 05:24:00+00:00,0.0005000000000000001,0.0019,BE_STOP,2.0,137.0,CHOP,2.0,2026-08-26 05:24:00+00:00,fold2
SOLUSDT,2026-08-26 10:16:00+00:00,0.0005000000000000001,0.0019,BE_STOP,2.0,784.0,CHOP,2.0,2026-08-26 10:16:00+00:00,fold2
ETHUSDT,2026-08-26 10:39:00+00:00,0.004600000000000001,0.006,TP,2.0,21.0,CHOP,2.0,2026-08-26 10:39:00+00:00,fold2
BTCUSDT,2026-08-26 15:04:00+00:00,0.004600000000000001,0.006,TP,2.0,1074.0,TREND,2.0,2026-08-26 15:04:00+00:00,fold2
BTCUSDT,2026-08-26 15:10:00+00:00,0.0005000000000000001,0.0019,BE_STOP,2.0,1082.0,TREND,2.0,2026-08-26 15:10:00+00:00,fold2
SOLUSDT,2026-08-26 22:15:00+00:00,0.004600000000000001,0.006,TP,2.0,1668.0,CHOP,2.0,2026-08-26 22:15:00+00:00,fold2
SOLUSDT,2026-08-26 22:15:00+00:00,0.004600000000000001,0.006,TP,2.0,1664.0,CHOP,2.0,2026-08-26 22:15:00+00:00,fold2
BTCUSDT,2026-08-26 22:30:00+00:00,0.0005000000000000001,0.0019,BE_STOP,2.0,710.0,CHOP,2.0,2026-08-26 22:30:00+00:00,fold2
SOLUSDT,2026-08-26 23:06:00+00:00,0.0005000000000000001,0.0019,BE_STOP,2.0,36.0,TREND,2.0,2026-08-26 23:06:00+00:00,fold2
BTCUSDT,2026-08-26 23:46:00+00:00,0.004600000000000001,0.006,TP,2.0,40.0,CHOP,2.0,2026-08-26 23:46:00+00:00,fold2
BTCUSDT,2026-08-27 00:04:00+00:00,0.0005000000000000001,0.0019,BE_STOP,2.0,107.0,CHOP,2.0,2026-08-27 00:04:00+00:00,fold2
BTCUSDT,2026-08-27 01:25:00+00:00,0.0005000000000000001,0.0019,BE_STOP,2.0,80.0,CHOP,2.0,2026-08-27 01:25:00+00:00,fold2
SOLUSDT,2026-08-27 01:29:00+00:00,0.004600000000000001,0.006,TP,2.0,4.0,TREND,2.0,2026-08-27 01:29:00+00:00,fold2
NEARUSDT,2026-08-27 04:36:00+00:00,-0.0264,-0.025,MAE_KILL,2.0,290.0,TREND,2.0,2026-08-27 04:36:00+00:00,fold2
BTCUSDT,2026-08-27 08:04:00+00:00,0.004600000000000001,0.006,TP,2.0,1599.0,CHOP,2.0,2026-08-27 08:04:00+00:00,fold2
ETHUSDT,2026-08-27 08:04:00+00:00,0.004600000000000001,0.006,TP,2.0,395.0,CHOP,2.0,2026-08-27 08:04:00+00:00,fold2
ETHUSDT,2026-08-27 08:05:00+00:00,0.0005000000000000001,0.0019,BE_STOP,2.0,586.0,TREND,2.0,2026-08-27 08:05:00+00:00,fold2
ETHUSDT,2026-08-27 08:09:00+00:00,-0.0414,-0.04,MAE_KILL,2.0,2095.0,TREND,2.0,2026-08-27 08:09:00+00:00,fold2
SOLUSDT,2026-08-27 08:09:00+00:00,0.004600000000000001,0.006,TP,2.0,1.0,CHOP,2.0,2026-08-27 08:09:00+00:00,fold2
BTCUSDT,2026-08-27 08:10:00+00:00,0.004600000000000001,0.006,TP,2.0,5.0,CHOP,2.0,2026-08-27 08:10:00+00:00,fold2
SOLUSDT,2026-08-27 08:26:00+00:00,0.007902867574942489,0.009302867574942489,TP,2.0,12.0,CHOP,2.0,2026-08-27 08:26:00+00:00,fold2
ETHUSDT,2026-08-27 08:29:00+00:00,-0.0414,-0.04,MAE_KILL,2.0,1940.0,CHOP,2.0,2026-08-27 08:29:00+00:00,fold2
ETHUSDT,2026-08-27 08:30:00+00:00,-0.0414,-0.04,MAE_KILL,2.0,1045.0,CHOP,2.0,2026-08-27 08:30:00+00:00,fold2
ETHUSDT,2026-08-27 08:30:00+00:00,0.004600000000000001,0.006,TP,2.0,20.0,CHOP,2.0,2026-08-27 08:30:00+00:00,fold2
BTCUSDT,2026-08-27 08:39:00+00:00,0.0005000000000000001,0.0019,BE_STOP,2.0,27.0,TREND,2.0,2026-08-27 08:39:00+00:00,fold2
BTCUSDT,2026-08-27 08:43:00+00:00,0.004600000000000001,0.006,TP,2.0,26.0,TREND,2.0,2026-08-27 08:43:00+00:00,fold2
SOLUSDT,2026-08-27 08:45:00+00:00,0.004600000000000001,0.006,TP,2.0,6.0,CHOP,2.0,2026-08-27 08:45:00+00:00,fold2
SOLUSDT,2026-08-27 08:48:00+00:00,0.004600000000000001,0.006,TP,2.0,17.0,CHOP,2.0,2026-08-27 08:48:00+00:00,fold2
NEARUSDT,2026-08-27 08:51:00+00:00,0.0005000000000000001,0.0019,BE_STOP,2.0,6.0,TREND,2.0,2026-08-27 08:51:00+00:00,fold2
BTCUSDT,2026-08-27 08:55:00+00:00,0.0005000000000000001,0.0019,BE_STOP,2.0,28.0,TREND,2.0,2026-08-27 08:55:00+00:00,fold2
SOLUSDT,2026-08-27 09:01:00+00:00,0.0005000000000000001,0.0019,BE_STOP,2.0,9.0,TREND,2.0,2026-08-27 09:01:00+00:00,fold2
XRPUSDT,2026-08-27 09:25:00+00:00,0.004600000000000001,0.006,TP,2.0,52.0,CHOP,2.0,2026-08-27 09:25:00+00:00,fold2
BTCUSDT,2026-08-27 09:26:00+00:00,0.004600000000000001,0.006,TP,2.0,51.0,TREND,2.0,2026-08-27 09:26:00+00:00,fold2
BTCUSDT,2026-08-27 09:26:00+00:00,0.004600000000000001,0.006,TP,2.0,43.0,TREND,2.0,2026-08-27 09:26:00+00:00,fold2
BTCUSDT,2026-08-27 09:26:00+00:00,0.004600000000000001,0.006,TP,2.0,38.0,TREND,2.0,2026-08-27 09:26:00+00:00,fold2
BTCUSDT,2026-08-27 10:28:00+00:00,0.0005000000000000001,0.0019,BE_STOP,2.0,87.0,TREND,2.0,2026-08-27 10:28:00+00:00,fold2
BTCUSDT,2026-08-27 10:29:00+00:00,0.0005000000000000001,0.0019,BE_STOP,2.0,93.0,TREND,2.0,2026-08-27 10:29:00+00:00,fold2
BTCUSDT,2026-08-27 10:41:00+00:00,0.0005000000000000001,0.0019,BE_STOP,2.0,13.0,CHOP,2.0,2026-08-27 10:41:00+00:00,fold2
BTCUSDT,2026-08-27 10:41:00+00:00,0.0005000000000000001,0.0019,BE_STOP,2.0,10.0,CHOP,2.0,2026-08-27 10:41:00+00:00,fold2
ETHUSDT,2026-08-27 11:34:00+00:00,0.0005000000000000001,0.0019,BE_STOP,2.0,51.0,CHOP,2.0,2026-08-27 11:34:00+00:00,fold2
SOLUSDT,2026-08-27 11:52:00+00:00,0.0005000000000000001,0.0019,BE_STOP,2.0,14.0,TREND,2.0,2026-08-27 11:52:00+00:00,fold2
BTCUSDT,2026-08-27 11:54:00+00:00,0.0005000000000000001,0.0019,BE_STOP,2.0,73.0,CHOP,2.0,2026-08-27 11:54:00+00:00,fold2
XRPUSDT,2026-08-27 12:31:00+00:00,0.004600000000000001,0.006,TP,2.0,36.0,CHOP,2.0,2026-08-27 12:31:00+00:00,fold2
SOLUSDT,2026-08-27 12:52:00+00:00,0.0005000000000000001,0.0019,BE_STOP,2.0,20.0,TREND,2.0,2026-08-27 12:52:00+00:00,fold2
SOLUSDT,2026-08-27 13:10:00+00:00,0.0005000000000000001,0.0019,BE_STOP,2.0,18.0,TREND,2.0,2026-08-27 13:10:00+00:00,fold2
BTCUSDT,2026-08-27 13:43:00+00:00,0.0005000000000000001,0.0019,BE_STOP,2.0,111.0,CHOP,2.0,2026-08-27 13:43:00+00:00,fold2
BTCUSDT,2026-08-27 13:52:00+00:00,0.0005000000000000001,0.0019,BE_STOP,2.0,42.0,CHOP,2.0,2026-08-27 13:52:00+00:00,fold2
XRPUSDT,2026-08-27 13:56:00+00:00,0.004600000000000001,0.006,TP,2.0,12.0,CHOP,2.0,2026-08-27 13:56:00+00:00,fold2
SOLUSDT,2026-08-27 13:57:00+00:00,0.004600000000000001,0.006,TP,2.0,271.0,TREND,2.0,2026-08-27 13:57:00+00:00,fold2
SOLUSDT,2026-08-27 13:57:00+00:00,0.004600000000000001,0.006,TP,2.0,4.0,CHOP,2.0,2026-08-27 13:57:00+00:00,fold2
ETHUSDT,2026-08-27 14:07:00+00:00,0.0005000000000000001,0.0019,BE_STOP,2.0,8.0,CHOP,2.0,2026-08-27 14:07:00+00:00,fold2
BTCUSDT,2026-08-27 14:07:00+00:00,0.0005000000000000001,0.0019,BE_STOP,2.0,6.0,CHOP,2.0,2026-08-27 14:07:00+00:00,fold2
BTCUSDT,2026-08-27 14:09:00+00:00,0.0005000000000000001,0.0019,BE_STOP,2.0,13.0,CHOP,2.0,2026-08-27 14:09:00+00:00,fold2
XRPUSDT,2026-08-27 14:19:00+00:00,0.004600000000000001,0.006,TP,2.0,7.0,CHOP,2.0,2026-08-27 14:19:00+00:00,fold2
NEARUSDT,2026-08-27 14:20:00+00:00,0.004600000000000001,0.006,TP,2.0,10.0,CHOP,2.0,2026-08-27 14:20:00+00:00,fold2
SOLUSDT,2026-08-27 14:25:00+00:00,0.0005000000000000001,0.0019,BE_STOP,2.0,6.0,CHOP,2.0,2026-08-27 14:25:00+00:00,fold2
BTCUSDT,2026-08-27 14:35:00+00:00,0.004600000000000001,0.006,TP,2.0,27.0,CHOP,2.0,2026-08-27 14:35:00+00:00,fold2
BTCUSDT,2026-08-27 14:36:00+00:00,0.004600000000000001,0.006,TP,2.0,15.0,CHOP,2.0,2026-08-27 14:36:00+00:00,fold2
BTCUSDT,2026-08-27 14:41:00+00:00,0.004600000000000001,0.006,TP,2.0,16.0,CHOP,2.0,2026-08-27 14:41:00+00:00,fold2
XRPUSDT,2026-08-27 14:42:00+00:00,0.004623271731690633,0.006023271731690633,TP,2.0,6.0,CHOP,2.0,2026-08-27 14:42:00+00:00,fold2
BTCUSDT,2026-08-27 15:13:00+00:00,0.004600000000000001,0.006,TP,2.0,34.0,CHOP,2.0,2026-08-27 15:13:00+00:00,fold2
BTCUSDT,2026-08-27 15:13:00+00:00,0.004600000000000001,0.006,TP,2.0,28.0,CHOP,2.0,2026-08-27 15:13:00+00:00,fold2
BTCUSDT,2026-08-27 15:22:00+00:00,0.0005000000000000001,0.0019,BE_STOP,2.0,352.0,TREND,2.0,2026-08-27 15:22:00+00:00,fold2
BTCUSDT,2026-08-27 15:22:00+00:00,0.0005000000000000001,0.0019,BE_STOP,2.0,350.0,TREND,2.0,2026-08-27 15:22:00+00:00,fold2
BTCUSDT,2026-08-27 15:22:00+00:00,0.0005000000000000001,0.0019,BE_STOP,2.0,39.0,CHOP,2.0,2026-08-27 15:22:00+00:00,fold2
XRPUSDT,2026-08-27 15:36:00+00:00,0.0005000000000000001,0.0019,BE_STOP,2.0,12.0,CHOP,2.0,2026-08-27 15:36:00+00:00,fold2
NEARUSDT,2026-08-27 15:38:00+00:00,0.0005000000000000001,0.0019,BE_STOP,2.0,5.0,CHOP,2.0,2026-08-27 15:38:00+00:00,fold2
BTCUSDT,2026-08-27 16:11:00+00:00,0.0005000000000000001,0.0019,BE_STOP,2.0,33.0,CHOP,2.0,2026-08-27 16:11:00+00:00,fold2
SOLUSDT,2026-08-27 16:21:00+00:00,0.0005000000000000001,0.0019,BE_STOP,2.0,68.0,CHOP,2.0,2026-08-27 16:21:00+00:00,fold2
SOLUSDT,2026-08-27 16:21:00+00:00,0.0005000000000000001,0.0019,BE_STOP,2.0,53.0,TREND,2.0,2026-08-27 16:21:00+00:00,fold2
SOLUSDT,2026-08-27 16:22:00+00:00,0.004600000000000001,0.006,TP,2.0,11.0,TREND,2.0,2026-08-27 16:22:00+00:00,fold2
ETHUSDT,2026-08-27 16:46:00+00:00,0.0005000000000000001,0.0019,BE_STOP,2.0,19.0,CHOP,2.0,2026-08-27 16:46:00+00:00,fold2
BTCUSDT,2026-08-27 17:22:00+00:00,0.0005000000000000001,0.0019,BE_STOP,2.0,127.0,CHOP,2.0,2026-08-27 17:22:00+00:00,fold2
BTCUSDT,2026-08-27 17:42:00+00:00,0.0005000000000000001,0.0019,BE_STOP,2.0,77.0,CHOP,2.0,2026-08-27 17:42:00+00:00,fold2
BTCUSDT,2026-08-27 17:42:00+00:00,0.0005000000000000001,0.0019,BE_STOP,2.0,56.0,CHOP,2.0,2026-08-27 17:42:00+00:00,fold2
ETHUSDT,2026-08-27 18:13:00+00:00,0.004600000000000001,0.006,TP,2.0,157.0,CHOP,2.0,2026-08-27 18:13:00+00:00,fold2
BTCUSDT,2026-08-27 18:13:00+00:00,0.004600000000000001,0.006,TP,2.0,30.0,CHOP,2.0,2026-08-27 18:13:00+00:00,fold2
BTCUSDT,2026-08-27 18:13:00+00:00,0.004600000000000001,0.006,TP,2.0,27.0,CHOP,2.0,2026-08-27 18:13:00+00:00,fold2
BTCUSDT,2026-08-27 18:27:00+00:00,0.0005000000000000001,0.0019,BE_STOP,2.0,13.0,CHOP,2.0,2026-08-27 18:27:00+00:00,fold2
BTCUSDT,2026-08-28 01:18:00+00:00,-0.0414,-0.04,MAE_KILL,2.0,2045.0,CHOP,2.0,2026-08-28 01:18:00+00:00,fold2
BTCUSDT,2026-08-28 01:30:00+00:00,0.004600000000000001,0.006,TP,2.0,488.0,CHOP,2.0,2026-08-28 01:30:00+00:00,fold2
ETHUSDT,2026-08-28 01:34:00+00:00,0.0005000000000000001,0.0019,BE_STOP,2.0,15.0,TREND,2.0,2026-08-28 01:34:00+00:00,fold2
BTCUSDT,2026-08-28 01:35:00+00:00,0.0005000000000000001,0.0019,BE_STOP,2.0,5.0,TREND,2.0,2026-08-28 01:35:00+00:00,fold2
BTCUSDT,2026-08-28 02:53:00+00:00,0.0005000000000000001,0.0019,BE_STOP,2.0,506.0,CHOP,2.0,2026-08-28 02:53:00+00:00,fold2
ETHUSDT,2026-08-28 04:09:00+00:00,0.004600000000000001,0.006,TP,2.0,591.0,CHOP,2.0,2026-08-28 04:09:00+00:00,fold2
ETHUSDT,2026-08-28 04:12:00+00:00,0.0005000000000000001,0.0019,BE_STOP,2.0,592.0,CHOP,2.0,2026-08-28 04:12:00+00:00,fold2
BTCUSDT,2026-08-28 04:13:00+00:00,0.0005000000000000001,0.0019,BE_STOP,2.0,80.0,CHOP,2.0,2026-08-28 04:13:00+00:00,fold2
XRPUSDT,2026-08-28 09:35:00+00:00,-0.0414,-0.04,MAE_KILL,2.0,1034.0,TREND,2.0,2026-08-28 09:35:00+00:00,fold2
BTCUSDT,2026-08-28 10:03:00+00:00,0.004600000000000001,0.006,TP,2.0,353.0,CHOP,2.0,2026-08-28 10:03:00+00:00,fold2
ETHUSDT,2026-08-28 10:12:00+00:00,0.0005000000000000001,0.0019,BE_STOP,2.0,36.0,CHOP,2.0,2026-08-28 10:12:00+00:00,fold2
BTCUSDT,2026-08-28 14:05:00+00:00,0.004600000000000001,0.006,TP,2.0,240.0,CHOP,2.0,2026-08-28 14:05:00+00:00,fold2
BTCUSDT,2026-08-28 14:05:00+00:00,0.004600000000000001,0.006,TP,2.0,233.0,CHOP,2.0,2026-08-28 14:05:00+00:00,fold2
ETHUSDT,2026-08-28 14:13:00+00:00,0.005365503752255165,0.006765503752255164,TP,2.0,6.0,CHOP,2.0,2026-08-28 14:13:00+00:00,fold2
BTCUSDT,2026-08-28 14:18:00+00:00,0.0005000000000000001,0.0019,BE_STOP,2.0,2021.0,CHOP,2.0,2026-08-28 14:18:00+00:00,fold2
BTCUSDT,2026-08-28 15:58:00+00:00,0.004600000000000001,0.006,TP,2.0,100.0,CHOP,2.0,2026-08-28 15:58:00+00:00,fold2
XRPUSDT,2026-08-28 16:02:00+00:00,0.004600000000000001,0.006,TP,2.0,3.0,CHOP,2.0,2026-08-28 16:02:00+00:00,fold2
ETHUSDT,2026-08-28 16:03:00+00:00,-0.0414,-0.04,MAE_KILL,2.0,1835.0,TREND,2.0,2026-08-28 16:03:00+00:00,fold2
BTCUSDT,2026-08-28 16:12:00+00:00,-0.0414,-0.04,MAE_KILL,2.0,878.0,TREND,2.0,2026-08-28 16:12:00+00:00,fold2
BTCUSDT,2026-08-28 16:14:00+00:00,-0.0414,-0.04,MAE_KILL,2.0,878.0,TREND,2.0,2026-08-28 16:14:00+00:00,fold2
BTCUSDT,2026-08-28 16:17:00+00:00,0.004600000000000001,0.006,TP,2.0,14.0,CHOP,2.0,2026-08-28 16:17:00+00:00,fold2
BTCUSDT,2026-08-28 16:17:00+00:00,0.004600000000000001,0.006,TP,2.0,12.0,CHOP,2.0,2026-08-28 16:17:00+00:00,fold2
ETHUSDT,2026-08-28 16:23:00+00:00,0.004600000000000001,0.006,TP,2.0,11.0,CHOP,2.0,2026-08-28 16:23:00+00:00,fold2
SOLUSDT,2026-08-28 16:24:00+00:00,0.006869280208306165,0.008269280208306164,TP,2.0,139.0,CHOP,2.0,2026-08-28 16:24:00+00:00,fold2
SOLUSDT,2026-08-28 16:25:00+00:00,0.008765323882329515,0.010165323882329515,TP,2.0,132.0,CHOP,2.0,2026-08-28 16:25:00+00:00,fold2
NEARUSDT,2026-08-29 08:12:00+00:00,-0.0264,-0.025,MAE_KILL,2.0,485.0,CHOP,2.0,2026-08-29 08:12:00+00:00,fold2
NEARUSDT,2026-08-29 08:43:00+00:00,-0.0264,-0.025,MAE_KILL,2.0,514.0,CHOP,2.0,2026-08-29 08:43:00+00:00,fold2
BTCUSDT,2026-08-29 14:43:00+00:00,0.004600000000000001,0.006,TP,2.0,360.0,CHOP,2.0,2026-08-29 14:43:00+00:00,fold2
ETHUSDT,2026-08-29 14:53:00+00:00,0.0005000000000000001,0.0019,BE_STOP,2.0,882.0,CHOP,2.0,2026-08-29 14:53:00+00:00,fold2
BTCUSDT,2026-08-29 15:02:00+00:00,0.0005000000000000001,0.0019,BE_STOP,2.0,902.0,CHOP,2.0,2026-08-29 15:02:00+00:00,fold2
BTCUSDT,2026-08-29 15:02:00+00:00,0.0005000000000000001,0.0019,BE_STOP,2.0,900.0,CHOP,2.0,2026-08-29 15:02:00+00:00,fold2
BTCUSDT,2026-08-29 15:02:00+00:00,0.0005000000000000001,0.0019,BE_STOP,2.0,898.0,CHOP,2.0,2026-08-29 15:02:00+00:00,fold2
SOLUSDT,2026-08-29 15:06:00+00:00,0.0005000000000000001,0.0019,BE_STOP,2.0,23.0,TREND,2.0,2026-08-29 15:06:00+00:00,fold2
ETHUSDT,2026-08-29 16:19:00+00:00,0.0005000000000000001,0.0019,BE_STOP,2.0,86.0,CHOP,2.0,2026-08-29 16:19:00+00:00,fold2
BTCUSDT,2026-08-29 19:00:00+00:00,0.0005000000000000001,0.0019,BE_STOP,2.0,161.0,CHOP,2.0,2026-08-29 19:00:00+00:00,fold2
SOLUSDT,2026-08-29 19:16:00+00:00,0.004600000000000001,0.006,TP,2.0,254.0,TREND,2.0,2026-08-29 19:16:00+00:00,fold2
NEARUSDT,2026-08-30 01:33:00+00:00,0.0005000000000000001,0.0019,BE_STOP,2.0,393.0,TREND,2.0,2026-08-30 01:33:00+00:00,fold2
BTCUSDT,2026-08-30 04:19:00+00:00,-0.02347674655309041,-0.02207674655309041,MAX_AGE,2.0,2880.0,CHOP,2.0,2026-08-30 04:19:00+00:00,fold2
BTCUSDT,2026-08-30 04:22:00+00:00,-0.02364170319348779,-0.02224170319348779,MAX_AGE,2.0,2880.0,CHOP,2.0,2026-08-30 04:22:00+00:00,fold2
SOLUSDT,2026-08-30 04:58:00+00:00,0.0005000000000000001,0.0019,BE_STOP,2.0,204.0,CHOP,2.0,2026-08-30 04:58:00+00:00,fold2
BTCUSDT,2026-08-30 12:09:00+00:00,0.004600000000000001,0.006,TP,2.0,431.0,CHOP,2.0,2026-08-30 12:09:00+00:00,fold2
BTCUSDT,2026-08-30 12:32:00+00:00,0.004600000000000001,0.006,TP,2.0,1035.0,TREND,2.0,2026-08-30 12:32:00+00:00,fold2
SOLUSDT,2026-08-30 12:59:00+00:00,0.004600000000000001,0.006,TP,2.0,26.0,CHOP,2.0,2026-08-30 12:59:00+00:00,fold2
NEARUSDT,2026-08-30 13:06:00+00:00,0.0005000000000000001,0.0019,BE_STOP,2.0,7.0,CHOP,2.0,2026-08-30 13:06:00+00:00,fold2
ETHUSDT,2026-08-30 14:06:00+00:00,0.0005000000000000001,0.0019,BE_STOP,2.0,116.0,CHOP,2.0,2026-08-30 14:06:00+00:00,fold2
SOLUSDT,2026-08-30 14:24:00+00:00,0.0005000000000000001,0.0019,BE_STOP,2.0,17.0,TREND,2.0,2026-08-30 14:24:00+00:00,fold2
ETHUSDT,2026-08-30 15:09:00+00:00,0.004600000000000001,0.006,TP,2.0,123.0,CHOP,2.0,2026-08-30 15:09:00+00:00,fold2
NEARUSDT,2026-08-30 18:52:00+00:00,-0.0264,-0.025,MAE_KILL,2.0,217.0,CHOP,2.0,2026-08-30 18:52:00+00:00,fold2
NEARUSDT,2026-08-30 18:57:00+00:00,0.004600000000000001,0.006,TP,2.0,4.0,CHOP,2.0,2026-08-30 18:57:00+00:00,fold2
BTCUSDT,2026-08-30 20:43:00+00:00,0.004600000000000001,0.006,TP,2.0,105.0,CHOP,2.0,2026-08-30 20:43:00+00:00,fold2
NEARUSDT,2026-08-30 20:46:00+00:00,0.0005000000000000001,0.0019,BE_STOP,2.0,3.0,CHOP,2.0,2026-08-30 20:46:00+00:00,fold2
BTCUSDT,2026-08-30 20:51:00+00:00,0.0005000000000000001,0.0019,BE_STOP,2.0,387.0,TREND,2.0,2026-08-30 20:51:00+00:00,fold2
XRPUSDT,2026-08-30 21:01:00+00:00,0.004600000000000001,0.006,TP,2.0,15.0,CHOP,2.0,2026-08-30 21:01:00+00:00,fold2
NEARUSDT,2026-08-30 21:01:00+00:00,0.004600000000000001,0.006,TP,2.0,7.0,CHOP,2.0,2026-08-30 21:01:00+00:00,fold2
ETHUSDT,2026-08-30 22:32:00+00:00,0.0005000000000000001,0.0019,BE_STOP,2.0,90.0,CHOP,2.0,2026-08-30 22:32:00+00:00,fold2
BTCUSDT,2026-08-30 23:19:00+00:00,0.0005000000000000001,0.0019,BE_STOP,2.0,47.0,CHOP,2.0,2026-08-30 23:19:00+00:00,fold2
BTCUSDT,2026-08-30 23:20:00+00:00,0.0005000000000000001,0.0019,BE_STOP,2.0,136.0,CHOP,2.0,2026-08-30 23:20:00+00:00,fold2
ETHUSDT,2026-08-30 23:23:00+00:00,0.004600000000000001,0.006,TP,2.0,1141.0,CHOP,2.0,2026-08-30 23:23:00+00:00,fold2
ETHUSDT,2026-08-30 23:23:00+00:00,0.004600000000000001,0.006,TP,2.0,4.0,CHOP,2.0,2026-08-30 23:23:00+00:00,fold2
BTCUSDT,2026-08-30 23:26:00+00:00,0.0005000000000000001,0.0019,BE_STOP,2.0,1147.0,CHOP,2.0,2026-08-30 23:26:00+00:00,fold2
NEARUSDT,2026-08-30 23:28:00+00:00,0.0048984195847536355,0.006298419584753635,TP,2.0,4.0,CHOP,2.0,2026-08-30 23:28:00+00:00,fold2
ETHUSDT,2026-08-30 23:29:00+00:00,0.004600000000000001,0.006,TP,2.0,1942.0,TREND,2.0,2026-08-30 23:29:00+00:00,fold2
ETHUSDT,2026-08-30 23:29:00+00:00,0.004600000000000001,0.006,TP,2.0,1940.0,TREND,2.0,2026-08-30 23:29:00+00:00,fold2
BTCUSDT,2026-08-30 23:30:00+00:00,0.004600000000000001,0.006,TP,2.0,4.0,CHOP,2.0,2026-08-30 23:30:00+00:00,fold2
BTCUSDT,2026-08-30 23:31:00+00:00,0.0005000000000000001,0.0019,BE_STOP,2.0,1947.0,CHOP,2.0,2026-08-30 23:31:00+00:00,fold2
BTCUSDT,2026-08-30 23:37:00+00:00,0.0005000000000000001,0.0019,BE_STOP,2.0,4.0,TREND,2.0,2026-08-30 23:37:00+00:00,fold3
BTCUSDT,2026-08-30 23:41:00+00:00,0.004600000000000001,0.006,TP,2.0,11.0,TREND,2.0,2026-08-30 23:41:00+00:00,fold3
ETHUSDT,2026-08-30 23:43:00+00:00,0.0005000000000000001,0.0019,BE_STOP,2.0,3.0,TREND,2.0,2026-08-30 23:43:00+00:00,fold3
BTCUSDT,2026-08-30 23:46:00+00:00,0.004600000000000001,0.006,TP,2.0,10.0,TREND,2.0,2026-08-30 23:46:00+00:00,fold3
BTCUSDT,2026-08-30 23:47:00+00:00,0.004600000000000001,0.006,TP,2.0,2375.0,CHOP,2.0,2026-08-30 23:47:00+00:00,fold3
BTCUSDT,2026-08-30 23:47:00+00:00,0.004600000000000001,0.006,TP,2.0,4.0,TREND,2.0,2026-08-30 23:47:00+00:00,fold3
NEARUSDT,2026-08-31 00:16:00+00:00,0.004600000000000001,0.006,TP,2.0,9.0,TREND,2.0,2026-08-31 00:16:00+00:00,fold3
ETHUSDT,2026-08-31 00:23:00+00:00,0.004600000000000001,0.006,TP,2.0,21.0,TREND,2.0,2026-08-31 00:23:00+00:00,fold3
BTCUSDT,2026-08-31 00:35:00+00:00,0.004600000000000001,0.006,TP,2.0,35.0,TREND,2.0,2026-08-31 00:35:00+00:00,fold3
SOLUSDT,2026-08-31 00:36:00+00:00,0.004841304250258052,0.006241304250258052,TP,2.0,38.0,TREND,2.0,2026-08-31 00:36:00+00:00,fold3
NEARUSDT,2026-08-31 00:38:00+00:00,-0.0264,-0.025,MAE_KILL,2.0,44.0,TREND,2.0,2026-08-31 00:38:00+00:00,fold3
BTCUSDT,2026-08-31 00:47:00+00:00,0.0005000000000000001,0.0019,BE_STOP,2.0,30.0,TREND,2.0,2026-08-31 00:47:00+00:00,fold3
NEARUSDT,2026-08-31 00:54:00+00:00,0.004600000000000001,0.006,TP,2.0,7.0,CHOP,2.0,2026-08-31 00:54:00+00:00,fold3
BTCUSDT,2026-08-31 01:04:00+00:00,0.0005000000000000001,0.0019,BE_STOP,2.0,59.0,TREND,2.0,2026-08-31 01:04:00+00:00,fold3
ETHUSDT,2026-08-31 02:06:00+00:00,0.0005000000000000001,0.0019,BE_STOP,2.0,61.0,TREND,2.0,2026-08-31 02:06:00+00:00,fold3
SOLUSDT,2026-08-31 02:35:00+00:00,0.0005000000000000001,0.0019,BE_STOP,2.0,28.0,TREND,2.0,2026-08-31 02:35:00+00:00,fold3
ETHUSDT,2026-08-31 03:09:00+00:00,0.0005000000000000001,0.0019,BE_STOP,2.0,33.0,CHOP,2.0,2026-08-31 03:09:00+00:00,fold3
NEARUSDT,2026-08-31 03:19:00+00:00,0.004600000000000001,0.006,TP,2.0,10.0,CHOP,2.0,2026-08-31 03:19:00+00:00,fold3
ETHUSDT,2026-08-31 04:02:00+00:00,0.0005000000000000001,0.0019,BE_STOP,2.0,43.0,CHOP,2.0,2026-08-31 04:02:00+00:00,fold3
SOLUSDT,2026-08-31 05:25:00+00:00,0.004600000000000001,0.006,TP,2.0,301.0,TREND,2.0,2026-08-31 05:25:00+00:00,fold3
SOLUSDT,2026-08-31 05:25:00+00:00,0.004600000000000001,0.006,TP,2.0,271.0,TREND,2.0,2026-08-31 05:25:00+00:00,fold3
BTCUSDT,2026-08-31 07:29:00+00:00,0.0005000000000000001,0.0019,BE_STOP,2.0,123.0,CHOP,2.0,2026-08-31 07:29:00+00:00,fold3
BTCUSDT,2026-08-31 07:31:00+00:00,0.0005000000000000001,0.0019,BE_STOP,2.0,414.0,CHOP,2.0,2026-08-31 07:31:00+00:00,fold3
BTCUSDT,2026-08-31 07:31:00+00:00,0.0005000000000000001,0.0019,BE_STOP,2.0,409.0,CHOP,2.0,2026-08-31 07:31:00+00:00,fold3
BTCUSDT,2026-08-31 08:03:00+00:00,0.0005000000000000001,0.0019,BE_STOP,2.0,444.0,CHOP,2.0,2026-08-31 08:03:00+00:00,fold3
XRPUSDT,2026-08-31 08:03:00+00:00,0.0005000000000000001,0.0019,BE_STOP,2.0,31.0,CHOP,2.0,2026-08-31 08:03:00+00:00,fold3
ETHUSDT,2026-08-31 08:09:00+00:00,0.0005000000000000001,0.0019,BE_STOP,2.0,35.0,CHOP,2.0,2026-08-31 08:09:00+00:00,fold3
SOLUSDT,2026-08-31 08:09:00+00:00,0.0005000000000000001,0.0019,BE_STOP,2.0,6.0,TREND,2.0,2026-08-31 08:09:00+00:00,fold3
BTCUSDT,2026-08-31 08:44:00+00:00,0.0005000000000000001,0.0019,BE_STOP,2.0,75.0,CHOP,2.0,2026-08-31 08:44:00+00:00,fold3
BTCUSDT,2026-08-31 08:44:00+00:00,0.0005000000000000001,0.0019,BE_STOP,2.0,32.0,TREND,2.0,2026-08-31 08:44:00+00:00,fold3
BTCUSDT,2026-08-31 09:08:00+00:00,0.004600000000000001,0.006,TP,2.0,22.0,CHOP,2.0,2026-08-31 09:08:00+00:00,fold3
BTCUSDT,2026-08-31 09:09:00+00:00,0.004600000000000001,0.006,TP,2.0,25.0,CHOP,2.0,2026-08-31 09:09:00+00:00,fold3
NEARUSDT,2026-08-31 09:11:00+00:00,0.0005000000000000001,0.0019,BE_STOP,2.0,221.0,CHOP,2.0,2026-08-31 09:11:00+00:00,fold3
SOLUSDT,2026-08-31 10:12:00+00:00,0.0005000000000000001,0.0019,BE_STOP,2.0,59.0,TREND,2.0,2026-08-31 10:12:00+00:00,fold3
BTCUSDT,2026-08-31 12:30:00+00:00,0.004600000000000001,0.006,TP,2.0,138.0,TREND,2.0,2026-08-31 12:30:00+00:00,fold3
BTCUSDT,2026-08-31 12:59:00+00:00,0.0005000000000000001,0.0019,BE_STOP,2.0,28.0,CHOP,2.0,2026-08-31 12:59:00+00:00,fold3
BTCUSDT,2026-08-31 13:00:00+00:00,0.0005000000000000001,0.0019,BE_STOP,2.0,293.0,TREND,2.0,2026-08-31 13:00:00+00:00,fold3
SOLUSDT,2026-08-31 13:38:00+00:00,0.0005000000000000001,0.0019,BE_STOP,2.0,329.0,TREND,2.0,2026-08-31 13:38:00+00:00,fold3
ETHUSDT,2026-08-31 14:04:00+00:00,0.0005000000000000001,0.0019,BE_STOP,2.0,26.0,CHOP,2.0,2026-08-31 14:04:00+00:00,fold3
ETHUSDT,2026-08-31 14:41:00+00:00,0.004600000000000001,0.006,TP,2.0,99.0,CHOP,2.0,2026-08-31 14:41:00+00:00,fold3
SOLUSDT,2026-08-31 14:41:00+00:00,0.004600000000000001,0.006,TP,2.0,37.0,CHOP,2.0,2026-08-31 14:41:00+00:00,fold3
ETHUSDT,2026-08-31 15:47:00+00:00,0.0005000000000000001,0.0019,BE_STOP,2.0,64.0,CHOP,2.0,2026-08-31 15:47:00+00:00,fold3
BTCUSDT,2026-08-31 15:53:00+00:00,0.0005000000000000001,0.0019,BE_STOP,2.0,68.0,CHOP,2.0,2026-08-31 15:53:00+00:00,fold3
SOLUSDT,2026-08-31 16:42:00+00:00,0.0005000000000000001,0.0019,BE_STOP,2.0,48.0,CHOP,2.0,2026-08-31 16:42:00+00:00,fold3
XRPUSDT,2026-08-31 16:49:00+00:00,0.0005000000000000001,0.0019,BE_STOP,2.0,7.0,CHOP,2.0,2026-08-31 16:49:00+00:00,fold3
BTCUSDT,2026-08-31 16:57:00+00:00,0.0005000000000000001,0.0019,BE_STOP,2.0,466.0,TREND,2.0,2026-08-31 16:57:00+00:00,fold3
BTCUSDT,2026-08-31 16:57:00+00:00,0.0005000000000000001,0.0019,BE_STOP,2.0,70.0,CHOP,2.0,2026-08-31 16:57:00+00:00,fold3
BTCUSDT,2026-08-31 17:46:00+00:00,0.0005000000000000001,0.0019,BE_STOP,2.0,517.0,TREND,2.0,2026-08-31 17:46:00+00:00,fold3
BTCUSDT,2026-08-31 18:01:00+00:00,0.0005000000000000001,0.0019,BE_STOP,2.0,72.0,CHOP,2.0,2026-08-31 18:01:00+00:00,fold3
BTCUSDT,2026-08-31 18:01:00+00:00,0.0005000000000000001,0.0019,BE_STOP,2.0,64.0,CHOP,2.0,2026-08-31 18:01:00+00:00,fold3
SOLUSDT,2026-08-31 18:24:00+00:00,0.0005000000000000001,0.0019,BE_STOP,2.0,23.0,CHOP,2.0,2026-08-31 18:24:00+00:00,fold3
NEARUSDT,2026-08-31 18:42:00+00:00,0.0005000000000000001,0.0019,BE_STOP,2.0,18.0,CHOP,2.0,2026-08-31 18:42:00+00:00,fold3
BTCUSDT,2026-08-31 18:53:00+00:00,0.0005000000000000001,0.0019,BE_STOP,2.0,66.0,CHOP,2.0,2026-08-31 18:53:00+00:00,fold3
NEARUSDT,2026-08-31 19:49:00+00:00,0.0005000000000000001,0.0019,BE_STOP,2.0,56.0,CHOP,2.0,2026-08-31 19:49:00+00:00,fold3
SOLUSDT,2026-08-31 21:30:00+00:00,0.0005000000000000001,0.0019,BE_STOP,2.0,101.0,CHOP,2.0,2026-08-31 21:30:00+00:00,fold3
NEARUSDT,2026-08-31 22:57:00+00:00,-0.0264,-0.025,MAE_KILL,2.0,294.0,CHOP,2.0,2026-08-31 22:57:00+00:00,fold3
BTCUSDT,2026-08-31 23:19:00+00:00,0.0005000000000000001,0.0019,BE_STOP,2.0,379.0,CHOP,2.0,2026-08-31 23:19:00+00:00,fold3
ETHUSDT,2026-09-01 01:28:00+00:00,0.0005000000000000001,0.0019,BE_STOP,2.0,129.0,CHOP,2.0,2026-09-01 01:28:00+00:00,fold3
BTCUSDT,2026-09-01 01:35:00+00:00,0.0005000000000000001,0.0019,BE_STOP,2.0,158.0,CHOP,2.0,2026-09-01 01:35:00+00:00,fold3
BTCUSDT,2026-09-01 02:24:00+00:00,0.0005000000000000001,0.0019,BE_STOP,2.0,56.0,CHOP,2.0,2026-09-01 02:24:00+00:00,fold3
ETHUSDT,2026-09-01 02:27:00+00:00,0.0005000000000000001,0.0019,BE_STOP,2.0,52.0,CHOP,2.0,2026-09-01 02:27:00+00:00,fold3
NEARUSDT,2026-09-01 03:46:00+00:00,-0.0264,-0.025,MAE_KILL,2.0,82.0,CHOP,2.0,2026-09-01 03:46:00+00:00,fold3
BTCUSDT,2026-09-01 05:12:00+00:00,0.0005000000000000001,0.0019,BE_STOP,2.0,86.0,CHOP,2.0,2026-09-01 05:12:00+00:00,fold3
BTCUSDT,2026-09-01 06:02:00+00:00,0.0005000000000000001,0.0019,BE_STOP,2.0,511.0,CHOP,2.0,2026-09-01 06:02:00+00:00,fold3
BTCUSDT,2026-09-01 06:16:00+00:00,0.0005000000000000001,0.0019,BE_STOP,2.0,64.0,CHOP,2.0,2026-09-01 06:16:00+00:00,fold3
BTCUSDT,2026-09-01 08:06:00+00:00,0.004600000000000001,0.006,TP,2.0,110.0,CHOP,2.0,2026-09-01 08:06:00+00:00,fold3
BTCUSDT,2026-09-01 08:26:00+00:00,0.004600000000000001,0.006,TP,2.0,19.0,CHOP,2.0,2026-09-01 08:26:00+00:00,fold3
BTCUSDT,2026-09-01 10:31:00+00:00,0.0005000000000000001,0.0019,BE_STOP,2.0,482.0,CHOP,2.0,2026-09-01 10:31:00+00:00,fold3
NEARUSDT,2026-09-01 10:44:00+00:00,0.0005000000000000001,0.0019,BE_STOP,2.0,12.0,TREND,2.0,2026-09-01 10:44:00+00:00,fold3
BTCUSDT,2026-09-01 12:42:00+00:00,0.0005000000000000001,0.0019,BE_STOP,2.0,255.0,CHOP,2.0,2026-09-01 12:42:00+00:00,fold3
ETHUSDT,2026-09-01 13:06:00+00:00,0.004600000000000001,0.006,TP,2.0,24.0,CHOP,2.0,2026-09-01 13:06:00+00:00,fold3
XRPUSDT,2026-09-01 13:07:00+00:00,0.0005000000000000001,0.0019,BE_STOP,2.0,1448.0,CHOP,2.0,2026-09-01 13:07:00+00:00,fold3
BTCUSDT,2026-09-01 13:43:00+00:00,0.0005000000000000001,0.0019,BE_STOP,2.0,36.0,CHOP,2.0,2026-09-01 13:43:00+00:00,fold3
BTCUSDT,2026-09-01 13:44:00+00:00,0.0005000000000000001,0.0019,BE_STOP,2.0,34.0,CHOP,2.0,2026-09-01 13:44:00+00:00,fold3
BTCUSDT,2026-09-01 13:58:00+00:00,0.0005000000000000001,0.0019,BE_STOP,2.0,12.0,CHOP,2.0,2026-09-01 13:58:00+00:00,fold3
XRPUSDT,2026-09-01 14:01:00+00:00,0.004600000000000001,0.006,TP,2.0,17.0,CHOP,2.0,2026-09-01 14:01:00+00:00,fold3
BTCUSDT,2026-09-01 14:12:00+00:00,0.0005000000000000001,0.0019,BE_STOP,2.0,10.0,CHOP,2.0,2026-09-01 14:12:00+00:00,fold3
XRPUSDT,2026-09-01 14:19:00+00:00,0.0005000000000000001,0.0019,BE_STOP,2.0,19.0,CHOP,2.0,2026-09-01 14:19:00+00:00,fold3
NEARUSDT,2026-09-01 14:23:00+00:00,0.004600000000000001,0.006,TP,2.0,4.0,TREND,2.0,2026-09-01 14:23:00+00:00,fold3
NEARUSDT,2026-09-01 16:17:00+00:00,-0.0264,-0.025,MAE_KILL,2.0,112.0,TREND,2.0,2026-09-01 16:17:00+00:00,fold3
BTCUSDT,2026-09-01 16:40:00+00:00,0.0005000000000000001,0.0019,BE_STOP,2.0,21.0,CHOP,2.0,2026-09-01 16:40:00+00:00,fold3
BTCUSDT,2026-09-01 16:41:00+00:00,0.0005000000000000001,0.0019,BE_STOP,2.0,2198.0,CHOP,2.0,2026-09-01 16:41:00+00:00,fold3
SOLUSDT,2026-09-01 16:46:00+00:00,0.0005000000000000001,0.0019,BE_STOP,2.0,5.0,CHOP,2.0,2026-09-01 16:46:00+00:00,fold3
NEARUSDT,2026-09-01 17:08:00+00:00,0.006118413927625238,0.007518413927625238,TP,2.0,21.0,CHOP,2.0,2026-09-01 17:08:00+00:00,fold3
BTCUSDT,2026-09-01 18:19:00+00:00,0.004600000000000001,0.006,TP,2.0,70.0,CHOP,2.0,2026-09-01 18:19:00+00:00,fold3
BTCUSDT,2026-09-01 18:27:00+00:00,0.004600000000000001,0.006,TP,2.0,2557.0,TREND,2.0,2026-09-01 18:27:00+00:00,fold3
BTCUSDT,2026-09-01 18:27:00+00:00,0.004600000000000001,0.006,TP,2.0,102.0,CHOP,2.0,2026-09-01 18:27:00+00:00,fold3
BTCUSDT,2026-09-01 18:28:00+00:00,0.004600000000000001,0.006,TP,2.0,2560.0,TREND,2.0,2026-09-01 18:28:00+00:00,fold3
SOLUSDT,2026-09-01 18:28:00+00:00,0.004600000000000001,0.006,TP,2.0,9.0,CHOP,2.0,2026-09-01 18:28:00+00:00,fold3
ETHUSDT,2026-09-01 18:37:00+00:00,0.004600000000000001,0.006,TP,2.0,8.0,CHOP,2.0,2026-09-01 18:37:00+00:00,fold3
SOLUSDT,2026-09-01 18:40:00+00:00,0.0005000000000000001,0.0019,BE_STOP,2.0,3.0,TREND,2.0,2026-09-01 18:40:00+00:00,fold3
BTCUSDT,2026-09-01 18:45:00+00:00,0.004600000000000001,0.006,TP,2.0,14.0,CHOP,2.0,2026-09-01 18:45:00+00:00,fold3
SOLUSDT,2026-09-01 18:49:00+00:00,0.0005000000000000001,0.0019,BE_STOP,2.0,10.0,TREND,2.0,2026-09-01 18:49:00+00:00,fold3
SOLUSDT,2026-09-01 18:49:00+00:00,0.0005000000000000001,0.0019,BE_STOP,2.0,8.0,TREND,2.0,2026-09-01 18:49:00+00:00,fold3
NEARUSDT,2026-09-01 19:04:00+00:00,0.004600000000000001,0.006,TP,2.0,13.0,CHOP,2.0,2026-09-01 19:04:00+00:00,fold3
BTCUSDT,2026-09-01 19:23:00+00:00,0.004600000000000001,0.006,TP,2.0,29.0,CHOP,2.0,2026-09-01 19:23:00+00:00,fold3
BTCUSDT,2026-09-01 19:29:00+00:00,0.0005000000000000001,0.0019,BE_STOP,2.0,24.0,CHOP,2.0,2026-09-01 19:29:00+00:00,fold3
BTCUSDT,2026-09-01 23:52:00+00:00,0.0005000000000000001,0.0019,BE_STOP,2.0,263.0,CHOP,2.0,2026-09-01 23:52:00+00:00,fold3
BTCUSDT,2026-09-01 23:54:00+00:00,0.0005000000000000001,0.0019,BE_STOP,2.0,270.0,CHOP,2.0,2026-09-01 23:54:00+00:00,fold3
NEARUSDT,2026-09-02 00:07:00+00:00,0.0005000000000000001,0.0019,BE_STOP,2.0,15.0,CHOP,2.0,2026-09-02 00:07:00+00:00,fold3
BTCUSDT,2026-09-02 01:14:00+00:00,0.0005000000000000001,0.0019,BE_STOP,2.0,67.0,CHOP,2.0,2026-09-02 01:14:00+00:00,fold3
NEARUSDT,2026-09-02 01:25:00+00:00,0.0005000000000000001,0.0019,BE_STOP,2.0,11.0,CHOP,2.0,2026-09-02 01:25:00+00:00,fold3
SOLUSDT,2026-09-02 01:40:00+00:00,0.004600000000000001,0.006,TP,2.0,10.0,CHOP,2.0,2026-09-02 01:40:00+00:00,fold3
SOLUSDT,2026-09-02 01:50:00+00:00,0.004600000000000001,0.006,TP,2.0,10.0,CHOP,2.0,2026-09-02 01:50:00+00:00,fold3
XRPUSDT,2026-09-02 03:30:00+00:00,0.0005000000000000001,0.0019,BE_STOP,2.0,216.0,CHOP,2.0,2026-09-02 03:30:00+00:00,fold3
ETHUSDT,2026-09-02 09:23:00+00:00,-0.0414,-0.04,MAE_KILL,2.0,1641.0,CHOP,2.0,2026-09-02 09:23:00+00:00,fold3
BTCUSDT,2026-09-02 09:48:00+00:00,0.0005000000000000001,0.0019,BE_STOP,2.0,24.0,CHOP,2.0,2026-09-02 09:48:00+00:00,fold3
SOLUSDT,2026-09-02 09:49:00+00:00,0.0005000000000000001,0.0019,BE_STOP,2.0,479.0,CHOP,2.0,2026-09-02 09:49:00+00:00,fold3
ETHUSDT,2026-09-02 10:32:00+00:00,-0.0414,-0.04,MAE_KILL,2.0,1428.0,CHOP,2.0,2026-09-02 10:32:00+00:00,fold3
ETHUSDT,2026-09-02 10:33:00+00:00,0.004600000000000001,0.006,TP,2.0,45.0,TREND,2.0,2026-09-02 10:33:00+00:00,fold3
NEARUSDT,2026-09-02 10:50:00+00:00,0.004600000000000001,0.006,TP,2.0,18.0,CHOP,2.0,2026-09-02 10:50:00+00:00,fold3
BTCUSDT,2026-09-02 10:54:00+00:00,0.0005000000000000001,0.0019,BE_STOP,2.0,968.0,CHOP,2.0,2026-09-02 10:54:00+00:00,fold3
BTCUSDT,2026-09-02 10:54:00+00:00,0.0005000000000000001,0.0019,BE_STOP,2.0,19.0,TREND,2.0,2026-09-02 10:54:00+00:00,fold3
BTCUSDT,2026-09-02 10:55:00+00:00,0.0005000000000000001,0.0019,BE_STOP,2.0,967.0,CHOP,2.0,2026-09-02 10:55:00+00:00,fold3
SOLUSDT,2026-09-02 11:28:00+00:00,0.0005000000000000001,0.0019,BE_STOP,2.0,37.0,TREND,2.0,2026-09-02 11:28:00+00:00,fold3
SOLUSDT,2026-09-02 11:33:00+00:00,0.0005000000000000001,0.0019,BE_STOP,2.0,39.0,TREND,2.0,2026-09-02 11:33:00+00:00,fold3
NEARUSDT,2026-09-02 11:39:00+00:00,0.004600000000000001,0.006,TP,2.0,108.0,CHOP,2.0,2026-09-02 11:39:00+00:00,fold3
SOLUSDT,2026-09-02 12:31:00+00:00,0.0005000000000000001,0.0019,BE_STOP,2.0,52.0,TREND,2.0,2026-09-02 12:31:00+00:00,fold3
BTCUSDT,2026-09-02 12:46:00+00:00,0.0005000000000000001,0.0019,BE_STOP,2.0,71.0,TREND,2.0,2026-09-02 12:46:00+00:00,fold3
BTCUSDT,2026-09-02 12:50:00+00:00,0.0005000000000000001,0.0019,BE_STOP,2.0,110.0,TREND,2.0,2026-09-02 12:50:00+00:00,fold3
BTCUSDT,2026-09-02 12:50:00+00:00,0.0005000000000000001,0.0019,BE_STOP,2.0,107.0,TREND,2.0,2026-09-02 12:50:00+00:00,fold3
XRPUSDT,2026-09-02 13:01:00+00:00,0.0005000000000000001,0.0019,BE_STOP,2.0,11.0,CHOP,2.0,2026-09-02 13:01:00+00:00,fold3
BTCUSDT,2026-09-02 13:45:00+00:00,0.004600000000000001,0.006,TP,2.0,74.0,CHOP,2.0,2026-09-02 13:45:00+00:00,fold3
BTCUSDT,2026-09-02 18:43:00+00:00,-0.02447668000176955,-0.023076680001769552,MAX_AGE,2.0,2880.0,CHOP,2.0,2026-09-02 18:43:00+00:00,fold3
BTCUSDT,2026-09-02 23:09:00+00:00,0.0005000000000000001,0.0019,BE_STOP,2.0,266.0,CHOP,2.0,2026-09-02 23:09:00+00:00,fold3
BTCUSDT,2026-09-03 01:47:00+00:00,0.0005000000000000001,0.0019,BE_STOP,2.0,157.0,CHOP,2.0,2026-09-03 01:47:00+00:00,fold3
BTCUSDT,2026-09-03 02:34:00+00:00,0.004600000000000001,0.006,TP,2.0,769.0,CHOP,2.0,2026-09-03 02:34:00+00:00,fold3
BTCUSDT,2026-09-03 03:05:00+00:00,0.0005000000000000001,0.0019,BE_STOP,2.0,1415.0,CHOP,2.0,2026-09-03 03:05:00+00:00,fold3
BTCUSDT,2026-09-03 05:23:00+00:00,0.004600000000000001,0.006,TP,2.0,138.0,CHOP,2.0,2026-09-03 05:23:00+00:00,fold3
BTCUSDT,2026-09-03 05:31:00+00:00,0.0005000000000000001,0.0019,BE_STOP,2.0,223.0,CHOP,2.0,2026-09-03 05:31:00+00:00,fold3
BTCUSDT,2026-09-03 07:16:00+00:00,0.0005000000000000001,0.0019,BE_STOP,2.0,281.0,CHOP,2.0,2026-09-03 07:16:00+00:00,fold3
NEARUSDT,2026-09-03 07:40:00+00:00,0.0005000000000000001,0.0019,BE_STOP,2.0,24.0,CHOP,2.0,2026-09-03 07:40:00+00:00,fold3
XRPUSDT,2026-09-03 08:10:00+00:00,0.0005000000000000001,0.0019,BE_STOP,2.0,29.0,CHOP,2.0,2026-09-03 08:10:00+00:00,fold3
NEARUSDT,2026-09-03 12:17:00+00:00,0.0005000000000000001,0.0019,BE_STOP,2.0,247.0,CHOP,2.0,2026-09-03 12:17:00+00:00,fold3
SOLUSDT,2026-09-03 12:54:00+00:00,-0.0414,-0.04,MAE_KILL,2.0,1526.0,TREND,2.0,2026-09-03 12:54:00+00:00,fold3
BTCUSDT,2026-09-03 12:55:00+00:00,0.004600000000000001,0.006,TP,2.0,2803.0,CHOP,2.0,2026-09-03 12:55:00+00:00,fold3
ETHUSDT,2026-09-03 13:35:00+00:00,0.0005000000000000001,0.0019,BE_STOP,2.0,37.0,CHOP,2.0,2026-09-03 13:35:00+00:00,fold3
ETHUSDT,2026-09-03 13:48:00+00:00,0.0005000000000000001,0.0019,BE_STOP,2.0,13.0,CHOP,2.0,2026-09-03 13:48:00+00:00,fold3
BTCUSDT,2026-09-03 13:54:00+00:00,0.0005000000000000001,0.0019,BE_STOP,2.0,58.0,CHOP,2.0,2026-09-03 13:54:00+00:00,fold3
BTCUSDT,2026-09-03 14:23:00+00:00,0.004600000000000001,0.006,TP,2.0,35.0,CHOP,2.0,2026-09-03 14:23:00+00:00,fold3
BTCUSDT,2026-09-03 14:30:00+00:00,-0.0414,-0.04,MAE_KILL,2.0,1537.0,CHOP,2.0,2026-09-03 14:30:00+00:00,fold3
BTCUSDT,2026-09-03 14:30:00+00:00,-0.0414,-0.04,MAE_KILL,2.0,1529.0,CHOP,2.0,2026-09-03 14:30:00+00:00,fold3
BTCUSDT,2026-09-03 14:32:00+00:00,-0.0414,-0.04,MAE_KILL,2.0,1546.0,CHOP,2.0,2026-09-03 14:32:00+00:00,fold3
NEARUSDT,2026-09-03 14:32:00+00:00,0.004600000000000001,0.006,TP,2.0,9.0,CHOP,2.0,2026-09-03 14:32:00+00:00,fold3
BTCUSDT,2026-09-03 14:48:00+00:00,-0.0414,-0.04,MAE_KILL,2.0,557.0,CHOP,2.0,2026-09-03 14:48:00+00:00,fold3
BTCUSDT,2026-09-03 14:48:00+00:00,0.004600000000000001,0.006,TP,2.0,15.0,TREND,2.0,2026-09-03 14:48:00+00:00,fold3
ETHUSDT,2026-09-03 14:48:00+00:00,0.004600000000000001,0.006,TP,2.0,13.0,TREND,2.0,2026-09-03 14:48:00+00:00,fold3
BTCUSDT,2026-09-03 14:48:00+00:00,0.004600000000000001,0.006,TP,2.0,10.0,TREND,2.0,2026-09-03 14:48:00+00:00,fold3
BTCUSDT,2026-09-03 14:48:00+00:00,0.004600000000000001,0.006,TP,2.0,8.0,TREND,2.0,2026-09-03 14:48:00+00:00,fold3
BTCUSDT,2026-09-03 14:49:00+00:00,-0.0414,-0.04,MAE_KILL,2.0,565.0,CHOP,2.0,2026-09-03 14:49:00+00:00,fold3
SOLUSDT,2026-09-03 14:59:00+00:00,-0.0414,-0.04,MAE_KILL,2.0,160.0,CHOP,2.0,2026-09-03 14:59:00+00:00,fold3
ETHUSDT,2026-09-03 15:00:00+00:00,0.004600000000000001,0.006,TP,2.0,8.0,TREND,2.0,2026-09-03 15:00:00+00:00,fold3
ETHUSDT,2026-09-03 15:00:00+00:00,0.004600000000000001,0.006,TP,2.0,5.0,TREND,2.0,2026-09-03 15:00:00+00:00,fold3
SOLUSDT,2026-09-03 15:01:00+00:00,-0.0414,-0.04,MAE_KILL,2.0,67.0,CHOP,2.0,2026-09-03 15:01:00+00:00,fold3
BTCUSDT,2026-09-03 15:01:00+00:00,0.004600000000000001,0.006,TP,2.0,11.0,TREND,2.0,2026-09-03 15:01:00+00:00,fold3
BTCUSDT,2026-09-03 15:01:00+00:00,0.004600000000000001,0.006,TP,2.0,4.0,TREND,2.0,2026-09-03 15:01:00+00:00,fold3
NEARUSDT,2026-09-03 15:04:00+00:00,0.004600000000000001,0.006,TP,2.0,4.0,TREND,2.0,2026-09-03 15:04:00+00:00,fold3
BTCUSDT,2026-09-03 15:45:00+00:00,0.0005000000000000001,0.0019,BE_STOP,2.0,21.0,TREND,2.0,2026-09-03 15:45:00+00:00,fold3
BTCUSDT,2026-09-03 15:46:00+00:00,0.0005000000000000001,0.0019,BE_STOP,2.0,40.0,TREND,2.0,2026-09-03 15:46:00+00:00,fold3
BTCUSDT,2026-09-03 15:47:00+00:00,0.0005000000000000001,0.0019,BE_STOP,2.0,39.0,TREND,2.0,2026-09-03 15:47:00+00:00,fold3
SOLUSDT,2026-09-03 15:50:00+00:00,0.0005000000000000001,0.0019,BE_STOP,2.0,29.0,TREND,2.0,2026-09-03 15:50:00+00:00,fold3
SOLUSDT,2026-09-03 15:50:00+00:00,0.0005000000000000001,0.0019,BE_STOP,2.0,5.0,TREND,2.0,2026-09-03 15:50:00+00:00,fold3
BTCUSDT,2026-09-03 15:51:00+00:00,0.004600000000000001,0.006,TP,2.0,41.0,TREND,2.0,2026-09-03 15:51:00+00:00,fold3
BTCUSDT,2026-09-03 15:51:00+00:00,0.004600000000000001,0.006,TP,2.0,37.0,TREND,2.0,2026-09-03 15:51:00+00:00,fold3
ETHUSDT,2026-09-03 15:52:00+00:00,0.004600000000000001,0.006,TP,2.0,49.0,TREND,2.0,2026-09-03 15:52:00+00:00,fold3
BTCUSDT,2026-09-03 15:52:00+00:00,0.004600000000000001,0.006,TP,2.0,33.0,TREND,2.0,2026-09-03 15:52:00+00:00,fold3
NEARUSDT,2026-09-03 15:52:00+00:00,0.004600000000000001,0.006,TP,2.0,5.0,TREND,2.0,2026-09-03 15:52:00+00:00,fold3
BTCUSDT,2026-09-03 16:33:00+00:00,0.0005000000000000001,0.0019,BE_STOP,2.0,26.0,TREND,2.0,2026-09-03 16:33:00+00:00,fold3
XRPUSDT,2026-09-03 18:08:00+00:00,0.0005000000000000001,0.0019,BE_STOP,2.0,129.0,TREND,2.0,2026-09-03 18:08:00+00:00,fold3
BTCUSDT,2026-09-03 18:26:00+00:00,0.0005000000000000001,0.0019,BE_STOP,2.0,111.0,TREND,2.0,2026-09-03 18:26:00+00:00,fold3
SOLUSDT,2026-09-03 19:04:00+00:00,0.004600000000000001,0.006,TP,2.0,187.0,TREND,2.0,2026-09-03 19:04:00+00:00,fold3
BTCUSDT,2026-09-03 19:05:00+00:00,0.004600000000000001,0.006,TP,2.0,190.0,TREND,2.0,2026-09-03 19:05:00+00:00,fold3
SOLUSDT,2026-09-03 19:05:00+00:00,0.004600000000000001,0.006,TP,2.0,57.0,TREND,2.0,2026-09-03 19:05:00+00:00,fold3
BTCUSDT,2026-09-03 19:06:00+00:00,0.0005000000000000001,0.0019,BE_STOP,2.0,193.0,TREND,2.0,2026-09-03 19:06:00+00:00,fold3
BTCUSDT,2026-09-03 19:06:00+00:00,0.0005000000000000001,0.0019,BE_STOP,2.0,185.0,TREND,2.0,2026-09-03 19:06:00+00:00,fold3
NEARUSDT,2026-09-03 19:19:00+00:00,0.0005000000000000001,0.0019,BE_STOP,2.0,6.0,TREND,2.0,2026-09-03 19:19:00+00:00,fold3
XRPUSDT,2026-09-03 19:48:00+00:00,0.0005000000000000001,0.0019,BE_STOP,2.0,37.0,TREND,2.0,2026-09-03 19:48:00+00:00,fold3
BTCUSDT,2026-09-03 19:52:00+00:00,0.004600000000000001,0.006,TP,2.0,46.0,TREND,2.0,2026-09-03 19:52:00+00:00,fold3
NEARUSDT,2026-09-03 20:02:00+00:00,0.0005000000000000001,0.0019,BE_STOP,2.0,10.0,CHOP,2.0,2026-09-03 20:02:00+00:00,fold3
ETHUSDT,2026-09-03 20:39:00+00:00,0.0005000000000000001,0.0019,BE_STOP,2.0,82.0,TREND,2.0,2026-09-03 20:39:00+00:00,fold3
ETHUSDT,2026-09-03 20:39:00+00:00,0.0005000000000000001,0.0019,BE_STOP,2.0,37.0,CHOP,2.0,2026-09-03 20:39:00+00:00,fold3
BTCUSDT,2026-09-03 21:32:00+00:00,0.004600000000000001,0.006,TP,2.0,51.0,CHOP,2.0,2026-09-03 21:32:00+00:00,fold3
BTCUSDT,2026-09-03 21:34:00+00:00,0.004600000000000001,0.006,TP,2.0,132.0,TREND,2.0,2026-09-03 21:34:00+00:00,fold3
BTCUSDT,2026-09-03 21:34:00+00:00,0.004600000000000001,0.006,TP,2.0,55.0,CHOP,2.0,2026-09-03 21:34:00+00:00,fold3
NEARUSDT,2026-09-03 21:36:00+00:00,0.0005000000000000001,0.0019,BE_STOP,2.0,3.0,CHOP,2.0,2026-09-03 21:36:00+00:00,fold3
XRPUSDT,2026-09-03 22:04:00+00:00,0.0005000000000000001,0.0019,BE_STOP,2.0,169.0,TREND,2.0,2026-09-03 22:04:00+00:00,fold3
XRPUSDT,2026-09-03 22:05:00+00:00,0.0005000000000000001,0.0019,BE_STOP,2.0,137.0,TREND,2.0,2026-09-03 22:05:00+00:00,fold3
SOLUSDT,2026-09-03 22:16:00+00:00,0.0005000000000000001,0.0019,BE_STOP,2.0,36.0,CHOP,2.0,2026-09-03 22:16:00+00:00,fold3
SOLUSDT,2026-09-03 22:32:00+00:00,0.004600000000000001,0.006,TP,2.0,246.0,TREND,2.0,2026-09-03 22:32:00+00:00,fold3
BTCUSDT,2026-09-03 22:32:00+00:00,0.004600000000000001,0.006,TP,2.0,28.0,CHOP,2.0,2026-09-03 22:32:00+00:00,fold3
ETHUSDT,2026-09-03 22:32:00+00:00,0.004600000000000001,0.006,TP,2.0,24.0,CHOP,2.0,2026-09-03 22:32:00+00:00,fold3
BTCUSDT,2026-09-03 23:18:00+00:00,0.0005000000000000001,0.0019,BE_STOP,2.0,62.0,CHOP,2.0,2026-09-03 23:18:00+00:00,fold3
NEARUSDT,2026-09-04 00:32:00+00:00,0.0005000000000000001,0.0019,BE_STOP,2.0,114.0,CHOP,2.0,2026-09-04 00:32:00+00:00,fold3
ETHUSDT,2026-09-04 00:36:00+00:00,0.004600000000000001,0.006,TP,2.0,78.0,CHOP,2.0,2026-09-04 00:36:00+00:00,fold3
XRPUSDT,2026-09-04 01:06:00+00:00,0.0005000000000000001,0.0019,BE_STOP,2.0,542.0,TREND,2.0,2026-09-04 01:06:00+00:00,fold3
XRPUSDT,2026-09-04 01:34:00+00:00,0.004600000000000001,0.006,TP,2.0,28.0,CHOP,2.0,2026-09-04 01:34:00+00:00,fold3
BTCUSDT,2026-09-04 01:51:00+00:00,0.0005000000000000001,0.0019,BE_STOP,2.0,197.0,CHOP,2.0,2026-09-04 01:51:00+00:00,fold3
BTCUSDT,2026-09-04 01:58:00+00:00,0.0005000000000000001,0.0019,BE_STOP,2.0,202.0,CHOP,2.0,2026-09-04 01:58:00+00:00,fold3
BTCUSDT,2026-09-04 04:38:00+00:00,0.0005000000000000001,0.0019,BE_STOP,2.0,160.0,CHOP,2.0,2026-09-04 04:38:00+00:00,fold3
BTCUSDT,2026-09-04 04:44:00+00:00,0.0005000000000000001,0.0019,BE_STOP,2.0,173.0,CHOP,2.0,2026-09-04 04:44:00+00:00,fold3
BTCUSDT,2026-09-04 06:39:00+00:00,0.0005000000000000001,0.0019,BE_STOP,2.0,304.0,CHOP,2.0,2026-09-04 06:39:00+00:00,fold3
BTCUSDT,2026-09-04 07:08:00+00:00,0.0005000000000000001,0.0019,BE_STOP,2.0,144.0,CHOP,2.0,2026-09-04 07:08:00+00:00,fold3
BTCUSDT,2026-09-04 08:06:00+00:00,0.0005000000000000001,0.0019,BE_STOP,2.0,87.0,CHOP,2.0,2026-09-04 08:06:00+00:00,fold3
ETHUSDT,2026-09-04 08:46:00+00:00,0.004600000000000001,0.006,TP,2.0,248.0,CHOP,2.0,2026-09-04 08:46:00+00:00,fold3
BTCUSDT,2026-09-04 09:24:00+00:00,0.0005000000000000001,0.0019,BE_STOP,2.0,136.0,CHOP,2.0,2026-09-04 09:24:00+00:00,fold3
SOLUSDT,2026-09-04 10:32:00+00:00,0.0005000000000000001,0.0019,BE_STOP,2.0,67.0,CHOP,2.0,2026-09-04 10:32:00+00:00,fold3
BTCUSDT,2026-09-04 12:02:00+00:00,0.0005000000000000001,0.0019,BE_STOP,2.0,195.0,CHOP,2.0,2026-09-04 12:02:00+00:00,fold3
ETHUSDT,2026-09-04 12:30:00+00:00,0.004600000000000001,0.006,TP,2.0,1241.0,TREND,2.0,2026-09-04 12:30:00+00:00,fold3
SOLUSDT,2026-09-04 12:30:00+00:00,0.004600000000000001,0.006,TP,2.0,264.0,CHOP,2.0,2026-09-04 12:30:00+00:00,fold3
NEARUSDT,2026-09-04 12:30:00+00:00,0.004600000000000001,0.006,TP,2.0,118.0,CHOP,2.0,2026-09-04 12:30:00+00:00,fold3
BTCUSDT,2026-09-04 12:30:00+00:00,0.004600000000000001,0.006,TP,2.0,28.0,CHOP,2.0,2026-09-04 12:30:00+00:00,fold3
ETHUSDT,2026-09-04 12:39:00+00:00,0.0005000000000000001,0.0019,BE_STOP,2.0,6.0,CHOP,2.0,2026-09-04 12:39:00+00:00,fold3
SOLUSDT,2026-09-04 12:40:00+00:00,0.0005000000000000001,0.0019,BE_STOP,2.0,5.0,CHOP,2.0,2026-09-04 12:40:00+00:00,fold3
BTCUSDT,2026-09-04 12:46:00+00:00,0.005863531690519746,0.007263531690519746,TP,2.0,7.0,CHOP,2.0,2026-09-04 12:46:00+00:00,fold3
BTCUSDT,2026-09-04 12:46:00+00:00,0.005994428177385482,0.007394428177385481,TP,2.0,5.0,CHOP,2.0,2026-09-04 12:46:00+00:00,fold3
BTCUSDT,2026-09-04 13:17:00+00:00,0.0005000000000000001,0.0019,BE_STOP,2.0,28.0,CHOP,2.0,2026-09-04 13:17:00+00:00,fold3
ETHUSDT,2026-09-04 13:17:00+00:00,0.0005000000000000001,0.0019,BE_STOP,2.0,26.0,CHOP,2.0,2026-09-04 13:17:00+00:00,fold3
BTCUSDT,2026-09-04 13:38:00+00:00,0.0005000000000000001,0.0019,BE_STOP,2.0,51.0,CHOP,2.0,2026-09-04 13:38:00+00:00,fold3
SOLUSDT,2026-09-04 13:38:00+00:00,0.0005000000000000001,0.0019,BE_STOP,2.0,21.0,TREND,2.0,2026-09-04 13:38:00+00:00,fold3
SOLUSDT,2026-09-04 13:38:00+00:00,0.0005000000000000001,0.0019,BE_STOP,2.0,19.0,TREND,2.0,2026-09-04 13:38:00+00:00,fold3
SOLUSDT,2026-09-04 13:47:00+00:00,0.004600000000000001,0.006,TP,2.0,7.0,TREND,2.0,2026-09-04 13:47:00+00:00,fold3
SOLUSDT,2026-09-04 13:54:00+00:00,0.0005000000000000001,0.0019,BE_STOP,2.0,16.0,TREND,2.0,2026-09-04 13:54:00+00:00,fold3
SOLUSDT,2026-09-04 13:54:00+00:00,0.0005000000000000001,0.0019,BE_STOP,2.0,12.0,TREND,2.0,2026-09-04 13:54:00+00:00,fold3
NEARUSDT,2026-09-04 14:20:00+00:00,-0.0264,-0.025,MAE_KILL,2.0,22.0,CHOP,2.0,2026-09-04 14:20:00+00:00,fold3
BTCUSDT,2026-09-04 14:23:00+00:00,0.0005000000000000001,0.0019,BE_STOP,2.0,28.0,TREND,2.0,2026-09-04 14:23:00+00:00,fold3
SOLUSDT,2026-09-04 14:43:00+00:00,0.004600000000000001,0.006,TP,2.0,20.0,TREND,2.0,2026-09-04 14:43:00+00:00,fold3
ETHUSDT,2026-09-04 14:45:00+00:00,0.0005000000000000001,0.0019,BE_STOP,2.0,25.0,TREND,2.0,2026-09-04 14:45:00+00:00,fold3
BTCUSDT,2026-09-04 14:56:00+00:00,0.0005000000000000001,0.0019,BE_STOP,2.0,12.0,TREND,2.0,2026-09-04 14:56:00+00:00,fold3
ETHUSDT,2026-09-04 15:08:00+00:00,0.0005000000000000001,0.0019,BE_STOP,2.0,151.0,CHOP,2.0,2026-09-04 15:08:00+00:00,fold3
SOLUSDT,2026-09-04 15:40:00+00:00,0.004600000000000001,0.006,TP,2.0,32.0,TREND,2.0,2026-09-04 15:40:00+00:00,fold3
BTCUSDT,2026-09-04 17:15:00+00:00,0.0005000000000000001,0.0019,BE_STOP,2.0,95.0,CHOP,2.0,2026-09-04 17:15:00+00:00,fold3
BTCUSDT,2026-09-05 16:55:00+00:00,0.004600000000000001,0.006,TP,2.0,1627.0,TREND,2.0,2026-09-05 16:55:00+00:00,fold3
ETHUSDT,2026-09-05 17:01:00+00:00,0.0005000000000000001,0.0019,BE_STOP,2.0,6.0,TREND,2.0,2026-09-05 17:01:00+00:00,fold3
ETHUSDT,2026-09-05 17:28:00+00:00,0.0005000000000000001,0.0019,BE_STOP,2.0,27.0,TREND,2.0,2026-09-05 17:28:00+00:00,fold3
BTCUSDT,2026-09-05 21:35:00+00:00,-0.026779390191178844,-0.025379390191178845,MAX_AGE,2.0,2880.0,TREND,2.0,2026-09-05 21:35:00+00:00,fold3
BTCUSDT,2026-09-05 21:37:00+00:00,-0.025362935239409332,-0.023962935239409334,MAX_AGE,2.0,2880.0,TREND,2.0,2026-09-05 21:37:00+00:00,fold3
BTCUSDT,2026-09-05 21:50:00+00:00,0.0005000000000000001,0.0019,BE_STOP,2.0,261.0,CHOP,2.0,2026-09-05 21:50:00+00:00,fold3
BTCUSDT,2026-09-06 00:32:00+00:00,-0.01817047451323531,-0.016770474513235312,MAX_AGE,2.0,2880.0,CHOP,2.0,2026-09-06 00:32:00+00:00,fold3
BTCUSDT,2026-09-06 00:36:00+00:00,-0.018995123907763596,-0.017595123907763598,MAX_AGE,2.0,2880.0,CHOP,2.0,2026-09-06 00:36:00+00:00,fold3
SOLUSDT,2026-09-06 01:21:00+00:00,0.0005000000000000001,0.0019,BE_STOP,2.0,45.0,CHOP,2.0,2026-09-06 01:21:00+00:00,fold3
BTCUSDT,2026-09-06 04:05:00+00:00,0.0005000000000000001,0.0019,BE_STOP,2.0,390.0,CHOP,2.0,2026-09-06 04:05:00+00:00,fold3
BTCUSDT,2026-09-06 04:07:00+00:00,0.0005000000000000001,0.0019,BE_STOP,2.0,390.0,CHOP,2.0,2026-09-06 04:07:00+00:00,fold3
ETHUSDT,2026-09-06 04:28:00+00:00,0.0005000000000000001,0.0019,BE_STOP,2.0,21.0,TREND,2.0,2026-09-06 04:28:00+00:00,fold3
BTCUSDT,2026-09-06 06:54:00+00:00,0.0005000000000000001,0.0019,BE_STOP,2.0,332.0,CHOP,2.0,2026-09-06 06:54:00+00:00,fold3
BTCUSDT,2026-09-06 07:15:00+00:00,0.0005000000000000001,0.0019,BE_STOP,2.0,21.0,CHOP,2.0,2026-09-06 07:15:00+00:00,fold3
BTCUSDT,2026-09-06 07:17:00+00:00,0.0005000000000000001,0.0019,BE_STOP,2.0,169.0,CHOP,2.0,2026-09-06 07:17:00+00:00,fold3
BTCUSDT,2026-09-06 07:23:00+00:00,0.0005000000000000001,0.0019,BE_STOP,2.0,198.0,CHOP,2.0,2026-09-06 07:23:00+00:00,fold3
ETHUSDT,2026-09-06 13:37:00+00:00,0.0005000000000000001,0.0019,BE_STOP,2.0,382.0,CHOP,2.0,2026-09-06 13:37:00+00:00,fold3
ETHUSDT,2026-09-06 13:38:00+00:00,0.0005000000000000001,0.0019,BE_STOP,2.0,381.0,CHOP,2.0,2026-09-06 13:38:00+00:00,fold3
NEARUSDT,2026-09-06 13:39:00+00:00,0.005271458869238288,0.006671458869238287,TP,2.0,2.0,CHOP,2.0,2026-09-06 13:39:00+00:00,fold3
NEARUSDT,2026-09-06 13:44:00+00:00,0.005375435943480934,0.006775435943480933,TP,2.0,2.0,CHOP,2.0,2026-09-06 13:44:00+00:00,fold3
SOLUSDT,2026-09-06 13:59:00+00:00,0.004600000000000001,0.006,TP,2.0,15.0,CHOP,2.0,2026-09-06 13:59:00+00:00,fold3
BTCUSDT,2026-09-06 14:32:00+00:00,0.004600000000000001,0.006,TP,2.0,52.0,CHOP,2.0,2026-09-06 14:32:00+00:00,fold3
BTCUSDT,2026-09-06 14:33:00+00:00,0.0005000000000000001,0.0019,BE_STOP,2.0,2717.0,CHOP,2.0,2026-09-06 14:33:00+00:00,fold3
BTCUSDT,2026-09-06 14:50:00+00:00,-0.011981560859515428,-0.010581560859515428,MAX_AGE,2.0,2880.0,TREND,2.0,2026-09-06 14:50:00+00:00,fold3
BTCUSDT,2026-09-06 14:56:00+00:00,-0.009570530850120286,-0.008170530850120285,MAX_AGE,2.0,2880.0,TREND,2.0,2026-09-06 14:56:00+00:00,fold3
NEARUSDT,2026-09-06 15:01:00+00:00,0.008359345458035392,0.009759345458035392,TP,2.0,29.0,CHOP,2.0,2026-09-06 15:01:00+00:00,fold3
BTCUSDT,2026-09-06 19:36:00+00:00,0.0005000000000000001,0.0019,BE_STOP,2.0,285.0,CHOP,2.0,2026-09-06 19:36:00+00:00,fold3
ETHUSDT,2026-09-06 21:06:00+00:00,0.004600000000000001,0.006,TP,2.0,426.0,CHOP,2.0,2026-09-06 21:06:00+00:00,fold3
NEARUSDT,2026-09-06 21:34:00+00:00,0.005271883365594521,0.00667188336559452,TP,2.0,28.0,CHOP,2.0,2026-09-06 21:34:00+00:00,fold3
SOLUSDT,2026-09-06 22:18:00+00:00,0.004600000000000001,0.006,TP,2.0,162.0,CHOP,2.0,2026-09-06 22:18:00+00:00,fold3
BTCUSDT,2026-09-06 22:26:00+00:00,0.0005000000000000001,0.0019,BE_STOP,2.0,52.0,CHOP,2.0,2026-09-06 22:26:00+00:00,fold3
BTCUSDT,2026-09-06 23:03:00+00:00,0.004600000000000001,0.006,TP,2.0,940.0,CHOP,2.0,2026-09-06 23:03:00+00:00,fold3
SOLUSDT,2026-09-06 23:03:00+00:00,0.004600000000000001,0.006,TP,2.0,34.0,CHOP,2.0,2026-09-06 23:03:00+00:00,fold3
BTCUSDT,2026-09-06 23:38:00+00:00,0.004600000000000001,0.006,TP,2.0,1548.0,CHOP,2.0,2026-09-06 23:38:00+00:00,fold3
BTCUSDT,2026-09-06 23:38:00+00:00,0.004600000000000001,0.006,TP,2.0,1385.0,CHOP,2.0,2026-09-06 23:38:00+00:00,fold3
BTCUSDT,2026-09-06 23:56:00+00:00,0.0005000000000000001,0.0019,BE_STOP,2.0,52.0,CHOP,2.0,2026-09-06 23:56:00+00:00,fold3
NEARUSDT,2026-09-07 00:07:00+00:00,0.0005000000000000001,0.0019,BE_STOP,2.0,29.0,CHOP,2.0,2026-09-07 00:07:00+00:00,fold3
BTCUSDT,2026-09-07 00:16:00+00:00,0.0005000000000000001,0.0019,BE_STOP,2.0,70.0,CHOP,2.0,2026-09-07 00:16:00+00:00,fold3
XRPUSDT,2026-09-07 01:29:00+00:00,0.0005000000000000001,0.0019,BE_STOP,2.0,190.0,CHOP,2.0,2026-09-07 01:29:00+00:00,fold3
ETHUSDT,2026-09-07 01:44:00+00:00,0.004600000000000001,0.006,TP,2.0,107.0,CHOP,2.0,2026-09-07 01:44:00+00:00,fold3
ETHUSDT,2026-09-07 01:44:00+00:00,0.004600000000000001,0.006,TP,2.0,97.0,CHOP,2.0,2026-09-07 01:44:00+00:00,fold3
ETHUSDT,2026-09-07 02:29:00+00:00,0.0005000000000000001,0.0019,BE_STOP,2.0,133.0,CHOP,2.0,2026-09-07 02:29:00+00:00,fold3
XRPUSDT,2026-09-07 02:38:00+00:00,0.004600000000000001,0.006,TP,2.0,9.0,CHOP,2.0,2026-09-07 02:38:00+00:00,fold3
BTCUSDT,2026-09-07 04:21:00+00:00,0.0005000000000000001,0.0019,BE_STOP,2.0,157.0,CHOP,2.0,2026-09-07 04:21:00+00:00,fold3
ETHUSDT,2026-09-07 05:04:00+00:00,0.0005000000000000001,0.0019,BE_STOP,2.0,215.0,CHOP,2.0,2026-09-07 05:04:00+00:00,fold3
BTCUSDT,2026-09-07 05:05:00+00:00,0.0005000000000000001,0.0019,BE_STOP,2.0,198.0,CHOP,2.0,2026-09-07 05:05:00+00:00,fold3
ETHUSDT,2026-09-07 05:25:00+00:00,0.004600000000000001,0.006,TP,2.0,64.0,CHOP,2.0,2026-09-07 05:25:00+00:00,fold3
ETHUSDT,2026-09-07 05:51:00+00:00,0.0005000000000000001,0.0019,BE_STOP,2.0,43.0,CHOP,2.0,2026-09-07 05:51:00+00:00,fold3
BTCUSDT,2026-09-07 07:33:00+00:00,0.004600000000000001,0.006,TP,2.0,101.0,CHOP,2.0,2026-09-07 07:33:00+00:00,fold3
BTCUSDT,2026-09-07 07:40:00+00:00,0.004600000000000001,0.006,TP,2.0,1003.0,CHOP,2.0,2026-09-07 07:40:00+00:00,fold3
BTCUSDT,2026-09-07 07:41:00+00:00,0.004600000000000001,0.006,TP,2.0,1027.0,CHOP,2.0,2026-09-07 07:41:00+00:00,fold3
BTCUSDT,2026-09-07 07:41:00+00:00,0.004600000000000001,0.006,TP,2.0,999.0,CHOP,2.0,2026-09-07 07:41:00+00:00,fold3
ETHUSDT,2026-09-07 07:43:00+00:00,0.0005000000000000001,0.0019,BE_STOP,2.0,9.0,CHOP,2.0,2026-09-07 07:43:00+00:00,fold3
SOLUSDT,2026-09-07 14:50:00+00:00,0.0005000000000000001,0.0019,BE_STOP,2.0,421.0,TREND,2.0,2026-09-07 14:50:00+00:00,fold3
BTCUSDT,2026-09-07 14:52:00+00:00,0.0005000000000000001,0.0019,BE_STOP,2.0,430.0,TREND,2.0,2026-09-07 14:52:00+00:00,fold3
BTCUSDT,2026-09-07 14:53:00+00:00,0.0005000000000000001,0.0019,BE_STOP,2.0,429.0,TREND,2.0,2026-09-07 14:53:00+00:00,fold3
BTCUSDT,2026-09-07 14:53:00+00:00,0.0005000000000000001,0.0019,BE_STOP,2.0,426.0,TREND,2.0,2026-09-07 14:53:00+00:00,fold3
NEARUSDT,2026-09-07 15:43:00+00:00,-0.0264,-0.025,MAE_KILL,2.0,47.0,CHOP,2.0,2026-09-07 15:43:00+00:00,fold3
ETHUSDT,2026-09-07 18:31:00+00:00,0.0005000000000000001,0.0019,BE_STOP,2.0,221.0,CHOP,2.0,2026-09-07 18:31:00+00:00,fold3
BTCUSDT,2026-09-07 23:03:00+00:00,0.0005000000000000001,0.0019,BE_STOP,2.0,272.0,CHOP,2.0,2026-09-07 23:03:00+00:00,fold3
NEARUSDT,2026-09-07 23:08:00+00:00,0.004600000000000001,0.006,TP,2.0,5.0,CHOP,2.0,2026-09-07 23:08:00+00:00,fold3
BTCUSDT,2026-09-08 01:34:00+00:00,0.0005000000000000001,0.0019,BE_STOP,2.0,636.0,CHOP,2.0,2026-09-08 01:34:00+00:00,fold3
BTCUSDT,2026-09-08 02:30:00+00:00,0.0005000000000000001,0.0019,BE_STOP,2.0,201.0,CHOP,2.0,2026-09-08 02:30:00+00:00,fold3
NEARUSDT,2026-09-08 02:47:00+00:00,0.004600000000000001,0.006,TP,2.0,17.0,CHOP,2.0,2026-09-08 02:47:00+00:00,fold3
NEARUSDT,2026-09-08 02:59:00+00:00,-0.0264,-0.025,MAE_KILL,2.0,85.0,CHOP,2.0,2026-09-08 02:59:00+00:00,fold3
BTCUSDT,2026-09-08 05:00:00+00:00,0.004600000000000001,0.006,TP,2.0,133.0,CHOP,2.0,2026-09-08 05:00:00+00:00,fold3
BTCUSDT,2026-09-08 05:19:00+00:00,0.0005000000000000001,0.0019,BE_STOP,2.0,139.0,CHOP,2.0,2026-09-08 05:19:00+00:00,fold3
ETHUSDT,2026-09-08 06:22:00+00:00,0.004600000000000001,0.006,TP,2.0,82.0,CHOP,2.0,2026-09-08 06:22:00+00:00,fold3
BTCUSDT,2026-09-08 06:53:00+00:00,0.004600000000000001,0.006,TP,2.0,910.0,CHOP,2.0,2026-09-08 06:53:00+00:00,fold3
BTCUSDT,2026-09-08 07:56:00+00:00,0.0005000000000000001,0.0019,BE_STOP,2.0,94.0,TREND,2.0,2026-09-08 07:56:00+00:00,fold3
NEARUSDT,2026-09-08 08:48:00+00:00,0.0005000000000000001,0.0019,BE_STOP,2.0,52.0,CHOP,2.0,2026-09-08 08:48:00+00:00,fold3
SOLUSDT,2026-09-08 09:41:00+00:00,0.004600000000000001,0.006,TP,2.0,53.0,CHOP,2.0,2026-09-08 09:41:00+00:00,fold3
XRPUSDT,2026-09-08 10:20:00+00:00,0.004600000000000001,0.006,TP,2.0,301.0,CHOP,2.0,2026-09-08 10:20:00+00:00,fold3
BTCUSDT,2026-09-08 10:27:00+00:00,0.0005000000000000001,0.0019,BE_STOP,2.0,45.0,CHOP,2.0,2026-09-08 10:27:00+00:00,fold3
ETHUSDT,2026-09-08 13:39:00+00:00,0.004600000000000001,0.006,TP,2.0,405.0,TREND,2.0,2026-09-08 13:39:00+00:00,fold3
XRPUSDT,2026-09-08 16:01:00+00:00,-0.0414,-0.04,MAE_KILL,2.0,140.0,CHOP,2.0,2026-09-08 16:01:00+00:00,fold3
SOLUSDT,2026-09-08 16:40:00+00:00,0.004600000000000001,0.006,TP,2.0,39.0,CHOP,2.0,2026-09-08 16:40:00+00:00,fold3
BTCUSDT,2026-09-08 23:40:00+00:00,-0.02501888066177688,-0.02361888066177688,MAX_AGE,2.0,2880.0,CHOP,2.0,2026-09-08 23:40:00+00:00,fold3
NEARUSDT,2026-09-09 00:03:00+00:00,0.004600000000000001,0.006,TP,2.0,23.0,CHOP,2.0,2026-09-09 00:03:00+00:00,fold3
ETHUSDT,2026-09-09 01:17:00+00:00,0.0005000000000000001,0.0019,BE_STOP,2.0,73.0,CHOP,2.0,2026-09-09 01:17:00+00:00,fold3
BTCUSDT,2026-09-09 02:40:00+00:00,-0.020904875284858633,-0.019504875284858635,MAX_AGE,2.0,2880.0,CHOP,2.0,2026-09-09 02:40:00+00:00,fold3
ETHUSDT,2026-09-09 05:01:00+00:00,0.0005000000000000001,0.0019,BE_STOP,2.0,741.0,CHOP,2.0,2026-09-09 05:01:00+00:00,fold3
BTCUSDT,2026-09-09 05:06:00+00:00,-0.00892220273183316,-0.00752220273183316,MAX_AGE,2.0,2880.0,CHOP,2.0,2026-09-09 05:06:00+00:00,fold3
BTCUSDT,2026-09-09 05:14:00+00:00,0.004600000000000001,0.006,TP,2.0,1127.0,CHOP,2.0,2026-09-09 05:14:00+00:00,fold3
BTCUSDT,2026-09-09 05:26:00+00:00,-0.010257318249583444,-0.008857318249583444,MAX_AGE,2.0,2880.0,CHOP,2.0,2026-09-09 05:26:00+00:00,fold3
SOLUSDT,2026-09-09 05:27:00+00:00,0.0005000000000000001,0.0019,BE_STOP,2.0,26.0,CHOP,2.0,2026-09-09 05:27:00+00:00,fold3
BTCUSDT,2026-09-09 05:31:00+00:00,0.0005000000000000001,0.0019,BE_STOP,2.0,1150.0,CHOP,2.0,2026-09-09 05:31:00+00:00,fold3
XRPUSDT,2026-09-09 05:46:00+00:00,0.004600000000000001,0.006,TP,2.0,20.0,CHOP,2.0,2026-09-09 05:46:00+00:00,fold3
ETHUSDT,2026-09-09 06:15:00+00:00,0.0005000000000000001,0.0019,BE_STOP,2.0,69.0,CHOP,2.0,2026-09-09 06:15:00+00:00,fold3
NEARUSDT,2026-09-09 06:19:00+00:00,0.004600000000000001,0.006,TP,2.0,51.0,CHOP,2.0,2026-09-09 06:19:00+00:00,fold3
XRPUSDT,2026-09-09 06:33:00+00:00,0.0005000000000000001,0.0019,BE_STOP,2.0,78.0,CHOP,2.0,2026-09-09 06:33:00+00:00,fold3
SOLUSDT,2026-09-09 07:14:00+00:00,0.0005000000000000001,0.0019,BE_STOP,2.0,2420.0,CHOP,2.0,2026-09-09 07:14:00+00:00,fold3
BTCUSDT,2026-09-09 07:33:00+00:00,0.0005000000000000001,0.0019,BE_STOP,2.0,78.0,CHOP,2.0,2026-09-09 07:33:00+00:00,fold3
BTCUSDT,2026-09-09 08:28:00+00:00,0.004600000000000001,0.006,TP,2.0,128.0,CHOP,2.0,2026-09-09 08:28:00+00:00,fold3
BTCUSDT,2026-09-09 08:36:00+00:00,0.004600000000000001,0.006,TP,2.0,82.0,CHOP,2.0,2026-09-09 08:36:00+00:00,fold3
ETHUSDT,2026-09-09 08:44:00+00:00,0.0005000000000000001,0.0019,BE_STOP,2.0,71.0,CHOP,2.0,2026-09-09 08:44:00+00:00,fold3
XRPUSDT,2026-09-09 08:59:00+00:00,0.0005000000000000001,0.0019,BE_STOP,2.0,31.0,TREND,2.0,2026-09-09 08:59:00+00:00,fold3
SOLUSDT,2026-09-09 09:35:00+00:00,0.004600000000000001,0.006,TP,2.0,51.0,TREND,2.0,2026-09-09 09:35:00+00:00,fold3
ETHUSDT,2026-09-09 10:52:00+00:00,0.004600000000000001,0.006,TP,2.0,259.0,CHOP,2.0,2026-09-09 10:52:00+00:00,fold3
BTCUSDT,2026-09-09 10:53:00+00:00,0.004600000000000001,0.006,TP,2.0,77.0,CHOP,2.0,2026-09-09 10:53:00+00:00,fold3
NEARUSDT,2026-09-09 11:02:00+00:00,0.0005000000000000001,0.0019,BE_STOP,2.0,10.0,TREND,2.0,2026-09-09 11:02:00+00:00,fold3
SOLUSDT,2026-09-09 11:09:00+00:00,0.0005000000000000001,0.0019,BE_STOP,2.0,15.0,CHOP,2.0,2026-09-09 11:09:00+00:00,fold3
BTCUSDT,2026-09-09 11:11:00+00:00,0.0005000000000000001,0.0019,BE_STOP,2.0,339.0,TREND,2.0,2026-09-09 11:11:00+00:00,fold3
NEARUSDT,2026-09-09 11:20:00+00:00,0.0005000000000000001,0.0019,BE_STOP,2.0,9.0,TREND,2.0,2026-09-09 11:20:00+00:00,fold3
BTCUSDT,2026-09-09 15:02:00+00:00,0.0005000000000000001,0.0019,BE_STOP,2.0,554.0,CHOP,2.0,2026-09-09 15:02:00+00:00,fold3
BTCUSDT,2026-09-09 15:02:00+00:00,0.0005000000000000001,0.0019,BE_STOP,2.0,233.0,CHOP,2.0,2026-09-09 15:02:00+00:00,fold3
BTCUSDT,2026-09-09 15:08:00+00:00,0.0005000000000000001,0.0019,BE_STOP,2.0,828.0,CHOP,2.0,2026-09-09 15:08:00+00:00,fold3
BTCUSDT,2026-09-09 15:11:00+00:00,0.004600000000000001,0.006,TP,2.0,751.0,CHOP,2.0,2026-09-09 15:11:00+00:00,fold3
BTCUSDT,2026-09-09 15:11:00+00:00,0.004600000000000001,0.006,TP,2.0,231.0,CHOP,2.0,2026-09-09 15:11:00+00:00,fold3
BTCUSDT,2026-09-09 15:11:00+00:00,0.004600000000000001,0.006,TP,2.0,8.0,CHOP,2.0,2026-09-09 15:11:00+00:00,fold3
NEARUSDT,2026-09-09 15:11:00+00:00,0.009326736390453286,0.010726736390453287,TP,2.0,6.0,TREND,2.0,2026-09-09 15:11:00+00:00,fold3
BTCUSDT,2026-09-09 15:16:00+00:00,0.0005000000000000001,0.0019,BE_STOP,2.0,8.0,CHOP,2.0,2026-09-09 15:16:00+00:00,fold3
SOLUSDT,2026-09-09 15:22:00+00:00,0.004600000000000001,0.006,TP,2.0,8.0,CHOP,2.0,2026-09-09 15:22:00+00:00,fold3
BTCUSDT,2026-09-09 15:22:00+00:00,0.004600000000000001,0.006,TP,2.0,6.0,CHOP,2.0,2026-09-09 15:22:00+00:00,fold3
BTCUSDT,2026-09-09 15:24:00+00:00,0.004600000000000001,0.006,TP,2.0,5.0,CHOP,2.0,2026-09-09 15:24:00+00:00,fold3
BTCUSDT,2026-09-09 15:28:00+00:00,0.0005000000000000001,0.0019,BE_STOP,2.0,16.0,CHOP,2.0,2026-09-09 15:28:00+00:00,fold3
ETHUSDT,2026-09-09 15:31:00+00:00,0.0005000000000000001,0.0019,BE_STOP,2.0,268.0,CHOP,2.0,2026-09-09 15:31:00+00:00,fold3
BTCUSDT,2026-09-09 17:41:00+00:00,0.0005000000000000001,0.0019,BE_STOP,2.0,126.0,CHOP,2.0,2026-09-09 17:41:00+00:00,fold3
BTCUSDT,2026-09-09 19:26:00+00:00,0.0005000000000000001,0.0019,BE_STOP,2.0,104.0,CHOP,2.0,2026-09-09 19:26:00+00:00,fold3
XRPUSDT,2026-09-09 19:50:00+00:00,0.004600000000000001,0.006,TP,2.0,258.0,CHOP,2.0,2026-09-09 19:50:00+00:00,fold3
BTCUSDT,2026-09-09 20:01:00+00:00,0.0005000000000000001,0.0019,BE_STOP,2.0,272.0,CHOP,2.0,2026-09-09 20:01:00+00:00,fold3
ETHUSDT,2026-09-09 20:29:00+00:00,0.004600000000000001,0.006,TP,2.0,306.0,CHOP,2.0,2026-09-09 20:29:00+00:00,fold3
BTCUSDT,2026-09-09 20:30:00+00:00,0.0005000000000000001,0.0019,BE_STOP,2.0,305.0,CHOP,2.0,2026-09-09 20:30:00+00:00,fold3
BTCUSDT,2026-09-09 20:31:00+00:00,0.0005000000000000001,0.0019,BE_STOP,2.0,304.0,CHOP,2.0,2026-09-09 20:31:00+00:00,fold3
BTCUSDT,2026-09-09 20:31:00+00:00,0.0005000000000000001,0.0019,BE_STOP,2.0,40.0,CHOP,2.0,2026-09-09 20:31:00+00:00,fold3
BTCUSDT,2026-09-09 20:31:00+00:00,0.0005000000000000001,0.0019,BE_STOP,2.0,30.0,CHOP,2.0,2026-09-09 20:31:00+00:00,fold3
BTCUSDT,2026-09-09 23:04:00+00:00,0.0005000000000000001,0.0019,BE_STOP,2.0,154.0,CHOP,2.0,2026-09-09 23:04:00+00:00,fold3
BTCUSDT,2026-09-10 00:17:00+00:00,0.0005000000000000001,0.0019,BE_STOP,2.0,70.0,TREND,2.0,2026-09-10 00:17:00+00:00,fold3
XRPUSDT,2026-09-10 01:04:00+00:00,0.0005000000000000001,0.0019,BE_STOP,2.0,47.0,CHOP,2.0,2026-09-10 01:04:00+00:00,fold3
ETHUSDT,2026-09-10 01:12:00+00:00,0.0005000000000000001,0.0019,BE_STOP,2.0,271.0,CHOP,2.0,2026-09-10 01:12:00+00:00,fold3
ETHUSDT,2026-09-10 01:13:00+00:00,0.0005000000000000001,0.0019,BE_STOP,2.0,279.0,CHOP,2.0,2026-09-10 01:13:00+00:00,fold3
BTCUSDT,2026-09-10 01:42:00+00:00,0.0005000000000000001,0.0019,BE_STOP,2.0,23.0,CHOP,2.0,2026-09-10 01:42:00+00:00,fold3
NEARUSDT,2026-09-10 01:46:00+00:00,0.0005000000000000001,0.0019,BE_STOP,2.0,4.0,CHOP,2.0,2026-09-10 01:46:00+00:00,fold3
BTCUSDT,2026-09-10 03:07:00+00:00,0.0005000000000000001,0.0019,BE_STOP,2.0,391.0,CHOP,2.0,2026-09-10 03:07:00+00:00,fold3
BTCUSDT,2026-09-10 03:07:00+00:00,0.0005000000000000001,0.0019,BE_STOP,2.0,388.0,CHOP,2.0,2026-09-10 03:07:00+00:00,fold3
NEARUSDT,2026-09-10 03:25:00+00:00,0.0005000000000000001,0.0019,BE_STOP,2.0,18.0,CHOP,2.0,2026-09-10 03:25:00+00:00,fold3
ETHUSDT,2026-09-10 06:04:00+00:00,0.0005000000000000001,0.0019,BE_STOP,2.0,175.0,CHOP,2.0,2026-09-10 06:04:00+00:00,fold3
BTCUSDT,2026-09-10 06:47:00+00:00,0.0005000000000000001,0.0019,BE_STOP,2.0,41.0,CHOP,2.0,2026-09-10 06:47:00+00:00,fold3
ETHUSDT,2026-09-10 07:46:00+00:00,0.0005000000000000001,0.0019,BE_STOP,2.0,261.0,TREND,2.0,2026-09-10 07:46:00+00:00,fold3
NEARUSDT,2026-09-10 09:40:00+00:00,0.006561538005525064,0.007961538005525064,TP,2.0,114.0,CHOP,2.0,2026-09-10 09:40:00+00:00,fold3
NEARUSDT,2026-09-10 09:42:00+00:00,0.004600000000000001,0.006,TP,2.0,2.0,CHOP,2.0,2026-09-10 09:42:00+00:00,fold3
BTCUSDT,2026-09-10 11:13:00+00:00,0.0005000000000000001,0.0019,BE_STOP,2.0,90.0,CHOP,2.0,2026-09-10 11:13:00+00:00,fold3
ETHUSDT,2026-09-10 12:30:00+00:00,0.004600000000000001,0.006,TP,2.0,644.0,CHOP,2.0,2026-09-10 12:30:00+00:00,fold3
ETHUSDT,2026-09-10 12:30:00+00:00,0.004600000000000001,0.006,TP,2.0,77.0,CHOP,2.0,2026-09-10 12:30:00+00:00,fold3
NEARUSDT,2026-09-10 12:33:00+00:00,0.0005000000000000001,0.0019,BE_STOP,2.0,2.0,CHOP,2.0,2026-09-10 12:33:00+00:00,fold3
BTCUSDT,2026-09-10 12:46:00+00:00,0.004600000000000001,0.006,TP,2.0,11.0,CHOP,2.0,2026-09-10 12:46:00+00:00,fold3
BTCUSDT,2026-09-10 12:58:00+00:00,0.0005000000000000001,0.0019,BE_STOP,2.0,11.0,TREND,2.0,2026-09-10 12:58:00+00:00,fold3
NEARUSDT,2026-09-10 13:03:00+00:00,0.0005000000000000001,0.0019,BE_STOP,2.0,26.0,CHOP,2.0,2026-09-10 13:03:00+00:00,fold3
SOLUSDT,2026-09-10 13:22:00+00:00,0.0005000000000000001,0.0019,BE_STOP,2.0,19.0,TREND,2.0,2026-09-10 13:22:00+00:00,fold3
SOLUSDT,2026-09-10 13:51:00+00:00,0.0005000000000000001,0.0019,BE_STOP,2.0,27.0,TREND,2.0,2026-09-10 13:51:00+00:00,fold3
ETHUSDT,2026-09-10 14:02:00+00:00,0.004600000000000001,0.006,TP,2.0,11.0,CHOP,2.0,2026-09-10 14:02:00+00:00,fold3
BTCUSDT,2026-09-10 17:38:00+00:00,0.0005000000000000001,0.0019,BE_STOP,2.0,216.0,CHOP,2.0,2026-09-10 17:38:00+00:00,fold3
XRPUSDT,2026-09-10 23:08:00+00:00,-0.0414,-0.04,MAE_KILL,2.0,1324.0,CHOP,2.0,2026-09-10 23:08:00+00:00,fold3
BTCUSDT,2026-09-10 23:14:00+00:00,-0.0414,-0.04,MAE_KILL,2.0,2318.0,TREND,2.0,2026-09-10 23:14:00+00:00,fold3
BTCUSDT,2026-09-10 23:14:00+00:00,-0.0414,-0.04,MAE_KILL,2.0,2295.0,TREND,2.0,2026-09-10 23:14:00+00:00,fold3
BTCUSDT,2026-09-10 23:17:00+00:00,0.0005000000000000001,0.0019,BE_STOP,2.0,8.0,CHOP,2.0,2026-09-10 23:17:00+00:00,fold3
BTCUSDT,2026-09-10 23:37:00+00:00,0.0005000000000000001,0.0019,BE_STOP,2.0,638.0,TREND,2.0,2026-09-10 23:37:00+00:00,fold3
BTCUSDT,2026-09-11 01:15:00+00:00,0.0005000000000000001,0.0019,BE_STOP,2.0,98.0,CHOP,2.0,2026-09-11 01:15:00+00:00,fold3
SOLUSDT,2026-09-11 04:27:00+00:00,0.004600000000000001,0.006,TP,2.0,192.0,CHOP,2.0,2026-09-11 04:27:00+00:00,fold3
BTCUSDT,2026-09-11 06:24:00+00:00,0.0005000000000000001,0.0019,BE_STOP,2.0,116.0,CHOP,2.0,2026-09-11 06:24:00+00:00,fold3
ETHUSDT,2026-09-11 12:09:00+00:00,0.004600000000000001,0.006,TP,2.0,345.0,CHOP,2.0,2026-09-11 12:09:00+00:00,fold3
BTCUSDT,2026-09-11 12:12:00+00:00,-0.021412555599275077,-0.02001255559927508,EOD,2.0,2446.0,CHOP,2.0,2026-09-11 12:12:00+00:00,fold3
BTCUSDT,2026-09-11 12:12:00+00:00,-0.018651925358287115,-0.017251925358287117,EOD,2.0,2100.0,CHOP,2.0,2026-09-11 12:12:00+00:00,fold3
BTCUSDT,2026-09-11 12:12:00+00:00,-0.019390531970549504,-0.017990531970549506,EOD,2.0,1764.0,CHOP,2.0,2026-09-11 12:12:00+00:00,fold3
BTCUSDT,2026-09-11 12:12:00+00:00,-0.00659898191990048,-0.0051989819199004805,EOD,2.0,1114.0,CHOP,2.0,2026-09-11 12:12:00+00:00,fold3
BTCUSDT,2026-09-11 12:12:00+00:00,-0.00579558718545388,-0.004395587185453881,EOD,2.0,777.0,CHOP,2.0,2026-09-11 12:12:00+00:00,fold3
BTCUSDT,2026-09-11 12:12:00+00:00,-0.005380222819422415,-0.003980222819422416,EOD,2.0,775.0,CHOP,2.0,2026-09-11 12:12:00+00:00,fold3
BTCUSDT,2026-09-11 12:12:00+00:00,-0.00582442648861069,-0.0044244264886106905,EOD,2.0,773.0,CHOP,2.0,2026-09-11 12:12:00+00:00,fold3
SOLUSDT,2026-09-11 12:13:00+00:00,-0.0014907075186454378,-9.070751864543783e-05,EOD,2.0,4.0,CHOP,2.0,2026-09-11 12:13:00+00:00,fold3
NEARUSDT,2026-08-12 13:00:00+00:00,0.0005000000000000001,0.0019,BE_STOP,3.0,15.0,,3.0,,
SOLUSDT,2026-08-12 13:18:00+00:00,0.0005000000000000001,0.0019,BE_STOP,3.0,20.0,,3.0,,
BTCUSDT,2026-08-12 13:33:00+00:00,0.0005000000000000001,0.0019,BE_STOP,3.0,27.0,,3.0,,
BTCUSDT,2026-08-12 13:43:00+00:00,0.0005000000000000001,0.0019,BE_STOP,3.0,51.0,,3.0,,
BTCUSDT,2026-08-12 13:45:00+00:00,0.0005000000000000001,0.0019,BE_STOP,3.0,62.0,,3.0,,
ETHUSDT,2026-08-12 13:47:00+00:00,0.0005000000000000001,0.0019,BE_STOP,3.0,60.0,,3.0,,
NEARUSDT,2026-08-12 13:56:00+00:00,0.004600000000000001,0.006,TP,3.0,11.0,,3.0,,
BTCUSDT,2026-08-12 14:02:00+00:00,0.004600000000000001,0.006,TP,3.0,59.0,,3.0,,
BTCUSDT,2026-08-12 14:03:00+00:00,0.004600000000000001,0.006,TP,3.0,73.0,,3.0,,
BTCUSDT,2026-08-12 14:03:00+00:00,0.004600000000000001,0.006,TP,3.0,45.0,,3.0,,
SOLUSDT,2026-08-12 14:03:00+00:00,0.004600000000000001,0.006,TP,3.0,20.0,,3.0,,
BTCUSDT,2026-08-12 14:11:00+00:00,0.0005000000000000001,0.0019,BE_STOP,3.0,14.0,,3.0,,
NEARUSDT,2026-08-12 14:31:00+00:00,0.004629202310320457,0.006029202310320456,TP,3.0,20.0,,3.0,,
SOLUSDT,2026-08-12 14:32:00+00:00,0.0005000000000000001,0.0019,BE_STOP,3.0,27.0,,3.0,,
NEARUSDT,2026-08-12 14:35:00+00:00,-0.0264,-0.025,MAE_KILL,3.0,99.0,,3.0,,
NEARUSDT,2026-08-12 14:35:00+00:00,-0.0264,-0.025,MAE_KILL,3.0,62.0,,3.0,,
BTCUSDT,2026-08-12 14:59:00+00:00,0.004600000000000001,0.006,TP,3.0,50.0,,3.0,,
ETHUSDT,2026-08-12 15:02:00+00:00,0.0005000000000000001,0.0019,BE_STOP,3.0,27.0,,3.0,,
BTCUSDT,2026-08-12 15:18:00+00:00,0.0005000000000000001,0.0019,BE_STOP,3.0,71.0,,3.0,,
BTCUSDT,2026-08-12 15:18:00+00:00,0.0005000000000000001,0.0019,BE_STOP,3.0,45.0,,3.0,,
BTCUSDT,2026-08-12 15:18:00+00:00,0.0005000000000000001,0.0019,BE_STOP,3.0,41.0,,3.0,,
BTCUSDT,2026-08-12 15:43:00+00:00,0.0005000000000000001,0.0019,BE_STOP,3.0,72.0,,3.0,,
NEARUSDT,2026-08-12 17:21:00+00:00,0.0005000000000000001,0.0019,BE_STOP,3.0,118.0,,3.0,,
ETHUSDT,2026-08-12 20:27:00+00:00,0.0005000000000000001,0.0019,BE_STOP,3.0,185.0,,3.0,,
ETHUSDT,2026-08-12 20:29:00+00:00,0.0005000000000000001,0.0019,BE_STOP,3.0,330.0,,3.0,,
BTCUSDT,2026-08-12 20:38:00+00:00,0.0005000000000000001,0.0019,BE_STOP,3.0,395.0,,3.0,,
ETHUSDT,2026-08-12 21:06:00+00:00,0.0005000000000000001,0.0019,BE_STOP,3.0,39.0,CHOP,3.0,,
NEARUSDT,2026-08-12 21:59:00+00:00,0.004600000000000001,0.006,TP,3.0,53.0,CHOP,3.0,,
SOLUSDT,2026-08-13 04:22:00+00:00,0.0005000000000000001,0.0019,BE_STOP,3.0,464.0,CHOP,3.0,,
ETHUSDT,2026-08-13 05:06:00+00:00,0.004600000000000001,0.006,TP,3.0,517.0,CHOP,3.0,,
BTCUSDT,2026-08-13 05:15:00+00:00,0.004600000000000001,0.006,TP,3.0,837.0,,3.0,,
BTCUSDT,2026-08-13 05:15:00+00:00,0.004600000000000001,0.006,TP,3.0,811.0,,3.0,,
ETHUSDT,2026-08-13 05:22:00+00:00,0.0005000000000000001,0.0019,BE_STOP,3.0,842.0,,3.0,,
NEARUSDT,2026-08-13 08:48:00+00:00,0.0005000000000000001,0.0019,BE_STOP,3.0,213.0,CHOP,3.0,,
NEARUSDT,2026-08-13 09:09:00+00:00,0.004600000000000001,0.006,TP,3.0,21.0,CHOP,3.0,,
NEARUSDT,2026-08-13 09:14:00+00:00,0.004600000000000001,0.006,TP,3.0,231.0,CHOP,3.0,,
ETHUSDT,2026-08-13 11:45:00+00:00,0.0005000000000000001,0.0019,BE_STOP,3.0,150.0,CHOP,3.0,,
BTCUSDT,2026-08-13 11:47:00+00:00,0.0005000000000000001,0.0019,BE_STOP,3.0,445.0,CHOP,3.0,,
NEARUSDT,2026-08-13 11:51:00+00:00,0.004600000000000001,0.006,TP,3.0,6.0,CHOP,3.0,,
ETHUSDT,2026-08-13 12:07:00+00:00,0.0005000000000000001,0.0019,BE_STOP,3.0,177.0,CHOP,3.0,,
BTCUSDT,2026-08-13 12:31:00+00:00,0.0005000000000000001,0.0019,BE_STOP,3.0,40.0,CHOP,3.0,,
ETHUSDT,2026-08-13 12:32:00+00:00,0.0005000000000000001,0.0019,BE_STOP,3.0,45.0,TREND,3.0,,
NEARUSDT,2026-08-13 13:11:00+00:00,0.0005000000000000001,0.0019,BE_STOP,3.0,40.0,CHOP,3.0,,
BTCUSDT,2026-08-13 13:15:00+00:00,0.0005000000000000001,0.0019,BE_STOP,3.0,40.0,CHOP,3.0,,
ETHUSDT,2026-08-13 14:50:00+00:00,0.0005000000000000001,0.0019,BE_STOP,3.0,95.0,CHOP,3.0,,
BTCUSDT,2026-08-13 14:59:00+00:00,0.0005000000000000001,0.0019,BE_STOP,3.0,108.0,CHOP,3.0,,
NEARUSDT,2026-08-13 14:59:00+00:00,0.0005000000000000001,0.0019,BE_STOP,3.0,8.0,CHOP,3.0,,
NEARUSDT,2026-08-13 15:47:00+00:00,0.004600000000000001,0.006,TP,3.0,47.0,CHOP,3.0,,
NEARUSDT,2026-08-13 15:47:00+00:00,0.004600000000000001,0.006,TP,3.0,45.0,CHOP,3.0,,
NEARUSDT,2026-08-13 15:56:00+00:00,0.0005000000000000001,0.0019,BE_STOP,3.0,8.0,CHOP,3.0,,
NEARUSDT,2026-08-13 15:59:00+00:00,0.004600000000000001,0.006,TP,3.0,232.0,CHOP,3.0,,
BTCUSDT,2026-08-13 16:37:00+00:00,0.004600000000000001,0.006,TP,3.0,47.0,CHOP,3.0,,
BTCUSDT,2026-08-13 16:39:00+00:00,0.004600000000000001,0.006,TP,3.0,1119.0,CHOP,3.0,,
BTCUSDT,2026-08-13 16:39:00+00:00,0.004600000000000001,0.006,TP,3.0,39.0,CHOP,3.0,,
BTCUSDT,2026-08-13 16:39:00+00:00,0.004600000000000001,0.006,TP,3.0,37.0,CHOP,3.0,,
BTCUSDT,2026-08-13 16:40:00+00:00,0.004600000000000001,0.006,TP,3.0,1538.0,,3.0,,
NEARUSDT,2026-08-13 16:42:00+00:00,0.004600000000000001,0.006,TP,3.0,4.0,CHOP,3.0,,
XRPUSDT,2026-08-13 19:04:00+00:00,0.0005000000000000001,0.0019,BE_STOP,3.0,133.0,CHOP,3.0,,
BTCUSDT,2026-08-13 19:14:00+00:00,0.0005000000000000001,0.0019,BE_STOP,3.0,10.0,CHOP,3.0,,
BTCUSDT,2026-08-14 07:03:00+00:00,0.0005000000000000001,0.0019,BE_STOP,3.0,855.0,CHOP,3.0,,
BTCUSDT,2026-08-14 08:47:00+00:00,0.0005000000000000001,0.0019,BE_STOP,3.0,963.0,CHOP,3.0,,
BTCUSDT,2026-08-14 08:51:00+00:00,0.0005000000000000001,0.0019,BE_STOP,3.0,965.0,CHOP,3.0,,
BTCUSDT,2026-08-14 08:53:00+00:00,0.0005000000000000001,0.0019,BE_STOP,3.0,110.0,TREND,3.0,,
BTCUSDT,2026-08-14 13:47:00+00:00,-0.02154785408396109,-0.02014785408396109,MAX_AGE,3.0,2880.0,,3.0,,
BTCUSDT,2026-08-14 16:00:00+00:00,0.0005000000000000001,0.0019,BE_STOP,3.0,433.0,TREND,3.0,,
ETHUSDT,2026-08-14 16:06:00+00:00,0.0005000000000000001,0.0019,BE_STOP,3.0,434.0,CHOP,3.0,,
ETHUSDT,2026-08-14 16:47:00+00:00,0.0005000000000000001,0.0019,BE_STOP,3.0,46.0,CHOP,3.0,,
BTCUSDT,2026-08-14 17:56:00+00:00,0.0005000000000000001,0.0019,BE_STOP,3.0,542.0,TREND,3.0,,
SOLUSDT,2026-08-14 18:14:00+00:00,0.004600000000000001,0.006,TP,3.0,86.0,CHOP,3.0,,
ETHUSDT,2026-08-14 18:39:00+00:00,0.0005000000000000001,0.0019,BE_STOP,3.0,152.0,CHOP,3.0,,
BTCUSDT,2026-08-14 19:28:00+00:00,0.0005000000000000001,0.0019,BE_STOP,3.0,73.0,CHOP,3.0,,
ETHUSDT,2026-08-15 05:07:00+00:00,-0.008436945280502726,-0.007036945280502725,MAX_AGE,3.0,2880.0,CHOP,3.0,,
BTCUSDT,2026-08-15 05:18:00+00:00,-0.013430863617867047,-0.012030863617867047,MAX_AGE,3.0,2880.0,CHOP,3.0,,
ETHUSDT,2026-08-15 05:40:00+00:00,0.0005000000000000001,0.0019,BE_STOP,3.0,659.0,CHOP,3.0,,
BTCUSDT,2026-08-15 06:15:00+00:00,0.0005000000000000001,0.0019,BE_STOP,3.0,646.0,CHOP,3.0,,
SOLUSDT,2026-08-15 06:50:00+00:00,0.0005000000000000001,0.0019,BE_STOP,3.0,92.0,CHOP,3.0,,
ETHUSDT,2026-08-15 16:42:00+00:00,-0.011725591374778738,-0.010325591374778738,MAX_AGE,3.0,2880.0,CHOP,3.0,,
ETHUSDT,2026-08-15 19:14:00+00:00,-0.004091262403382052,-0.002691262403382052,MAX_AGE,3.0,2880.0,CHOP,3.0,,
SOLUSDT,2026-08-16 00:28:00+00:00,0.0005000000000000001,0.0019,BE_STOP,3.0,314.0,CHOP,3.0,,
ETHUSDT,2026-08-16 13:47:00+00:00,-0.007918842022446564,-0.006518842022446565,MAX_AGE,3.0,2880.0,CHOP,3.0,,
ETHUSDT,2026-08-16 17:11:00+00:00,0.0005000000000000001,0.0019,BE_STOP,3.0,2161.0,CHOP,3.0,,
ETHUSDT,2026-08-16 17:35:00+00:00,0.0005000000000000001,0.0019,BE_STOP,3.0,2084.0,CHOP,3.0,,
ETHUSDT,2026-08-16 17:56:00+00:00,-0.005801295877914654,-0.0044012958779146545,MAX_AGE,3.0,2880.0,CHOP,3.0,,
ETHUSDT,2026-08-16 18:04:00+00:00,0.0005000000000000001,0.0019,BE_STOP,3.0,257.0,CHOP,3.0,,
NEARUSDT,2026-08-16 20:52:00+00:00,0.004600000000000001,0.006,TP,3.0,176.0,CHOP,3.0,,
BTCUSDT,2026-08-16 21:40:00+00:00,0.004600000000000001,0.006,TP,3.0,269.0,TREND,3.0,,
BTCUSDT,2026-08-16 21:40:00+00:00,0.004600000000000001,0.006,TP,3.0,245.0,CHOP,3.0,,
ETHUSDT,2026-08-16 21:40:00+00:00,0.004600000000000001,0.006,TP,3.0,216.0,TREND,3.0,,
BTCUSDT,2026-08-16 21:47:00+00:00,0.0005000000000000001,0.0019,BE_STOP,3.0,2372.0,CHOP,3.0,,
BTCUSDT,2026-08-16 21:50:00+00:00,0.0005000000000000001,0.0019,BE_STOP,3.0,2410.0,CHOP,3.0,,
BTCUSDT,2026-08-16 21:50:00+00:00,0.0005000000000000001,0.0019,BE_STOP,3.0,1282.0,CHOP,3.0,,
BTCUSDT,2026-08-16 21:50:00+00:00,0.0005000000000000001,0.0019,BE_STOP,3.0,57.0,CHOP,3.0,,
BTCUSDT,2026-08-16 21:51:00+00:00,0.0005000000000000001,0.0019,BE_STOP,3.0,1749.0,CHOP,3.0,,
SOLUSDT,2026-08-16 22:05:00+00:00,0.0005000000000000001,0.0019,BE_STOP,3.0,15.0,TREND,3.0,,
SOLUSDT,2026-08-16 22:05:00+00:00,0.0005000000000000001,0.0019,BE_STOP,3.0,12.0,TREND,3.0,,
BTCUSDT,2026-08-16 22:49:00+00:00,0.0005000000000000001,0.0019,BE_STOP,3.0,67.0,TREND,3.0,,
BTCUSDT,2026-08-16 22:51:00+00:00,0.0005000000000000001,0.0019,BE_STOP,3.0,64.0,TREND,3.0,,
BTCUSDT,2026-08-16 22:53:00+00:00,0.0005000000000000001,0.0019,BE_STOP,3.0,69.0,TREND,3.0,,
BTCUSDT,2026-08-16 22:57:00+00:00,0.0005000000000000001,0.0019,BE_STOP,3.0,60.0,TREND,3.0,,
XRPUSDT,2026-08-16 22:59:00+00:00,0.0005000000000000001,0.0019,BE_STOP,3.0,79.0,CHOP,3.0,,
ETHUSDT,2026-08-17 01:01:00+00:00,0.004600000000000001,0.006,TP,3.0,132.0,CHOP,3.0,,
ETHUSDT,2026-08-17 01:01:00+00:00,0.004600000000000001,0.006,TP,3.0,130.0,CHOP,3.0,,
ETHUSDT,2026-08-17 01:01:00+00:00,0.004600000000000001,0.006,TP,3.0,127.0,CHOP,3.0,,
ETHUSDT,2026-08-17 01:01:00+00:00,0.004600000000000001,0.006,TP,3.0,121.0,CHOP,3.0,,
BTCUSDT,2026-08-17 01:15:00+00:00,0.0005000000000000001,0.0019,BE_STOP,3.0,132.0,CHOP,3.0,,
ETHUSDT,2026-08-17 01:37:00+00:00,0.0005000000000000001,0.0019,BE_STOP,3.0,28.0,CHOP,3.0,,
BTCUSDT,2026-08-17 01:54:00+00:00,0.0005000000000000001,0.0019,BE_STOP,3.0,39.0,CHOP,3.0,,
BTCUSDT,2026-08-17 02:52:00+00:00,0.004600000000000001,0.006,TP,3.0,110.0,CHOP,3.0,,
BTCUSDT,2026-08-17 02:53:00+00:00,0.004600000000000001,0.006,TP,3.0,108.0,CHOP,3.0,,
BTCUSDT,2026-08-17 02:53:00+00:00,0.004600000000000001,0.006,TP,3.0,106.0,CHOP,3.0,,
BTCUSDT,2026-08-17 05:28:00+00:00,0.0005000000000000001,0.0019,BE_STOP,3.0,150.0,CHOP,3.0,,
SOLUSDT,2026-08-17 06:45:00+00:00,0.004600000000000001,0.006,TP,3.0,306.0,CHOP,3.0,,
NEARUSDT,2026-08-17 06:46:00+00:00,0.004600000000000001,0.006,TP,3.0,78.0,TREND,3.0,,
ETHUSDT,2026-08-17 07:01:00+00:00,0.0005000000000000001,0.0019,BE_STOP,3.0,245.0,TREND,3.0,,
BTCUSDT,2026-08-17 07:17:00+00:00,0.0005000000000000001,0.0019,BE_STOP,3.0,263.0,CHOP,3.0,,
BTCUSDT,2026-08-17 09:15:00+00:00,0.0005000000000000001,0.0019,BE_STOP,3.0,117.0,TREND,3.0,,
BTCUSDT,2026-08-17 13:02:00+00:00,0.0005000000000000001,0.0019,BE_STOP,3.0,226.0,CHOP,3.0,,
BTCUSDT,2026-08-17 15:28:00+00:00,0.004600000000000001,0.006,TP,3.0,519.0,CHOP,3.0,,
SOLUSDT,2026-08-17 16:20:00+00:00,0.0005000000000000001,0.0019,BE_STOP,3.0,559.0,TREND,3.0,,
BTCUSDT,2026-08-17 17:23:00+00:00,0.004600000000000001,0.006,TP,3.0,114.0,TREND,3.0,,
SOLUSDT,2026-08-17 17:39:00+00:00,0.0005000000000000001,0.0019,BE_STOP,3.0,79.0,CHOP,3.0,,
NEARUSDT,2026-08-17 17:46:00+00:00,-0.0264,-0.025,MAE_KILL,3.0,659.0,TREND,3.0,,
BTCUSDT,2026-08-17 18:23:00+00:00,0.004600000000000001,0.006,TP,3.0,44.0,TREND,3.0,,
BTCUSDT,2026-08-17 18:29:00+00:00,0.0005000000000000001,0.0019,BE_STOP,3.0,66.0,CHOP,3.0,,
BTCUSDT,2026-08-17 19:01:00+00:00,0.0005000000000000001,0.0019,BE_STOP,3.0,75.0,TREND,3.0,,
ETHUSDT,2026-08-18 02:30:00+00:00,0.004600000000000001,0.006,TP,3.0,447.0,CHOP,3.0,,
NEARUSDT,2026-08-18 02:49:00+00:00,0.0005000000000000001,0.0019,BE_STOP,3.0,19.0,CHOP,3.0,,
ETHUSDT,2026-08-18 03:36:00+00:00,0.0005000000000000001,0.0019,BE_STOP,3.0,1541.0,CHOP,3.0,,
NEARUSDT,2026-08-18 06:30:00+00:00,-0.0264,-0.025,MAE_KILL,3.0,174.0,CHOP,3.0,,
BTCUSDT,2026-08-18 14:26:00+00:00,0.004600000000000001,0.006,TP,3.0,1197.0,TREND,3.0,,
ETHUSDT,2026-08-18 14:26:00+00:00,0.004600000000000001,0.006,TP,3.0,475.0,CHOP,3.0,,
BTCUSDT,2026-08-18 14:27:00+00:00,0.004600000000000001,0.006,TP,3.0,1203.0,TREND,3.0,,
BTCUSDT,2026-08-18 22:01:00+00:00,-0.028554714242977803,-0.027154714242977804,MAX_AGE,3.0,2880.0,TREND,3.0,,
BTCUSDT,2026-08-18 22:05:00+00:00,-0.028503875914720034,-0.027103875914720035,MAX_AGE,3.0,2880.0,TREND,3.0,,
BTCUSDT,2026-08-18 22:07:00+00:00,-0.028417050923664595,-0.027017050923664597,MAX_AGE,3.0,2880.0,TREND,3.0,,
ETHUSDT,2026-08-19 00:03:00+00:00,0.0005000000000000001,0.0019,BE_STOP,3.0,118.0,CHOP,3.0,,
ETHUSDT,2026-08-19 00:03:00+00:00,0.0005000000000000001,0.0019,BE_STOP,3.0,116.0,CHOP,3.0,,
ETHUSDT,2026-08-19 02:26:00+00:00,0.0005000000000000001,0.0019,BE_STOP,3.0,140.0,CHOP,3.0,,
BTCUSDT,2026-08-19 05:53:00+00:00,0.004600000000000001,0.006,TP,3.0,345.0,CHOP,3.0,,
BTCUSDT,2026-08-19 06:09:00+00:00,0.004600000000000001,0.006,TP,3.0,487.0,CHOP,3.0,,
NEARUSDT,2026-08-19 06:48:00+00:00,0.004600000000000001,0.006,TP,3.0,55.0,TREND,3.0,,
NEARUSDT,2026-08-19 06:56:00+00:00,0.004600000000000001,0.006,TP,3.0,8.0,CHOP,3.0,,
BTCUSDT,2026-08-19 12:38:00+00:00,0.004600000000000001,0.006,TP,3.0,341.0,CHOP,3.0,,
BTCUSDT,2026-08-19 12:41:00+00:00,0.004600000000000001,0.006,TP,3.0,614.0,CHOP,3.0,,
ETHUSDT,2026-08-19 12:47:00+00:00,0.004600000000000001,0.006,TP,3.0,9.0,CHOP,3.0,,
BTCUSDT,2026-08-19 13:03:00+00:00,-0.0214630918801097,-0.020063091880109702,MAX_AGE,3.0,2880.0,CHOP,3.0,,
XRPUSDT,2026-08-19 13:20:00+00:00,0.004600000000000001,0.006,TP,3.0,33.0,CHOP,3.0,,
BTCUSDT,2026-08-19 13:31:00+00:00,0.004600000000000001,0.006,TP,3.0,1380.0,TREND,3.0,,
BTCUSDT,2026-08-19 13:31:00+00:00,0.004600000000000001,0.006,TP,3.0,1378.0,TREND,3.0,,
BTCUSDT,2026-08-19 13:34:00+00:00,0.0005000000000000001,0.0019,BE_STOP,3.0,1385.0,TREND,3.0,,
NEARUSDT,2026-08-19 13:44:00+00:00,0.0005000000000000001,0.0019,BE_STOP,3.0,23.0,CHOP,3.0,,
BTCUSDT,2026-08-19 14:10:00+00:00,0.004600000000000001,0.006,TP,3.0,25.0,CHOP,3.0,,
NEARUSDT,2026-08-19 14:14:00+00:00,0.0005000000000000001,0.0019,BE_STOP,3.0,92.0,CHOP,3.0,,
BTCUSDT,2026-08-19 14:17:00+00:00,0.004600000000000001,0.006,TP,3.0,44.0,TREND,3.0,,
SOLUSDT,2026-08-19 14:44:00+00:00,0.004600000000000001,0.006,TP,3.0,34.0,TREND,3.0,,
NEARUSDT,2026-08-19 14:47:00+00:00,0.0005000000000000001,0.0019,BE_STOP,3.0,33.0,CHOP,3.0,,
XRPUSDT,2026-08-19 14:52:00+00:00,0.004600000000000001,0.006,TP,3.0,77.0,TREND,3.0,,
XRPUSDT,2026-08-19 14:54:00+00:00,0.004600000000000001,0.006,TP,3.0,83.0,TREND,3.0,,
XRPUSDT,2026-08-19 14:54:00+00:00,0.004600000000000001,0.006,TP,3.0,7.0,TREND,3.0,,
BTCUSDT,2026-08-19 14:55:00+00:00,0.004600000000000001,0.006,TP,3.0,38.0,TREND,3.0,,
NEARUSDT,2026-08-19 14:55:00+00:00,0.004600000000000001,0.006,TP,3.0,11.0,TREND,3.0,,
NEARUSDT,2026-08-19 15:00:00+00:00,0.004600000000000001,0.006,TP,3.0,8.0,TREND,3.0,,
NEARUSDT,2026-08-19 15:02:00+00:00,0.0005000000000000001,0.0019,BE_STOP,3.0,7.0,TREND,3.0,,
ETHUSDT,2026-08-19 15:05:00+00:00,0.005759111395570574,0.007159111395570573,TP,3.0,8.0,TREND,3.0,,
BTCUSDT,2026-08-19 15:05:00+00:00,0.004600000000000001,0.006,TP,3.0,6.0,TREND,3.0,,
BTCUSDT,2026-08-19 15:05:00+00:00,0.004600000000000001,0.006,TP,3.0,4.0,TREND,3.0,,
SOLUSDT,2026-08-19 15:06:00+00:00,0.010374114955191659,0.011774114955191659,TP,3.0,3.0,TREND,3.0,,
BTCUSDT,2026-08-19 15:14:00+00:00,-0.0414,-0.04,MAE_KILL,3.0,2185.0,CHOP,3.0,,
BTCUSDT,2026-08-19 15:14:00+00:00,-0.0414,-0.04,MAE_KILL,3.0,544.0,TREND,3.0,,
BTCUSDT,2026-08-19 15:22:00+00:00,0.004600000000000001,0.006,TP,3.0,15.0,TREND,3.0,,
BTCUSDT,2026-08-19 15:23:00+00:00,0.004600000000000001,0.006,TP,3.0,13.0,TREND,3.0,,
NEARUSDT,2026-08-19 15:23:00+00:00,0.005240574037834305,0.006640574037834304,TP,3.0,2.0,TREND,3.0,,
ETHUSDT,2026-08-19 15:24:00+00:00,0.010827649306239482,0.012227649306239482,TP,3.0,6.0,TREND,3.0,,
NEARUSDT,2026-08-19 15:26:00+00:00,-0.0264,-0.025,MAE_KILL,3.0,143.0,CHOP,3.0,,
ETHUSDT,2026-08-19 15:26:00+00:00,0.011749370023698762,0.013149370023698762,TP,3.0,12.0,TREND,3.0,,
ETHUSDT,2026-08-19 15:26:00+00:00,0.011386959115455321,0.012786959115455321,TP,3.0,10.0,TREND,3.0,,
BTCUSDT,2026-08-19 15:26:00+00:00,0.004920012649814917,0.006320012649814916,TP,3.0,1.0,TREND,3.0,,
NEARUSDT,2026-08-19 15:46:00+00:00,0.0005000000000000001,0.0019,BE_STOP,3.0,14.0,TREND,3.0,,
XRPUSDT,2026-08-19 15:51:00+00:00,0.0073003222341568455,0.008700322234156845,TP,3.0,5.0,TREND,3.0,,
BTCUSDT,2026-08-19 16:05:00+00:00,0.006857417289488532,0.008257417289488532,TP,3.0,14.0,TREND,3.0,,
ETHUSDT,2026-08-19 16:47:00+00:00,0.0005000000000000001,0.0019,BE_STOP,3.0,79.0,TREND,3.0,,
BTCUSDT,2026-08-19 17:08:00+00:00,0.004600000000000001,0.006,TP,3.0,21.0,TREND,3.0,,
BTCUSDT,2026-08-19 17:28:00+00:00,0.004600000000000001,0.006,TP,3.0,19.0,TREND,3.0,,
BTCUSDT,2026-08-19 17:32:00+00:00,0.0005000000000000001,0.0019,BE_STOP,3.0,122.0,TREND,3.0,,
NEARUSDT,2026-08-19 18:29:00+00:00,0.012352722157728339,0.01375272215772834,TP,3.0,170.0,TREND,3.0,,
BTCUSDT,2026-08-19 20:13:00+00:00,0.004600000000000001,0.006,TP,3.0,103.0,TREND,3.0,,
ETHUSDT,2026-08-19 20:25:00+00:00,0.007640678975661686,0.009040678975661685,TP,3.0,260.0,TREND,3.0,,
ETHUSDT,2026-08-19 20:25:00+00:00,0.004600000000000001,0.006,TP,3.0,12.0,TREND,3.0,,
ETHUSDT,2026-08-19 20:50:00+00:00,-0.0414,-0.04,MAE_KILL,3.0,202.0,TREND,3.0,,
NEARUSDT,2026-08-19 20:50:00+00:00,-0.0264,-0.025,MAE_KILL,3.0,198.0,CHOP,3.0,,
SOLUSDT,2026-08-19 20:50:00+00:00,0.004600000000000001,0.006,TP,3.0,25.0,CHOP,3.0,,
BTCUSDT,2026-08-19 20:50:00+00:00,0.004600000000000001,0.006,TP,3.0,22.0,CHOP,3.0,,
SOLUSDT,2026-08-19 20:51:00+00:00,0.015031011634833958,0.01643101163483396,TP,3.0,314.0,TREND,3.0,,
BTCUSDT,2026-08-19 20:51:00+00:00,0.011794722111155466,0.013194722111155466,TP,3.0,308.0,TREND,3.0,,
XRPUSDT,2026-08-19 21:03:00+00:00,0.0005000000000000001,0.0019,BE_STOP,3.0,12.0,CHOP,3.0,,
NEARUSDT,2026-08-19 21:04:00+00:00,0.006249056948516353,0.007649056948516353,TP,3.0,8.0,CHOP,3.0,,
BTCUSDT,2026-08-19 21:06:00+00:00,0.004600000000000001,0.006,TP,3.0,12.0,CHOP,3.0,,
BTCUSDT,2026-08-19 21:06:00+00:00,0.005583743822379196,0.006983743822379196,TP,3.0,7.0,CHOP,3.0,,
BTCUSDT,2026-08-19 21:07:00+00:00,0.023174006566892485,0.024574006566892483,TP,3.0,332.0,TREND,3.0,,
BTCUSDT,2026-08-19 21:07:00+00:00,0.00664999398096484,0.008049993980964839,TP,3.0,5.0,CHOP,3.0,,
BTCUSDT,2026-08-19 21:07:00+00:00,0.004810624402150546,0.006210624402150545,TP,3.0,2.0,CHOP,3.0,,
BTCUSDT,2026-08-19 21:39:00+00:00,0.0005000000000000001,0.0019,BE_STOP,3.0,31.0,CHOP,3.0,,
BTCUSDT,2026-08-19 21:39:00+00:00,0.0005000000000000001,0.0019,BE_STOP,3.0,29.0,CHOP,3.0,,
BTCUSDT,2026-08-19 21:46:00+00:00,0.008195880502891653,0.009595880502891653,TP,3.0,34.0,CHOP,3.0,,
XRPUSDT,2026-08-19 21:46:00+00:00,0.007835131820968691,0.009235131820968691,TP,3.0,7.0,TREND,3.0,,
BTCUSDT,2026-08-19 21:47:00+00:00,0.016725072012784788,0.018125072012784786,TP,3.0,366.0,TREND,3.0,,
BTCUSDT,2026-08-19 21:47:00+00:00,0.008426031060669246,0.009826031060669246,TP,3.0,31.0,CHOP,3.0,,
ETHUSDT,2026-08-19 21:59:00+00:00,0.0005000000000000001,0.0019,BE_STOP,3.0,17.0,TREND,3.0,,
XRPUSDT,2026-08-19 22:10:00+00:00,0.0005000000000000001,0.0019,BE_STOP,3.0,10.0,TREND,3.0,,
SOLUSDT,2026-08-19 22:11:00+00:00,0.0005000000000000001,0.0019,BE_STOP,3.0,53.0,TREND,3.0,,
ETHUSDT,2026-08-19 22:25:00+00:00,0.0005000000000000001,0.0019,BE_STOP,3.0,71.0,TREND,3.0,,
ETHUSDT,2026-08-19 22:25:00+00:00,0.0005000000000000001,0.0019,BE_STOP,3.0,65.0,TREND,3.0,,
BTCUSDT,2026-08-19 22:33:00+00:00,0.004600000000000001,0.006,TP,3.0,22.0,TREND,3.0,,
SOLUSDT,2026-08-19 22:33:00+00:00,0.004912393332242256,0.006312393332242256,TP,3.0,7.0,TREND,3.0,,
BTCUSDT,2026-08-19 22:37:00+00:00,0.0005000000000000001,0.0019,BE_STOP,3.0,7.0,TREND,3.0,,
BTCUSDT,2026-08-19 22:39:00+00:00,0.0005000000000000001,0.0019,BE_STOP,3.0,24.0,CHOP,3.0,,
XRPUSDT,2026-08-19 22:46:00+00:00,0.007539762117917888,0.008939762117917888,TP,3.0,6.0,TREND,3.0,,
XRPUSDT,2026-08-19 22:52:00+00:00,0.007888283658787259,0.009288283658787259,TP,3.0,14.0,TREND,3.0,,
ETHUSDT,2026-08-19 23:28:00+00:00,0.0005000000000000001,0.0019,BE_STOP,3.0,42.0,TREND,3.0,,
NEARUSDT,2026-08-20 00:01:00+00:00,0.0005000000000000001,0.0019,BE_STOP,3.0,33.0,CHOP,3.0,,
NEARUSDT,2026-08-20 00:29:00+00:00,0.004600000000000001,0.006,TP,3.0,26.0,CHOP,3.0,,
ETHUSDT,2026-08-20 03:09:00+00:00,0.004600000000000001,0.006,TP,3.0,256.0,TREND,3.0,,
BTCUSDT,2026-08-20 03:16:00+00:00,0.0005000000000000001,0.0019,BE_STOP,3.0,280.0,TREND,3.0,,
SOLUSDT,2026-08-20 06:48:00+00:00,0.0005000000000000001,0.0019,BE_STOP,3.0,379.0,TREND,3.0,,
BTCUSDT,2026-08-20 07:11:00+00:00,0.0005000000000000001,0.0019,BE_STOP,3.0,564.0,CHOP,3.0,,
BTCUSDT,2026-08-20 07:11:00+00:00,0.0005000000000000001,0.0019,BE_STOP,3.0,559.0,CHOP,3.0,,
BTCUSDT,2026-08-20 07:13:00+00:00,0.0005000000000000001,0.0019,BE_STOP,3.0,563.0,CHOP,3.0,,
BTCUSDT,2026-08-20 07:13:00+00:00,0.0005000000000000001,0.0019,BE_STOP,3.0,559.0,CHOP,3.0,,
BTCUSDT,2026-08-20 08:07:00+00:00,0.004600000000000001,0.006,TP,3.0,78.0,CHOP,3.0,,
SOLUSDT,2026-08-20 08:07:00+00:00,0.004600000000000001,0.006,TP,3.0,54.0,CHOP,3.0,,
ETHUSDT,2026-08-20 08:07:00+00:00,0.0005000000000000001,0.0019,BE_STOP,3.0,52.0,CHOP,3.0,,
NEARUSDT,2026-08-20 08:09:00+00:00,0.004600000000000001,0.006,TP,3.0,58.0,CHOP,3.0,,
BTCUSDT,2026-08-20 08:09:00+00:00,0.004600000000000001,0.006,TP,3.0,1.0,CHOP,3.0,,
ETHUSDT,2026-08-20 08:16:00+00:00,0.0005000000000000001,0.0019,BE_STOP,3.0,5.0,CHOP,3.0,,
SOLUSDT,2026-08-20 08:17:00+00:00,-0.0414,-0.04,MAE_KILL,3.0,308.0,TREND,3.0,,
BTCUSDT,2026-08-20 08:47:00+00:00,0.008385934567312757,0.009785934567312757,TP,3.0,31.0,TREND,3.0,,
BTCUSDT,2026-08-20 09:06:00+00:00,-0.0414,-0.04,MAE_KILL,3.0,632.0,TREND,3.0,,
BTCUSDT,2026-08-20 09:06:00+00:00,-0.0414,-0.04,MAE_KILL,3.0,349.0,CHOP,3.0,,
BTCUSDT,2026-08-20 09:09:00+00:00,0.007696453614710737,0.009096453614710736,TP,3.0,55.0,TREND,3.0,,
BTCUSDT,2026-08-20 09:16:00+00:00,0.0005000000000000001,0.0019,BE_STOP,3.0,5.0,TREND,3.0,,
ETHUSDT,2026-08-20 09:29:00+00:00,0.0005000000000000001,0.0019,BE_STOP,3.0,13.0,CHOP,3.0,,
BTCUSDT,2026-08-20 09:52:00+00:00,0.0005000000000000001,0.0019,BE_STOP,3.0,45.0,TREND,3.0,,
XRPUSDT,2026-08-20 09:52:00+00:00,0.00558011163228167,0.0069801116322816695,TP,3.0,22.0,TREND,3.0,,
SOLUSDT,2026-08-20 09:53:00+00:00,0.0005000000000000001,0.0019,BE_STOP,3.0,91.0,TREND,3.0,,
SOLUSDT,2026-08-20 09:59:00+00:00,0.0005000000000000001,0.0019,BE_STOP,3.0,50.0,TREND,3.0,,
BTCUSDT,2026-08-20 10:14:00+00:00,0.010599680401012739,0.011999680401012739,TP,3.0,116.0,TREND,3.0,,
BTCUSDT,2026-08-20 10:14:00+00:00,0.010914696886125492,0.012314696886125492,TP,3.0,114.0,TREND,3.0,,
BTCUSDT,2026-08-20 10:15:00+00:00,-0.0414,-0.04,MAE_KILL,3.0,177.0,CHOP,3.0,,
XRPUSDT,2026-08-20 10:18:00+00:00,0.004600000000000001,0.006,TP,3.0,4.0,TREND,3.0,,
BTCUSDT,2026-08-20 10:21:00+00:00,0.0005000000000000001,0.0019,BE_STOP,3.0,5.0,TREND,3.0,,
NEARUSDT,2026-08-20 11:11:00+00:00,0.004600000000000001,0.006,TP,3.0,72.0,CHOP,3.0,,
ETHUSDT,2026-08-20 11:31:00+00:00,0.004600000000000001,0.006,TP,3.0,72.0,CHOP,3.0,,
ETHUSDT,2026-08-20 11:52:00+00:00,0.0005000000000000001,0.0019,BE_STOP,3.0,20.0,CHOP,3.0,,
BTCUSDT,2026-08-20 12:10:00+00:00,0.0005000000000000001,0.0019,BE_STOP,3.0,135.0,TREND,3.0,,
ETHUSDT,2026-08-20 12:11:00+00:00,0.0005000000000000001,0.0019,BE_STOP,3.0,138.0,CHOP,3.0,,
BTCUSDT,2026-08-20 12:13:00+00:00,0.0005000000000000001,0.0019,BE_STOP,3.0,62.0,TREND,3.0,,
BTCUSDT,2026-08-20 12:50:00+00:00,0.0005000000000000001,0.0019,BE_STOP,3.0,173.0,TREND,3.0,,
SOLUSDT,2026-08-20 12:50:00+00:00,0.0005000000000000001,0.0019,BE_STOP,3.0,35.0,CHOP,3.0,,
BTCUSDT,2026-08-20 12:51:00+00:00,0.0005000000000000001,0.0019,BE_STOP,3.0,41.0,TREND,3.0,,
BTCUSDT,2026-08-20 12:51:00+00:00,0.0005000000000000001,0.0019,BE_STOP,3.0,39.0,TREND,3.0,,
XRPUSDT,2026-08-20 13:05:00+00:00,0.0005000000000000001,0.0019,BE_STOP,3.0,10.0,TREND,3.0,,
XRPUSDT,2026-08-20 13:05:00+00:00,0.0005000000000000001,0.0019,BE_STOP,3.0,6.0,TREND,3.0,,
XRPUSDT,2026-08-20 13:20:00+00:00,0.005032524376512392,0.006432524376512391,TP,3.0,15.0,TREND,3.0,,
XRPUSDT,2026-08-20 14:12:00+00:00,-0.0414,-0.04,MAE_KILL,3.0,82.0,TREND,3.0,,
BTCUSDT,2026-08-20 15:03:00+00:00,0.004600000000000001,0.006,TP,3.0,126.0,TREND,3.0,,
BTCUSDT,2026-08-20 15:03:00+00:00,0.004600000000000001,0.006,TP,3.0,50.0,CHOP,3.0,,
ETHUSDT,2026-08-20 15:04:00+00:00,0.004600000000000001,0.006,TP,3.0,103.0,CHOP,3.0,,
BTCUSDT,2026-08-20 15:06:00+00:00,0.0005000000000000001,0.0019,BE_STOP,3.0,285.0,TREND,3.0,,
BTCUSDT,2026-08-20 15:06:00+00:00,0.0005000000000000001,0.0019,BE_STOP,3.0,282.0,TREND,3.0,,
ETHUSDT,2026-08-20 15:06:00+00:00,0.0005000000000000001,0.0019,BE_STOP,3.0,119.0,CHOP,3.0,,
ETHUSDT,2026-08-20 15:20:00+00:00,0.005405006041623929,0.006805006041623928,TP,3.0,14.0,CHOP,3.0,,
BTCUSDT,2026-08-20 15:22:00+00:00,0.0005000000000000001,0.0019,BE_STOP,3.0,14.0,CHOP,3.0,,
ETHUSDT,2026-08-20 15:30:00+00:00,0.004600000000000001,0.006,TP,3.0,8.0,CHOP,3.0,,
BTCUSDT,2026-08-20 15:31:00+00:00,0.005379716052614143,0.006779716052614142,TP,3.0,15.0,CHOP,3.0,,
BTCUSDT,2026-08-20 15:32:00+00:00,0.004600000000000001,0.006,TP,3.0,28.0,CHOP,3.0,,
BTCUSDT,2026-08-20 15:32:00+00:00,0.005948856587352938,0.007348856587352937,TP,3.0,20.0,CHOP,3.0,,
BTCUSDT,2026-08-20 15:32:00+00:00,0.005994391903562214,0.007394391903562213,TP,3.0,18.0,CHOP,3.0,,
SOLUSDT,2026-08-20 16:13:00+00:00,0.0005000000000000001,0.0019,BE_STOP,3.0,39.0,CHOP,3.0,,
XRPUSDT,2026-08-20 16:29:00+00:00,0.011981093074457253,0.013381093074457253,TP,3.0,69.0,TREND,3.0,,
NEARUSDT,2026-08-20 16:38:00+00:00,0.004600000000000001,0.006,TP,3.0,9.0,CHOP,3.0,,
XRPUSDT,2026-08-20 16:46:00+00:00,-0.0414,-0.04,MAE_KILL,3.0,76.0,TREND,3.0,,
BTCUSDT,2026-08-20 16:59:00+00:00,0.004600000000000001,0.006,TP,3.0,21.0,CHOP,3.0,,
BTCUSDT,2026-08-20 17:06:00+00:00,0.0005000000000000001,0.0019,BE_STOP,3.0,94.0,CHOP,3.0,,
BTCUSDT,2026-08-20 17:06:00+00:00,0.0005000000000000001,0.0019,BE_STOP,3.0,19.0,CHOP,3.0,,
BTCUSDT,2026-08-20 17:59:00+00:00,0.0005000000000000001,0.0019,BE_STOP,3.0,59.0,CHOP,3.0,,
BTCUSDT,2026-08-20 18:00:00+00:00,0.0005000000000000001,0.0019,BE_STOP,3.0,54.0,CHOP,3.0,,
BTCUSDT,2026-08-20 18:00:00+00:00,0.0005000000000000001,0.0019,BE_STOP,3.0,52.0,CHOP,3.0,,
SOLUSDT,2026-08-20 18:02:00+00:00,0.004600000000000001,0.006,TP,3.0,2.0,CHOP,3.0,,
BTCUSDT,2026-08-20 19:10:00+00:00,0.0005000000000000001,0.0019,BE_STOP,3.0,64.0,CHOP,3.0,,
BTCUSDT,2026-08-20 19:10:00+00:00,0.0005000000000000001,0.0019,BE_STOP,3.0,61.0,CHOP,3.0,,
BTCUSDT,2026-08-20 19:14:00+00:00,0.0005000000000000001,0.0019,BE_STOP,3.0,71.0,CHOP,3.0,,
SOLUSDT,2026-08-20 20:52:00+00:00,0.0005000000000000001,0.0019,BE_STOP,3.0,101.0,CHOP,3.0,,
XRPUSDT,2026-08-20 23:26:00+00:00,-0.0414,-0.04,MAE_KILL,3.0,253.0,CHOP,3.0,,
SOLUSDT,2026-08-20 23:34:00+00:00,0.0005000000000000001,0.0019,BE_STOP,3.0,702.0,TREND,3.0,,
SOLUSDT,2026-08-21 00:18:00+00:00,0.004600000000000001,0.006,TP,3.0,931.0,TREND,3.0,,
BTCUSDT,2026-08-21 00:18:00+00:00,0.004600000000000001,0.006,TP,3.0,44.0,CHOP,3.0,,
NEARUSDT,2026-08-21 00:25:00+00:00,0.0005000000000000001,0.0019,BE_STOP,3.0,59.0,CHOP,3.0,,
BTCUSDT,2026-08-21 00:35:00+00:00,0.0005000000000000001,0.0019,BE_STOP,3.0,16.0,CHOP,3.0,,
XRPUSDT,2026-08-21 01:04:00+00:00,-0.0414,-0.04,MAE_KILL,3.0,349.0,CHOP,3.0,,
XRPUSDT,2026-08-21 01:05:00+00:00,0.0005000000000000001,0.0019,BE_STOP,3.0,44.0,TREND,3.0,,
BTCUSDT,2026-08-21 01:16:00+00:00,0.004600000000000001,0.006,TP,3.0,41.0,TREND,3.0,,
BTCUSDT,2026-08-21 01:18:00+00:00,0.004600000000000001,0.006,TP,3.0,14.0,CHOP,3.0,,
BTCUSDT,2026-08-21 01:18:00+00:00,0.004600000000000001,0.006,TP,3.0,11.0,CHOP,3.0,,
ETHUSDT,2026-08-21 01:18:00+00:00,0.004600000000000001,0.006,TP,3.0,1.0,CHOP,3.0,,
SOLUSDT,2026-08-21 01:20:00+00:00,0.0005000000000000001,0.0019,BE_STOP,3.0,55.0,CHOP,3.0,,
BTCUSDT,2026-08-21 01:31:00+00:00,0.005805264720549424,0.007205264720549423,TP,3.0,10.0,TREND,3.0,,
BTCUSDT,2026-08-21 01:47:00+00:00,-0.0414,-0.04,MAE_KILL,3.0,574.0,CHOP,3.0,,
SOLUSDT,2026-08-21 01:47:00+00:00,0.004600000000000001,0.006,TP,3.0,28.0,CHOP,3.0,,
NEARUSDT,2026-08-21 01:47:00+00:00,0.0005000000000000001,0.0019,BE_STOP,3.0,24.0,TREND,3.0,,
BTCUSDT,2026-08-21 01:47:00+00:00,0.006754452368653686,0.008154452368653685,TP,3.0,14.0,TREND,3.0,,
SOLUSDT,2026-08-21 05:45:00+00:00,-0.0414,-0.04,MAE_KILL,3.0,848.0,CHOP,3.0,,
SOLUSDT,2026-08-21 05:45:00+00:00,-0.0414,-0.04,MAE_KILL,3.0,846.0,CHOP,3.0,,
SOLUSDT,2026-08-21 06:03:00+00:00,-0.0414,-0.04,MAE_KILL,3.0,551.0,CHOP,3.0,,
BTCUSDT,2026-08-21 06:43:00+00:00,0.0005000000000000001,0.0019,BE_STOP,3.0,295.0,TREND,3.0,,
BTCUSDT,2026-08-21 06:43:00+00:00,0.0005000000000000001,0.0019,BE_STOP,3.0,289.0,TREND,3.0,,
BTCUSDT,2026-08-21 07:15:00+00:00,0.006936518475783392,0.008336518475783391,TP,3.0,325.0,TREND,3.0,,
BTCUSDT,2026-08-21 07:15:00+00:00,0.007115356268147371,0.00851535626814737,TP,3.0,323.0,TREND,3.0,,
ETHUSDT,2026-08-21 08:51:00+00:00,-0.0414,-0.04,MAE_KILL,3.0,446.0,CHOP,3.0,,
ETHUSDT,2026-08-22 00:06:00+00:00,0.004600000000000001,0.006,TP,3.0,2.0,TREND,3.0,,
NEARUSDT,2026-08-22 00:42:00+00:00,0.0005000000000000001,0.0019,BE_STOP,3.0,21.0,CHOP,3.0,,
BTCUSDT,2026-08-22 00:50:00+00:00,0.0005000000000000001,0.0019,BE_STOP,3.0,36.0,CHOP,3.0,,
BTCUSDT,2026-08-22 00:56:00+00:00,0.0005000000000000001,0.0019,BE_STOP,3.0,46.0,TREND,3.0,,
BTCUSDT,2026-08-22 00:56:00+00:00,0.0005000000000000001,0.0019,BE_STOP,3.0,38.0,CHOP,3.0,,
ETHUSDT,2026-08-22 01:05:00+00:00,0.004600000000000001,0.006,TP,3.0,14.0,TREND,3.0,,
ETHUSDT,2026-08-22 01:08:00+00:00,0.0005000000000000001,0.0019,BE_STOP,3.0,12.0,TREND,3.0,,
BTCUSDT,2026-08-22 01:18:00+00:00,0.0005000000000000001,0.0019,BE_STOP,3.0,20.0,CHOP,3.0,,
XRPUSDT,2026-08-22 01:33:00+00:00,0.010837405669997937,0.012237405669997937,TP,3.0,15.0,TREND,3.0,,
XRPUSDT,2026-08-22 01:36:00+00:00,-0.0414,-0.04,MAE_KILL,3.0,80.0,CHOP,3.0,,
SOLUSDT,2026-08-22 02:22:00+00:00,0.005072204781014289,0.0064722047810142885,TP,3.0,119.0,CHOP,3.0,,
SOLUSDT,2026-08-22 02:22:00+00:00,0.004600000000000001,0.006,TP,3.0,45.0,CHOP,3.0,,
NEARUSDT,2026-08-22 02:39:00+00:00,0.0005000000000000001,0.0019,BE_STOP,3.0,17.0,TREND,3.0,,
BTCUSDT,2026-08-22 03:03:00+00:00,0.004600000000000001,0.006,TP,3.0,115.0,CHOP,3.0,,
BTCUSDT,2026-08-22 03:04:00+00:00,0.004600000000000001,0.006,TP,3.0,90.0,CHOP,3.0,,
BTCUSDT,2026-08-22 03:10:00+00:00,0.0005000000000000001,0.0019,BE_STOP,3.0,188.0,TREND,3.0,,
SOLUSDT,2026-08-22 03:12:00+00:00,0.0005000000000000001,0.0019,BE_STOP,3.0,7.0,CHOP,3.0,,
NEARUSDT,2026-08-22 03:13:00+00:00,0.013719688871326567,0.015119688871326567,TP,3.0,49.0,TREND,3.0,,
NEARUSDT,2026-08-22 03:17:00+00:00,0.006919473271845176,0.008319473271845176,TP,3.0,14.0,TREND,3.0,,
XRPUSDT,2026-08-22 03:18:00+00:00,0.009427387082536414,0.010827387082536414,TP,3.0,5.0,TREND,3.0,,
SOLUSDT,2026-08-22 03:19:00+00:00,0.006049286435208396,0.007449286435208396,TP,3.0,9.0,CHOP,3.0,,
ETHUSDT,2026-08-22 03:28:00+00:00,0.0005000000000000001,0.0019,BE_STOP,3.0,10.0,CHOP,3.0,,
BTCUSDT,2026-08-22 03:41:00+00:00,0.0005000000000000001,0.0019,BE_STOP,3.0,21.0,CHOP,3.0,,
ETHUSDT,2026-08-22 04:05:00+00:00,0.0005000000000000001,0.0019,BE_STOP,3.0,23.0,CHOP,3.0,,
BTCUSDT,2026-08-22 04:22:00+00:00,0.0005000000000000001,0.0019,BE_STOP,3.0,67.0,CHOP,3.0,,
XRPUSDT,2026-08-22 04:32:00+00:00,0.014680848315211532,0.016080848315211532,TP,3.0,70.0,TREND,3.0,,
NEARUSDT,2026-08-22 05:07:00+00:00,-0.0264,-0.025,MAE_KILL,3.0,35.0,TREND,3.0,,
ETHUSDT,2026-08-22 05:08:00+00:00,0.004600000000000001,0.006,TP,3.0,46.0,CHOP,3.0,,
ETHUSDT,2026-08-22 05:09:00+00:00,0.004600000000000001,0.006,TP,3.0,150.0,CHOP,3.0,,
BTCUSDT,2026-08-22 05:09:00+00:00,0.004600000000000001,0.006,TP,3.0,64.0,CHOP,3.0,,
BTCUSDT,2026-08-22 05:10:00+00:00,0.004600000000000001,0.006,TP,3.0,302.0,TREND,3.0,,
BTCUSDT,2026-08-22 05:10:00+00:00,0.004600000000000001,0.006,TP,3.0,268.0,CHOP,3.0,,
ETHUSDT,2026-08-22 05:10:00+00:00,-0.0414,-0.04,MAE_KILL,3.0,245.0,TREND,3.0,,
BTCUSDT,2026-08-22 05:17:00+00:00,0.0005000000000000001,0.0019,BE_STOP,3.0,6.0,CHOP,3.0,,
SOLUSDT,2026-08-22 05:20:00+00:00,0.0005000000000000001,0.0019,BE_STOP,3.0,7.0,CHOP,3.0,,
BTCUSDT,2026-08-22 05:34:00+00:00,0.0005000000000000001,0.0019,BE_STOP,3.0,5.0,CHOP,3.0,,
BTCUSDT,2026-08-22 05:35:00+00:00,0.0005000000000000001,0.0019,BE_STOP,3.0,20.0,CHOP,3.0,,
NEARUSDT,2026-08-22 05:36:00+00:00,-0.0264,-0.025,MAE_KILL,3.0,9.0,CHOP,3.0,,
ETHUSDT,2026-08-22 05:49:00+00:00,0.0005000000000000001,0.0019,BE_STOP,3.0,15.0,TREND,3.0,,
NEARUSDT,2026-08-22 06:06:00+00:00,0.0005000000000000001,0.0019,BE_STOP,3.0,29.0,CHOP,3.0,,
NEARUSDT,2026-08-22 06:06:00+00:00,0.0005000000000000001,0.0019,BE_STOP,3.0,27.0,CHOP,3.0,,
BTCUSDT,2026-08-22 06:36:00+00:00,0.0005000000000000001,0.0019,BE_STOP,3.0,28.0,CHOP,3.0,,
XRPUSDT,2026-08-22 06:39:00+00:00,-0.0414,-0.04,MAE_KILL,3.0,33.0,CHOP,3.0,,
BTCUSDT,2026-08-22 07:10:00+00:00,0.0005000000000000001,0.0019,BE_STOP,3.0,81.0,CHOP,3.0,,
ETHUSDT,2026-08-22 08:44:00+00:00,0.0005000000000000001,0.0019,BE_STOP,3.0,128.0,TREND,3.0,,
BTCUSDT,2026-08-22 08:44:00+00:00,0.0005000000000000001,0.0019,BE_STOP,3.0,90.0,CHOP,3.0,,
BTCUSDT,2026-08-22 09:59:00+00:00,0.0005000000000000001,0.0019,BE_STOP,3.0,73.0,TREND,3.0,,
SOLUSDT,2026-08-22 10:03:00+00:00,0.005233957097215973,0.0066339570972159725,TP,3.0,4.0,CHOP,3.0,,
BTCUSDT,2026-08-22 10:13:00+00:00,0.004600000000000001,0.006,TP,3.0,85.0,TREND,3.0,,
BTCUSDT,2026-08-22 10:17:00+00:00,0.0005000000000000001,0.0019,BE_STOP,3.0,13.0,TREND,3.0,,
BTCUSDT,2026-08-22 10:28:00+00:00,0.0005000000000000001,0.0019,BE_STOP,3.0,11.0,CHOP,3.0,,
BTCUSDT,2026-08-22 10:38:00+00:00,0.0005000000000000001,0.0019,BE_STOP,3.0,313.0,CHOP,3.0,,
BTCUSDT,2026-08-22 10:41:00+00:00,0.0005000000000000001,0.0019,BE_STOP,3.0,324.0,CHOP,3.0,,
SOLUSDT,2026-08-22 12:03:00+00:00,0.0005000000000000001,0.0019,BE_STOP,3.0,82.0,CHOP,3.0,,
XRPUSDT,2026-08-22 12:16:00+00:00,0.01732538969313167,0.01872538969313167,TP,3.0,97.0,CHOP,3.0,,
NEARUSDT,2026-08-22 12:42:00+00:00,0.005896507270274292,0.0072965072702742915,TP,3.0,26.0,CHOP,3.0,,
BTCUSDT,2026-08-22 12:51:00+00:00,0.0005000000000000001,0.0019,BE_STOP,3.0,48.0,CHOP,3.0,,
ETHUSDT,2026-08-22 13:24:00+00:00,0.0005000000000000001,0.0019,BE_STOP,3.0,42.0,CHOP,3.0,,
ETHUSDT,2026-08-22 14:07:00+00:00,0.004600000000000001,0.006,TP,3.0,75.0,CHOP,3.0,,
NEARUSDT,2026-08-22 14:08:00+00:00,0.0005000000000000001,0.0019,BE_STOP,3.0,220.0,CHOP,3.0,,
BTCUSDT,2026-08-22 14:09:00+00:00,0.0005000000000000001,0.0019,BE_STOP,3.0,45.0,CHOP,3.0,,
BTCUSDT,2026-08-22 22:05:00+00:00,0.0005000000000000001,0.0019,BE_STOP,3.0,477.0,CHOP,3.0,,
BTCUSDT,2026-08-22 22:05:00+00:00,0.0005000000000000001,0.0019,BE_STOP,3.0,474.0,CHOP,3.0,,
BTCUSDT,2026-08-22 22:05:00+00:00,0.0005000000000000001,0.0019,BE_STOP,3.0,472.0,CHOP,3.0,,
NEARUSDT,2026-08-22 22:31:00+00:00,0.00798255063867585,0.00938255063867585,TP,3.0,23.0,CHOP,3.0,,
ETHUSDT,2026-08-23 00:52:00+00:00,0.004600000000000001,0.006,TP,3.0,141.0,CHOP,3.0,,
BTCUSDT,2026-08-23 01:04:00+00:00,0.0005000000000000001,0.0019,BE_STOP,3.0,174.0,CHOP,3.0,,
BTCUSDT,2026-08-23 01:57:00+00:00,0.0005000000000000001,0.0019,BE_STOP,3.0,231.0,CHOP,3.0,,
BTCUSDT,2026-08-23 02:31:00+00:00,0.0005000000000000001,0.0019,BE_STOP,3.0,86.0,CHOP,3.0,,
SOLUSDT,2026-08-23 02:53:00+00:00,0.0005000000000000001,0.0019,BE_STOP,3.0,22.0,CHOP,3.0,,
BTCUSDT,2026-08-23 04:08:00+00:00,0.004600000000000001,0.006,TP,3.0,131.0,CHOP,3.0,,
BTCUSDT,2026-08-23 05:08:00+00:00,0.004600000000000001,0.006,TP,3.0,59.0,CHOP,3.0,,
BTCUSDT,2026-08-23 05:09:00+00:00,0.004600000000000001,0.006,TP,3.0,1135.0,CHOP,3.0,,
BTCUSDT,2026-08-23 05:14:00+00:00,0.013375159408140602,0.014775159408140602,TP,3.0,1431.0,CHOP,3.0,,
BTCUSDT,2026-08-23 05:14:00+00:00,0.004600000000000001,0.006,TP,3.0,4.0,CHOP,3.0,,
BTCUSDT,2026-08-23 05:17:00+00:00,-0.0414,-0.04,MAE_KILL,3.0,1549.0,CHOP,3.0,,
BTCUSDT,2026-08-23 05:17:00+00:00,0.004868794544550496,0.006268794544550495,TP,3.0,2.0,TREND,3.0,,
XRPUSDT,2026-08-23 05:25:00+00:00,0.010118370700786382,0.011518370700786382,TP,3.0,17.0,CHOP,3.0,,
SOLUSDT,2026-08-23 10:21:00+00:00,0.008653523680661883,0.010053523680661883,TP,3.0,296.0,CHOP,3.0,,
SOLUSDT,2026-08-23 11:24:00+00:00,0.004600000000000001,0.006,TP,3.0,62.0,CHOP,3.0,,
ETHUSDT,2026-08-23 13:18:00+00:00,-0.0414,-0.04,MAE_KILL,3.0,481.0,TREND,3.0,,
BTCUSDT,2026-08-23 13:19:00+00:00,0.004600000000000001,0.006,TP,3.0,114.0,TREND,3.0,,
BTCUSDT,2026-08-23 13:21:00+00:00,0.0005000000000000001,0.0019,BE_STOP,3.0,1842.0,CHOP,3.0,,
SOLUSDT,2026-08-23 13:21:00+00:00,0.0005000000000000001,0.0019,BE_STOP,3.0,628.0,CHOP,3.0,,
BTCUSDT,2026-08-23 13:29:00+00:00,0.0005000000000000001,0.0019,BE_STOP,3.0,756.0,CHOP,3.0,,
SOLUSDT,2026-08-23 14:06:00+00:00,0.0005000000000000001,0.0019,BE_STOP,3.0,44.0,TREND,3.0,,
XRPUSDT,2026-08-23 14:12:00+00:00,0.00629375029302833,0.007693750293028329,TP,3.0,6.0,TREND,3.0,,
NEARUSDT,2026-08-23 14:42:00+00:00,0.007640449243561674,0.009040449243561673,TP,3.0,29.0,TREND,3.0,,
NEARUSDT,2026-08-23 17:14:00+00:00,-0.0264,-0.025,MAE_KILL,3.0,151.0,CHOP,3.0,,
XRPUSDT,2026-08-23 17:22:00+00:00,0.006622072510464598,0.008022072510464598,TP,3.0,7.0,CHOP,3.0,,
BTCUSDT,2026-08-23 21:16:00+00:00,0.004600000000000001,0.006,TP,3.0,233.0,CHOP,3.0,,
BTCUSDT,2026-08-23 21:20:00+00:00,0.004600000000000001,0.006,TP,3.0,473.0,TREND,3.0,,
BTCUSDT,2026-08-23 21:22:00+00:00,0.004600000000000001,0.006,TP,3.0,482.0,TREND,3.0,,
NEARUSDT,2026-08-23 21:24:00+00:00,0.0005000000000000001,0.0019,BE_STOP,3.0,4.0,TREND,3.0,,
ETHUSDT,2026-08-23 21:39:00+00:00,0.0005000000000000001,0.0019,BE_STOP,3.0,495.0,CHOP,3.0,,
NEARUSDT,2026-08-23 21:45:00+00:00,0.008202475870158064,0.009602475870158065,TP,3.0,6.0,TREND,3.0,,
ETHUSDT,2026-08-23 22:04:00+00:00,0.0005000000000000001,0.0019,BE_STOP,3.0,515.0,TREND,3.0,,
BTCUSDT,2026-08-23 23:28:00+00:00,0.0005000000000000001,0.0019,BE_STOP,3.0,103.0,CHOP,3.0,,
BTCUSDT,2026-08-23 23:28:00+00:00,0.0005000000000000001,0.0019,BE_STOP,3.0,84.0,CHOP,3.0,,
NEARUSDT,2026-08-24 00:14:00+00:00,0.00833640297536552,0.009736402975365521,TP,3.0,43.0,CHOP,3.0,,
ETHUSDT,2026-08-24 00:27:00+00:00,0.004600000000000001,0.006,TP,3.0,13.0,CHOP,3.0,,
XRPUSDT,2026-08-24 00:44:00+00:00,0.00661909717258924,0.008019097172589239,TP,3.0,17.0,CHOP,3.0,,
BTCUSDT,2026-08-24 02:12:00+00:00,0.0005000000000000001,0.0019,BE_STOP,3.0,87.0,CHOP,3.0,,
NEARUSDT,2026-08-24 04:01:00+00:00,0.0005000000000000001,0.0019,BE_STOP,3.0,108.0,CHOP,3.0,,
SOLUSDT,2026-08-24 05:19:00+00:00,-0.006949152687070431,-0.005549152687070432,MAX_AGE,3.0,2880.0,CHOP,3.0,,
SOLUSDT,2026-08-24 05:38:00+00:00,0.0005000000000000001,0.0019,BE_STOP,3.0,97.0,CHOP,3.0,,
BTCUSDT,2026-08-24 06:49:00+00:00,0.004600000000000001,0.006,TP,3.0,90.0,CHOP,3.0,,
BTCUSDT,2026-08-24 07:21:00+00:00,0.0005000000000000001,0.0019,BE_STOP,3.0,31.0,CHOP,3.0,,
XRPUSDT,2026-08-24 08:16:00+00:00,0.0046150886970706346,0.006015088697070634,TP,3.0,158.0,CHOP,3.0,,
BTCUSDT,2026-08-24 08:33:00+00:00,0.0005000000000000001,0.0019,BE_STOP,3.0,15.0,CHOP,3.0,,
BTCUSDT,2026-08-24 10:40:00+00:00,0.0005000000000000001,0.0019,BE_STOP,3.0,667.0,CHOP,3.0,,
BTCUSDT,2026-08-24 10:43:00+00:00,0.0005000000000000001,0.0019,BE_STOP,3.0,202.0,CHOP,3.0,,
SOLUSDT,2026-08-24 11:02:00+00:00,0.004600000000000001,0.006,TP,3.0,22.0,CHOP,3.0,,
ETHUSDT,2026-08-24 11:07:00+00:00,0.0005000000000000001,0.0019,BE_STOP,3.0,24.0,CHOP,3.0,,
BTCUSDT,2026-08-24 11:36:00+00:00,0.004600000000000001,0.006,TP,3.0,859.0,CHOP,3.0,,
BTCUSDT,2026-08-24 11:37:00+00:00,0.004600000000000001,0.006,TP,3.0,855.0,CHOP,3.0,,
BTCUSDT,2026-08-24 11:37:00+00:00,0.004600000000000001,0.006,TP,3.0,853.0,CHOP,3.0,,
NEARUSDT,2026-08-24 11:46:00+00:00,0.0005000000000000001,0.0019,BE_STOP,3.0,5.0,CHOP,3.0,,
SOLUSDT,2026-08-24 12:17:00+00:00,0.0005000000000000001,0.0019,BE_STOP,3.0,70.0,CHOP,3.0,,
BTCUSDT,2026-08-24 12:34:00+00:00,0.0005000000000000001,0.0019,BE_STOP,3.0,51.0,CHOP,3.0,,
BTCUSDT,2026-08-24 12:42:00+00:00,0.004600000000000001,0.006,TP,3.0,64.0,CHOP,3.0,,
BTCUSDT,2026-08-24 12:42:00+00:00,0.004600000000000001,0.006,TP,3.0,56.0,CHOP,3.0,,
BTCUSDT,2026-08-24 12:50:00+00:00,0.004600000000000001,0.006,TP,3.0,14.0,CHOP,3.0,,
BTCUSDT,2026-08-24 12:51:00+00:00,-0.0414,-0.04,MAE_KILL,3.0,1892.0,TREND,3.0,,
BTCUSDT,2026-08-24 12:51:00+00:00,-0.0414,-0.04,MAE_KILL,3.0,1890.0,TREND,3.0,,
BTCUSDT,2026-08-24 12:51:00+00:00,0.004600000000000001,0.006,TP,3.0,8.0,TREND,3.0,,
ETHUSDT,2026-08-24 12:51:00+00:00,0.004600000000000001,0.006,TP,3.0,6.0,CHOP,3.0,,
SOLUSDT,2026-08-24 12:53:00+00:00,0.0005000000000000001,0.0019,BE_STOP,3.0,3.0,CHOP,3.0,,
BTCUSDT,2026-08-24 13:01:00+00:00,0.0005000000000000001,0.0019,BE_STOP,3.0,9.0,TREND,3.0,,
BTCUSDT,2026-08-24 13:15:00+00:00,0.0005000000000000001,0.0019,BE_STOP,3.0,17.0,TREND,3.0,,
BTCUSDT,2026-08-24 13:16:00+00:00,0.0005000000000000001,0.0019,BE_STOP,3.0,16.0,TREND,3.0,,
BTCUSDT,2026-08-24 13:16:00+00:00,0.0005000000000000001,0.0019,BE_STOP,3.0,14.0,TREND,3.0,,
BTCUSDT,2026-08-24 13:16:00+00:00,0.0005000000000000001,0.0019,BE_STOP,3.0,12.0,TREND,3.0,,
BTCUSDT,2026-08-24 13:33:00+00:00,0.004600000000000001,0.006,TP,3.0,12.0,TREND,3.0,,
BTCUSDT,2026-08-24 13:40:00+00:00,0.004600000000000001,0.006,TP,3.0,23.0,TREND,3.0,,
BTCUSDT,2026-08-24 13:40:00+00:00,0.004600000000000001,0.006,TP,3.0,21.0,TREND,3.0,,
BTCUSDT,2026-08-24 13:40:00+00:00,0.004600000000000001,0.006,TP,3.0,16.0,TREND,3.0,,
BTCUSDT,2026-08-24 13:42:00+00:00,0.004600000000000001,0.006,TP,3.0,9.0,TREND,3.0,,
BTCUSDT,2026-08-24 13:45:00+00:00,0.004882522227804667,0.006282522227804666,TP,3.0,4.0,TREND,3.0,,
SOLUSDT,2026-08-24 13:47:00+00:00,0.0005000000000000001,0.0019,BE_STOP,3.0,90.0,CHOP,3.0,,
BTCUSDT,2026-08-24 13:48:00+00:00,0.0005000000000000001,0.0019,BE_STOP,3.0,5.0,CHOP,3.0,,
SOLUSDT,2026-08-24 14:43:00+00:00,0.0005000000000000001,0.0019,BE_STOP,3.0,107.0,CHOP,3.0,,
SOLUSDT,2026-08-24 14:50:00+00:00,0.0005000000000000001,0.0019,BE_STOP,3.0,7.0,CHOP,3.0,,
SOLUSDT,2026-08-24 15:23:00+00:00,-0.0414,-0.04,MAE_KILL,3.0,409.0,CHOP,3.0,,
ETHUSDT,2026-08-24 15:43:00+00:00,0.0053099455071091844,0.006709945507109184,TP,3.0,52.0,CHOP,3.0,,
BTCUSDT,2026-08-24 16:02:00+00:00,0.0005000000000000001,0.0019,BE_STOP,3.0,18.0,CHOP,3.0,,
ETHUSDT,2026-08-24 16:54:00+00:00,0.00541818181818176,0.00681818181818176,TP,3.0,52.0,CHOP,3.0,,
BTCUSDT,2026-08-24 17:07:00+00:00,0.0005000000000000001,0.0019,BE_STOP,3.0,12.0,CHOP,3.0,,
BTCUSDT,2026-08-24 17:17:00+00:00,0.0005000000000000001,0.0019,BE_STOP,3.0,10.0,CHOP,3.0,,
XRPUSDT,2026-08-24 17:21:00+00:00,0.007198460520892322,0.008598460520892321,TP,3.0,4.0,CHOP,3.0,,
SOLUSDT,2026-08-24 22:37:00+00:00,-0.0414,-0.04,MAE_KILL,3.0,524.0,CHOP,3.0,,
BTCUSDT,2026-08-25 00:44:00+00:00,0.004600000000000001,0.006,TP,3.0,126.0,CHOP,3.0,,
NEARUSDT,2026-08-25 00:47:00+00:00,0.0046996494705620956,0.006099649470562095,TP,3.0,3.0,CHOP,3.0,,
BTCUSDT,2026-08-25 02:17:00+00:00,0.004600000000000001,0.006,TP,3.0,654.0,CHOP,3.0,,
BTCUSDT,2026-08-25 02:44:00+00:00,0.0005000000000000001,0.0019,BE_STOP,3.0,25.0,CHOP,3.0,,
BTCUSDT,2026-08-25 04:00:00+00:00,0.0005000000000000001,0.0019,BE_STOP,3.0,68.0,TREND,3.0,,
BTCUSDT,2026-08-25 04:09:00+00:00,0.0005000000000000001,0.0019,BE_STOP,3.0,9.0,CHOP,3.0,,
BTCUSDT,2026-08-25 04:33:00+00:00,0.0005000000000000001,0.0019,BE_STOP,3.0,24.0,CHOP,3.0,,
SOLUSDT,2026-08-25 05:00:00+00:00,0.0005000000000000001,0.0019,BE_STOP,3.0,25.0,CHOP,3.0,,
BTCUSDT,2026-08-25 05:32:00+00:00,0.004600000000000001,0.006,TP,3.0,32.0,CHOP,3.0,,
SOLUSDT,2026-08-25 05:39:00+00:00,0.0005000000000000001,0.0019,BE_STOP,3.0,292.0,TREND,3.0,,
SOLUSDT,2026-08-25 12:03:00+00:00,-0.0414,-0.04,MAE_KILL,3.0,391.0,CHOP,3.0,,
BTCUSDT,2026-08-25 12:12:00+00:00,0.0005000000000000001,0.0019,BE_STOP,3.0,9.0,CHOP,3.0,,
ETHUSDT,2026-08-25 13:51:00+00:00,0.004600000000000001,0.006,TP,3.0,1609.0,CHOP,3.0,,
BTCUSDT,2026-08-25 13:51:00+00:00,0.004600000000000001,0.006,TP,3.0,1228.0,CHOP,3.0,,
XRPUSDT,2026-08-25 21:08:00+00:00,-0.0414,-0.04,MAE_KILL,3.0,532.0,TREND,3.0,,
BTCUSDT,2026-08-25 21:11:00+00:00,0.0005000000000000001,0.0019,BE_STOP,3.0,1885.0,CHOP,3.0,,
BTCUSDT,2026-08-25 21:13:00+00:00,0.0005000000000000001,0.0019,BE_STOP,3.0,1885.0,CHOP,3.0,,
BTCUSDT,2026-08-25 21:13:00+00:00,0.0005000000000000001,0.0019,BE_STOP,3.0,440.0,CHOP,3.0,,
BTCUSDT,2026-08-25 21:14:00+00:00,0.0005000000000000001,0.0019,BE_STOP,3.0,1884.0,CHOP,3.0,,
BTCUSDT,2026-08-25 21:14:00+00:00,0.0005000000000000001,0.0019,BE_STOP,3.0,1879.0,CHOP,3.0,,
BTCUSDT,2026-08-25 21:14:00+00:00,0.0005000000000000001,0.0019,BE_STOP,3.0,439.0,CHOP,3.0,,
XRPUSDT,2026-08-25 21:29:00+00:00,0.0005000000000000001,0.0019,BE_STOP,3.0,11.0,CHOP,3.0,,
BTCUSDT,2026-08-25 22:05:00+00:00,0.004600000000000001,0.006,TP,3.0,45.0,TREND,3.0,,
BTCUSDT,2026-08-25 22:08:00+00:00,0.004600000000000001,0.006,TP,3.0,46.0,TREND,3.0,,
BTCUSDT,2026-08-25 22:08:00+00:00,0.004600000000000001,0.006,TP,3.0,37.0,CHOP,3.0,,
ETHUSDT,2026-08-25 23:10:00+00:00,0.0005000000000000001,0.0019,BE_STOP,3.0,62.0,CHOP,3.0,,
ETHUSDT,2026-08-25 23:20:00+00:00,0.0005000000000000001,0.0019,BE_STOP,3.0,75.0,CHOP,3.0,,
BTCUSDT,2026-08-26 00:09:00+00:00,0.004600000000000001,0.006,TP,3.0,58.0,CHOP,3.0,,
BTCUSDT,2026-08-26 00:31:00+00:00,0.0005000000000000001,0.0019,BE_STOP,3.0,69.0,CHOP,3.0,,
ETHUSDT,2026-08-26 01:06:00+00:00,0.004600000000000001,0.006,TP,3.0,35.0,CHOP,3.0,,
BTCUSDT,2026-08-26 03:07:00+00:00,0.0005000000000000001,0.0019,BE_STOP,3.0,295.0,CHOP,3.0,,
BTCUSDT,2026-08-26 03:48:00+00:00,0.0005000000000000001,0.0019,BE_STOP,3.0,161.0,CHOP,3.0,,
BTCUSDT,2026-08-26 05:11:00+00:00,0.0005000000000000001,0.0019,BE_STOP,3.0,83.0,CHOP,3.0,,
XRPUSDT,2026-08-26 05:21:00+00:00,0.0005000000000000001,0.0019,BE_STOP,3.0,10.0,CHOP,3.0,,
BTCUSDT,2026-08-26 05:24:00+00:00,0.0005000000000000001,0.0019,BE_STOP,3.0,137.0,CHOP,3.0,,
ETHUSDT,2026-08-26 05:39:00+00:00,0.0005000000000000001,0.0019,BE_STOP,3.0,12.0,CHOP,3.0,,
XRPUSDT,2026-08-26 06:13:00+00:00,0.0005000000000000001,0.0019,BE_STOP,3.0,34.0,CHOP,3.0,,
BTCUSDT,2026-08-26 09:07:00+00:00,0.0005000000000000001,0.0019,BE_STOP,3.0,173.0,CHOP,3.0,,
NEARUSDT,2026-08-26 09:30:00+00:00,0.004600000000000001,0.006,TP,3.0,21.0,CHOP,3.0,,
BTCUSDT,2026-08-26 09:51:00+00:00,0.0005000000000000001,0.0019,BE_STOP,3.0,20.0,CHOP,3.0,,
XRPUSDT,2026-08-26 10:08:00+00:00,0.004600000000000001,0.006,TP,3.0,17.0,TREND,3.0,,
BTCUSDT,2026-08-26 12:31:00+00:00,0.0005000000000000001,0.0019,BE_STOP,3.0,920.0,TREND,3.0,,
BTCUSDT,2026-08-26 12:31:00+00:00,0.0005000000000000001,0.0019,BE_STOP,3.0,142.0,CHOP,3.0,,
BTCUSDT,2026-08-26 12:51:00+00:00,0.0005000000000000001,0.0019,BE_STOP,3.0,16.0,CHOP,3.0,,
BTCUSDT,2026-08-26 13:34:00+00:00,0.0005000000000000001,0.0019,BE_STOP,3.0,56.0,CHOP,3.0,,
BTCUSDT,2026-08-26 13:50:00+00:00,0.0005000000000000001,0.0019,BE_STOP,3.0,15.0,CHOP,3.0,,
NEARUSDT,2026-08-26 13:57:00+00:00,0.0005000000000000001,0.0019,BE_STOP,3.0,6.0,CHOP,3.0,,
SOLUSDT,2026-08-26 14:35:00+00:00,0.004600000000000001,0.006,TP,3.0,38.0,CHOP,3.0,,
BTCUSDT,2026-08-26 15:02:00+00:00,0.004600000000000001,0.006,TP,3.0,26.0,CHOP,3.0,,
BTCUSDT,2026-08-26 15:10:00+00:00,0.0005000000000000001,0.0019,BE_STOP,3.0,1082.0,TREND,3.0,,
SOLUSDT,2026-08-26 21:17:00+00:00,0.004600000000000001,0.006,TP,3.0,506.0,CHOP,3.0,,
SOLUSDT,2026-08-26 22:15:00+00:00,-0.0414,-0.04,MAE_KILL,3.0,432.0,CHOP,3.0,,
BTCUSDT,2026-08-27 00:04:00+00:00,0.0005000000000000001,0.0019,BE_STOP,3.0,166.0,CHOP,3.0,,
BTCUSDT,2026-08-27 00:04:00+00:00,0.0005000000000000001,0.0019,BE_STOP,3.0,107.0,CHOP,3.0,,
BTCUSDT,2026-08-27 01:25:00+00:00,0.0005000000000000001,0.0019,BE_STOP,3.0,80.0,CHOP,3.0,,
BTCUSDT,2026-08-27 01:26:00+00:00,0.0005000000000000001,0.0019,BE_STOP,3.0,79.0,CHOP,3.0,,
SOLUSDT,2026-08-27 01:29:00+00:00,0.004600000000000001,0.006,TP,3.0,4.0,TREND,3.0,,
ETHUSDT,2026-08-27 05:39:00+00:00,-0.010475111794855437,-0.009075111794855437,MAX_AGE,3.0,2880.0,CHOP,3.0,,
ETHUSDT,2026-08-27 06:09:00+00:00,0.0005000000000000001,0.0019,BE_STOP,3.0,30.0,CHOP,3.0,,
NEARUSDT,2026-08-27 06:18:00+00:00,0.0005000000000000001,0.0019,BE_STOP,3.0,9.0,CHOP,3.0,,
BTCUSDT,2026-08-27 08:03:00+00:00,0.004600000000000001,0.006,TP,3.0,392.0,CHOP,3.0,,
BTCUSDT,2026-08-27 08:04:00+00:00,0.004600000000000001,0.006,TP,3.0,1599.0,CHOP,3.0,,
ETHUSDT,2026-08-27 08:04:00+00:00,0.004600000000000001,0.006,TP,3.0,395.0,CHOP,3.0,,
ETHUSDT,2026-08-27 08:09:00+00:00,-0.0414,-0.04,MAE_KILL,3.0,2096.0,TREND,3.0,,
SOLUSDT,2026-08-27 08:09:00+00:00,0.007431949195978054,0.008831949195978054,TP,3.0,1.0,CHOP,3.0,,
ETHUSDT,2026-08-27 08:10:00+00:00,-0.0414,-0.04,MAE_KILL,3.0,2094.0,TREND,3.0,,
BTCUSDT,2026-08-27 08:10:00+00:00,0.004600000000000001,0.006,TP,3.0,5.0,CHOP,3.0,,
ETHUSDT,2026-08-27 08:29:00+00:00,-0.0414,-0.04,MAE_KILL,3.0,1940.0,CHOP,3.0,,
ETHUSDT,2026-08-27 08:30:00+00:00,0.004980789779418387,0.006380789779418386,TP,3.0,20.0,CHOP,3.0,,
SOLUSDT,2026-08-27 08:30:00+00:00,0.012554301362413733,0.013954301362413733,TP,3.0,16.0,CHOP,3.0,,
BTCUSDT,2026-08-27 08:39:00+00:00,0.0005000000000000001,0.0019,BE_STOP,3.0,27.0,TREND,3.0,,
BTCUSDT,2026-08-27 08:43:00+00:00,0.004600000000000001,0.006,TP,3.0,26.0,TREND,3.0,,
BTCUSDT,2026-08-27 08:43:00+00:00,0.004600000000000001,0.006,TP,3.0,23.0,TREND,3.0,,
SOLUSDT,2026-08-27 08:45:00+00:00,0.00740400110591626,0.008804001105916259,TP,3.0,6.0,CHOP,3.0,,
SOLUSDT,2026-08-27 08:48:00+00:00,-0.0414,-0.04,MAE_KILL,3.0,150.0,CHOP,3.0,,
SOLUSDT,2026-08-27 08:51:00+00:00,0.0005000000000000001,0.0019,BE_STOP,3.0,20.0,CHOP,3.0,,
NEARUSDT,2026-08-27 08:51:00+00:00,0.0005000000000000001,0.0019,BE_STOP,3.0,6.0,TREND,3.0,,
SOLUSDT,2026-08-27 09:20:00+00:00,0.008052181351582519,0.009452181351582519,TP,3.0,28.0,TREND,3.0,,
SOLUSDT,2026-08-27 09:20:00+00:00,0.008213833089472024,0.009613833089472024,TP,3.0,26.0,TREND,3.0,,
XRPUSDT,2026-08-27 09:25:00+00:00,0.0047871962310283645,0.006187196231028364,TP,3.0,52.0,CHOP,3.0,,
ETHUSDT,2026-08-27 09:25:00+00:00,0.004600000000000001,0.006,TP,3.0,36.0,TREND,3.0,,
ETHUSDT,2026-08-27 09:25:00+00:00,0.004600000000000001,0.006,TP,3.0,2.0,TREND,3.0,,
BTCUSDT,2026-08-27 09:26:00+00:00,0.004600000000000001,0.006,TP,3.0,51.0,TREND,3.0,,
BTCUSDT,2026-08-27 09:26:00+00:00,0.004600000000000001,0.006,TP,3.0,43.0,TREND,3.0,,
BTCUSDT,2026-08-27 09:26:00+00:00,0.004600000000000001,0.006,TP,3.0,39.0,TREND,3.0,,
BTCUSDT,2026-08-27 09:35:00+00:00,0.0005000000000000001,0.0019,BE_STOP,3.0,14.0,TREND,3.0,,
SOLUSDT,2026-08-27 10:07:00+00:00,0.0005000000000000001,0.0019,BE_STOP,3.0,29.0,TREND,3.0,,
SOLUSDT,2026-08-27 10:10:00+00:00,0.0005000000000000001,0.0019,BE_STOP,3.0,34.0,TREND,3.0,,
SOLUSDT,2026-08-27 13:59:00+00:00,0.006481170568289947,0.007881170568289946,TP,3.0,273.0,TREND,3.0,,
XRPUSDT,2026-08-27 14:05:00+00:00,0.004600000000000001,0.006,TP,3.0,233.0,CHOP,3.0,,
ETHUSDT,2026-08-27 14:07:00+00:00,0.0005000000000000001,0.0019,BE_STOP,3.0,8.0,CHOP,3.0,,
BTCUSDT,2026-08-27 14:35:00+00:00,0.004600000000000001,0.006,TP,3.0,27.0,CHOP,3.0,,
SOLUSDT,2026-08-27 14:41:00+00:00,0.008645336526172751,0.010045336526172751,TP,3.0,36.0,CHOP,3.0,,
BTCUSDT,2026-08-27 14:46:00+00:00,0.0005000000000000001,0.0019,BE_STOP,3.0,276.0,TREND,3.0,,
XRPUSDT,2026-08-27 14:48:00+00:00,0.0005000000000000001,0.0019,BE_STOP,3.0,12.0,CHOP,3.0,,
BTCUSDT,2026-08-27 15:13:00+00:00,0.004600000000000001,0.006,TP,3.0,339.0,TREND,3.0,,
BTCUSDT,2026-08-27 15:13:00+00:00,0.004600000000000001,0.006,TP,3.0,27.0,CHOP,3.0,,
BTCUSDT,2026-08-27 15:22:00+00:00,0.0005000000000000001,0.0019,BE_STOP,3.0,352.0,TREND,3.0,,
BTCUSDT,2026-08-27 15:22:00+00:00,0.0005000000000000001,0.0019,BE_STOP,3.0,350.0,TREND,3.0,,
BTCUSDT,2026-08-27 15:22:00+00:00,0.0005000000000000001,0.0019,BE_STOP,3.0,39.0,CHOP,3.0,,
NEARUSDT,2026-08-27 15:38:00+00:00,0.0005000000000000001,0.0019,BE_STOP,3.0,5.0,CHOP,3.0,,
NEARUSDT,2026-08-27 16:04:00+00:00,0.0005000000000000001,0.0019,BE_STOP,3.0,76.0,CHOP,3.0,,
BTCUSDT,2026-08-27 16:11:00+00:00,0.0005000000000000001,0.0019,BE_STOP,3.0,33.0,CHOP,3.0,,
SOLUSDT,2026-08-27 16:21:00+00:00,0.0005000000000000001,0.0019,BE_STOP,3.0,53.0,TREND,3.0,,
SOLUSDT,2026-08-27 16:22:00+00:00,0.004600000000000001,0.006,TP,3.0,11.0,TREND,3.0,,
SOLUSDT,2026-08-27 16:24:00+00:00,0.00818276538448749,0.00958276538448749,TP,3.0,71.0,CHOP,3.0,,
ETHUSDT,2026-08-27 16:46:00+00:00,0.0005000000000000001,0.0019,BE_STOP,3.0,42.0,CHOP,3.0,,
ETHUSDT,2026-08-27 16:46:00+00:00,0.0005000000000000001,0.0019,BE_STOP,3.0,19.0,CHOP,3.0,,
BTCUSDT,2026-08-27 17:22:00+00:00,0.0005000000000000001,0.0019,BE_STOP,3.0,127.0,CHOP,3.0,,
NEARUSDT,2026-08-27 17:26:00+00:00,0.0005000000000000001,0.0019,BE_STOP,3.0,37.0,CHOP,3.0,,
BTCUSDT,2026-08-27 17:42:00+00:00,0.0005000000000000001,0.0019,BE_STOP,3.0,77.0,CHOP,3.0,,
BTCUSDT,2026-08-27 17:42:00+00:00,0.0005000000000000001,0.0019,BE_STOP,3.0,56.0,CHOP,3.0,,
XRPUSDT,2026-08-27 18:13:00+00:00,0.007532244226361903,0.008932244226361902,TP,3.0,169.0,CHOP,3.0,,
BTCUSDT,2026-08-27 18:13:00+00:00,0.004600000000000001,0.006,TP,3.0,30.0,CHOP,3.0,,
BTCUSDT,2026-08-27 18:13:00+00:00,0.004600000000000001,0.006,TP,3.0,27.0,CHOP,3.0,,
BTCUSDT,2026-08-27 18:27:00+00:00,0.0005000000000000001,0.0019,BE_STOP,3.0,13.0,CHOP,3.0,,
BTCUSDT,2026-08-28 01:18:00+00:00,-0.0414,-0.04,MAE_KILL,3.0,2045.0,CHOP,3.0,,
BTCUSDT,2026-08-28 01:30:00+00:00,0.004600000000000001,0.006,TP,3.0,488.0,CHOP,3.0,,
BTCUSDT,2026-08-28 01:33:00+00:00,0.004600000000000001,0.006,TP,3.0,487.0,CHOP,3.0,,
ETHUSDT,2026-08-28 01:34:00+00:00,0.0005000000000000001,0.0019,BE_STOP,3.0,15.0,TREND,3.0,,
BTCUSDT,2026-08-28 01:35:00+00:00,0.0005000000000000001,0.0019,BE_STOP,3.0,5.0,TREND,3.0,,
ETHUSDT,2026-08-28 02:13:00+00:00,0.004600000000000001,0.006,TP,3.0,34.0,TREND,3.0,,
BTCUSDT,2026-08-28 02:30:00+00:00,0.004600000000000001,0.006,TP,3.0,17.0,CHOP,3.0,,
BTCUSDT,2026-08-28 02:53:00+00:00,0.0005000000000000001,0.0019,BE_STOP,3.0,506.0,CHOP,3.0,,
BTCUSDT,2026-08-28 02:53:00+00:00,0.0005000000000000001,0.0019,BE_STOP,3.0,22.0,CHOP,3.0,,
ETHUSDT,2026-08-28 04:09:00+00:00,0.004600000000000001,0.006,TP,3.0,591.0,CHOP,3.0,,
ETHUSDT,2026-08-28 04:12:00+00:00,0.0005000000000000001,0.0019,BE_STOP,3.0,592.0,CHOP,3.0,,
BTCUSDT,2026-08-28 04:13:00+00:00,0.0005000000000000001,0.0019,BE_STOP,3.0,80.0,CHOP,3.0,,
BTCUSDT,2026-08-28 04:13:00+00:00,0.0005000000000000001,0.0019,BE_STOP,3.0,77.0,CHOP,3.0,,
XRPUSDT,2026-08-28 05:08:00+00:00,0.004600000000000001,0.006,TP,3.0,44.0,CHOP,3.0,,
XRPUSDT,2026-08-28 09:07:00+00:00,0.0005000000000000001,0.0019,BE_STOP,3.0,238.0,CHOP,3.0,,
XRPUSDT,2026-08-28 09:35:00+00:00,-0.0414,-0.04,MAE_KILL,3.0,1034.0,TREND,3.0,,
XRPUSDT,2026-08-28 10:02:00+00:00,-0.0414,-0.04,MAE_KILL,3.0,507.0,CHOP,3.0,,
BTCUSDT,2026-08-28 10:03:00+00:00,0.004600000000000001,0.006,TP,3.0,353.0,CHOP,3.0,,
ETHUSDT,2026-08-28 10:12:00+00:00,0.0005000000000000001,0.0019,BE_STOP,3.0,36.0,CHOP,3.0,,
BTCUSDT,2026-08-28 10:30:00+00:00,0.0005000000000000001,0.0019,BE_STOP,3.0,83.0,CHOP,3.0,,
NEARUSDT,2026-08-28 10:55:00+00:00,0.004600000000000001,0.006,TP,3.0,25.0,CHOP,3.0,,
NEARUSDT,2026-08-28 11:22:00+00:00,0.0005000000000000001,0.0019,BE_STOP,3.0,26.0,CHOP,3.0,,
BTCUSDT,2026-08-28 14:05:00+00:00,0.004600000000000001,0.006,TP,3.0,240.0,CHOP,3.0,,
BTCUSDT,2026-08-28 14:05:00+00:00,0.004600000000000001,0.006,TP,3.0,233.0,CHOP,3.0,,
BTCUSDT,2026-08-28 14:12:00+00:00,0.004600000000000001,0.006,TP,3.0,244.0,CHOP,3.0,,
ETHUSDT,2026-08-28 14:18:00+00:00,0.0005000000000000001,0.0019,BE_STOP,3.0,11.0,CHOP,3.0,,
BTCUSDT,2026-08-28 16:01:00+00:00,0.005096193643620503,0.006496193643620502,TP,3.0,103.0,CHOP,3.0,,
ETHUSDT,2026-08-28 16:03:00+00:00,-0.0414,-0.04,MAE_KILL,3.0,1835.0,TREND,3.0,,
BTCUSDT,2026-08-28 16:03:00+00:00,-0.0414,-0.04,MAE_KILL,3.0,870.0,TREND,3.0,,
BTCUSDT,2026-08-28 16:16:00+00:00,0.004600000000000001,0.006,TP,3.0,9.0,CHOP,3.0,,
BTCUSDT,2026-08-28 16:17:00+00:00,0.004600000000000001,0.006,TP,3.0,14.0,CHOP,3.0,,
BTCUSDT,2026-08-28 16:17:00+00:00,0.004600000000000001,0.006,TP,3.0,12.0,CHOP,3.0,,
SOLUSDT,2026-08-28 16:24:00+00:00,0.008349038451002159,0.009749038451002159,TP,3.0,8.0,CHOP,3.0,,
ETHUSDT,2026-08-28 16:24:00+00:00,0.004780331197637752,0.0061803311976377515,TP,3.0,6.0,CHOP,3.0,,
BTCUSDT,2026-08-28 16:24:00+00:00,0.004600000000000001,0.006,TP,3.0,4.0,TREND,3.0,,
SOLUSDT,2026-08-28 16:28:00+00:00,0.0005000000000000001,0.0019,BE_STOP,3.0,143.0,CHOP,3.0,,
SOLUSDT,2026-08-28 16:28:00+00:00,0.0005000000000000001,0.0019,BE_STOP,3.0,135.0,CHOP,3.0,,
SOLUSDT,2026-08-28 18:48:00+00:00,0.009554451345755688,0.010954451345755688,TP,3.0,143.0,CHOP,3.0,,
ETHUSDT,2026-08-28 19:00:00+00:00,0.0005000000000000001,0.0019,BE_STOP,3.0,153.0,TREND,3.0,,
ETHUSDT,2026-08-28 19:08:00+00:00,0.0005000000000000001,0.0019,BE_STOP,3.0,157.0,TREND,3.0,,
NEARUSDT,2026-08-28 20:49:00+00:00,0.0005000000000000001,0.0019,BE_STOP,3.0,100.0,CHOP,3.0,,
SOLUSDT,2026-08-28 23:21:00+00:00,0.0005000000000000001,0.0019,BE_STOP,3.0,151.0,CHOP,3.0,,
BTCUSDT,2026-08-29 00:51:00+00:00,0.0005000000000000001,0.0019,BE_STOP,3.0,349.0,TREND,3.0,,
BTCUSDT,2026-08-29 04:15:00+00:00,0.0005000000000000001,0.0019,BE_STOP,3.0,204.0,CHOP,3.0,,
SOLUSDT,2026-08-29 06:32:00+00:00,0.0005000000000000001,0.0019,BE_STOP,3.0,137.0,CHOP,3.0,,
NEARUSDT,2026-08-29 07:19:00+00:00,0.0005000000000000001,0.0019,BE_STOP,3.0,47.0,CHOP,3.0,,
BTCUSDT,2026-08-29 07:37:00+00:00,0.0005000000000000001,0.0019,BE_STOP,3.0,495.0,CHOP,3.0,,
BTCUSDT,2026-08-29 09:47:00+00:00,0.0005000000000000001,0.0019,BE_STOP,3.0,147.0,CHOP,3.0,,
SOLUSDT,2026-08-29 14:34:00+00:00,0.004600000000000001,0.006,TP,3.0,415.0,CHOP,3.0,,
BTCUSDT,2026-08-29 14:47:00+00:00,0.004600000000000001,0.006,TP,3.0,295.0,CHOP,3.0,,
SOLUSDT,2026-08-29 15:02:00+00:00,0.0005000000000000001,0.0019,BE_STOP,3.0,15.0,TREND,3.0,,
SOLUSDT,2026-08-29 19:16:00+00:00,0.004600000000000001,0.006,TP,3.0,254.0,TREND,3.0,,
SOLUSDT,2026-08-29 20:31:00+00:00,0.0005000000000000001,0.0019,BE_STOP,3.0,1678.0,CHOP,3.0,,
SOLUSDT,2026-08-29 21:42:00+00:00,0.0005000000000000001,0.0019,BE_STOP,3.0,70.0,CHOP,3.0,,
BTCUSDT,2026-08-30 04:19:00+00:00,-0.02347674655309041,-0.02207674655309041,MAX_AGE,3.0,2880.0,CHOP,3.0,,
BTCUSDT,2026-08-30 04:22:00+00:00,-0.02364170319348779,-0.02224170319348779,MAX_AGE,3.0,2880.0,CHOP,3.0,,
BTCUSDT,2026-08-30 11:25:00+00:00,-0.020857869722109155,-0.019457869722109156,MAX_AGE,3.0,2880.0,CHOP,3.0,,
BTCUSDT,2026-08-30 12:10:00+00:00,0.004600000000000001,0.006,TP,3.0,45.0,CHOP,3.0,,
BTCUSDT,2026-08-30 12:32:00+00:00,0.004600000000000001,0.006,TP,3.0,1035.0,TREND,3.0,,
SOLUSDT,2026-08-30 12:59:00+00:00,0.004600000000000001,0.006,TP,3.0,26.0,CHOP,3.0,,
NEARUSDT,2026-08-30 13:06:00+00:00,0.0005000000000000001,0.0019,BE_STOP,3.0,7.0,CHOP,3.0,,
ETHUSDT,2026-08-30 14:06:00+00:00,0.0005000000000000001,0.0019,BE_STOP,3.0,116.0,CHOP,3.0,,
SOLUSDT,2026-08-30 14:24:00+00:00,0.0005000000000000001,0.0019,BE_STOP,3.0,17.0,TREND,3.0,,
ETHUSDT,2026-08-30 15:09:00+00:00,0.004600000000000001,0.006,TP,3.0,123.0,CHOP,3.0,,
BTCUSDT,2026-08-30 16:29:00+00:00,-0.02033920340296875,-0.01893920340296875,MAX_AGE,3.0,2880.0,TREND,3.0,,
BTCUSDT,2026-08-30 17:11:00+00:00,0.0005000000000000001,0.0019,BE_STOP,3.0,42.0,TREND,3.0,,
BTCUSDT,2026-08-30 17:36:00+00:00,0.0005000000000000001,0.0019,BE_STOP,3.0,25.0,TREND,3.0,,
XRPUSDT,2026-08-30 18:29:00+00:00,0.004600000000000001,0.006,TP,3.0,52.0,CHOP,3.0,,
ETHUSDT,2026-08-30 18:40:00+00:00,0.0005000000000000001,0.0019,BE_STOP,3.0,10.0,CHOP,3.0,,
BTCUSDT,2026-08-30 18:49:00+00:00,-0.024058692366617552,-0.022658692366617553,MAX_AGE,3.0,2880.0,CHOP,3.0,,
NEARUSDT,2026-08-30 18:52:00+00:00,-0.0264,-0.025,MAE_KILL,3.0,217.0,CHOP,3.0,,
NEARUSDT,2026-08-30 18:57:00+00:00,0.004600000000000001,0.006,TP,3.0,4.0,CHOP,3.0,,
BTCUSDT,2026-08-30 20:01:00+00:00,0.0005000000000000001,0.0019,BE_STOP,3.0,66.0,CHOP,3.0,,
BTCUSDT,2026-08-30 20:43:00+00:00,0.004600000000000001,0.006,TP,3.0,105.0,CHOP,3.0,,
NEARUSDT,2026-08-30 20:46:00+00:00,0.0005000000000000001,0.0019,BE_STOP,3.0,3.0,CHOP,3.0,,
BTCUSDT,2026-08-30 20:51:00+00:00,0.0005000000000000001,0.0019,BE_STOP,3.0,387.0,TREND,3.0,,
XRPUSDT,2026-08-30 21:01:00+00:00,0.005000482978092112,0.0064004829780921115,TP,3.0,15.0,CHOP,3.0,,
NEARUSDT,2026-08-30 21:01:00+00:00,0.007013644240415854,0.008413644240415854,TP,3.0,7.0,CHOP,3.0,,
ETHUSDT,2026-08-30 22:32:00+00:00,0.0005000000000000001,0.0019,BE_STOP,3.0,90.0,CHOP,3.0,,
BTCUSDT,2026-08-30 23:19:00+00:00,0.0005000000000000001,0.0019,BE_STOP,3.0,47.0,CHOP,3.0,,
BTCUSDT,2026-08-30 23:20:00+00:00,0.0005000000000000001,0.0019,BE_STOP,3.0,136.0,CHOP,3.0,,
ETHUSDT,2026-08-30 23:23:00+00:00,0.004600000000000001,0.006,TP,3.0,1141.0,CHOP,3.0,,
ETHUSDT,2026-08-30 23:23:00+00:00,0.004600000000000001,0.006,TP,3.0,4.0,CHOP,3.0,,
BTCUSDT,2026-08-30 23:24:00+00:00,0.0005000000000000001,0.0019,BE_STOP,3.0,1542.0,CHOP,3.0,,
BTCUSDT,2026-08-30 23:26:00+00:00,0.0005000000000000001,0.0019,BE_STOP,3.0,1147.0,CHOP,3.0,,
NEARUSDT,2026-08-30 23:28:00+00:00,0.008047629377130452,0.009447629377130453,TP,3.0,4.0,CHOP,3.0,,
BTCUSDT,2026-08-30 23:30:00+00:00,0.004600000000000001,0.006,TP,3.0,4.0,CHOP,3.0,,
ETHUSDT,2026-08-30 23:36:00+00:00,-0.0414,-0.04,MAE_KILL,3.0,296.0,CHOP,3.0,,
BTCUSDT,2026-08-30 23:37:00+00:00,0.0005000000000000001,0.0019,BE_STOP,3.0,4.0,TREND,3.0,,
BTCUSDT,2026-08-30 23:41:00+00:00,0.004727241697305211,0.00612724169730521,TP,3.0,11.0,TREND,3.0,,
BTCUSDT,2026-08-30 23:46:00+00:00,0.004600000000000001,0.006,TP,3.0,1992.0,CHOP,3.0,,
BTCUSDT,2026-08-30 23:46:00+00:00,0.0055042298648005725,0.006904229864800572,TP,3.0,10.0,TREND,3.0,,
BTCUSDT,2026-08-30 23:47:00+00:00,0.004600000000000001,0.006,TP,3.0,4.0,TREND,3.0,,
ETHUSDT,2026-08-30 23:52:00+00:00,0.0005000000000000001,0.0019,BE_STOP,3.0,12.0,TREND,3.0,,
ETHUSDT,2026-08-31 00:24:00+00:00,0.005162056063605794,0.0065620560636057935,TP,3.0,22.0,TREND,3.0,,
BTCUSDT,2026-08-31 00:35:00+00:00,0.004600000000000001,0.006,TP,3.0,35.0,TREND,3.0,,
NEARUSDT,2026-08-31 00:38:00+00:00,-0.0264,-0.025,MAE_KILL,3.0,44.0,TREND,3.0,,
SOLUSDT,2026-08-31 01:03:00+00:00,0.0005000000000000001,0.0019,BE_STOP,3.0,65.0,TREND,3.0,,
BTCUSDT,2026-08-31 01:04:00+00:00,0.0005000000000000001,0.0019,BE_STOP,3.0,59.0,TREND,3.0,,
ETHUSDT,2026-08-31 02:06:00+00:00,0.0005000000000000001,0.0019,BE_STOP,3.0,61.0,TREND,3.0,,
SOLUSDT,2026-08-31 02:35:00+00:00,0.0005000000000000001,0.0019,BE_STOP,3.0,28.0,TREND,3.0,,
NEARUSDT,2026-08-31 02:51:00+00:00,-0.0264,-0.025,MAE_KILL,3.0,108.0,CHOP,3.0,,
ETHUSDT,2026-08-31 03:09:00+00:00,0.0005000000000000001,0.0019,BE_STOP,3.0,33.0,CHOP,3.0,,
NEARUSDT,2026-08-31 03:20:00+00:00,0.0052153580076098015,0.006615358007609801,TP,3.0,11.0,CHOP,3.0,,
SOLUSDT,2026-08-31 05:25:00+00:00,0.004600000000000001,0.006,TP,3.0,301.0,TREND,3.0,,
BTCUSDT,2026-08-31 07:29:00+00:00,0.0005000000000000001,0.0019,BE_STOP,3.0,123.0,CHOP,3.0,,
BTCUSDT,2026-08-31 07:31:00+00:00,0.0005000000000000001,0.0019,BE_STOP,3.0,414.0,CHOP,3.0,,
BTCUSDT,2026-08-31 08:03:00+00:00,0.0005000000000000001,0.0019,BE_STOP,3.0,444.0,CHOP,3.0,,
XRPUSDT,2026-08-31 08:03:00+00:00,0.0005000000000000001,0.0019,BE_STOP,3.0,31.0,CHOP,3.0,,
SOLUSDT,2026-08-31 08:09:00+00:00,0.0005000000000000001,0.0019,BE_STOP,3.0,6.0,TREND,3.0,,
BTCUSDT,2026-08-31 08:44:00+00:00,0.0005000000000000001,0.0019,BE_STOP,3.0,75.0,CHOP,3.0,,
NEARUSDT,2026-08-31 09:09:00+00:00,-0.0264,-0.025,MAE_KILL,3.0,349.0,CHOP,3.0,,
BTCUSDT,2026-08-31 09:09:00+00:00,0.004600000000000001,0.006,TP,3.0,25.0,CHOP,3.0,,
BTCUSDT,2026-08-31 13:00:00+00:00,0.0005000000000000001,0.0019,BE_STOP,3.0,293.0,TREND,3.0,,
SOLUSDT,2026-08-31 13:38:00+00:00,0.0005000000000000001,0.0019,BE_STOP,3.0,329.0,TREND,3.0,,
ETHUSDT,2026-08-31 14:04:00+00:00,0.0005000000000000001,0.0019,BE_STOP,3.0,26.0,CHOP,3.0,,
ETHUSDT,2026-08-31 14:41:00+00:00,0.004600000000000001,0.006,TP,3.0,99.0,CHOP,3.0,,
SOLUSDT,2026-08-31 14:41:00+00:00,0.004600000000000001,0.006,TP,3.0,37.0,CHOP,3.0,,
ETHUSDT,2026-08-31 15:47:00+00:00,0.0005000000000000001,0.0019,BE_STOP,3.0,64.0,CHOP,3.0,,
BTCUSDT,2026-08-31 15:53:00+00:00,0.0005000000000000001,0.0019,BE_STOP,3.0,68.0,CHOP,3.0,,
SOLUSDT,2026-08-31 16:42:00+00:00,0.0005000000000000001,0.0019,BE_STOP,3.0,48.0,CHOP,3.0,,
XRPUSDT,2026-08-31 16:49:00+00:00,0.0005000000000000001,0.0019,BE_STOP,3.0,7.0,CHOP,3.0,,
BTCUSDT,2026-08-31 16:57:00+00:00,0.0005000000000000001,0.0019,BE_STOP,3.0,466.0,TREND,3.0,,
BTCUSDT,2026-08-31 16:57:00+00:00,0.0005000000000000001,0.0019,BE_STOP,3.0,70.0,CHOP,3.0,,
BTCUSDT,2026-08-31 17:46:00+00:00,0.0005000000000000001,0.0019,BE_STOP,3.0,517.0,TREND,3.0,,
BTCUSDT,2026-08-31 18:01:00+00:00,0.0005000000000000001,0.0019,BE_STOP,3.0,72.0,CHOP,3.0,,
BTCUSDT,2026-08-31 18:01:00+00:00,0.0005000000000000001,0.0019,BE_STOP,3.0,64.0,CHOP,3.0,,
SOLUSDT,2026-08-31 18:24:00+00:00,0.0005000000000000001,0.0019,BE_STOP,3.0,23.0,CHOP,3.0,,
NEARUSDT,2026-08-31 18:42:00+00:00,0.0005000000000000001,0.0019,BE_STOP,3.0,18.0,CHOP,3.0,,
BTCUSDT,2026-08-31 18:53:00+00:00,0.0005000000000000001,0.0019,BE_STOP,3.0,1372.0,CHOP,3.0,,
BTCUSDT,2026-08-31 18:53:00+00:00,0.0005000000000000001,0.0019,BE_STOP,3.0,66.0,CHOP,3.0,,
NEARUSDT,2026-08-31 19:49:00+00:00,0.0005000000000000001,0.0019,BE_STOP,3.0,56.0,CHOP,3.0,,
NEARUSDT,2026-08-31 19:49:00+00:00,0.0005000000000000001,0.0019,BE_STOP,3.0,54.0,CHOP,3.0,,
NEARUSDT,2026-08-31 20:20:00+00:00,0.004600000000000001,0.006,TP,3.0,29.0,CHOP,3.0,,
SOLUSDT,2026-08-31 21:30:00+00:00,0.0005000000000000001,0.0019,BE_STOP,3.0,101.0,CHOP,3.0,,
NEARUSDT,2026-08-31 22:57:00+00:00,-0.0264,-0.025,MAE_KILL,3.0,294.0,CHOP,3.0,,
BTCUSDT,2026-08-31 23:19:00+00:00,0.0005000000000000001,0.0019,BE_STOP,3.0,379.0,CHOP,3.0,,
ETHUSDT,2026-09-01 01:28:00+00:00,0.0005000000000000001,0.0019,BE_STOP,3.0,129.0,CHOP,3.0,,
BTCUSDT,2026-09-01 01:35:00+00:00,0.0005000000000000001,0.0019,BE_STOP,3.0,158.0,CHOP,3.0,,
BTCUSDT,2026-09-01 02:24:00+00:00,0.0005000000000000001,0.0019,BE_STOP,3.0,56.0,CHOP,3.0,,
ETHUSDT,2026-09-01 02:27:00+00:00,0.0005000000000000001,0.0019,BE_STOP,3.0,52.0,CHOP,3.0,,
NEARUSDT,2026-09-01 03:46:00+00:00,-0.0264,-0.025,MAE_KILL,3.0,82.0,CHOP,3.0,,
BTCUSDT,2026-09-01 05:12:00+00:00,0.0005000000000000001,0.0019,BE_STOP,3.0,86.0,CHOP,3.0,,
BTCUSDT,2026-09-01 06:02:00+00:00,0.0005000000000000001,0.0019,BE_STOP,3.0,511.0,CHOP,3.0,,
BTCUSDT,2026-09-01 06:16:00+00:00,0.0005000000000000001,0.0019,BE_STOP,3.0,64.0,CHOP,3.0,,
BTCUSDT,2026-09-01 08:06:00+00:00,0.004600000000000001,0.006,TP,3.0,110.0,CHOP,3.0,,
BTCUSDT,2026-09-01 08:26:00+00:00,0.004600000000000001,0.006,TP,3.0,19.0,CHOP,3.0,,
BTCUSDT,2026-09-01 10:31:00+00:00,0.0005000000000000001,0.0019,BE_STOP,3.0,482.0,CHOP,3.0,,
NEARUSDT,2026-09-01 10:44:00+00:00,0.0005000000000000001,0.0019,BE_STOP,3.0,12.0,TREND,3.0,,
BTCUSDT,2026-09-01 12:42:00+00:00,0.0005000000000000001,0.0019,BE_STOP,3.0,255.0,CHOP,3.0,,
ETHUSDT,2026-09-01 13:06:00+00:00,0.004600000000000001,0.006,TP,3.0,24.0,CHOP,3.0,,
BTCUSDT,2026-09-01 13:43:00+00:00,0.0005000000000000001,0.0019,BE_STOP,3.0,36.0,CHOP,3.0,,
XRPUSDT,2026-09-01 14:01:00+00:00,0.004657159552156259,0.0060571595521562585,TP,3.0,17.0,CHOP,3.0,,
BTCUSDT,2026-09-01 14:12:00+00:00,0.0005000000000000001,0.0019,BE_STOP,3.0,10.0,CHOP,3.0,,
BTCUSDT,2026-09-01 18:27:00+00:00,0.004600000000000001,0.006,TP,3.0,2557.0,TREND,3.0,,
BTCUSDT,2026-09-01 18:28:00+00:00,0.004914760276742343,0.006314760276742343,TP,3.0,2560.0,TREND,3.0,,
ETHUSDT,2026-09-01 18:37:00+00:00,0.004600000000000001,0.006,TP,3.0,8.0,CHOP,3.0,,
ETHUSDT,2026-09-01 18:39:00+00:00,0.004600000000000001,0.006,TP,3.0,2387.0,TREND,3.0,,
SOLUSDT,2026-09-01 18:40:00+00:00,0.0005000000000000001,0.0019,BE_STOP,3.0,3.0,TREND,3.0,,
BTCUSDT,2026-09-01 18:45:00+00:00,0.004600000000000001,0.006,TP,3.0,14.0,CHOP,3.0,,
SOLUSDT,2026-09-01 18:49:00+00:00,0.0005000000000000001,0.0019,BE_STOP,3.0,8.0,TREND,3.0,,
NEARUSDT,2026-09-01 19:09:00+00:00,0.0005000000000000001,0.0019,BE_STOP,3.0,18.0,CHOP,3.0,,
BTCUSDT,2026-09-01 19:43:00+00:00,0.0005000000000000001,0.0019,BE_STOP,3.0,32.0,CHOP,3.0,,
ETHUSDT,2026-09-01 21:17:00+00:00,0.004600000000000001,0.006,TP,3.0,94.0,CHOP,3.0,,
BTCUSDT,2026-09-02 01:56:00+00:00,0.0005000000000000001,0.0019,BE_STOP,3.0,278.0,CHOP,3.0,,
ETHUSDT,2026-09-02 09:23:00+00:00,-0.0414,-0.04,MAE_KILL,3.0,1641.0,CHOP,3.0,,
BTCUSDT,2026-09-02 09:26:00+00:00,0.0005000000000000001,0.0019,BE_STOP,3.0,449.0,CHOP,3.0,,
BTCUSDT,2026-09-02 09:48:00+00:00,0.0005000000000000001,0.0019,BE_STOP,3.0,24.0,CHOP,3.0,,
SOLUSDT,2026-09-02 09:49:00+00:00,0.0005000000000000001,0.0019,BE_STOP,3.0,910.0,TREND,3.0,,
BTCUSDT,2026-09-02 09:53:00+00:00,0.0005000000000000001,0.0019,BE_STOP,3.0,26.0,CHOP,3.0,,
ETHUSDT,2026-09-02 10:32:00+00:00,-0.0414,-0.04,MAE_KILL,3.0,1428.0,CHOP,3.0,,
ETHUSDT,2026-09-02 10:33:00+00:00,0.004600000000000001,0.006,TP,3.0,45.0,TREND,3.0,,
NEARUSDT,2026-09-02 10:50:00+00:00,0.004600000000000001,0.006,TP,3.0,18.0,CHOP,3.0,,
BTCUSDT,2026-09-02 10:54:00+00:00,0.0005000000000000001,0.0019,BE_STOP,3.0,968.0,CHOP,3.0,,
BTCUSDT,2026-09-02 10:54:00+00:00,0.0005000000000000001,0.0019,BE_STOP,3.0,19.0,TREND,3.0,,
SOLUSDT,2026-09-02 11:28:00+00:00,0.0005000000000000001,0.0019,BE_STOP,3.0,37.0,TREND,3.0,,
SOLUSDT,2026-09-02 11:33:00+00:00,0.0005000000000000001,0.0019,BE_STOP,3.0,39.0,TREND,3.0,,
NEARUSDT,2026-09-02 11:39:00+00:00,0.004600000000000001,0.006,TP,3.0,108.0,CHOP,3.0,,
SOLUSDT,2026-09-02 12:31:00+00:00,0.0005000000000000001,0.0019,BE_STOP,3.0,52.0,TREND,3.0,,
BTCUSDT,2026-09-02 12:38:00+00:00,0.0005000000000000001,0.0019,BE_STOP,3.0,165.0,TREND,3.0,,
BTCUSDT,2026-09-02 12:46:00+00:00,0.0005000000000000001,0.0019,BE_STOP,3.0,71.0,TREND,3.0,,
BTCUSDT,2026-09-02 12:50:00+00:00,0.0005000000000000001,0.0019,BE_STOP,3.0,110.0,TREND,3.0,,
XRPUSDT,2026-09-02 13:01:00+00:00,0.0005000000000000001,0.0019,BE_STOP,3.0,11.0,CHOP,3.0,,
BTCUSDT,2026-09-02 13:45:00+00:00,0.004600000000000001,0.006,TP,3.0,74.0,CHOP,3.0,,
BTCUSDT,2026-09-02 18:43:00+00:00,-0.02447668000176955,-0.023076680001769552,MAX_AGE,3.0,2880.0,CHOP,3.0,,
BTCUSDT,2026-09-02 20:21:00+00:00,-0.022951751403995073,-0.021551751403995074,MAX_AGE,3.0,2880.0,CHOP,3.0,,
BTCUSDT,2026-09-02 23:09:00+00:00,0.0005000000000000001,0.0019,BE_STOP,3.0,266.0,CHOP,3.0,,
XRPUSDT,2026-09-03 01:26:00+00:00,0.004600000000000001,0.006,TP,3.0,302.0,CHOP,3.0,,
BTCUSDT,2026-09-03 01:47:00+00:00,0.0005000000000000001,0.0019,BE_STOP,3.0,157.0,CHOP,3.0,,
BTCUSDT,2026-09-03 02:34:00+00:00,0.004600000000000001,0.006,TP,3.0,769.0,CHOP,3.0,,
BTCUSDT,2026-09-03 02:34:00+00:00,0.004600000000000001,0.006,TP,3.0,67.0,CHOP,3.0,,
BTCUSDT,2026-09-03 05:31:00+00:00,0.0005000000000000001,0.0019,BE_STOP,3.0,223.0,CHOP,3.0,,
BTCUSDT,2026-09-03 07:16:00+00:00,0.0005000000000000001,0.0019,BE_STOP,3.0,281.0,CHOP,3.0,,
BTCUSDT,2026-09-03 07:31:00+00:00,0.0005000000000000001,0.0019,BE_STOP,3.0,294.0,CHOP,3.0,,
NEARUSDT,2026-09-03 07:40:00+00:00,0.0005000000000000001,0.0019,BE_STOP,3.0,24.0,CHOP,3.0,,
BTCUSDT,2026-09-03 08:02:00+00:00,0.0005000000000000001,0.0019,BE_STOP,3.0,31.0,CHOP,3.0,,
XRPUSDT,2026-09-03 08:10:00+00:00,0.0005000000000000001,0.0019,BE_STOP,3.0,29.0,CHOP,3.0,,
ETHUSDT,2026-09-03 09:45:00+00:00,0.0005000000000000001,0.0019,BE_STOP,3.0,103.0,CHOP,3.0,,
NEARUSDT,2026-09-03 09:48:00+00:00,0.004600000000000001,0.006,TP,3.0,1.0,CHOP,3.0,,
NEARUSDT,2026-09-03 12:17:00+00:00,0.0005000000000000001,0.0019,BE_STOP,3.0,247.0,CHOP,3.0,,
NEARUSDT,2026-09-03 12:32:00+00:00,-0.0264,-0.025,MAE_KILL,3.0,163.0,CHOP,3.0,,
SOLUSDT,2026-09-03 12:54:00+00:00,-0.0414,-0.04,MAE_KILL,3.0,1526.0,TREND,3.0,,
BTCUSDT,2026-09-03 12:55:00+00:00,0.004600000000000001,0.006,TP,3.0,2803.0,CHOP,3.0,,
XRPUSDT,2026-09-03 12:56:00+00:00,0.004600000000000001,0.006,TP,3.0,24.0,CHOP,3.0,,
ETHUSDT,2026-09-03 13:35:00+00:00,0.0005000000000000001,0.0019,BE_STOP,3.0,37.0,CHOP,3.0,,
ETHUSDT,2026-09-03 13:48:00+00:00,0.0005000000000000001,0.0019,BE_STOP,3.0,13.0,CHOP,3.0,,
BTCUSDT,2026-09-03 13:54:00+00:00,0.0005000000000000001,0.0019,BE_STOP,3.0,58.0,CHOP,3.0,,
BTCUSDT,2026-09-03 14:16:00+00:00,0.004600000000000001,0.006,TP,3.0,76.0,TREND,3.0,,
BTCUSDT,2026-09-03 14:23:00+00:00,0.004600000000000001,0.006,TP,3.0,35.0,CHOP,3.0,,
BTCUSDT,2026-09-03 14:30:00+00:00,-0.0414,-0.04,MAE_KILL,3.0,1529.0,CHOP,3.0,,
BTCUSDT,2026-09-03 14:32:00+00:00,-0.0414,-0.04,MAE_KILL,3.0,1546.0,CHOP,3.0,,
NEARUSDT,2026-09-03 14:32:00+00:00,0.004600000000000001,0.006,TP,3.0,15.0,CHOP,3.0,,
NEARUSDT,2026-09-03 14:32:00+00:00,0.004600000000000001,0.006,TP,3.0,9.0,CHOP,3.0,,
BTCUSDT,2026-09-03 14:46:00+00:00,-0.0414,-0.04,MAE_KILL,3.0,1567.0,CHOP,3.0,,
BTCUSDT,2026-09-03 14:48:00+00:00,-0.0414,-0.04,MAE_KILL,3.0,557.0,CHOP,3.0,,
BTCUSDT,2026-09-03 14:48:00+00:00,0.004600000000000001,0.006,TP,3.0,15.0,TREND,3.0,,
ETHUSDT,2026-09-03 14:48:00+00:00,0.004600000000000001,0.006,TP,3.0,13.0,TREND,3.0,,
BTCUSDT,2026-09-03 14:48:00+00:00,0.004600000000000001,0.006,TP,3.0,10.0,TREND,3.0,,
BTCUSDT,2026-09-03 14:48:00+00:00,0.004600000000000001,0.006,TP,3.0,8.0,TREND,3.0,,
SOLUSDT,2026-09-03 14:49:00+00:00,0.004600000000000001,0.006,TP,3.0,2.0,TREND,3.0,,
SOLUSDT,2026-09-03 14:59:00+00:00,-0.0414,-0.04,MAE_KILL,3.0,160.0,CHOP,3.0,,
ETHUSDT,2026-09-03 15:00:00+00:00,0.0057811601272569875,0.007181160127256987,TP,3.0,8.0,TREND,3.0,,
ETHUSDT,2026-09-03 15:00:00+00:00,0.005510629556363946,0.006910629556363945,TP,3.0,5.0,TREND,3.0,,
SOLUSDT,2026-09-03 15:01:00+00:00,-0.0414,-0.04,MAE_KILL,3.0,67.0,CHOP,3.0,,
BTCUSDT,2026-09-03 15:01:00+00:00,0.004600000000000001,0.006,TP,3.0,11.0,TREND,3.0,,
BTCUSDT,2026-09-03 15:01:00+00:00,0.004600000000000001,0.006,TP,3.0,4.0,TREND,3.0,,
NEARUSDT,2026-09-03 15:10:00+00:00,0.0005000000000000001,0.0019,BE_STOP,3.0,10.0,TREND,3.0,,
BTCUSDT,2026-09-03 15:45:00+00:00,0.0005000000000000001,0.0019,BE_STOP,3.0,21.0,TREND,3.0,,
BTCUSDT,2026-09-03 15:46:00+00:00,0.0005000000000000001,0.0019,BE_STOP,3.0,40.0,TREND,3.0,,
BTCUSDT,2026-09-03 15:47:00+00:00,0.0005000000000000001,0.0019,BE_STOP,3.0,39.0,TREND,3.0,,
SOLUSDT,2026-09-03 15:50:00+00:00,0.0005000000000000001,0.0019,BE_STOP,3.0,29.0,TREND,3.0,,
SOLUSDT,2026-09-03 15:50:00+00:00,0.0005000000000000001,0.0019,BE_STOP,3.0,5.0,TREND,3.0,,
BTCUSDT,2026-09-03 15:51:00+00:00,0.004766200578463861,0.00616620057846386,TP,3.0,37.0,TREND,3.0,,
BTCUSDT,2026-09-03 15:52:00+00:00,0.0052069552275987065,0.006606955227598706,TP,3.0,42.0,TREND,3.0,,
BTCUSDT,2026-09-03 15:52:00+00:00,0.004600000000000001,0.006,TP,3.0,33.0,TREND,3.0,,
NEARUSDT,2026-09-03 15:52:00+00:00,0.00533615285996775,0.006736152859967749,TP,3.0,5.0,TREND,3.0,,
ETHUSDT,2026-09-03 15:58:00+00:00,0.00630177323157824,0.0077017732315782395,TP,3.0,55.0,TREND,3.0,,
BTCUSDT,2026-09-03 16:33:00+00:00,0.0005000000000000001,0.0019,BE_STOP,3.0,26.0,TREND,3.0,,
BTCUSDT,2026-09-03 18:26:00+00:00,0.0005000000000000001,0.0019,BE_STOP,3.0,111.0,TREND,3.0,,
BTCUSDT,2026-09-03 19:05:00+00:00,0.004600000000000001,0.006,TP,3.0,190.0,TREND,3.0,,
SOLUSDT,2026-09-03 19:05:00+00:00,0.005388170957108206,0.006788170957108206,TP,3.0,188.0,TREND,3.0,,
BTCUSDT,2026-09-03 19:06:00+00:00,0.0005000000000000001,0.0019,BE_STOP,3.0,193.0,TREND,3.0,,
XRPUSDT,2026-09-03 19:06:00+00:00,0.0005000000000000001,0.0019,BE_STOP,3.0,187.0,TREND,3.0,,
BTCUSDT,2026-09-03 19:06:00+00:00,0.0005000000000000001,0.0019,BE_STOP,3.0,185.0,TREND,3.0,,
NEARUSDT,2026-09-03 19:19:00+00:00,0.0005000000000000001,0.0019,BE_STOP,3.0,6.0,TREND,3.0,,
XRPUSDT,2026-09-03 19:48:00+00:00,0.0005000000000000001,0.0019,BE_STOP,3.0,37.0,TREND,3.0,,
BTCUSDT,2026-09-03 19:52:00+00:00,0.004600000000000001,0.006,TP,3.0,46.0,TREND,3.0,,
NEARUSDT,2026-09-03 20:02:00+00:00,0.0005000000000000001,0.0019,BE_STOP,3.0,10.0,CHOP,3.0,,
ETHUSDT,2026-09-03 20:39:00+00:00,0.0005000000000000001,0.0019,BE_STOP,3.0,82.0,TREND,3.0,,
ETHUSDT,2026-09-03 20:39:00+00:00,0.0005000000000000001,0.0019,BE_STOP,3.0,37.0,CHOP,3.0,,
BTCUSDT,2026-09-03 21:32:00+00:00,0.004600000000000001,0.006,TP,3.0,51.0,CHOP,3.0,,
BTCUSDT,2026-09-03 21:34:00+00:00,0.004600000000000001,0.006,TP,3.0,132.0,TREND,3.0,,
BTCUSDT,2026-09-03 21:34:00+00:00,0.004600000000000001,0.006,TP,3.0,55.0,CHOP,3.0,,
NEARUSDT,2026-09-03 21:36:00+00:00,0.0005000000000000001,0.0019,BE_STOP,3.0,3.0,CHOP,3.0,,
XRPUSDT,2026-09-03 22:04:00+00:00,0.0005000000000000001,0.0019,BE_STOP,3.0,169.0,TREND,3.0,,
XRPUSDT,2026-09-03 22:05:00+00:00,0.0005000000000000001,0.0019,BE_STOP,3.0,137.0,TREND,3.0,,
SOLUSDT,2026-09-03 22:16:00+00:00,0.0005000000000000001,0.0019,BE_STOP,3.0,36.0,CHOP,3.0,,
SOLUSDT,2026-09-03 22:32:00+00:00,0.004600000000000001,0.006,TP,3.0,246.0,TREND,3.0,,
BTCUSDT,2026-09-03 22:32:00+00:00,0.004600000000000001,0.006,TP,3.0,28.0,CHOP,3.0,,
ETHUSDT,2026-09-03 22:32:00+00:00,0.004600000000000001,0.006,TP,3.0,24.0,CHOP,3.0,,
BTCUSDT,2026-09-03 23:18:00+00:00,0.0005000000000000001,0.0019,BE_STOP,3.0,62.0,CHOP,3.0,,
NEARUSDT,2026-09-04 00:32:00+00:00,0.0005000000000000001,0.0019,BE_STOP,3.0,114.0,CHOP,3.0,,
ETHUSDT,2026-09-04 00:36:00+00:00,0.004600000000000001,0.006,TP,3.0,78.0,CHOP,3.0,,
BTCUSDT,2026-09-04 01:51:00+00:00,0.0005000000000000001,0.0019,BE_STOP,3.0,197.0,CHOP,3.0,,
XRPUSDT,2026-09-04 01:56:00+00:00,0.0005000000000000001,0.0019,BE_STOP,3.0,592.0,TREND,3.0,,
BTCUSDT,2026-09-04 01:58:00+00:00,0.0005000000000000001,0.0019,BE_STOP,3.0,202.0,CHOP,3.0,,
NEARUSDT,2026-09-04 02:54:00+00:00,0.004600000000000001,0.006,TP,3.0,58.0,TREND,3.0,,
ETHUSDT,2026-09-04 03:26:00+00:00,0.0005000000000000001,0.0019,BE_STOP,3.0,30.0,CHOP,3.0,,
BTCUSDT,2026-09-04 04:38:00+00:00,0.0005000000000000001,0.0019,BE_STOP,3.0,160.0,CHOP,3.0,,
BTCUSDT,2026-09-04 04:44:00+00:00,0.0005000000000000001,0.0019,BE_STOP,3.0,173.0,CHOP,3.0,,
ETHUSDT,2026-09-04 06:39:00+00:00,0.0005000000000000001,0.0019,BE_STOP,3.0,193.0,CHOP,3.0,,
BTCUSDT,2026-09-04 07:08:00+00:00,0.0005000000000000001,0.0019,BE_STOP,3.0,144.0,CHOP,3.0,,
BTCUSDT,2026-09-04 08:06:00+00:00,0.0005000000000000001,0.0019,BE_STOP,3.0,87.0,CHOP,3.0,,
ETHUSDT,2026-09-04 08:46:00+00:00,0.004600000000000001,0.006,TP,3.0,248.0,CHOP,3.0,,
BTCUSDT,2026-09-04 09:24:00+00:00,0.0005000000000000001,0.0019,BE_STOP,3.0,136.0,CHOP,3.0,,
SOLUSDT,2026-09-04 10:32:00+00:00,0.0005000000000000001,0.0019,BE_STOP,3.0,67.0,CHOP,3.0,,
BTCUSDT,2026-09-04 12:02:00+00:00,0.0005000000000000001,0.0019,BE_STOP,3.0,195.0,CHOP,3.0,,
ETHUSDT,2026-09-04 12:30:00+00:00,0.004600000000000001,0.006,TP,3.0,1241.0,TREND,3.0,,
SOLUSDT,2026-09-04 12:30:00+00:00,0.004600000000000001,0.006,TP,3.0,264.0,CHOP,3.0,,
NEARUSDT,2026-09-04 12:30:00+00:00,0.005376721479958786,0.006776721479958786,TP,3.0,118.0,CHOP,3.0,,
BTCUSDT,2026-09-04 12:30:00+00:00,0.004600000000000001,0.006,TP,3.0,28.0,CHOP,3.0,,
ETHUSDT,2026-09-04 12:51:00+00:00,0.0005000000000000001,0.0019,BE_STOP,3.0,18.0,CHOP,3.0,,
SOLUSDT,2026-09-04 12:53:00+00:00,0.0005000000000000001,0.0019,BE_STOP,3.0,18.0,CHOP,3.0,,
BTCUSDT,2026-09-04 13:35:00+00:00,0.0051144966926981094,0.006514496692698109,TP,3.0,42.0,CHOP,3.0,,
BTCUSDT,2026-09-04 13:36:00+00:00,0.009495297535779618,0.010895297535779619,TP,3.0,57.0,CHOP,3.0,,
ETHUSDT,2026-09-04 13:44:00+00:00,0.0005000000000000001,0.0019,BE_STOP,3.0,53.0,CHOP,3.0,,
SOLUSDT,2026-09-04 13:54:00+00:00,0.0005000000000000001,0.0019,BE_STOP,3.0,16.0,TREND,3.0,,
SOLUSDT,2026-09-04 13:54:00+00:00,0.0005000000000000001,0.0019,BE_STOP,3.0,14.0,TREND,3.0,,
SOLUSDT,2026-09-04 13:54:00+00:00,0.0005000000000000001,0.0019,BE_STOP,3.0,10.0,CHOP,3.0,,
SOLUSDT,2026-09-04 14:19:00+00:00,0.004600000000000001,0.006,TP,3.0,19.0,TREND,3.0,,
NEARUSDT,2026-09-04 14:20:00+00:00,-0.0264,-0.025,MAE_KILL,3.0,22.0,CHOP,3.0,,
BTCUSDT,2026-09-04 14:23:00+00:00,0.0005000000000000001,0.0019,BE_STOP,3.0,28.0,TREND,3.0,,
SOLUSDT,2026-09-04 14:43:00+00:00,0.004600000000000001,0.006,TP,3.0,18.0,TREND,3.0,,
ETHUSDT,2026-09-04 14:45:00+00:00,0.0005000000000000001,0.0019,BE_STOP,3.0,25.0,TREND,3.0,,
BTCUSDT,2026-09-04 14:47:00+00:00,0.004600000000000001,0.006,TP,3.0,25.0,TREND,3.0,,
BTCUSDT,2026-09-04 14:56:00+00:00,0.0005000000000000001,0.0019,BE_STOP,3.0,12.0,TREND,3.0,,
BTCUSDT,2026-09-05 21:35:00+00:00,-0.026779390191178844,-0.025379390191178845,MAX_AGE,3.0,2880.0,TREND,3.0,,
BTCUSDT,2026-09-05 21:37:00+00:00,-0.025362935239409332,-0.023962935239409334,MAX_AGE,3.0,2880.0,TREND,3.0,,
BTCUSDT,2026-09-06 00:32:00+00:00,-0.01817047451323531,-0.016770474513235312,MAX_AGE,3.0,2880.0,CHOP,3.0,,
BTCUSDT,2026-09-06 00:36:00+00:00,-0.018995123907763596,-0.017595123907763598,MAX_AGE,3.0,2880.0,CHOP,3.0,,
SOLUSDT,2026-09-06 01:21:00+00:00,0.0005000000000000001,0.0019,BE_STOP,3.0,45.0,CHOP,3.0,,
SOLUSDT,2026-09-06 02:40:00+00:00,-0.0414,-0.04,MAE_KILL,3.0,2148.0,TREND,3.0,,
NEARUSDT,2026-09-06 02:48:00+00:00,0.0005000000000000001,0.0019,BE_STOP,3.0,8.0,CHOP,3.0,,
BTCUSDT,2026-09-06 04:05:00+00:00,0.0005000000000000001,0.0019,BE_STOP,3.0,390.0,CHOP,3.0,,
BTCUSDT,2026-09-06 04:07:00+00:00,0.0005000000000000001,0.0019,BE_STOP,3.0,390.0,CHOP,3.0,,
ETHUSDT,2026-09-06 04:28:00+00:00,0.0005000000000000001,0.0019,BE_STOP,3.0,21.0,TREND,3.0,,
BTCUSDT,2026-09-06 06:54:00+00:00,0.0005000000000000001,0.0019,BE_STOP,3.0,332.0,CHOP,3.0,,
ETHUSDT,2026-09-06 07:13:00+00:00,0.004600000000000001,0.006,TP,3.0,265.0,CHOP,3.0,,
BTCUSDT,2026-09-06 07:15:00+00:00,0.0005000000000000001,0.0019,BE_STOP,3.0,21.0,CHOP,3.0,,
BTCUSDT,2026-09-06 07:17:00+00:00,0.0005000000000000001,0.0019,BE_STOP,3.0,169.0,CHOP,3.0,,
BTCUSDT,2026-09-06 07:23:00+00:00,0.0005000000000000001,0.0019,BE_STOP,3.0,198.0,CHOP,3.0,,
SOLUSDT,2026-09-06 07:42:00+00:00,0.0005000000000000001,0.0019,BE_STOP,3.0,24.0,CHOP,3.0,,
ETHUSDT,2026-09-06 12:37:00+00:00,-0.023244908097772937,-0.02184490809777294,MAX_AGE,3.0,2880.0,CHOP,3.0,,
SOLUSDT,2026-09-06 12:49:00+00:00,0.0005000000000000001,0.0019,BE_STOP,3.0,12.0,TREND,3.0,,
ETHUSDT,2026-09-06 13:37:00+00:00,0.0005000000000000001,0.0019,BE_STOP,3.0,381.0,CHOP,3.0,,
NEARUSDT,2026-09-06 13:44:00+00:00,0.00860718830385743,0.01000718830385743,TP,3.0,7.0,CHOP,3.0,,
SOLUSDT,2026-09-06 13:59:00+00:00,0.004600000000000001,0.006,TP,3.0,15.0,CHOP,3.0,,
BTCUSDT,2026-09-06 14:31:00+00:00,0.004600000000000001,0.006,TP,3.0,102.0,CHOP,3.0,,
BTCUSDT,2026-09-06 14:32:00+00:00,0.004600000000000001,0.006,TP,3.0,438.0,CHOP,3.0,,
BTCUSDT,2026-09-06 14:50:00+00:00,-0.011981560859515428,-0.010581560859515428,MAX_AGE,3.0,2880.0,TREND,3.0,,
BTCUSDT,2026-09-06 14:56:00+00:00,-0.009570530850120286,-0.008170530850120285,MAX_AGE,3.0,2880.0,TREND,3.0,,
NEARUSDT,2026-09-06 15:23:00+00:00,0.013239018187053087,0.014639018187053087,TP,3.0,51.0,CHOP,3.0,,
ETHUSDT,2026-09-06 16:46:00+00:00,0.0005000000000000001,0.0019,BE_STOP,3.0,83.0,TREND,3.0,,
BTCUSDT,2026-09-06 19:36:00+00:00,0.0005000000000000001,0.0019,BE_STOP,3.0,285.0,CHOP,3.0,,
ETHUSDT,2026-09-06 21:06:00+00:00,0.004600000000000001,0.006,TP,3.0,426.0,CHOP,3.0,,
NEARUSDT,2026-09-06 21:35:00+00:00,0.00860782504839178,0.01000782504839178,TP,3.0,29.0,CHOP,3.0,,
SOLUSDT,2026-09-06 22:18:00+00:00,0.004600000000000001,0.006,TP,3.0,162.0,CHOP,3.0,,
BTCUSDT,2026-09-06 22:27:00+00:00,0.0005000000000000001,0.0019,BE_STOP,3.0,52.0,CHOP,3.0,,
BTCUSDT,2026-09-06 23:03:00+00:00,0.004600000000000001,0.006,TP,3.0,940.0,CHOP,3.0,,
SOLUSDT,2026-09-06 23:03:00+00:00,0.004600000000000001,0.006,TP,3.0,34.0,CHOP,3.0,,
BTCUSDT,2026-09-06 23:38:00+00:00,0.004600000000000001,0.006,TP,3.0,1385.0,CHOP,3.0,,
BTCUSDT,2026-09-06 23:56:00+00:00,0.0005000000000000001,0.0019,BE_STOP,3.0,52.0,CHOP,3.0,,
NEARUSDT,2026-09-07 00:07:00+00:00,0.0005000000000000001,0.0019,BE_STOP,3.0,29.0,CHOP,3.0,,
BTCUSDT,2026-09-07 00:16:00+00:00,0.0005000000000000001,0.0019,BE_STOP,3.0,70.0,CHOP,3.0,,
XRPUSDT,2026-09-07 01:29:00+00:00,0.0005000000000000001,0.0019,BE_STOP,3.0,190.0,CHOP,3.0,,
ETHUSDT,2026-09-07 01:44:00+00:00,0.004600000000000001,0.006,TP,3.0,107.0,CHOP,3.0,,
ETHUSDT,2026-09-07 01:44:00+00:00,0.004600000000000001,0.006,TP,3.0,97.0,CHOP,3.0,,
ETHUSDT,2026-09-07 02:29:00+00:00,0.0005000000000000001,0.0019,BE_STOP,3.0,133.0,CHOP,3.0,,
XRPUSDT,2026-09-07 02:38:00+00:00,0.004600000000000001,0.006,TP,3.0,9.0,CHOP,3.0,,
SOLUSDT,2026-09-07 04:01:00+00:00,0.0005000000000000001,0.0019,BE_STOP,3.0,1219.0,CHOP,3.0,,
BTCUSDT,2026-09-07 04:21:00+00:00,0.0005000000000000001,0.0019,BE_STOP,3.0,157.0,CHOP,3.0,,
ETHUSDT,2026-09-07 05:04:00+00:00,0.0005000000000000001,0.0019,BE_STOP,3.0,215.0,CHOP,3.0,,
BTCUSDT,2026-09-07 05:05:00+00:00,0.0005000000000000001,0.0019,BE_STOP,3.0,198.0,CHOP,3.0,,
ETHUSDT,2026-09-07 05:25:00+00:00,0.004600000000000001,0.006,TP,3.0,64.0,CHOP,3.0,,
ETHUSDT,2026-09-07 05:51:00+00:00,0.0005000000000000001,0.0019,BE_STOP,3.0,43.0,CHOP,3.0,,
BTCUSDT,2026-09-07 07:31:00+00:00,0.0005000000000000001,0.0019,BE_STOP,3.0,210.0,CHOP,3.0,,
BTCUSDT,2026-09-07 07:33:00+00:00,0.004600000000000001,0.006,TP,3.0,887.0,CHOP,3.0,,
BTCUSDT,2026-09-07 07:33:00+00:00,0.004600000000000001,0.006,TP,3.0,101.0,CHOP,3.0,,
BTCUSDT,2026-09-07 07:40:00+00:00,0.004600000000000001,0.006,TP,3.0,1003.0,CHOP,3.0,,
BTCUSDT,2026-09-07 07:41:00+00:00,0.004600000000000001,0.006,TP,3.0,1027.0,CHOP,3.0,,
BTCUSDT,2026-09-07 07:41:00+00:00,0.004600000000000001,0.006,TP,3.0,10.0,CHOP,3.0,,
ETHUSDT,2026-09-07 07:43:00+00:00,0.0005000000000000001,0.0019,BE_STOP,3.0,9.0,CHOP,3.0,,
BTCUSDT,2026-09-07 07:43:00+00:00,0.0005000000000000001,0.0019,BE_STOP,3.0,7.0,CHOP,3.0,,
SOLUSDT,2026-09-07 14:35:00+00:00,0.0005000000000000001,0.0019,BE_STOP,3.0,404.0,TREND,3.0,,
SOLUSDT,2026-09-07 14:50:00+00:00,0.0005000000000000001,0.0019,BE_STOP,3.0,421.0,TREND,3.0,,
BTCUSDT,2026-09-07 14:52:00+00:00,0.0005000000000000001,0.0019,BE_STOP,3.0,430.0,TREND,3.0,,
BTCUSDT,2026-09-07 14:53:00+00:00,0.0005000000000000001,0.0019,BE_STOP,3.0,429.0,TREND,3.0,,
BTCUSDT,2026-09-07 14:53:00+00:00,0.0005000000000000001,0.0019,BE_STOP,3.0,426.0,TREND,3.0,,
BTCUSDT,2026-09-07 15:19:00+00:00,0.0005000000000000001,0.0019,BE_STOP,3.0,44.0,CHOP,3.0,,
NEARUSDT,2026-09-07 15:31:00+00:00,0.006465038380167977,0.007865038380167977,TP,3.0,12.0,CHOP,3.0,,
XRPUSDT,2026-09-07 15:40:00+00:00,0.004600000000000001,0.006,TP,3.0,7.0,CHOP,3.0,,
NEARUSDT,2026-09-07 15:43:00+00:00,-0.0264,-0.025,MAE_KILL,3.0,47.0,CHOP,3.0,,
NEARUSDT,2026-09-07 15:49:00+00:00,0.0005000000000000001,0.0019,BE_STOP,3.0,9.0,CHOP,3.0,,
SOLUSDT,2026-09-07 15:59:00+00:00,0.0005000000000000001,0.0019,BE_STOP,3.0,10.0,CHOP,3.0,,
ETHUSDT,2026-09-07 18:31:00+00:00,0.0005000000000000001,0.0019,BE_STOP,3.0,221.0,CHOP,3.0,,
NEARUSDT,2026-09-07 22:36:00+00:00,0.007741610842810521,0.00914161084281052,TP,3.0,397.0,CHOP,3.0,,
NEARUSDT,2026-09-07 22:40:00+00:00,0.0046641578498722,0.006064157849872199,TP,3.0,2.0,CHOP,3.0,,
BTCUSDT,2026-09-07 23:03:00+00:00,0.0005000000000000001,0.0019,BE_STOP,3.0,272.0,CHOP,3.0,,
NEARUSDT,2026-09-07 23:08:00+00:00,0.004600000000000001,0.006,TP,3.0,5.0,CHOP,3.0,,
BTCUSDT,2026-09-08 01:34:00+00:00,0.0005000000000000001,0.0019,BE_STOP,3.0,636.0,CHOP,3.0,,
BTCUSDT,2026-09-08 02:30:00+00:00,0.0005000000000000001,0.0019,BE_STOP,3.0,201.0,CHOP,3.0,,
NEARUSDT,2026-09-08 02:47:00+00:00,0.004600000000000001,0.006,TP,3.0,17.0,CHOP,3.0,,
NEARUSDT,2026-09-08 02:59:00+00:00,-0.0264,-0.025,MAE_KILL,3.0,85.0,CHOP,3.0,,
BTCUSDT,2026-09-08 05:00:00+00:00,0.004600000000000001,0.006,TP,3.0,133.0,CHOP,3.0,,
BTCUSDT,2026-09-08 05:19:00+00:00,0.0005000000000000001,0.0019,BE_STOP,3.0,139.0,CHOP,3.0,,
ETHUSDT,2026-09-08 06:09:00+00:00,0.0005000000000000001,0.0019,BE_STOP,3.0,449.0,CHOP,3.0,,
ETHUSDT,2026-09-08 06:22:00+00:00,0.004600000000000001,0.006,TP,3.0,82.0,CHOP,3.0,,
XRPUSDT,2026-09-08 06:24:00+00:00,0.0005000000000000001,0.0019,BE_STOP,3.0,14.0,CHOP,3.0,,
BTCUSDT,2026-09-08 06:53:00+00:00,0.004600000000000001,0.006,TP,3.0,910.0,CHOP,3.0,,
BTCUSDT,2026-09-08 07:54:00+00:00,0.0005000000000000001,0.0019,BE_STOP,3.0,90.0,TREND,3.0,,
BTCUSDT,2026-09-08 07:56:00+00:00,0.0005000000000000001,0.0019,BE_STOP,3.0,94.0,TREND,3.0,,
NEARUSDT,2026-09-08 08:48:00+00:00,0.0005000000000000001,0.0019,BE_STOP,3.0,52.0,CHOP,3.0,,
SOLUSDT,2026-09-08 09:41:00+00:00,0.004600000000000001,0.006,TP,3.0,53.0,CHOP,3.0,,
XRPUSDT,2026-09-08 10:20:00+00:00,0.004600000000000001,0.006,TP,3.0,301.0,CHOP,3.0,,
BTCUSDT,2026-09-08 10:27:00+00:00,0.0005000000000000001,0.0019,BE_STOP,3.0,45.0,CHOP,3.0,,
ETHUSDT,2026-09-08 13:39:00+00:00,0.004600000000000001,0.006,TP,3.0,405.0,TREND,3.0,,
BTCUSDT,2026-09-08 13:39:00+00:00,0.004600000000000001,0.006,TP,3.0,345.0,CHOP,3.0,,
XRPUSDT,2026-09-08 16:01:00+00:00,-0.0414,-0.04,MAE_KILL,3.0,140.0,CHOP,3.0,,
SOLUSDT,2026-09-08 16:40:00+00:00,0.004600000000000001,0.006,TP,3.0,39.0,CHOP,3.0,,
BTCUSDT,2026-09-09 02:40:00+00:00,-0.020904875284858633,-0.019504875284858635,MAX_AGE,3.0,2880.0,CHOP,3.0,,
ETHUSDT,2026-09-09 05:01:00+00:00,0.0005000000000000001,0.0019,BE_STOP,3.0,741.0,CHOP,3.0,,
BTCUSDT,2026-09-09 05:06:00+00:00,-0.00892220273183316,-0.00752220273183316,MAX_AGE,3.0,2880.0,CHOP,3.0,,
BTCUSDT,2026-09-09 05:14:00+00:00,0.004600000000000001,0.006,TP,3.0,1127.0,CHOP,3.0,,
BTCUSDT,2026-09-09 05:26:00+00:00,-0.010257318249583444,-0.008857318249583444,MAX_AGE,3.0,2880.0,CHOP,3.0,,
SOLUSDT,2026-09-09 05:27:00+00:00,0.0005000000000000001,0.0019,BE_STOP,3.0,26.0,CHOP,3.0,,
BTCUSDT,2026-09-09 05:31:00+00:00,0.0005000000000000001,0.0019,BE_STOP,3.0,1150.0,CHOP,3.0,,
XRPUSDT,2026-09-09 05:46:00+00:00,0.004600000000000001,0.006,TP,3.0,20.0,CHOP,3.0,,
ETHUSDT,2026-09-09 06:15:00+00:00,0.0005000000000000001,0.0019,BE_STOP,3.0,69.0,CHOP,3.0,,
NEARUSDT,2026-09-09 06:20:00+00:00,0.0075607580595323754,0.008960758059532375,TP,3.0,52.0,CHOP,3.0,,
XRPUSDT,2026-09-09 06:33:00+00:00,0.0005000000000000001,0.0019,BE_STOP,3.0,78.0,CHOP,3.0,,
SOLUSDT,2026-09-09 07:14:00+00:00,0.0005000000000000001,0.0019,BE_STOP,3.0,2420.0,CHOP,3.0,,
BTCUSDT,2026-09-09 07:33:00+00:00,0.0005000000000000001,0.0019,BE_STOP,3.0,78.0,CHOP,3.0,,
BTCUSDT,2026-09-09 08:28:00+00:00,0.004600000000000001,0.006,TP,3.0,128.0,CHOP,3.0,,
BTCUSDT,2026-09-09 08:36:00+00:00,0.004600000000000001,0.006,TP,3.0,82.0,CHOP,3.0,,
ETHUSDT,2026-09-09 08:44:00+00:00,0.0005000000000000001,0.0019,BE_STOP,3.0,71.0,CHOP,3.0,,
XRPUSDT,2026-09-09 08:59:00+00:00,0.0005000000000000001,0.0019,BE_STOP,3.0,31.0,TREND,3.0,,
SOLUSDT,2026-09-09 09:35:00+00:00,0.004600000000000001,0.006,TP,3.0,51.0,TREND,3.0,,
ETHUSDT,2026-09-09 10:52:00+00:00,0.004600000000000001,0.006,TP,3.0,259.0,CHOP,3.0,,
BTCUSDT,2026-09-09 10:53:00+00:00,0.004600000000000001,0.006,TP,3.0,77.0,CHOP,3.0,,
SOLUSDT,2026-09-09 11:09:00+00:00,0.0005000000000000001,0.0019,BE_STOP,3.0,15.0,CHOP,3.0,,
BTCUSDT,2026-09-09 11:11:00+00:00,0.0005000000000000001,0.0019,BE_STOP,3.0,339.0,TREND,3.0,,
NEARUSDT,2026-09-09 11:20:00+00:00,0.0005000000000000001,0.0019,BE_STOP,3.0,9.0,TREND,3.0,,
NEARUSDT,2026-09-09 11:36:00+00:00,0.008948328867578664,0.010348328867578664,TP,3.0,44.0,TREND,3.0,,
BTCUSDT,2026-09-09 12:35:00+00:00,0.004600000000000001,0.006,TP,3.0,58.0,CHOP,3.0,,
BTCUSDT,2026-09-09 15:02:00+00:00,0.0005000000000000001,0.0019,BE_STOP,3.0,554.0,CHOP,3.0,,
BTCUSDT,2026-09-09 15:02:00+00:00,0.0005000000000000001,0.0019,BE_STOP,3.0,233.0,CHOP,3.0,,
BTCUSDT,2026-09-09 15:11:00+00:00,0.004600000000000001,0.006,TP,3.0,751.0,CHOP,3.0,,
BTCUSDT,2026-09-09 15:11:00+00:00,0.004600000000000001,0.006,TP,3.0,231.0,CHOP,3.0,,
BTCUSDT,2026-09-09 15:11:00+00:00,0.004689200289014398,0.006089200289014397,TP,3.0,8.0,CHOP,3.0,,
NEARUSDT,2026-09-09 15:20:00+00:00,0.014690104585679929,0.01609010458567993,TP,3.0,15.0,TREND,3.0,,
BTCUSDT,2026-09-09 15:22:00+00:00,0.004600000000000001,0.006,TP,3.0,6.0,CHOP,3.0,,
SOLUSDT,2026-09-09 15:31:00+00:00,0.0005000000000000001,0.0019,BE_STOP,3.0,17.0,CHOP,3.0,,
XRPUSDT,2026-09-09 19:50:00+00:00,0.004600000000000001,0.006,TP,3.0,258.0,CHOP,3.0,,
ETHUSDT,2026-09-09 20:29:00+00:00,0.004600000000000001,0.006,TP,3.0,306.0,CHOP,3.0,,
BTCUSDT,2026-09-09 20:30:00+00:00,0.0005000000000000001,0.0019,BE_STOP,3.0,305.0,CHOP,3.0,,
BTCUSDT,2026-09-09 20:31:00+00:00,0.0005000000000000001,0.0019,BE_STOP,3.0,40.0,CHOP,3.0,,
BTCUSDT,2026-09-09 20:33:00+00:00,0.0005000000000000001,0.0019,BE_STOP,3.0,321.0,CHOP,3.0,,
BTCUSDT,2026-09-09 23:04:00+00:00,0.0005000000000000001,0.0019,BE_STOP,3.0,154.0,CHOP,3.0,,
BTCUSDT,2026-09-10 00:17:00+00:00,0.0005000000000000001,0.0019,BE_STOP,3.0,70.0,TREND,3.0,,
XRPUSDT,2026-09-10 01:04:00+00:00,0.0005000000000000001,0.0019,BE_STOP,3.0,47.0,CHOP,3.0,,
ETHUSDT,2026-09-10 01:13:00+00:00,0.0005000000000000001,0.0019,BE_STOP,3.0,279.0,CHOP,3.0,,
BTCUSDT,2026-09-10 03:07:00+00:00,0.0005000000000000001,0.0019,BE_STOP,3.0,391.0,CHOP,3.0,,
BTCUSDT,2026-09-10 03:07:00+00:00,0.0005000000000000001,0.0019,BE_STOP,3.0,388.0,CHOP,3.0,,
BTCUSDT,2026-09-10 03:07:00+00:00,0.0005000000000000001,0.0019,BE_STOP,3.0,114.0,CHOP,3.0,,
NEARUSDT,2026-09-10 03:25:00+00:00,0.0005000000000000001,0.0019,BE_STOP,3.0,18.0,CHOP,3.0,,
ETHUSDT,2026-09-10 06:04:00+00:00,0.0005000000000000001,0.0019,BE_STOP,3.0,175.0,CHOP,3.0,,
BTCUSDT,2026-09-10 06:47:00+00:00,0.0005000000000000001,0.0019,BE_STOP,3.0,41.0,CHOP,3.0,,
ETHUSDT,2026-09-10 07:46:00+00:00,0.0005000000000000001,0.0019,BE_STOP,3.0,261.0,TREND,3.0,,
NEARUSDT,2026-09-10 09:42:00+00:00,0.010542307008287595,0.011942307008287596,TP,3.0,116.0,CHOP,3.0,,
BTCUSDT,2026-09-10 11:13:00+00:00,0.0005000000000000001,0.0019,BE_STOP,3.0,90.0,CHOP,3.0,,
ETHUSDT,2026-09-10 12:30:00+00:00,0.004600000000000001,0.006,TP,3.0,77.0,CHOP,3.0,,
NEARUSDT,2026-09-10 12:37:00+00:00,0.0005000000000000001,0.0019,BE_STOP,3.0,6.0,CHOP,3.0,,
BTCUSDT,2026-09-10 12:38:00+00:00,0.004600000000000001,0.006,TP,3.0,2815.0,CHOP,3.0,,
BTCUSDT,2026-09-10 12:50:00+00:00,0.0005000000000000001,0.0019,BE_STOP,3.0,11.0,CHOP,3.0,,
BTCUSDT,2026-09-10 13:02:00+00:00,0.0005000000000000001,0.0019,BE_STOP,3.0,12.0,TREND,3.0,,
ETHUSDT,2026-09-10 13:13:00+00:00,0.005198471448513077,0.006598471448513076,TP,3.0,11.0,TREND,3.0,,
NEARUSDT,2026-09-10 14:01:00+00:00,0.010332916162980882,0.011732916162980882,TP,3.0,84.0,CHOP,3.0,,
BTCUSDT,2026-09-10 17:38:00+00:00,0.0005000000000000001,0.0019,BE_STOP,3.0,216.0,CHOP,3.0,,
XRPUSDT,2026-09-10 23:08:00+00:00,-0.0414,-0.04,MAE_KILL,3.0,1324.0,CHOP,3.0,,
BTCUSDT,2026-09-10 23:14:00+00:00,-0.0414,-0.04,MAE_KILL,3.0,2318.0,TREND,3.0,,
BTCUSDT,2026-09-10 23:14:00+00:00,-0.0414,-0.04,MAE_KILL,3.0,2295.0,TREND,3.0,,
BTCUSDT,2026-09-10 23:17:00+00:00,0.0005000000000000001,0.0019,BE_STOP,3.0,8.0,CHOP,3.0,,
BTCUSDT,2026-09-10 23:21:00+00:00,0.0005000000000000001,0.0019,BE_STOP,3.0,607.0,TREND,3.0,,
ETHUSDT,2026-09-11 00:32:00+00:00,0.0005000000000000001,0.0019,BE_STOP,3.0,67.0,CHOP,3.0,,
BTCUSDT,2026-09-11 12:12:00+00:00,-0.03320512082448484,-0.03180512082448484,EOD,3.0,2856.0,CHOP,3.0,,
BTCUSDT,2026-09-11 12:12:00+00:00,-0.019440651755068632,-0.018040651755068634,EOD,3.0,1981.0,CHOP,3.0,,
BTCUSDT,2026-09-11 12:12:00+00:00,-0.019390531970549504,-0.017990531970549506,EOD,3.0,1764.0,CHOP,3.0,,
BTCUSDT,2026-09-11 12:12:00+00:00,-0.00659898191990048,-0.0051989819199004805,EOD,3.0,1114.0,CHOP,3.0,,
BTCUSDT,2026-09-11 12:12:00+00:00,-0.00579558718545388,-0.004395587185453881,EOD,3.0,777.0,CHOP,3.0,,
BTCUSDT,2026-09-11 12:12:00+00:00,-0.005380222819422415,-0.003980222819422416,EOD,3.0,775.0,CHOP,3.0,,
BTCUSDT,2026-09-11 12:12:00+00:00,-0.00582442648861069,-0.0044244264886106905,EOD,3.0,773.0,CHOP,3.0,,
BTCUSDT,2026-09-11 12:12:00+00:00,-0.004699611503663413,-0.003299611503663414,EOD,3.0,700.0,CHOP,3.0,,
SOLUSDT,2026-08-12 13:18:00+00:00,0.0005000000000000001,0.0019,BE_STOP,4.0,20.0,,4.0,,
BTCUSDT,2026-08-12 13:43:00+00:00,0.0005000000000000001,0.0019,BE_STOP,4.0,51.0,,4.0,,
BTCUSDT,2026-08-12 13:45:00+00:00,0.0005000000000000001,0.0019,BE_STOP,4.0,62.0,,4.0,,
ETHUSDT,2026-08-12 13:47:00+00:00,0.0005000000000000001,0.0019,BE_STOP,4.0,60.0,,4.0,,
NEARUSDT,2026-08-12 13:56:00+00:00,0.004600000000000001,0.006,TP,4.0,11.0,,4.0,,
BTCUSDT,2026-08-12 14:02:00+00:00,0.004600000000000001,0.006,TP,4.0,59.0,,4.0,,
BTCUSDT,2026-08-12 14:03:00+00:00,0.004600000000000001,0.006,TP,4.0,73.0,,4.0,,
BTCUSDT,2026-08-12 14:03:00+00:00,0.004600000000000001,0.006,TP,4.0,45.0,,4.0,,
SOLUSDT,2026-08-12 14:04:00+00:00,0.004830401210863343,0.006230401210863342,TP,4.0,21.0,,4.0,,
BTCUSDT,2026-08-12 14:11:00+00:00,0.0005000000000000001,0.0019,BE_STOP,4.0,14.0,,4.0,,
SOLUSDT,2026-08-12 14:32:00+00:00,0.0005000000000000001,0.0019,BE_STOP,4.0,27.0,,4.0,,
NEARUSDT,2026-08-12 14:35:00+00:00,-0.0264,-0.025,MAE_KILL,4.0,110.0,,4.0,,
NEARUSDT,2026-08-12 14:35:00+00:00,-0.0264,-0.025,MAE_KILL,4.0,99.0,,4.0,,
NEARUSDT,2026-08-12 14:35:00+00:00,0.006638936413760608,0.008038936413760607,TP,4.0,24.0,,4.0,,
BTCUSDT,2026-08-12 14:59:00+00:00,0.004600000000000001,0.006,TP,4.0,50.0,,4.0,,
ETHUSDT,2026-08-12 15:02:00+00:00,0.0005000000000000001,0.0019,BE_STOP,4.0,27.0,,4.0,,
ETHUSDT,2026-08-12 15:04:00+00:00,0.0005000000000000001,0.0019,BE_STOP,4.0,32.0,,4.0,,
BTCUSDT,2026-08-12 15:06:00+00:00,0.0005000000000000001,0.0019,BE_STOP,4.0,27.0,,4.0,,
BTCUSDT,2026-08-12 15:18:00+00:00,0.0005000000000000001,0.0019,BE_STOP,4.0,71.0,,4.0,,
BTCUSDT,2026-08-12 15:18:00+00:00,0.0005000000000000001,0.0019,BE_STOP,4.0,41.0,,4.0,,
XRPUSDT,2026-08-12 17:35:00+00:00,0.0005000000000000001,0.0019,BE_STOP,4.0,149.0,,4.0,,
NEARUSDT,2026-08-12 17:53:00+00:00,0.0005000000000000001,0.0019,BE_STOP,4.0,18.0,CHOP,4.0,,
ETHUSDT,2026-08-12 20:29:00+00:00,0.0005000000000000001,0.0019,BE_STOP,4.0,330.0,,4.0,,
BTCUSDT,2026-08-12 20:38:00+00:00,0.0005000000000000001,0.0019,BE_STOP,4.0,395.0,,4.0,,
BTCUSDT,2026-08-13 00:26:00+00:00,0.0005000000000000001,0.0019,BE_STOP,4.0,393.0,TREND,4.0,,
SOLUSDT,2026-08-13 03:28:00+00:00,0.004600000000000001,0.006,TP,4.0,179.0,CHOP,4.0,,
NEARUSDT,2026-08-13 03:55:00+00:00,0.0005000000000000001,0.0019,BE_STOP,4.0,27.0,TREND,4.0,,
SOLUSDT,2026-08-13 04:22:00+00:00,0.0005000000000000001,0.0019,BE_STOP,4.0,464.0,CHOP,4.0,,
ETHUSDT,2026-08-13 05:06:00+00:00,0.004600000000000001,0.006,TP,4.0,517.0,CHOP,4.0,,
ETHUSDT,2026-08-13 05:06:00+00:00,0.004600000000000001,0.006,TP,4.0,71.0,CHOP,4.0,,
BTCUSDT,2026-08-13 05:15:00+00:00,0.004600000000000001,0.006,TP,4.0,837.0,,4.0,,
ETHUSDT,2026-08-13 05:22:00+00:00,0.0005000000000000001,0.0019,BE_STOP,4.0,842.0,,4.0,,
NEARUSDT,2026-08-13 08:48:00+00:00,0.0005000000000000001,0.0019,BE_STOP,4.0,213.0,CHOP,4.0,,
NEARUSDT,2026-08-13 09:09:00+00:00,0.004600000000000001,0.006,TP,4.0,21.0,CHOP,4.0,,
NEARUSDT,2026-08-13 09:14:00+00:00,0.004600000000000001,0.006,TP,4.0,231.0,CHOP,4.0,,
ETHUSDT,2026-08-13 11:45:00+00:00,0.0005000000000000001,0.0019,BE_STOP,4.0,150.0,CHOP,4.0,,
BTCUSDT,2026-08-13 11:47:00+00:00,0.0005000000000000001,0.0019,BE_STOP,4.0,445.0,CHOP,4.0,,
NEARUSDT,2026-08-13 11:51:00+00:00,0.004600000000000001,0.006,TP,4.0,6.0,CHOP,4.0,,
ETHUSDT,2026-08-13 12:07:00+00:00,0.0005000000000000001,0.0019,BE_STOP,4.0,177.0,CHOP,4.0,,
BTCUSDT,2026-08-13 12:31:00+00:00,0.0005000000000000001,0.0019,BE_STOP,4.0,40.0,CHOP,4.0,,
ETHUSDT,2026-08-13 12:32:00+00:00,0.0005000000000000001,0.0019,BE_STOP,4.0,45.0,TREND,4.0,,
NEARUSDT,2026-08-13 13:11:00+00:00,0.0005000000000000001,0.0019,BE_STOP,4.0,40.0,CHOP,4.0,,
BTCUSDT,2026-08-13 13:15:00+00:00,0.0005000000000000001,0.0019,BE_STOP,4.0,40.0,CHOP,4.0,,
ETHUSDT,2026-08-13 14:50:00+00:00,0.0005000000000000001,0.0019,BE_STOP,4.0,95.0,CHOP,4.0,,
BTCUSDT,2026-08-13 14:59:00+00:00,0.0005000000000000001,0.0019,BE_STOP,4.0,108.0,CHOP,4.0,,
NEARUSDT,2026-08-13 14:59:00+00:00,0.0005000000000000001,0.0019,BE_STOP,4.0,8.0,CHOP,4.0,,
NEARUSDT,2026-08-13 15:47:00+00:00,0.004600000000000001,0.006,TP,4.0,47.0,CHOP,4.0,,
NEARUSDT,2026-08-13 15:47:00+00:00,0.004600000000000001,0.006,TP,4.0,45.0,CHOP,4.0,,
NEARUSDT,2026-08-13 15:56:00+00:00,0.0005000000000000001,0.0019,BE_STOP,4.0,8.0,CHOP,4.0,,
NEARUSDT,2026-08-13 15:59:00+00:00,0.004600000000000001,0.006,TP,4.0,232.0,CHOP,4.0,,
BTCUSDT,2026-08-13 16:37:00+00:00,0.004600000000000001,0.006,TP,4.0,47.0,CHOP,4.0,,
BTCUSDT,2026-08-13 16:39:00+00:00,0.004600000000000001,0.006,TP,4.0,1535.0,,4.0,,
BTCUSDT,2026-08-13 16:39:00+00:00,0.004600000000000001,0.006,TP,4.0,39.0,CHOP,4.0,,
BTCUSDT,2026-08-13 16:39:00+00:00,0.004600000000000001,0.006,TP,4.0,37.0,CHOP,4.0,,
BTCUSDT,2026-08-13 16:40:00+00:00,0.004600000000000001,0.006,TP,4.0,1538.0,,4.0,,
NEARUSDT,2026-08-13 16:42:00+00:00,0.004600000000000001,0.006,TP,4.0,4.0,CHOP,4.0,,
XRPUSDT,2026-08-13 19:04:00+00:00,0.0005000000000000001,0.0019,BE_STOP,4.0,133.0,CHOP,4.0,,
BTCUSDT,2026-08-13 19:14:00+00:00,0.0005000000000000001,0.0019,BE_STOP,4.0,10.0,CHOP,4.0,,
BTCUSDT,2026-08-14 07:03:00+00:00,0.0005000000000000001,0.0019,BE_STOP,4.0,855.0,CHOP,4.0,,
BTCUSDT,2026-08-14 08:47:00+00:00,0.0005000000000000001,0.0019,BE_STOP,4.0,963.0,CHOP,4.0,,
BTCUSDT,2026-08-14 08:51:00+00:00,0.0005000000000000001,0.0019,BE_STOP,4.0,965.0,CHOP,4.0,,
BTCUSDT,2026-08-14 08:53:00+00:00,0.0005000000000000001,0.0019,BE_STOP,4.0,110.0,TREND,4.0,,
BTCUSDT,2026-08-14 13:47:00+00:00,-0.02154785408396109,-0.02014785408396109,MAX_AGE,4.0,2880.0,,4.0,,
BTCUSDT,2026-08-14 16:00:00+00:00,0.0005000000000000001,0.0019,BE_STOP,4.0,433.0,TREND,4.0,,
ETHUSDT,2026-08-14 16:06:00+00:00,0.0005000000000000001,0.0019,BE_STOP,4.0,434.0,CHOP,4.0,,
ETHUSDT,2026-08-14 16:47:00+00:00,0.0005000000000000001,0.0019,BE_STOP,4.0,46.0,CHOP,4.0,,
BTCUSDT,2026-08-14 17:56:00+00:00,0.0005000000000000001,0.0019,BE_STOP,4.0,542.0,TREND,4.0,,
SOLUSDT,2026-08-14 18:14:00+00:00,0.004600000000000001,0.006,TP,4.0,86.0,CHOP,4.0,,
ETHUSDT,2026-08-14 18:39:00+00:00,0.0005000000000000001,0.0019,BE_STOP,4.0,152.0,CHOP,4.0,,
BTCUSDT,2026-08-14 19:28:00+00:00,0.0005000000000000001,0.0019,BE_STOP,4.0,73.0,CHOP,4.0,,
ETHUSDT,2026-08-15 05:07:00+00:00,-0.008436945280502726,-0.007036945280502725,MAX_AGE,4.0,2880.0,CHOP,4.0,,
BTCUSDT,2026-08-15 05:09:00+00:00,-0.012231184910628206,-0.010831184910628205,MAX_AGE,4.0,2880.0,CHOP,4.0,,
ETHUSDT,2026-08-15 05:40:00+00:00,0.0005000000000000001,0.0019,BE_STOP,4.0,659.0,CHOP,4.0,,
BTCUSDT,2026-08-15 06:15:00+00:00,0.0005000000000000001,0.0019,BE_STOP,4.0,646.0,CHOP,4.0,,
ETHUSDT,2026-08-15 16:42:00+00:00,-0.011725591374778738,-0.010325591374778738,MAX_AGE,4.0,2880.0,CHOP,4.0,,
ETHUSDT,2026-08-15 19:14:00+00:00,-0.004091262403382052,-0.002691262403382052,MAX_AGE,4.0,2880.0,CHOP,4.0,,
SOLUSDT,2026-08-16 00:28:00+00:00,0.0005000000000000001,0.0019,BE_STOP,4.0,314.0,CHOP,4.0,,
ETHUSDT,2026-08-16 13:47:00+00:00,-0.007918842022446564,-0.006518842022446565,MAX_AGE,4.0,2880.0,CHOP,4.0,,
BTCUSDT,2026-08-16 16:52:00+00:00,0.0005000000000000001,0.0019,BE_STOP,4.0,2140.0,CHOP,4.0,,
ETHUSDT,2026-08-16 17:11:00+00:00,0.0005000000000000001,0.0019,BE_STOP,4.0,2161.0,CHOP,4.0,,
ETHUSDT,2026-08-16 17:56:00+00:00,-0.005801295877914654,-0.0044012958779146545,MAX_AGE,4.0,2880.0,CHOP,4.0,,
ETHUSDT,2026-08-16 18:04:00+00:00,0.0005000000000000001,0.0019,BE_STOP,4.0,257.0,CHOP,4.0,,
NEARUSDT,2026-08-16 20:52:00+00:00,0.004600000000000001,0.006,TP,4.0,176.0,CHOP,4.0,,
BTCUSDT,2026-08-16 21:40:00+00:00,0.004600000000000001,0.006,TP,4.0,288.0,TREND,4.0,,
BTCUSDT,2026-08-16 21:40:00+00:00,0.004600000000000001,0.006,TP,4.0,269.0,TREND,4.0,,
ETHUSDT,2026-08-16 21:40:00+00:00,0.004600000000000001,0.006,TP,4.0,216.0,TREND,4.0,,
BTCUSDT,2026-08-16 21:47:00+00:00,0.0005000000000000001,0.0019,BE_STOP,4.0,2372.0,CHOP,4.0,,
BTCUSDT,2026-08-16 21:50:00+00:00,0.0005000000000000001,0.0019,BE_STOP,4.0,2410.0,CHOP,4.0,,
BTCUSDT,2026-08-16 21:50:00+00:00,0.0005000000000000001,0.0019,BE_STOP,4.0,1282.0,CHOP,4.0,,
BTCUSDT,2026-08-16 21:50:00+00:00,0.0005000000000000001,0.0019,BE_STOP,4.0,57.0,CHOP,4.0,,
BTCUSDT,2026-08-16 21:51:00+00:00,0.0005000000000000001,0.0019,BE_STOP,4.0,1749.0,CHOP,4.0,,
SOLUSDT,2026-08-16 22:05:00+00:00,0.0005000000000000001,0.0019,BE_STOP,4.0,15.0,TREND,4.0,,
SOLUSDT,2026-08-16 22:05:00+00:00,0.0005000000000000001,0.0019,BE_STOP,4.0,12.0,TREND,4.0,,
BTCUSDT,2026-08-16 22:49:00+00:00,0.0005000000000000001,0.0019,BE_STOP,4.0,67.0,TREND,4.0,,
BTCUSDT,2026-08-16 22:51:00+00:00,0.0005000000000000001,0.0019,BE_STOP,4.0,64.0,TREND,4.0,,
BTCUSDT,2026-08-16 22:53:00+00:00,0.0005000000000000001,0.0019,BE_STOP,4.0,69.0,TREND,4.0,,
BTCUSDT,2026-08-16 22:57:00+00:00,0.0005000000000000001,0.0019,BE_STOP,4.0,60.0,TREND,4.0,,
XRPUSDT,2026-08-16 22:59:00+00:00,0.0005000000000000001,0.0019,BE_STOP,4.0,79.0,CHOP,4.0,,
ETHUSDT,2026-08-17 01:01:00+00:00,0.004600000000000001,0.006,TP,4.0,132.0,CHOP,4.0,,
ETHUSDT,2026-08-17 01:01:00+00:00,0.004600000000000001,0.006,TP,4.0,130.0,CHOP,4.0,,
ETHUSDT,2026-08-17 01:01:00+00:00,0.004600000000000001,0.006,TP,4.0,127.0,CHOP,4.0,,
ETHUSDT,2026-08-17 01:01:00+00:00,0.004600000000000001,0.006,TP,4.0,121.0,CHOP,4.0,,
BTCUSDT,2026-08-17 01:15:00+00:00,0.0005000000000000001,0.0019,BE_STOP,4.0,132.0,CHOP,4.0,,
ETHUSDT,2026-08-17 01:37:00+00:00,0.0005000000000000001,0.0019,BE_STOP,4.0,28.0,CHOP,4.0,,
BTCUSDT,2026-08-17 01:54:00+00:00,0.0005000000000000001,0.0019,BE_STOP,4.0,39.0,CHOP,4.0,,
BTCUSDT,2026-08-17 02:52:00+00:00,0.004600000000000001,0.006,TP,4.0,110.0,CHOP,4.0,,
BTCUSDT,2026-08-17 02:53:00+00:00,0.004600000000000001,0.006,TP,4.0,108.0,CHOP,4.0,,
BTCUSDT,2026-08-17 02:53:00+00:00,0.004600000000000001,0.006,TP,4.0,106.0,CHOP,4.0,,
BTCUSDT,2026-08-17 05:28:00+00:00,0.0005000000000000001,0.0019,BE_STOP,4.0,150.0,CHOP,4.0,,
SOLUSDT,2026-08-17 06:45:00+00:00,0.004600000000000001,0.006,TP,4.0,306.0,CHOP,4.0,,
NEARUSDT,2026-08-17 06:46:00+00:00,0.004600000000000001,0.006,TP,4.0,78.0,TREND,4.0,,
ETHUSDT,2026-08-17 07:01:00+00:00,0.0005000000000000001,0.0019,BE_STOP,4.0,245.0,TREND,4.0,,
BTCUSDT,2026-08-17 07:17:00+00:00,0.0005000000000000001,0.0019,BE_STOP,4.0,263.0,CHOP,4.0,,
BTCUSDT,2026-08-17 09:15:00+00:00,0.0005000000000000001,0.0019,BE_STOP,4.0,117.0,TREND,4.0,,
BTCUSDT,2026-08-17 13:02:00+00:00,0.0005000000000000001,0.0019,BE_STOP,4.0,226.0,CHOP,4.0,,
BTCUSDT,2026-08-17 15:28:00+00:00,0.004600000000000001,0.006,TP,4.0,519.0,CHOP,4.0,,
SOLUSDT,2026-08-17 16:20:00+00:00,0.0005000000000000001,0.0019,BE_STOP,4.0,559.0,TREND,4.0,,
BTCUSDT,2026-08-17 17:23:00+00:00,0.004600000000000001,0.006,TP,4.0,114.0,TREND,4.0,,
SOLUSDT,2026-08-17 17:39:00+00:00,0.0005000000000000001,0.0019,BE_STOP,4.0,79.0,CHOP,4.0,,
NEARUSDT,2026-08-17 17:46:00+00:00,-0.0264,-0.025,MAE_KILL,4.0,659.0,TREND,4.0,,
BTCUSDT,2026-08-17 18:23:00+00:00,0.004600000000000001,0.006,TP,4.0,44.0,TREND,4.0,,
BTCUSDT,2026-08-17 18:29:00+00:00,0.0005000000000000001,0.0019,BE_STOP,4.0,66.0,CHOP,4.0,,
BTCUSDT,2026-08-17 19:01:00+00:00,0.0005000000000000001,0.0019,BE_STOP,4.0,75.0,TREND,4.0,,
ETHUSDT,2026-08-18 02:30:00+00:00,0.004600000000000001,0.006,TP,4.0,447.0,CHOP,4.0,,
NEARUSDT,2026-08-18 02:49:00+00:00,0.0005000000000000001,0.0019,BE_STOP,4.0,19.0,CHOP,4.0,,
ETHUSDT,2026-08-18 03:36:00+00:00,0.0005000000000000001,0.0019,BE_STOP,4.0,1541.0,CHOP,4.0,,
NEARUSDT,2026-08-18 06:30:00+00:00,-0.0264,-0.025,MAE_KILL,4.0,174.0,CHOP,4.0,,
BTCUSDT,2026-08-18 14:26:00+00:00,0.004600000000000001,0.006,TP,4.0,1197.0,TREND,4.0,,
ETHUSDT,2026-08-18 14:26:00+00:00,0.004600000000000001,0.006,TP,4.0,475.0,CHOP,4.0,,
BTCUSDT,2026-08-18 14:27:00+00:00,0.004600000000000001,0.006,TP,4.0,1203.0,TREND,4.0,,
BTCUSDT,2026-08-18 22:01:00+00:00,-0.028554714242977803,-0.027154714242977804,MAX_AGE,4.0,2880.0,TREND,4.0,,
BTCUSDT,2026-08-18 22:05:00+00:00,-0.028503875914720034,-0.027103875914720035,MAX_AGE,4.0,2880.0,TREND,4.0,,
BTCUSDT,2026-08-18 22:07:00+00:00,-0.028417050923664595,-0.027017050923664597,MAX_AGE,4.0,2880.0,TREND,4.0,,
ETHUSDT,2026-08-19 00:03:00+00:00,0.0005000000000000001,0.0019,BE_STOP,4.0,118.0,CHOP,4.0,,
ETHUSDT,2026-08-19 00:03:00+00:00,0.0005000000000000001,0.0019,BE_STOP,4.0,116.0,CHOP,4.0,,
ETHUSDT,2026-08-19 02:26:00+00:00,0.0005000000000000001,0.0019,BE_STOP,4.0,140.0,CHOP,4.0,,
BTCUSDT,2026-08-19 05:53:00+00:00,0.004600000000000001,0.006,TP,4.0,345.0,CHOP,4.0,,
BTCUSDT,2026-08-19 06:09:00+00:00,0.004600000000000001,0.006,TP,4.0,487.0,CHOP,4.0,,
NEARUSDT,2026-08-19 06:48:00+00:00,0.004600000000000001,0.006,TP,4.0,55.0,TREND,4.0,,
NEARUSDT,2026-08-19 06:56:00+00:00,0.004600000000000001,0.006,TP,4.0,8.0,CHOP,4.0,,
BTCUSDT,2026-08-19 12:38:00+00:00,0.004600000000000001,0.006,TP,4.0,341.0,CHOP,4.0,,
BTCUSDT,2026-08-19 12:41:00+00:00,0.004600000000000001,0.006,TP,4.0,614.0,CHOP,4.0,,
ETHUSDT,2026-08-19 12:47:00+00:00,0.004600000000000001,0.006,TP,4.0,9.0,CHOP,4.0,,
BTCUSDT,2026-08-19 13:03:00+00:00,-0.0214630918801097,-0.020063091880109702,MAX_AGE,4.0,2880.0,CHOP,4.0,,
XRPUSDT,2026-08-19 13:20:00+00:00,0.004600000000000001,0.006,TP,4.0,33.0,CHOP,4.0,,
BTCUSDT,2026-08-19 13:31:00+00:00,0.004691766078300383,0.006091766078300382,TP,4.0,1378.0,TREND,4.0,,
BTCUSDT,2026-08-19 13:34:00+00:00,0.0005000000000000001,0.0019,BE_STOP,4.0,1385.0,TREND,4.0,,
BTCUSDT,2026-08-19 13:37:00+00:00,0.0005000000000000001,0.0019,BE_STOP,4.0,1386.0,TREND,4.0,,
NEARUSDT,2026-08-19 13:44:00+00:00,0.0005000000000000001,0.0019,BE_STOP,4.0,23.0,CHOP,4.0,,
BTCUSDT,2026-08-19 14:10:00+00:00,0.004600000000000001,0.006,TP,4.0,25.0,CHOP,4.0,,
NEARUSDT,2026-08-19 14:14:00+00:00,0.0005000000000000001,0.0019,BE_STOP,4.0,92.0,CHOP,4.0,,
BTCUSDT,2026-08-19 14:17:00+00:00,0.004600000000000001,0.006,TP,4.0,43.0,TREND,4.0,,
SOLUSDT,2026-08-19 14:44:00+00:00,0.004600000000000001,0.006,TP,4.0,34.0,TREND,4.0,,
NEARUSDT,2026-08-19 14:47:00+00:00,0.0005000000000000001,0.0019,BE_STOP,4.0,33.0,CHOP,4.0,,
XRPUSDT,2026-08-19 14:54:00+00:00,0.004600000000000001,0.006,TP,4.0,83.0,TREND,4.0,,
XRPUSDT,2026-08-19 14:54:00+00:00,0.004600000000000001,0.006,TP,4.0,7.0,TREND,4.0,,
BTCUSDT,2026-08-19 14:55:00+00:00,0.004600000000000001,0.006,TP,4.0,38.0,TREND,4.0,,
NEARUSDT,2026-08-19 14:55:00+00:00,0.004600000000000001,0.006,TP,4.0,11.0,TREND,4.0,,
NEARUSDT,2026-08-19 15:02:00+00:00,0.0005000000000000001,0.0019,BE_STOP,4.0,7.0,TREND,4.0,,
ETHUSDT,2026-08-19 15:05:00+00:00,0.008145481860760764,0.009545481860760765,TP,4.0,8.0,TREND,4.0,,
BTCUSDT,2026-08-19 15:05:00+00:00,0.004600000000000001,0.006,TP,4.0,6.0,TREND,4.0,,
BTCUSDT,2026-08-19 15:05:00+00:00,0.004600000000000001,0.006,TP,4.0,4.0,TREND,4.0,,
BTCUSDT,2026-08-19 15:14:00+00:00,-0.0414,-0.04,MAE_KILL,4.0,2185.0,CHOP,4.0,,
BTCUSDT,2026-08-19 15:14:00+00:00,-0.0414,-0.04,MAE_KILL,4.0,544.0,TREND,4.0,,
SOLUSDT,2026-08-19 15:19:00+00:00,0.0005000000000000001,0.0019,BE_STOP,4.0,16.0,TREND,4.0,,
BTCUSDT,2026-08-19 15:23:00+00:00,0.006075943745373848,0.007475943745373847,TP,4.0,16.0,TREND,4.0,,
BTCUSDT,2026-08-19 15:23:00+00:00,0.005218999892076826,0.006618999892076825,TP,4.0,13.0,TREND,4.0,,
NEARUSDT,2026-08-19 15:26:00+00:00,-0.0264,-0.025,MAE_KILL,4.0,143.0,CHOP,4.0,,
BTCUSDT,2026-08-19 15:26:00+00:00,-0.0414,-0.04,MAE_KILL,4.0,108.0,TREND,4.0,,
ETHUSDT,2026-08-19 15:26:00+00:00,0.016132493364931683,0.017532493364931682,TP,4.0,12.0,TREND,4.0,,
ETHUSDT,2026-08-19 15:26:00+00:00,0.014903532408319311,0.01630353240831931,TP,4.0,8.0,TREND,4.0,,
NEARUSDT,2026-08-19 15:26:00+00:00,0.007454098717112406,0.008854098717112405,TP,4.0,5.0,TREND,4.0,,
ETHUSDT,2026-08-19 15:27:00+00:00,0.015649278820607095,0.017049278820607094,TP,4.0,11.0,TREND,4.0,,
BTCUSDT,2026-08-19 15:27:00+00:00,0.0070266835330865555,0.008426683533086555,TP,4.0,2.0,TREND,4.0,,
NEARUSDT,2026-08-19 15:46:00+00:00,0.0005000000000000001,0.0019,BE_STOP,4.0,14.0,TREND,4.0,,
XRPUSDT,2026-08-19 16:07:00+00:00,0.0005000000000000001,0.0019,BE_STOP,4.0,21.0,TREND,4.0,,
BTCUSDT,2026-08-19 17:32:00+00:00,0.0005000000000000001,0.0019,BE_STOP,4.0,122.0,TREND,4.0,,
ETHUSDT,2026-08-19 20:07:00+00:00,0.011369391695730455,0.012769391695730456,TP,4.0,240.0,TREND,4.0,,
XRPUSDT,2026-08-19 20:15:00+00:00,0.004600000000000001,0.006,TP,4.0,8.0,TREND,4.0,,
ETHUSDT,2026-08-19 20:50:00+00:00,0.026161277733929622,0.02756127773392962,TP,4.0,322.0,TREND,4.0,,
NEARUSDT,2026-08-19 20:50:00+00:00,0.01693696287697112,0.01833696287697112,TP,4.0,311.0,TREND,4.0,,
NEARUSDT,2026-08-19 20:50:00+00:00,-0.0264,-0.025,MAE_KILL,4.0,198.0,CHOP,4.0,,
BTCUSDT,2026-08-19 20:50:00+00:00,0.004600000000000001,0.006,TP,4.0,35.0,CHOP,4.0,,
SOLUSDT,2026-08-19 20:51:00+00:00,0.020508015513111943,0.02190801551311194,TP,4.0,314.0,TREND,4.0,,
XRPUSDT,2026-08-19 21:03:00+00:00,0.0005000000000000001,0.0019,BE_STOP,4.0,12.0,CHOP,4.0,,
NEARUSDT,2026-08-19 21:04:00+00:00,0.008798742598021804,0.010198742598021804,TP,4.0,8.0,CHOP,4.0,,
BTCUSDT,2026-08-19 21:07:00+00:00,0.016192962814873955,0.017592962814873953,TP,4.0,324.0,TREND,4.0,,
BTCUSDT,2026-08-19 21:07:00+00:00,0.006178151104817867,0.007578151104817866,TP,4.0,13.0,CHOP,4.0,,
BTCUSDT,2026-08-19 21:07:00+00:00,0.007911658429838929,0.009311658429838929,TP,4.0,8.0,CHOP,4.0,,
BTCUSDT,2026-08-19 21:07:00+00:00,0.009333325307953118,0.010733325307953118,TP,4.0,5.0,CHOP,4.0,,
BTCUSDT,2026-08-19 21:07:00+00:00,0.006880832536200729,0.008280832536200728,TP,4.0,2.0,CHOP,4.0,,
BTCUSDT,2026-08-19 21:39:00+00:00,0.0005000000000000001,0.0019,BE_STOP,4.0,29.0,CHOP,4.0,,
XRPUSDT,2026-08-19 21:59:00+00:00,0.010913509094624923,0.012313509094624923,TP,4.0,20.0,TREND,4.0,,
BTCUSDT,2026-08-19 22:04:00+00:00,0.0005000000000000001,0.0019,BE_STOP,4.0,56.0,CHOP,4.0,,
BTCUSDT,2026-08-19 22:09:00+00:00,0.0005000000000000001,0.0019,BE_STOP,4.0,53.0,CHOP,4.0,,
XRPUSDT,2026-08-19 22:10:00+00:00,0.0005000000000000001,0.0019,BE_STOP,4.0,10.0,TREND,4.0,,
SOLUSDT,2026-08-19 22:11:00+00:00,0.0005000000000000001,0.0019,BE_STOP,4.0,53.0,TREND,4.0,,
BTCUSDT,2026-08-19 22:15:00+00:00,0.0005000000000000001,0.0019,BE_STOP,4.0,63.0,CHOP,4.0,,
SOLUSDT,2026-08-19 22:18:00+00:00,0.0005000000000000001,0.0019,BE_STOP,4.0,14.0,TREND,4.0,,
BTCUSDT,2026-08-19 22:33:00+00:00,0.004600000000000001,0.006,TP,4.0,22.0,TREND,4.0,,
BTCUSDT,2026-08-19 22:39:00+00:00,0.0005000000000000001,0.0019,BE_STOP,4.0,24.0,CHOP,4.0,,
BTCUSDT,2026-08-19 22:39:00+00:00,0.0005000000000000001,0.0019,BE_STOP,4.0,22.0,CHOP,4.0,,
XRPUSDT,2026-08-19 22:52:00+00:00,0.010740615995389611,0.012140615995389611,TP,4.0,13.0,TREND,4.0,,
BTCUSDT,2026-08-20 00:54:00+00:00,0.0005000000000000001,0.0019,BE_STOP,4.0,133.0,TREND,4.0,,
BTCUSDT,2026-08-20 01:20:00+00:00,0.0005000000000000001,0.0019,BE_STOP,4.0,26.0,TREND,4.0,,
XRPUSDT,2026-08-20 01:53:00+00:00,0.0005000000000000001,0.0019,BE_STOP,4.0,32.0,CHOP,4.0,,
ETHUSDT,2026-08-20 03:10:00+00:00,0.005938150745272906,0.007338150745272905,TP,4.0,257.0,TREND,4.0,,
NEARUSDT,2026-08-20 03:37:00+00:00,0.0005000000000000001,0.0019,BE_STOP,4.0,26.0,CHOP,4.0,,
ETHUSDT,2026-08-20 03:45:00+00:00,0.004600000000000001,0.006,TP,4.0,8.0,CHOP,4.0,,
BTCUSDT,2026-08-20 06:04:00+00:00,0.0005000000000000001,0.0019,BE_STOP,4.0,138.0,CHOP,4.0,,
BTCUSDT,2026-08-20 07:14:00+00:00,0.0005000000000000001,0.0019,BE_STOP,4.0,321.0,CHOP,4.0,,
SOLUSDT,2026-08-20 07:57:00+00:00,0.0005000000000000001,0.0019,BE_STOP,4.0,43.0,CHOP,4.0,,
BTCUSDT,2026-08-20 08:07:00+00:00,0.02276676268371305,0.02416676268371305,TP,4.0,986.0,TREND,4.0,,
BTCUSDT,2026-08-20 08:09:00+00:00,0.03136534208918998,0.03276534208918998,TP,4.0,994.0,TREND,4.0,,
SOLUSDT,2026-08-20 08:09:00+00:00,0.004600000000000001,0.006,TP,4.0,12.0,CHOP,4.0,,
BTCUSDT,2026-08-20 08:09:00+00:00,0.004600000000000001,0.006,TP,4.0,1.0,CHOP,4.0,,
ETHUSDT,2026-08-20 08:16:00+00:00,0.0005000000000000001,0.0019,BE_STOP,4.0,5.0,CHOP,4.0,,
XRPUSDT,2026-08-20 08:31:00+00:00,0.015003194572770296,0.016403194572770296,TP,4.0,622.0,TREND,4.0,,
XRPUSDT,2026-08-20 08:31:00+00:00,0.013248771046539537,0.014648771046539538,TP,4.0,612.0,TREND,4.0,,
BTCUSDT,2026-08-20 08:47:00+00:00,0.005638523274478156,0.007038523274478155,TP,4.0,16.0,TREND,4.0,,
BTCUSDT,2026-08-20 08:52:00+00:00,0.005876148923407822,0.007276148923407821,TP,4.0,19.0,TREND,4.0,,
BTCUSDT,2026-08-20 09:06:00+00:00,-0.0414,-0.04,MAE_KILL,4.0,632.0,TREND,4.0,,
BTCUSDT,2026-08-20 09:18:00+00:00,0.011647912756417009,0.013047912756417009,TP,4.0,62.0,TREND,4.0,,
BTCUSDT,2026-08-20 09:52:00+00:00,0.0005000000000000001,0.0019,BE_STOP,4.0,45.0,TREND,4.0,,
BTCUSDT,2026-08-20 10:14:00+00:00,-0.0414,-0.04,MAE_KILL,4.0,249.0,CHOP,4.0,,
BTCUSDT,2026-08-20 10:14:00+00:00,0.010728604819614315,0.012128604819614315,TP,4.0,120.0,TREND,4.0,,
XRPUSDT,2026-08-20 10:18:00+00:00,0.004600000000000001,0.006,TP,4.0,4.0,TREND,4.0,,
BTCUSDT,2026-08-20 10:20:00+00:00,0.014599573868016984,0.015999573868016984,TP,4.0,122.0,TREND,4.0,,
BTCUSDT,2026-08-20 10:21:00+00:00,0.0005000000000000001,0.0019,BE_STOP,4.0,5.0,TREND,4.0,,
BTCUSDT,2026-08-20 10:29:00+00:00,0.0005000000000000001,0.0019,BE_STOP,4.0,71.0,TREND,4.0,,
SOLUSDT,2026-08-20 10:38:00+00:00,0.0005000000000000001,0.0019,BE_STOP,4.0,9.0,TREND,4.0,,
NEARUSDT,2026-08-20 11:00:00+00:00,0.004600000000000001,0.006,TP,4.0,22.0,CHOP,4.0,,
ETHUSDT,2026-08-20 11:31:00+00:00,0.004600000000000001,0.006,TP,4.0,72.0,CHOP,4.0,,
SOLUSDT,2026-08-20 11:41:00+00:00,0.0005000000000000001,0.0019,BE_STOP,4.0,169.0,TREND,4.0,,
ETHUSDT,2026-08-20 11:52:00+00:00,0.0005000000000000001,0.0019,BE_STOP,4.0,20.0,CHOP,4.0,,
BTCUSDT,2026-08-20 11:53:00+00:00,0.0005000000000000001,0.0019,BE_STOP,4.0,53.0,TREND,4.0,,
XRPUSDT,2026-08-20 12:04:00+00:00,0.0005000000000000001,0.0019,BE_STOP,4.0,9.0,TREND,4.0,,
ETHUSDT,2026-08-20 12:11:00+00:00,0.0005000000000000001,0.0019,BE_STOP,4.0,138.0,CHOP,4.0,,
XRPUSDT,2026-08-20 12:21:00+00:00,0.0005000000000000001,0.0019,BE_STOP,4.0,14.0,TREND,4.0,,
BTCUSDT,2026-08-20 12:51:00+00:00,0.0005000000000000001,0.0019,BE_STOP,4.0,40.0,TREND,4.0,,
SOLUSDT,2026-08-20 12:51:00+00:00,0.0005000000000000001,0.0019,BE_STOP,4.0,30.0,CHOP,4.0,,
XRPUSDT,2026-08-20 13:05:00+00:00,0.0005000000000000001,0.0019,BE_STOP,4.0,10.0,TREND,4.0,,
XRPUSDT,2026-08-20 13:21:00+00:00,0.007176699168683188,0.008576699168683187,TP,4.0,16.0,TREND,4.0,,
ETHUSDT,2026-08-20 13:37:00+00:00,0.0005000000000000001,0.0019,BE_STOP,4.0,983.0,TREND,4.0,,
BTCUSDT,2026-08-20 15:03:00+00:00,0.004600000000000001,0.006,TP,4.0,126.0,TREND,4.0,,
ETHUSDT,2026-08-20 15:04:00+00:00,0.004600000000000001,0.006,TP,4.0,103.0,CHOP,4.0,,
BTCUSDT,2026-08-20 15:06:00+00:00,0.0005000000000000001,0.0019,BE_STOP,4.0,285.0,TREND,4.0,,
BTCUSDT,2026-08-20 15:06:00+00:00,0.0005000000000000001,0.0019,BE_STOP,4.0,282.0,TREND,4.0,,
BTCUSDT,2026-08-20 15:06:00+00:00,0.0005000000000000001,0.0019,BE_STOP,4.0,205.0,TREND,4.0,,
ETHUSDT,2026-08-20 15:29:00+00:00,0.007673341388831905,0.009073341388831905,TP,4.0,23.0,CHOP,4.0,,
BTCUSDT,2026-08-20 15:31:00+00:00,0.007314173444819861,0.00871417344481986,TP,4.0,23.0,CHOP,4.0,,
BTCUSDT,2026-08-20 15:32:00+00:00,0.005207257470413807,0.006607257470413806,TP,4.0,28.0,CHOP,4.0,,
BTCUSDT,2026-08-20 15:36:00+00:00,0.0005000000000000001,0.0019,BE_STOP,4.0,24.0,CHOP,4.0,,
BTCUSDT,2026-08-20 15:36:00+00:00,0.0005000000000000001,0.0019,BE_STOP,4.0,22.0,CHOP,4.0,,
SOLUSDT,2026-08-20 16:13:00+00:00,0.0005000000000000001,0.0019,BE_STOP,4.0,39.0,CHOP,4.0,,
XRPUSDT,2026-08-20 16:41:00+00:00,-0.0414,-0.04,MAE_KILL,4.0,72.0,TREND,4.0,,
ETHUSDT,2026-08-20 16:42:00+00:00,-0.0414,-0.04,MAE_KILL,4.0,185.0,CHOP,4.0,,
BTCUSDT,2026-08-20 17:06:00+00:00,0.0005000000000000001,0.0019,BE_STOP,4.0,94.0,CHOP,4.0,,
BTCUSDT,2026-08-20 17:06:00+00:00,0.0005000000000000001,0.0019,BE_STOP,4.0,19.0,CHOP,4.0,,
BTCUSDT,2026-08-20 17:09:00+00:00,0.0005000000000000001,0.0019,BE_STOP,4.0,25.0,CHOP,4.0,,
BTCUSDT,2026-08-20 18:00:00+00:00,0.0005000000000000001,0.0019,BE_STOP,4.0,54.0,CHOP,4.0,,
BTCUSDT,2026-08-20 18:00:00+00:00,0.0005000000000000001,0.0019,BE_STOP,4.0,52.0,CHOP,4.0,,
SOLUSDT,2026-08-20 18:02:00+00:00,0.004600000000000001,0.006,TP,4.0,2.0,CHOP,4.0,,
BTCUSDT,2026-08-20 18:37:00+00:00,0.0005000000000000001,0.0019,BE_STOP,4.0,86.0,CHOP,4.0,,
BTCUSDT,2026-08-20 19:10:00+00:00,0.0005000000000000001,0.0019,BE_STOP,4.0,64.0,CHOP,4.0,,
BTCUSDT,2026-08-20 19:11:00+00:00,0.0005000000000000001,0.0019,BE_STOP,4.0,34.0,CHOP,4.0,,
BTCUSDT,2026-08-20 19:14:00+00:00,0.0005000000000000001,0.0019,BE_STOP,4.0,71.0,CHOP,4.0,,
SOLUSDT,2026-08-20 20:52:00+00:00,0.0005000000000000001,0.0019,BE_STOP,4.0,101.0,CHOP,4.0,,
XRPUSDT,2026-08-20 23:26:00+00:00,-0.0414,-0.04,MAE_KILL,4.0,253.0,CHOP,4.0,,
SOLUSDT,2026-08-20 23:34:00+00:00,0.0005000000000000001,0.0019,BE_STOP,4.0,702.0,TREND,4.0,,
SOLUSDT,2026-08-21 00:18:00+00:00,0.005215171965200443,0.0066151719652004426,TP,4.0,931.0,TREND,4.0,,
BTCUSDT,2026-08-21 00:18:00+00:00,0.005216827370061928,0.006616827370061928,TP,4.0,44.0,CHOP,4.0,,
NEARUSDT,2026-08-21 00:25:00+00:00,0.0005000000000000001,0.0019,BE_STOP,4.0,59.0,CHOP,4.0,,
BTCUSDT,2026-08-21 00:35:00+00:00,0.0005000000000000001,0.0019,BE_STOP,4.0,16.0,CHOP,4.0,,
XRPUSDT,2026-08-21 01:04:00+00:00,-0.0414,-0.04,MAE_KILL,4.0,349.0,CHOP,4.0,,
BTCUSDT,2026-08-21 01:16:00+00:00,0.005243490137823924,0.0066434901378239234,TP,4.0,41.0,TREND,4.0,,
XRPUSDT,2026-08-21 01:18:00+00:00,0.008339748521042783,0.009739748521042783,TP,4.0,57.0,TREND,4.0,,
BTCUSDT,2026-08-21 01:18:00+00:00,0.004600000000000001,0.006,TP,4.0,14.0,CHOP,4.0,,
ETHUSDT,2026-08-21 01:18:00+00:00,0.004830192809223021,0.00623019280922302,TP,4.0,1.0,CHOP,4.0,,
SOLUSDT,2026-08-21 01:20:00+00:00,0.0005000000000000001,0.0019,BE_STOP,4.0,55.0,CHOP,4.0,,
BTCUSDT,2026-08-21 01:47:00+00:00,-0.0414,-0.04,MAE_KILL,4.0,574.0,CHOP,4.0,,
BTCUSDT,2026-08-21 01:47:00+00:00,0.008207019627399231,0.009607019627399231,TP,4.0,26.0,TREND,4.0,,
NEARUSDT,2026-08-21 01:47:00+00:00,0.0005000000000000001,0.0019,BE_STOP,4.0,24.0,TREND,4.0,,
SOLUSDT,2026-08-21 01:48:00+00:00,0.0059746431429506,0.0073746431429505994,TP,4.0,29.0,CHOP,4.0,,
SOLUSDT,2026-08-21 05:45:00+00:00,-0.0414,-0.04,MAE_KILL,4.0,848.0,CHOP,4.0,,
SOLUSDT,2026-08-21 05:45:00+00:00,-0.0414,-0.04,MAE_KILL,4.0,846.0,CHOP,4.0,,
SOLUSDT,2026-08-21 06:03:00+00:00,-0.0414,-0.04,MAE_KILL,4.0,551.0,CHOP,4.0,,
BTCUSDT,2026-08-21 06:11:00+00:00,0.0005000000000000001,0.0019,BE_STOP,4.0,22.0,TREND,4.0,,
XRPUSDT,2026-08-21 06:26:00+00:00,0.0005000000000000001,0.0019,BE_STOP,4.0,40.0,CHOP,4.0,,
BTCUSDT,2026-08-21 07:15:00+00:00,0.008714310209465944,0.010114310209465944,TP,4.0,327.0,TREND,4.0,,
BTCUSDT,2026-08-21 07:15:00+00:00,0.009715357967711188,0.011115357967711188,TP,4.0,325.0,TREND,4.0,,
BTCUSDT,2026-08-21 07:15:00+00:00,0.009953808357529827,0.011353808357529827,TP,4.0,323.0,TREND,4.0,,
BTCUSDT,2026-08-21 07:15:00+00:00,0.010206943763945993,0.011606943763945993,TP,4.0,321.0,TREND,4.0,,
ETHUSDT,2026-08-21 08:51:00+00:00,-0.0414,-0.04,MAE_KILL,4.0,446.0,CHOP,4.0,,
ETHUSDT,2026-08-22 00:06:00+00:00,0.005028571428571376,0.0064285714285713755,TP,4.0,2.0,TREND,4.0,,
BTCUSDT,2026-08-22 00:56:00+00:00,0.0005000000000000001,0.0019,BE_STOP,4.0,46.0,TREND,4.0,,
BTCUSDT,2026-08-22 00:56:00+00:00,0.0005000000000000001,0.0019,BE_STOP,4.0,38.0,CHOP,4.0,,
NEARUSDT,2026-08-22 00:59:00+00:00,0.008553131904351446,0.009953131904351447,TP,4.0,38.0,CHOP,4.0,,
ETHUSDT,2026-08-22 01:08:00+00:00,0.0005000000000000001,0.0019,BE_STOP,4.0,12.0,TREND,4.0,,
BTCUSDT,2026-08-22 01:18:00+00:00,0.0005000000000000001,0.0019,BE_STOP,4.0,20.0,CHOP,4.0,,
XRPUSDT,2026-08-22 01:36:00+00:00,-0.0414,-0.04,MAE_KILL,4.0,80.0,CHOP,4.0,,
XRPUSDT,2026-08-22 01:37:00+00:00,0.014916540893330584,0.016316540893330584,TP,4.0,19.0,TREND,4.0,,
NEARUSDT,2026-08-22 01:54:00+00:00,0.007811027367241226,0.009211027367241225,TP,4.0,15.0,CHOP,4.0,,
SOLUSDT,2026-08-22 02:22:00+00:00,0.004600000000000001,0.006,TP,4.0,45.0,CHOP,4.0,,
SOLUSDT,2026-08-22 02:29:00+00:00,0.007229606374685719,0.008629606374685718,TP,4.0,126.0,CHOP,4.0,,
BTCUSDT,2026-08-22 03:03:00+00:00,0.004600000000000001,0.006,TP,4.0,115.0,CHOP,4.0,,
BTCUSDT,2026-08-22 03:10:00+00:00,0.0005000000000000001,0.0019,BE_STOP,4.0,188.0,TREND,4.0,,
BTCUSDT,2026-08-22 03:11:00+00:00,0.0005000000000000001,0.0019,BE_STOP,4.0,42.0,CHOP,4.0,,
NEARUSDT,2026-08-22 03:19:00+00:00,0.009692631029126899,0.0110926310291269,TP,4.0,16.0,TREND,4.0,,
XRPUSDT,2026-08-22 03:19:00+00:00,0.013036516110048553,0.014436516110048554,TP,4.0,6.0,TREND,4.0,,
SOLUSDT,2026-08-22 03:21:00+00:00,0.008532381913611194,0.009932381913611194,TP,4.0,11.0,CHOP,4.0,,
NEARUSDT,2026-08-22 03:27:00+00:00,0.019569602364951075,0.020969602364951073,TP,4.0,65.0,TREND,4.0,,
BTCUSDT,2026-08-22 03:41:00+00:00,0.0005000000000000001,0.0019,BE_STOP,4.0,21.0,CHOP,4.0,,
ETHUSDT,2026-08-22 04:05:00+00:00,0.0005000000000000001,0.0019,BE_STOP,4.0,23.0,CHOP,4.0,,
XRPUSDT,2026-08-22 04:34:00+00:00,0.020041131086948712,0.02144113108694871,TP,4.0,72.0,TREND,4.0,,
ETHUSDT,2026-08-22 04:40:00+00:00,0.0005000000000000001,0.0019,BE_STOP,4.0,76.0,CHOP,4.0,,
ETHUSDT,2026-08-22 04:40:00+00:00,0.0005000000000000001,0.0019,BE_STOP,4.0,73.0,CHOP,4.0,,
ETHUSDT,2026-08-22 04:46:00+00:00,0.0005000000000000001,0.0019,BE_STOP,4.0,226.0,TREND,4.0,,
NEARUSDT,2026-08-22 04:59:00+00:00,0.0005000000000000001,0.0019,BE_STOP,4.0,18.0,TREND,4.0,,
NEARUSDT,2026-08-22 05:07:00+00:00,-0.0264,-0.025,MAE_KILL,4.0,33.0,TREND,4.0,,
XRPUSDT,2026-08-22 05:08:00+00:00,-0.0414,-0.04,MAE_KILL,4.0,9.0,TREND,4.0,,
BTCUSDT,2026-08-22 05:09:00+00:00,0.004600000000000001,0.006,TP,4.0,64.0,CHOP,4.0,,
BTCUSDT,2026-08-22 05:10:00+00:00,0.004972050765741611,0.0063720507657416105,TP,4.0,302.0,TREND,4.0,,
BTCUSDT,2026-08-22 05:10:00+00:00,0.00594417160246313,0.00734417160246313,TP,4.0,296.0,CHOP,4.0,,
BTCUSDT,2026-08-22 05:10:00+00:00,0.004600000000000001,0.006,TP,4.0,196.0,CHOP,4.0,,
BTCUSDT,2026-08-22 05:35:00+00:00,0.0005000000000000001,0.0019,BE_STOP,4.0,20.0,CHOP,4.0,,
NEARUSDT,2026-08-22 06:06:00+00:00,0.0005000000000000001,0.0019,BE_STOP,4.0,29.0,CHOP,4.0,,
XRPUSDT,2026-08-22 06:39:00+00:00,-0.0414,-0.04,MAE_KILL,4.0,33.0,CHOP,4.0,,
BTCUSDT,2026-08-22 10:35:00+00:00,0.0005000000000000001,0.0019,BE_STOP,4.0,324.0,CHOP,4.0,,
BTCUSDT,2026-08-22 10:41:00+00:00,0.0005000000000000001,0.0019,BE_STOP,4.0,324.0,CHOP,4.0,,
ETHUSDT,2026-08-22 10:49:00+00:00,0.0005000000000000001,0.0019,BE_STOP,4.0,12.0,CHOP,4.0,,
XRPUSDT,2026-08-22 12:12:00+00:00,0.01564381873668456,0.01704381873668456,TP,4.0,82.0,CHOP,4.0,,
SOLUSDT,2026-08-22 12:19:00+00:00,0.007008134395424195,0.008408134395424195,TP,4.0,98.0,CHOP,4.0,,
NEARUSDT,2026-08-22 12:51:00+00:00,0.0005000000000000001,0.0019,BE_STOP,4.0,32.0,CHOP,4.0,,
ETHUSDT,2026-08-22 14:07:00+00:00,0.004600000000000001,0.006,TP,4.0,75.0,CHOP,4.0,,
BTCUSDT,2026-08-22 16:54:00+00:00,0.0005000000000000001,0.0019,BE_STOP,4.0,282.0,CHOP,4.0,,
NEARUSDT,2026-08-22 18:41:00+00:00,-0.0264,-0.025,MAE_KILL,4.0,107.0,CHOP,4.0,,
BTCUSDT,2026-08-22 21:09:00+00:00,0.0005000000000000001,0.0019,BE_STOP,4.0,148.0,CHOP,4.0,,
BTCUSDT,2026-08-22 22:05:00+00:00,0.0005000000000000001,0.0019,BE_STOP,4.0,477.0,CHOP,4.0,,
BTCUSDT,2026-08-22 22:06:00+00:00,0.0005000000000000001,0.0019,BE_STOP,4.0,56.0,CHOP,4.0,,
NEARUSDT,2026-08-22 22:51:00+00:00,0.011110067518234467,0.012510067518234467,TP,4.0,43.0,CHOP,4.0,,
BTCUSDT,2026-08-23 01:04:00+00:00,0.0005000000000000001,0.0019,BE_STOP,4.0,132.0,CHOP,4.0,,
BTCUSDT,2026-08-23 01:57:00+00:00,0.0005000000000000001,0.0019,BE_STOP,4.0,231.0,CHOP,4.0,,
BTCUSDT,2026-08-23 02:31:00+00:00,0.0005000000000000001,0.0019,BE_STOP,4.0,86.0,CHOP,4.0,,
SOLUSDT,2026-08-23 03:31:00+00:00,0.00663298896897399,0.00803298896897399,TP,4.0,60.0,CHOP,4.0,,
BTCUSDT,2026-08-23 04:08:00+00:00,0.004600000000000001,0.006,TP,4.0,131.0,CHOP,4.0,,
BTCUSDT,2026-08-23 04:10:00+00:00,0.0005000000000000001,0.0019,BE_STOP,4.0,38.0,CHOP,4.0,,
SOLUSDT,2026-08-23 04:25:00+00:00,0.0005000000000000001,0.0019,BE_STOP,4.0,14.0,CHOP,4.0,,
SOLUSDT,2026-08-23 04:44:00+00:00,0.006235826074208013,0.007635826074208012,TP,4.0,19.0,CHOP,4.0,,
ETHUSDT,2026-08-23 04:48:00+00:00,0.004600000000000001,0.006,TP,4.0,2.0,CHOP,4.0,,
BTCUSDT,2026-08-23 05:08:00+00:00,0.004600000000000001,0.006,TP,4.0,59.0,CHOP,4.0,,
BTCUSDT,2026-08-23 05:14:00+00:00,0.004600000000000001,0.006,TP,4.0,25.0,CHOP,4.0,,
BTCUSDT,2026-08-23 05:17:00+00:00,-0.0414,-0.04,MAE_KILL,4.0,1474.0,CHOP,4.0,,
BTCUSDT,2026-08-23 05:19:00+00:00,0.0005000000000000001,0.0019,BE_STOP,4.0,4.0,TREND,4.0,,
XRPUSDT,2026-08-23 05:37:00+00:00,0.0005000000000000001,0.0019,BE_STOP,4.0,29.0,CHOP,4.0,,
BTCUSDT,2026-08-23 06:05:00+00:00,0.0005000000000000001,0.0019,BE_STOP,4.0,28.0,TREND,4.0,,
BTCUSDT,2026-08-23 11:19:00+00:00,0.0005000000000000001,0.0019,BE_STOP,4.0,1796.0,CHOP,4.0,,
NEARUSDT,2026-08-23 11:48:00+00:00,0.0005000000000000001,0.0019,BE_STOP,4.0,29.0,TREND,4.0,,
SOLUSDT,2026-08-23 13:17:00+00:00,0.004600000000000001,0.006,TP,4.0,89.0,TREND,4.0,,
ETHUSDT,2026-08-23 13:18:00+00:00,-0.0414,-0.04,MAE_KILL,4.0,481.0,TREND,4.0,,
NEARUSDT,2026-08-23 13:19:00+00:00,0.004600000000000001,0.006,TP,4.0,2.0,TREND,4.0,,
BTCUSDT,2026-08-23 13:21:00+00:00,0.0005000000000000001,0.0019,BE_STOP,4.0,1842.0,CHOP,4.0,,
SOLUSDT,2026-08-23 14:19:00+00:00,0.0005000000000000001,0.0019,BE_STOP,4.0,57.0,TREND,4.0,,
NEARUSDT,2026-08-23 14:42:00+00:00,0.009672294722254397,0.011072294722254397,TP,4.0,23.0,TREND,4.0,,
NEARUSDT,2026-08-23 17:14:00+00:00,-0.0264,-0.025,MAE_KILL,4.0,151.0,CHOP,4.0,,
XRPUSDT,2026-08-23 17:27:00+00:00,0.0005000000000000001,0.0019,BE_STOP,4.0,12.0,CHOP,4.0,,
BTCUSDT,2026-08-23 21:22:00+00:00,0.004600000000000001,0.006,TP,4.0,482.0,TREND,4.0,,
ETHUSDT,2026-08-23 21:39:00+00:00,0.0005000000000000001,0.0019,BE_STOP,4.0,495.0,CHOP,4.0,,
NEARUSDT,2026-08-23 21:48:00+00:00,0.0005000000000000001,0.0019,BE_STOP,4.0,9.0,TREND,4.0,,
ETHUSDT,2026-08-23 22:20:00+00:00,0.0005000000000000001,0.0019,BE_STOP,4.0,32.0,CHOP,4.0,,
SOLUSDT,2026-08-23 22:38:00+00:00,0.0005000000000000001,0.0019,BE_STOP,4.0,17.0,CHOP,4.0,,
BTCUSDT,2026-08-23 23:18:00+00:00,0.0005000000000000001,0.0019,BE_STOP,4.0,40.0,CHOP,4.0,,
BTCUSDT,2026-08-23 23:36:00+00:00,0.0005000000000000001,0.0019,BE_STOP,4.0,17.0,CHOP,4.0,,
BTCUSDT,2026-08-24 02:12:00+00:00,0.0005000000000000001,0.0019,BE_STOP,4.0,523.0,CHOP,4.0,,
NEARUSDT,2026-08-24 04:29:00+00:00,-0.0264,-0.025,MAE_KILL,4.0,136.0,CHOP,4.0,,
BTCUSDT,2026-08-24 04:46:00+00:00,-0.02231582411068946,-0.02091582411068946,MAX_AGE,4.0,2880.0,CHOP,4.0,,
BTCUSDT,2026-08-24 05:03:00+00:00,0.0005000000000000001,0.0019,BE_STOP,4.0,16.0,CHOP,4.0,,
SOLUSDT,2026-08-24 05:13:00+00:00,-0.008499164113458435,-0.007099164113458435,MAX_AGE,4.0,2880.0,CHOP,4.0,,
SOLUSDT,2026-08-24 05:19:00+00:00,-0.006949152687070431,-0.005549152687070432,MAX_AGE,4.0,2880.0,CHOP,4.0,,
SOLUSDT,2026-08-24 05:21:00+00:00,0.0005000000000000001,0.0019,BE_STOP,4.0,18.0,CHOP,4.0,,
BTCUSDT,2026-08-24 06:21:00+00:00,0.0005000000000000001,0.0019,BE_STOP,4.0,112.0,CHOP,4.0,,
BTCUSDT,2026-08-24 06:33:00+00:00,0.0005000000000000001,0.0019,BE_STOP,4.0,78.0,CHOP,4.0,,
BTCUSDT,2026-08-24 06:49:00+00:00,0.004600000000000001,0.006,TP,4.0,90.0,CHOP,4.0,,
XRPUSDT,2026-08-24 06:49:00+00:00,0.0005000000000000001,0.0019,BE_STOP,4.0,16.0,CHOP,4.0,,
ETHUSDT,2026-08-24 07:11:00+00:00,0.006287134220044238,0.007687134220044237,TP,4.0,110.0,CHOP,4.0,,
NEARUSDT,2026-08-24 07:12:00+00:00,0.007483056579013697,0.008883056579013697,TP,4.0,20.0,CHOP,4.0,,
NEARUSDT,2026-08-24 07:15:00+00:00,0.0005000000000000001,0.0019,BE_STOP,4.0,4.0,CHOP,4.0,,
ETHUSDT,2026-08-24 07:21:00+00:00,0.0005000000000000001,0.0019,BE_STOP,4.0,465.0,CHOP,4.0,,
BTCUSDT,2026-08-24 07:21:00+00:00,0.0005000000000000001,0.0019,BE_STOP,4.0,31.0,CHOP,4.0,,
BTCUSDT,2026-08-24 07:38:00+00:00,0.0005000000000000001,0.0019,BE_STOP,4.0,77.0,CHOP,4.0,,
SOLUSDT,2026-08-24 08:18:00+00:00,0.004941515983564875,0.006341515983564874,TP,4.0,40.0,CHOP,4.0,,
BTCUSDT,2026-08-24 08:33:00+00:00,0.0005000000000000001,0.0019,BE_STOP,4.0,15.0,CHOP,4.0,,
BTCUSDT,2026-08-24 10:39:00+00:00,0.0005000000000000001,0.0019,BE_STOP,4.0,206.0,CHOP,4.0,,
BTCUSDT,2026-08-24 10:41:00+00:00,0.0005000000000000001,0.0019,BE_STOP,4.0,206.0,CHOP,4.0,,
BTCUSDT,2026-08-24 10:41:00+00:00,0.0005000000000000001,0.0019,BE_STOP,4.0,197.0,CHOP,4.0,,
BTCUSDT,2026-08-24 10:43:00+00:00,0.0005000000000000001,0.0019,BE_STOP,4.0,202.0,CHOP,4.0,,
SOLUSDT,2026-08-24 11:02:00+00:00,0.004600000000000001,0.006,TP,4.0,22.0,CHOP,4.0,,
ETHUSDT,2026-08-24 11:07:00+00:00,0.0005000000000000001,0.0019,BE_STOP,4.0,25.0,CHOP,4.0,,
BTCUSDT,2026-08-24 11:07:00+00:00,0.0005000000000000001,0.0019,BE_STOP,4.0,23.0,CHOP,4.0,,
BTCUSDT,2026-08-24 11:10:00+00:00,0.0005000000000000001,0.0019,BE_STOP,4.0,23.0,CHOP,4.0,,
BTCUSDT,2026-08-24 11:35:00+00:00,0.004600000000000001,0.006,TP,4.0,23.0,CHOP,4.0,,
BTCUSDT,2026-08-24 11:37:00+00:00,0.004600000000000001,0.006,TP,4.0,855.0,CHOP,4.0,,
SOLUSDT,2026-08-24 11:40:00+00:00,0.004600000000000001,0.006,TP,4.0,5.0,CHOP,4.0,,
NEARUSDT,2026-08-24 11:46:00+00:00,0.0005000000000000001,0.0019,BE_STOP,4.0,5.0,CHOP,4.0,,
SOLUSDT,2026-08-24 12:17:00+00:00,0.0005000000000000001,0.0019,BE_STOP,4.0,70.0,CHOP,4.0,,
SOLUSDT,2026-08-24 12:17:00+00:00,0.0005000000000000001,0.0019,BE_STOP,4.0,68.0,CHOP,4.0,,
BTCUSDT,2026-08-24 12:42:00+00:00,0.004600000000000001,0.006,TP,4.0,64.0,CHOP,4.0,,
BTCUSDT,2026-08-24 12:42:00+00:00,0.005634068681167738,0.007034068681167738,TP,4.0,56.0,CHOP,4.0,,
BTCUSDT,2026-08-24 12:50:00+00:00,-0.0414,-0.04,MAE_KILL,4.0,1840.0,TREND,4.0,,
BTCUSDT,2026-08-24 12:51:00+00:00,-0.0414,-0.04,MAE_KILL,4.0,1892.0,TREND,4.0,,
BTCUSDT,2026-08-24 12:51:00+00:00,0.005399193943685006,0.006799193943685005,TP,4.0,8.0,TREND,4.0,,
ETHUSDT,2026-08-24 12:51:00+00:00,0.005746316513548935,0.007146316513548934,TP,4.0,6.0,CHOP,4.0,,
SOLUSDT,2026-08-24 12:53:00+00:00,0.0005000000000000001,0.0019,BE_STOP,4.0,3.0,CHOP,4.0,,
BTCUSDT,2026-08-24 13:01:00+00:00,0.0005000000000000001,0.0019,BE_STOP,4.0,9.0,TREND,4.0,,
BTCUSDT,2026-08-24 13:15:00+00:00,0.0005000000000000001,0.0019,BE_STOP,4.0,17.0,TREND,4.0,,
BTCUSDT,2026-08-24 13:16:00+00:00,0.0005000000000000001,0.0019,BE_STOP,4.0,16.0,TREND,4.0,,
BTCUSDT,2026-08-24 13:16:00+00:00,0.0005000000000000001,0.0019,BE_STOP,4.0,14.0,TREND,4.0,,
BTCUSDT,2026-08-24 13:40:00+00:00,0.005748699534308863,0.0071486995343088625,TP,4.0,21.0,TREND,4.0,,
BTCUSDT,2026-08-24 13:40:00+00:00,0.005727676291814381,0.00712767629181438,TP,4.0,19.0,TREND,4.0,,
BTCUSDT,2026-08-24 13:42:00+00:00,0.005690274202914711,0.00709027420291471,TP,4.0,25.0,TREND,4.0,,
BTCUSDT,2026-08-24 13:46:00+00:00,0.0069766963037395545,0.008376696303739554,TP,4.0,5.0,TREND,4.0,,
BTCUSDT,2026-08-24 13:48:00+00:00,0.0005000000000000001,0.0019,BE_STOP,4.0,5.0,CHOP,4.0,,
SOLUSDT,2026-08-24 13:49:00+00:00,0.0005000000000000001,0.0019,BE_STOP,4.0,90.0,CHOP,4.0,,
SOLUSDT,2026-08-24 14:43:00+00:00,0.0005000000000000001,0.0019,BE_STOP,4.0,107.0,CHOP,4.0,,
SOLUSDT,2026-08-24 15:23:00+00:00,-0.0414,-0.04,MAE_KILL,4.0,409.0,CHOP,4.0,,
SOLUSDT,2026-08-24 15:23:00+00:00,0.008615836371361407,0.010015836371361407,TP,4.0,40.0,CHOP,4.0,,
SOLUSDT,2026-08-24 22:37:00+00:00,-0.0414,-0.04,MAE_KILL,4.0,620.0,CHOP,4.0,,
SOLUSDT,2026-08-24 22:37:00+00:00,-0.0414,-0.04,MAE_KILL,4.0,524.0,CHOP,4.0,,
BTCUSDT,2026-08-25 00:44:00+00:00,0.004600000000000001,0.006,TP,4.0,126.0,CHOP,4.0,,
ETHUSDT,2026-08-25 00:45:00+00:00,0.004600000000000001,0.006,TP,4.0,125.0,CHOP,4.0,,
NEARUSDT,2026-08-25 00:47:00+00:00,0.006732865960749459,0.008132865960749459,TP,4.0,3.0,CHOP,4.0,,
ETHUSDT,2026-08-25 01:33:00+00:00,0.0005000000000000001,0.0019,BE_STOP,4.0,44.0,CHOP,4.0,,
BTCUSDT,2026-08-25 02:17:00+00:00,0.004600000000000001,0.006,TP,4.0,654.0,CHOP,4.0,,
BTCUSDT,2026-08-25 02:17:00+00:00,0.005180398454002247,0.006580398454002247,TP,4.0,652.0,CHOP,4.0,,
ETHUSDT,2026-08-25 02:17:00+00:00,0.004600000000000001,0.006,TP,4.0,44.0,TREND,4.0,,
BTCUSDT,2026-08-25 02:44:00+00:00,0.0005000000000000001,0.0019,BE_STOP,4.0,25.0,CHOP,4.0,,
BTCUSDT,2026-08-25 02:45:00+00:00,0.0005000000000000001,0.0019,BE_STOP,4.0,24.0,CHOP,4.0,,
BTCUSDT,2026-08-25 02:48:00+00:00,0.0005000000000000001,0.0019,BE_STOP,4.0,25.0,CHOP,4.0,,
BTCUSDT,2026-08-25 03:52:00+00:00,0.0005000000000000001,0.0019,BE_STOP,4.0,57.0,TREND,4.0,,
BTCUSDT,2026-08-25 04:00:00+00:00,0.0005000000000000001,0.0019,BE_STOP,4.0,68.0,TREND,4.0,,
BTCUSDT,2026-08-25 04:03:00+00:00,0.0005000000000000001,0.0019,BE_STOP,4.0,11.0,TREND,4.0,,
BTCUSDT,2026-08-25 04:09:00+00:00,0.0005000000000000001,0.0019,BE_STOP,4.0,9.0,CHOP,4.0,,
XRPUSDT,2026-08-25 04:31:00+00:00,0.009899435028248676,0.011299435028248676,TP,4.0,94.0,TREND,4.0,,
BTCUSDT,2026-08-25 04:33:00+00:00,0.0005000000000000001,0.0019,BE_STOP,4.0,24.0,CHOP,4.0,,
SOLUSDT,2026-08-25 05:00:00+00:00,0.0005000000000000001,0.0019,BE_STOP,4.0,25.0,CHOP,4.0,,
BTCUSDT,2026-08-25 05:32:00+00:00,0.004600000000000001,0.006,TP,4.0,32.0,CHOP,4.0,,
SOLUSDT,2026-08-25 05:39:00+00:00,0.0005000000000000001,0.0019,BE_STOP,4.0,292.0,TREND,4.0,,
NEARUSDT,2026-08-25 06:49:00+00:00,0.009103882969116815,0.010503882969116815,TP,4.0,166.0,CHOP,4.0,,
NEARUSDT,2026-08-25 06:49:00+00:00,0.007191823303512749,0.008591823303512748,TP,4.0,138.0,CHOP,4.0,,
BTCUSDT,2026-08-25 07:49:00+00:00,0.004600000000000001,0.006,TP,4.0,60.0,CHOP,4.0,,
BTCUSDT,2026-08-25 07:49:00+00:00,0.004600000000000001,0.006,TP,4.0,57.0,CHOP,4.0,,
BTCUSDT,2026-08-25 09:52:00+00:00,0.006107172654760823,0.007507172654760822,TP,4.0,118.0,CHOP,4.0,,
BTCUSDT,2026-08-25 09:53:00+00:00,0.005728642930367536,0.007128642930367536,TP,4.0,121.0,CHOP,4.0,,
SOLUSDT,2026-08-25 12:03:00+00:00,-0.0414,-0.04,MAE_KILL,4.0,391.0,CHOP,4.0,,
BTCUSDT,2026-08-25 12:08:00+00:00,0.0053543528572943325,0.006754352857294332,TP,4.0,132.0,CHOP,4.0,,
BTCUSDT,2026-08-25 12:12:00+00:00,0.0005000000000000001,0.0019,BE_STOP,4.0,138.0,CHOP,4.0,,
BTCUSDT,2026-08-25 12:12:00+00:00,0.0005000000000000001,0.0019,BE_STOP,4.0,9.0,CHOP,4.0,,
NEARUSDT,2026-08-25 13:22:00+00:00,-0.0264,-0.025,MAE_KILL,4.0,64.0,CHOP,4.0,,
BTCUSDT,2026-08-25 13:24:00+00:00,0.0005000000000000001,0.0019,BE_STOP,4.0,76.0,CHOP,4.0,,
ETHUSDT,2026-08-25 13:51:00+00:00,0.004600000000000001,0.006,TP,4.0,1609.0,CHOP,4.0,,
BTCUSDT,2026-08-25 13:51:00+00:00,0.004600000000000001,0.006,TP,4.0,27.0,TREND,4.0,,
XRPUSDT,2026-08-25 13:57:00+00:00,0.0005000000000000001,0.0019,BE_STOP,4.0,35.0,CHOP,4.0,,
XRPUSDT,2026-08-25 21:08:00+00:00,-0.0414,-0.04,MAE_KILL,4.0,532.0,TREND,4.0,,
SOLUSDT,2026-08-25 21:08:00+00:00,0.013081037158553832,0.014481037158553832,TP,4.0,430.0,TREND,4.0,,
BTCUSDT,2026-08-25 21:13:00+00:00,0.0005000000000000001,0.0019,BE_STOP,4.0,1885.0,CHOP,4.0,,
BTCUSDT,2026-08-25 21:13:00+00:00,0.0005000000000000001,0.0019,BE_STOP,4.0,440.0,CHOP,4.0,,
BTCUSDT,2026-08-25 21:14:00+00:00,0.0005000000000000001,0.0019,BE_STOP,4.0,1884.0,CHOP,4.0,,
BTCUSDT,2026-08-25 21:14:00+00:00,0.0005000000000000001,0.0019,BE_STOP,4.0,439.0,CHOP,4.0,,
BTCUSDT,2026-08-25 22:08:00+00:00,0.005729370722532752,0.007129370722532751,TP,4.0,48.0,TREND,4.0,,
ETHUSDT,2026-08-25 23:10:00+00:00,0.0005000000000000001,0.0019,BE_STOP,4.0,62.0,CHOP,4.0,,
BTCUSDT,2026-08-26 00:09:00+00:00,0.004600000000000001,0.006,TP,4.0,58.0,CHOP,4.0,,
XRPUSDT,2026-08-26 10:08:00+00:00,0.019317226802787617,0.020717226802787616,TP,4.0,770.0,CHOP,4.0,,
BTCUSDT,2026-08-26 12:31:00+00:00,0.0005000000000000001,0.0019,BE_STOP,4.0,142.0,CHOP,4.0,,
BTCUSDT,2026-08-26 12:51:00+00:00,0.0005000000000000001,0.0019,BE_STOP,4.0,16.0,CHOP,4.0,,
BTCUSDT,2026-08-26 13:46:00+00:00,-0.004262671126820004,-0.002862671126820005,MAX_AGE,4.0,2880.0,CHOP,4.0,,
BTCUSDT,2026-08-26 15:10:00+00:00,0.0005000000000000001,0.0019,BE_STOP,4.0,1082.0,TREND,4.0,,
BTCUSDT,2026-08-26 15:26:00+00:00,0.0005000000000000001,0.0019,BE_STOP,4.0,1096.0,TREND,4.0,,
XRPUSDT,2026-08-26 17:30:00+00:00,0.010468451084137343,0.011868451084137343,TP,4.0,123.0,CHOP,4.0,,
BTCUSDT,2026-08-26 18:20:00+00:00,0.0005000000000000001,0.0019,BE_STOP,4.0,274.0,CHOP,4.0,,
SOLUSDT,2026-08-26 21:17:00+00:00,0.005310886140004813,0.0067108861400048125,TP,4.0,506.0,CHOP,4.0,,
BTCUSDT,2026-08-26 21:31:00+00:00,0.0005000000000000001,0.0019,BE_STOP,4.0,191.0,CHOP,4.0,,
ETHUSDT,2026-08-26 22:16:00+00:00,0.0052670216609496745,0.006667021660949674,TP,4.0,45.0,TREND,4.0,,
BTCUSDT,2026-08-26 22:39:00+00:00,0.0005000000000000001,0.0019,BE_STOP,4.0,308.0,CHOP,4.0,,
BTCUSDT,2026-08-27 00:04:00+00:00,0.0005000000000000001,0.0019,BE_STOP,4.0,166.0,CHOP,4.0,,
BTCUSDT,2026-08-27 00:04:00+00:00,0.0005000000000000001,0.0019,BE_STOP,4.0,107.0,CHOP,4.0,,
BTCUSDT,2026-08-27 01:25:00+00:00,0.0005000000000000001,0.0019,BE_STOP,4.0,80.0,CHOP,4.0,,
BTCUSDT,2026-08-27 01:26:00+00:00,0.0005000000000000001,0.0019,BE_STOP,4.0,79.0,CHOP,4.0,,
SOLUSDT,2026-08-27 01:29:00+00:00,0.004600000000000001,0.006,TP,4.0,4.0,TREND,4.0,,
ETHUSDT,2026-08-27 05:39:00+00:00,-0.010475111794855437,-0.009075111794855437,MAX_AGE,4.0,2880.0,CHOP,4.0,,
ETHUSDT,2026-08-27 06:09:00+00:00,0.0005000000000000001,0.0019,BE_STOP,4.0,30.0,CHOP,4.0,,
NEARUSDT,2026-08-27 06:18:00+00:00,0.0005000000000000001,0.0019,BE_STOP,4.0,9.0,CHOP,4.0,,
BTCUSDT,2026-08-27 08:03:00+00:00,0.004600000000000001,0.006,TP,4.0,392.0,CHOP,4.0,,
ETHUSDT,2026-08-27 08:04:00+00:00,0.004600000000000001,0.006,TP,4.0,395.0,CHOP,4.0,,
ETHUSDT,2026-08-27 08:09:00+00:00,-0.0414,-0.04,MAE_KILL,4.0,2096.0,TREND,4.0,,
SOLUSDT,2026-08-27 08:09:00+00:00,0.010375932261304071,0.011775932261304072,TP,4.0,1.0,CHOP,4.0,,
ETHUSDT,2026-08-27 08:10:00+00:00,-0.0414,-0.04,MAE_KILL,4.0,2094.0,TREND,4.0,,
BTCUSDT,2026-08-27 08:10:00+00:00,0.004600000000000001,0.006,TP,4.0,5.0,CHOP,4.0,,
ETHUSDT,2026-08-27 08:29:00+00:00,-0.0414,-0.04,MAE_KILL,4.0,1940.0,CHOP,4.0,,
SOLUSDT,2026-08-27 08:48:00+00:00,-0.0414,-0.04,MAE_KILL,4.0,150.0,CHOP,4.0,,
SOLUSDT,2026-08-27 08:48:00+00:00,0.01720573514988498,0.018605735149884978,TP,4.0,34.0,CHOP,4.0,,
SOLUSDT,2026-08-27 08:51:00+00:00,0.0005000000000000001,0.0019,BE_STOP,4.0,20.0,CHOP,4.0,,
BTCUSDT,2026-08-27 08:55:00+00:00,0.0005000000000000001,0.0019,BE_STOP,4.0,43.0,TREND,4.0,,
ETHUSDT,2026-08-27 09:03:00+00:00,0.0005000000000000001,0.0019,BE_STOP,4.0,53.0,CHOP,4.0,,
BTCUSDT,2026-08-27 09:20:00+00:00,0.005272550369468944,0.0066725503694689435,TP,4.0,63.0,TREND,4.0,,
ETHUSDT,2026-08-27 09:25:00+00:00,0.004650903152278169,0.006050903152278168,TP,4.0,35.0,TREND,4.0,,
BTCUSDT,2026-08-27 09:26:00+00:00,0.004600000000000001,0.006,TP,4.0,38.0,TREND,4.0,,
SOLUSDT,2026-08-27 09:26:00+00:00,0.011202908468776692,0.012602908468776692,TP,4.0,34.0,TREND,4.0,,
BTCUSDT,2026-08-27 09:35:00+00:00,0.0005000000000000001,0.0019,BE_STOP,4.0,14.0,TREND,4.0,,
BTCUSDT,2026-08-27 10:29:00+00:00,0.0005000000000000001,0.0019,BE_STOP,4.0,93.0,TREND,4.0,,
BTCUSDT,2026-08-27 10:29:00+00:00,0.0005000000000000001,0.0019,BE_STOP,4.0,86.0,TREND,4.0,,
BTCUSDT,2026-08-27 10:41:00+00:00,0.0005000000000000001,0.0019,BE_STOP,4.0,12.0,CHOP,4.0,,
BTCUSDT,2026-08-27 10:41:00+00:00,0.0005000000000000001,0.0019,BE_STOP,4.0,10.0,CHOP,4.0,,
ETHUSDT,2026-08-27 11:34:00+00:00,0.0005000000000000001,0.0019,BE_STOP,4.0,51.0,CHOP,4.0,,
BTCUSDT,2026-08-27 11:54:00+00:00,0.0005000000000000001,0.0019,BE_STOP,4.0,73.0,CHOP,4.0,,
XRPUSDT,2026-08-27 12:31:00+00:00,0.004600000000000001,0.006,TP,4.0,36.0,CHOP,4.0,,
SOLUSDT,2026-08-27 12:52:00+00:00,0.0005000000000000001,0.0019,BE_STOP,4.0,20.0,TREND,4.0,,
SOLUSDT,2026-08-27 13:10:00+00:00,0.0005000000000000001,0.0019,BE_STOP,4.0,18.0,TREND,4.0,,
BTCUSDT,2026-08-27 13:52:00+00:00,0.0005000000000000001,0.0019,BE_STOP,4.0,42.0,CHOP,4.0,,
SOLUSDT,2026-08-27 13:59:00+00:00,0.009684423868368658,0.011084423868368658,TP,4.0,6.0,CHOP,4.0,,
SOLUSDT,2026-08-27 14:04:00+00:00,0.009108227424386595,0.010508227424386596,TP,4.0,278.0,TREND,4.0,,
ETHUSDT,2026-08-27 14:07:00+00:00,0.0005000000000000001,0.0019,BE_STOP,4.0,8.0,CHOP,4.0,,
BTCUSDT,2026-08-27 14:35:00+00:00,0.004600000000000001,0.006,TP,4.0,27.0,CHOP,4.0,,
SOLUSDT,2026-08-27 14:41:00+00:00,0.011993782034897002,0.013393782034897002,TP,4.0,36.0,CHOP,4.0,,
SOLUSDT,2026-08-27 14:42:00+00:00,-0.0414,-0.04,MAE_KILL,4.0,184.0,TREND,4.0,,
XRPUSDT,2026-08-27 14:48:00+00:00,0.0005000000000000001,0.0019,BE_STOP,4.0,12.0,CHOP,4.0,,
BTCUSDT,2026-08-27 15:13:00+00:00,0.004600000000000001,0.006,TP,4.0,28.0,CHOP,4.0,,
BTCUSDT,2026-08-27 15:22:00+00:00,0.0005000000000000001,0.0019,BE_STOP,4.0,352.0,TREND,4.0,,
BTCUSDT,2026-08-27 15:22:00+00:00,0.0005000000000000001,0.0019,BE_STOP,4.0,39.0,CHOP,4.0,,
NEARUSDT,2026-08-27 16:04:00+00:00,0.0005000000000000001,0.0019,BE_STOP,4.0,76.0,CHOP,4.0,,
SOLUSDT,2026-08-27 16:24:00+00:00,0.007552425280095786,0.008952425280095785,TP,4.0,56.0,TREND,4.0,,
SOLUSDT,2026-08-27 16:41:00+00:00,0.011377020512649988,0.012777020512649988,TP,4.0,88.0,CHOP,4.0,,
ETHUSDT,2026-08-27 16:46:00+00:00,0.0005000000000000001,0.0019,BE_STOP,4.0,42.0,CHOP,4.0,,
BTCUSDT,2026-08-27 17:42:00+00:00,0.0005000000000000001,0.0019,BE_STOP,4.0,77.0,CHOP,4.0,,
BTCUSDT,2026-08-27 17:42:00+00:00,0.0005000000000000001,0.0019,BE_STOP,4.0,56.0,CHOP,4.0,,
XRPUSDT,2026-08-27 18:13:00+00:00,0.010509658968482535,0.011909658968482536,TP,4.0,169.0,CHOP,4.0,,
BTCUSDT,2026-08-27 18:13:00+00:00,0.004600000000000001,0.006,TP,4.0,30.0,CHOP,4.0,,
BTCUSDT,2026-08-27 18:13:00+00:00,0.004600000000000001,0.006,TP,4.0,27.0,CHOP,4.0,,
BTCUSDT,2026-08-27 18:27:00+00:00,0.0005000000000000001,0.0019,BE_STOP,4.0,13.0,CHOP,4.0,,
BTCUSDT,2026-08-28 01:18:00+00:00,-0.0414,-0.04,MAE_KILL,4.0,2045.0,CHOP,4.0,,
ETHUSDT,2026-08-28 01:34:00+00:00,0.0005000000000000001,0.0019,BE_STOP,4.0,15.0,TREND,4.0,,
BTCUSDT,2026-08-28 02:53:00+00:00,0.0005000000000000001,0.0019,BE_STOP,4.0,506.0,CHOP,4.0,,
ETHUSDT,2026-08-28 04:12:00+00:00,0.0005000000000000001,0.0019,BE_STOP,4.0,594.0,CHOP,4.0,,
ETHUSDT,2026-08-28 04:12:00+00:00,0.0005000000000000001,0.0019,BE_STOP,4.0,592.0,CHOP,4.0,,
BTCUSDT,2026-08-28 04:13:00+00:00,0.0005000000000000001,0.0019,BE_STOP,4.0,80.0,CHOP,4.0,,
XRPUSDT,2026-08-28 05:08:00+00:00,0.004600000000000001,0.006,TP,4.0,44.0,CHOP,4.0,,
XRPUSDT,2026-08-28 09:07:00+00:00,0.0005000000000000001,0.0019,BE_STOP,4.0,238.0,CHOP,4.0,,
XRPUSDT,2026-08-28 09:32:00+00:00,-0.0414,-0.04,MAE_KILL,4.0,1011.0,TREND,4.0,,
BTCUSDT,2026-08-28 10:29:00+00:00,0.0005000000000000001,0.0019,BE_STOP,4.0,56.0,CHOP,4.0,,
BTCUSDT,2026-08-28 10:30:00+00:00,0.0005000000000000001,0.0019,BE_STOP,4.0,83.0,CHOP,4.0,,
NEARUSDT,2026-08-28 10:55:00+00:00,0.004600000000000001,0.006,TP,4.0,25.0,CHOP,4.0,,
NEARUSDT,2026-08-28 11:22:00+00:00,0.0005000000000000001,0.0019,BE_STOP,4.0,26.0,CHOP,4.0,,
BTCUSDT,2026-08-28 12:33:00+00:00,0.0005000000000000001,0.0019,BE_STOP,4.0,120.0,CHOP,4.0,,
SOLUSDT,2026-08-28 12:44:00+00:00,0.0005000000000000001,0.0019,BE_STOP,4.0,11.0,CHOP,4.0,,
BTCUSDT,2026-08-28 13:34:00+00:00,0.0005000000000000001,0.0019,BE_STOP,4.0,50.0,CHOP,4.0,,
ETHUSDT,2026-08-28 13:58:00+00:00,0.004600000000000001,0.006,TP,4.0,24.0,CHOP,4.0,,
BTCUSDT,2026-08-28 14:01:00+00:00,0.0005000000000000001,0.0019,BE_STOP,4.0,2.0,CHOP,4.0,,
BTCUSDT,2026-08-28 16:01:00+00:00,0.004600000000000001,0.006,TP,4.0,2481.0,CHOP,4.0,,
ETHUSDT,2026-08-28 16:03:00+00:00,-0.0414,-0.04,MAE_KILL,4.0,1835.0,TREND,4.0,,
NEARUSDT,2026-08-28 16:03:00+00:00,0.015856764201525448,0.017256764201525446,TP,4.0,119.0,CHOP,4.0,,
BTCUSDT,2026-08-28 16:12:00+00:00,-0.0414,-0.04,MAE_KILL,4.0,878.0,TREND,4.0,,
ETHUSDT,2026-08-28 16:15:00+00:00,-0.0414,-0.04,MAE_KILL,4.0,1840.0,TREND,4.0,,
BTCUSDT,2026-08-28 16:17:00+00:00,0.004600000000000001,0.006,TP,4.0,14.0,CHOP,4.0,,
BTCUSDT,2026-08-28 16:17:00+00:00,0.004648144458982905,0.006048144458982905,TP,4.0,12.0,CHOP,4.0,,
BTCUSDT,2026-08-28 16:17:00+00:00,0.0050491950018098555,0.006449195001809855,TP,4.0,10.0,CHOP,4.0,,
ETHUSDT,2026-08-28 16:24:00+00:00,0.009724391935603247,0.011124391935603247,TP,4.0,12.0,CHOP,4.0,,
ETHUSDT,2026-08-28 16:24:00+00:00,0.006840441596850335,0.008240441596850334,TP,4.0,6.0,CHOP,4.0,,
BTCUSDT,2026-08-28 16:24:00+00:00,0.004707880129265425,0.006107880129265424,TP,4.0,4.0,TREND,4.0,,
SOLUSDT,2026-08-28 16:28:00+00:00,0.0005000000000000001,0.0019,BE_STOP,4.0,13.0,CHOP,4.0,,
ETHUSDT,2026-08-28 19:08:00+00:00,0.0005000000000000001,0.0019,BE_STOP,4.0,157.0,TREND,4.0,,
SOLUSDT,2026-08-28 19:10:00+00:00,0.0005000000000000001,0.0019,BE_STOP,4.0,165.0,CHOP,4.0,,
BTCUSDT,2026-08-29 00:32:00+00:00,0.0005000000000000001,0.0019,BE_STOP,4.0,321.0,TREND,4.0,,
NEARUSDT,2026-08-29 00:33:00+00:00,0.0005000000000000001,0.0019,BE_STOP,4.0,324.0,CHOP,4.0,,
ETHUSDT,2026-08-29 02:38:00+00:00,0.0005000000000000001,0.0019,BE_STOP,4.0,124.0,CHOP,4.0,,
ETHUSDT,2026-08-29 02:39:00+00:00,0.0005000000000000001,0.0019,BE_STOP,4.0,123.0,CHOP,4.0,,
XRPUSDT,2026-08-29 05:38:00+00:00,0.004600000000000001,0.006,TP,4.0,178.0,CHOP,4.0,,
XRPUSDT,2026-08-29 05:38:00+00:00,0.004600000000000001,0.006,TP,4.0,176.0,CHOP,4.0,,
XRPUSDT,2026-08-29 14:47:00+00:00,0.004600000000000001,0.006,TP,4.0,546.0,CHOP,4.0,,
XRPUSDT,2026-08-29 14:57:00+00:00,0.004600000000000001,0.006,TP,4.0,558.0,CHOP,4.0,,
BTCUSDT,2026-08-29 19:00:00+00:00,0.0005000000000000001,0.0019,BE_STOP,4.0,242.0,CHOP,4.0,,
SOLUSDT,2026-08-29 19:56:00+00:00,0.0005000000000000001,0.0019,BE_STOP,4.0,309.0,TREND,4.0,,
NEARUSDT,2026-08-30 01:33:00+00:00,0.0005000000000000001,0.0019,BE_STOP,4.0,393.0,TREND,4.0,,
BTCUSDT,2026-08-30 04:19:00+00:00,-0.02347674655309041,-0.02207674655309041,MAX_AGE,4.0,2880.0,CHOP,4.0,,
BTCUSDT,2026-08-30 04:22:00+00:00,-0.02364170319348779,-0.02224170319348779,MAX_AGE,4.0,2880.0,CHOP,4.0,,
SOLUSDT,2026-08-30 04:58:00+00:00,0.0005000000000000001,0.0019,BE_STOP,4.0,204.0,CHOP,4.0,,
BTCUSDT,2026-08-30 11:25:00+00:00,-0.020857869722109155,-0.019457869722109156,MAX_AGE,4.0,2880.0,CHOP,4.0,,
BTCUSDT,2026-08-30 12:09:00+00:00,0.004600000000000001,0.006,TP,4.0,431.0,CHOP,4.0,,
BTCUSDT,2026-08-30 12:10:00+00:00,0.004600000000000001,0.006,TP,4.0,45.0,CHOP,4.0,,
SOLUSDT,2026-08-30 13:38:00+00:00,0.018156453534361953,0.019556453534361952,TP,4.0,2705.0,CHOP,4.0,,
ETHUSDT,2026-08-30 14:06:00+00:00,0.0005000000000000001,0.0019,BE_STOP,4.0,116.0,CHOP,4.0,,
ETHUSDT,2026-08-30 14:06:00+00:00,0.0005000000000000001,0.0019,BE_STOP,4.0,28.0,CHOP,4.0,,
SOLUSDT,2026-08-30 14:24:00+00:00,0.0005000000000000001,0.0019,BE_STOP,4.0,17.0,TREND,4.0,,
BTCUSDT,2026-08-30 14:38:00+00:00,0.0005000000000000001,0.0019,BE_STOP,4.0,146.0,CHOP,4.0,,
SOLUSDT,2026-08-30 14:42:00+00:00,0.0005000000000000001,0.0019,BE_STOP,4.0,33.0,TREND,4.0,,
XRPUSDT,2026-08-30 15:16:00+00:00,0.004600000000000001,0.006,TP,4.0,34.0,TREND,4.0,,
ETHUSDT,2026-08-30 16:27:00+00:00,-0.03553279578739501,-0.03413279578739501,MAX_AGE,4.0,2880.0,TREND,4.0,,
BTCUSDT,2026-08-30 16:29:00+00:00,-0.02033920340296875,-0.01893920340296875,MAX_AGE,4.0,2880.0,TREND,4.0,,
ETHUSDT,2026-08-30 16:40:00+00:00,0.004600000000000001,0.006,TP,4.0,10.0,TREND,4.0,,
BTCUSDT,2026-08-30 17:07:00+00:00,0.0005000000000000001,0.0019,BE_STOP,4.0,39.0,TREND,4.0,,
ETHUSDT,2026-08-30 17:19:00+00:00,0.004600000000000001,0.006,TP,4.0,12.0,TREND,4.0,,
ETHUSDT,2026-08-30 17:25:00+00:00,0.004600000000000001,0.006,TP,4.0,6.0,TREND,4.0,,
BTCUSDT,2026-08-30 20:47:00+00:00,0.0005000000000000001,0.0019,BE_STOP,4.0,331.0,TREND,4.0,,
BTCUSDT,2026-08-30 20:48:00+00:00,0.0005000000000000001,0.0019,BE_STOP,4.0,369.0,TREND,4.0,,
BTCUSDT,2026-08-30 20:51:00+00:00,0.0005000000000000001,0.0019,BE_STOP,4.0,387.0,TREND,4.0,,
BTCUSDT,2026-08-30 21:01:00+00:00,0.004600000000000001,0.006,TP,4.0,215.0,CHOP,4.0,,
NEARUSDT,2026-08-30 21:01:00+00:00,0.009818192320554472,0.011218192320554472,TP,4.0,7.0,CHOP,4.0,,
BTCUSDT,2026-08-30 21:15:00+00:00,0.0005000000000000001,0.0019,BE_STOP,4.0,28.0,CHOP,4.0,,
BTCUSDT,2026-08-30 21:16:00+00:00,0.0005000000000000001,0.0019,BE_STOP,4.0,27.0,CHOP,4.0,,
SOLUSDT,2026-08-30 21:20:00+00:00,0.0005000000000000001,0.0019,BE_STOP,4.0,3.0,TREND,4.0,,
ETHUSDT,2026-08-30 22:19:00+00:00,0.0005000000000000001,0.0019,BE_STOP,4.0,64.0,CHOP,4.0,,
SOLUSDT,2026-08-30 22:22:00+00:00,0.004600000000000001,0.006,TP,4.0,62.0,TREND,4.0,,
BTCUSDT,2026-08-30 22:32:00+00:00,0.0005000000000000001,0.0019,BE_STOP,4.0,13.0,CHOP,4.0,,
ETHUSDT,2026-08-30 22:38:00+00:00,0.0005000000000000001,0.0019,BE_STOP,4.0,15.0,CHOP,4.0,,
XRPUSDT,2026-08-30 22:53:00+00:00,0.0005000000000000001,0.0019,BE_STOP,4.0,15.0,CHOP,4.0,,
BTCUSDT,2026-08-30 23:19:00+00:00,0.0005000000000000001,0.0019,BE_STOP,4.0,47.0,CHOP,4.0,,
BTCUSDT,2026-08-30 23:20:00+00:00,0.0005000000000000001,0.0019,BE_STOP,4.0,136.0,CHOP,4.0,,
BTCUSDT,2026-08-30 23:20:00+00:00,0.0005000000000000001,0.0019,BE_STOP,4.0,27.0,CHOP,4.0,,
ETHUSDT,2026-08-30 23:23:00+00:00,0.004600000000000001,0.006,TP,4.0,1141.0,CHOP,4.0,,
ETHUSDT,2026-08-30 23:23:00+00:00,0.006642713895038419,0.008042713895038418,TP,4.0,141.0,CHOP,4.0,,
ETHUSDT,2026-08-30 23:23:00+00:00,0.004600000000000001,0.006,TP,4.0,4.0,CHOP,4.0,,
BTCUSDT,2026-08-30 23:26:00+00:00,0.0005000000000000001,0.0019,BE_STOP,4.0,1649.0,CHOP,4.0,,
BTCUSDT,2026-08-30 23:26:00+00:00,0.0005000000000000001,0.0019,BE_STOP,4.0,1147.0,CHOP,4.0,,
NEARUSDT,2026-08-30 23:29:00+00:00,0.01119683916950727,0.01259683916950727,TP,4.0,5.0,CHOP,4.0,,
BTCUSDT,2026-08-30 23:30:00+00:00,0.004600000000000001,0.006,TP,4.0,4.0,CHOP,4.0,,
BTCUSDT,2026-08-30 23:46:00+00:00,0.006769655596406948,0.008169655596406948,TP,4.0,16.0,TREND,4.0,,
BTCUSDT,2026-08-30 23:47:00+00:00,0.0067433784381464275,0.008143378438146427,TP,4.0,14.0,TREND,4.0,,
BTCUSDT,2026-08-30 23:47:00+00:00,0.007805639819734097,0.009205639819734096,TP,4.0,11.0,TREND,4.0,,
BTCUSDT,2026-08-30 23:50:00+00:00,0.0005000000000000001,0.0019,BE_STOP,4.0,7.0,TREND,4.0,,
ETHUSDT,2026-08-30 23:52:00+00:00,0.0005000000000000001,0.0019,BE_STOP,4.0,12.0,TREND,4.0,,
BTCUSDT,2026-08-31 00:35:00+00:00,0.004633779591205342,0.006033779591205341,TP,4.0,35.0,TREND,4.0,,
ETHUSDT,2026-08-31 00:36:00+00:00,0.007349408084807724,0.008749408084807724,TP,4.0,34.0,TREND,4.0,,
NEARUSDT,2026-08-31 00:38:00+00:00,-0.0264,-0.025,MAE_KILL,4.0,44.0,TREND,4.0,,
SOLUSDT,2026-08-31 01:03:00+00:00,0.0005000000000000001,0.0019,BE_STOP,4.0,65.0,TREND,4.0,,
BTCUSDT,2026-08-31 01:04:00+00:00,0.0005000000000000001,0.0019,BE_STOP,4.0,59.0,TREND,4.0,,
ETHUSDT,2026-08-31 02:06:00+00:00,0.0005000000000000001,0.0019,BE_STOP,4.0,61.0,TREND,4.0,,
SOLUSDT,2026-08-31 02:35:00+00:00,0.0005000000000000001,0.0019,BE_STOP,4.0,28.0,TREND,4.0,,
NEARUSDT,2026-08-31 02:51:00+00:00,-0.0264,-0.025,MAE_KILL,4.0,108.0,CHOP,4.0,,
ETHUSDT,2026-08-31 03:09:00+00:00,0.0005000000000000001,0.0019,BE_STOP,4.0,33.0,CHOP,4.0,,
NEARUSDT,2026-08-31 03:37:00+00:00,0.0005000000000000001,0.0019,BE_STOP,4.0,28.0,CHOP,4.0,,
BTCUSDT,2026-08-31 05:39:00+00:00,0.0005000000000000001,0.0019,BE_STOP,4.0,121.0,CHOP,4.0,,
BTCUSDT,2026-08-31 07:31:00+00:00,0.0005000000000000001,0.0019,BE_STOP,4.0,414.0,CHOP,4.0,,
BTCUSDT,2026-08-31 07:31:00+00:00,0.0005000000000000001,0.0019,BE_STOP,4.0,409.0,CHOP,4.0,,
BTCUSDT,2026-08-31 08:03:00+00:00,0.0005000000000000001,0.0019,BE_STOP,4.0,444.0,CHOP,4.0,,
XRPUSDT,2026-08-31 08:03:00+00:00,0.0005000000000000001,0.0019,BE_STOP,4.0,31.0,CHOP,4.0,,
BTCUSDT,2026-08-31 08:06:00+00:00,0.0005000000000000001,0.0019,BE_STOP,4.0,143.0,CHOP,4.0,,
ETHUSDT,2026-08-31 08:09:00+00:00,0.0005000000000000001,0.0019,BE_STOP,4.0,35.0,CHOP,4.0,,
SOLUSDT,2026-08-31 08:09:00+00:00,0.0005000000000000001,0.0019,BE_STOP,4.0,6.0,TREND,4.0,,
BTCUSDT,2026-08-31 08:44:00+00:00,0.0005000000000000001,0.0019,BE_STOP,4.0,32.0,TREND,4.0,,
ETHUSDT,2026-08-31 08:44:00+00:00,0.0005000000000000001,0.0019,BE_STOP,4.0,30.0,TREND,4.0,,
BTCUSDT,2026-08-31 09:08:00+00:00,0.004600000000000001,0.006,TP,4.0,22.0,CHOP,4.0,,
BTCUSDT,2026-08-31 09:09:00+00:00,0.004600000000000001,0.006,TP,4.0,25.0,CHOP,4.0,,
BTCUSDT,2026-08-31 13:00:00+00:00,0.0005000000000000001,0.0019,BE_STOP,4.0,293.0,TREND,4.0,,
SOLUSDT,2026-08-31 13:38:00+00:00,0.0005000000000000001,0.0019,BE_STOP,4.0,329.0,TREND,4.0,,
ETHUSDT,2026-08-31 14:04:00+00:00,0.0005000000000000001,0.0019,BE_STOP,4.0,26.0,CHOP,4.0,,
ETHUSDT,2026-08-31 14:41:00+00:00,0.004600000000000001,0.006,TP,4.0,99.0,CHOP,4.0,,
SOLUSDT,2026-08-31 14:41:00+00:00,0.004600000000000001,0.006,TP,4.0,37.0,CHOP,4.0,,
BTCUSDT,2026-08-31 15:53:00+00:00,0.0005000000000000001,0.0019,BE_STOP,4.0,68.0,CHOP,4.0,,
SOLUSDT,2026-08-31 16:42:00+00:00,0.0005000000000000001,0.0019,BE_STOP,4.0,48.0,CHOP,4.0,,
XRPUSDT,2026-08-31 16:49:00+00:00,0.0005000000000000001,0.0019,BE_STOP,4.0,7.0,CHOP,4.0,,
BTCUSDT,2026-08-31 16:57:00+00:00,0.0005000000000000001,0.0019,BE_STOP,4.0,466.0,TREND,4.0,,
BTCUSDT,2026-08-31 17:46:00+00:00,0.0005000000000000001,0.0019,BE_STOP,4.0,517.0,TREND,4.0,,
BTCUSDT,2026-08-31 18:01:00+00:00,0.0005000000000000001,0.0019,BE_STOP,4.0,72.0,CHOP,4.0,,
BTCUSDT,2026-08-31 18:01:00+00:00,0.0005000000000000001,0.0019,BE_STOP,4.0,64.0,CHOP,4.0,,
SOLUSDT,2026-08-31 18:24:00+00:00,0.0005000000000000001,0.0019,BE_STOP,4.0,23.0,CHOP,4.0,,
BTCUSDT,2026-08-31 18:53:00+00:00,0.0005000000000000001,0.0019,BE_STOP,4.0,66.0,CHOP,4.0,,
NEARUSDT,2026-08-31 19:49:00+00:00,0.0005000000000000001,0.0019,BE_STOP,4.0,56.0,CHOP,4.0,,
NEARUSDT,2026-08-31 20:33:00+00:00,0.0005000000000000001,0.0019,BE_STOP,4.0,129.0,CHOP,4.0,,
ETHUSDT,2026-08-31 20:34:00+00:00,0.0005000000000000001,0.0019,BE_STOP,4.0,351.0,CHOP,4.0,,
SOLUSDT,2026-08-31 21:30:00+00:00,0.0005000000000000001,0.0019,BE_STOP,4.0,101.0,CHOP,4.0,,
NEARUSDT,2026-08-31 22:57:00+00:00,-0.0264,-0.025,MAE_KILL,4.0,294.0,CHOP,4.0,,
BTCUSDT,2026-09-01 00:09:00+00:00,0.0005000000000000001,0.0019,BE_STOP,4.0,215.0,CHOP,4.0,,
BTCUSDT,2026-09-01 00:09:00+00:00,0.0005000000000000001,0.0019,BE_STOP,4.0,211.0,CHOP,4.0,,
NEARUSDT,2026-09-01 00:16:00+00:00,0.007522550189344755,0.008922550189344755,TP,4.0,6.0,CHOP,4.0,,
NEARUSDT,2026-09-01 01:03:00+00:00,0.0005000000000000001,0.0019,BE_STOP,4.0,47.0,TREND,4.0,,
BTCUSDT,2026-09-01 01:35:00+00:00,0.0005000000000000001,0.0019,BE_STOP,4.0,158.0,CHOP,4.0,,
SOLUSDT,2026-09-01 01:35:00+00:00,0.0005000000000000001,0.0019,BE_STOP,4.0,32.0,CHOP,4.0,,
SOLUSDT,2026-09-01 01:46:00+00:00,0.0005000000000000001,0.0019,BE_STOP,4.0,9.0,CHOP,4.0,,
ETHUSDT,2026-09-01 02:27:00+00:00,0.0005000000000000001,0.0019,BE_STOP,4.0,52.0,CHOP,4.0,,
SOLUSDT,2026-09-01 03:34:00+00:00,0.004600000000000001,0.006,TP,4.0,108.0,CHOP,4.0,,
BTCUSDT,2026-09-01 05:55:00+00:00,0.004600000000000001,0.006,TP,4.0,343.0,CHOP,4.0,,
BTCUSDT,2026-09-01 06:02:00+00:00,0.0005000000000000001,0.0019,BE_STOP,4.0,511.0,CHOP,4.0,,
BTCUSDT,2026-09-01 06:19:00+00:00,0.0005000000000000001,0.0019,BE_STOP,4.0,162.0,CHOP,4.0,,
NEARUSDT,2026-09-01 08:06:00+00:00,-0.0264,-0.025,MAE_KILL,4.0,131.0,CHOP,4.0,,
BTCUSDT,2026-09-01 08:06:00+00:00,0.004600000000000001,0.006,TP,4.0,107.0,CHOP,4.0,,
BTCUSDT,2026-09-01 08:26:00+00:00,0.004600000000000001,0.006,TP,4.0,19.0,CHOP,4.0,,
NEARUSDT,2026-09-01 08:33:00+00:00,0.0005000000000000001,0.0019,BE_STOP,4.0,24.0,CHOP,4.0,,
BTCUSDT,2026-09-01 10:31:00+00:00,0.0005000000000000001,0.0019,BE_STOP,4.0,482.0,CHOP,4.0,,
NEARUSDT,2026-09-01 10:44:00+00:00,0.0005000000000000001,0.0019,BE_STOP,4.0,12.0,TREND,4.0,,
BTCUSDT,2026-09-01 12:42:00+00:00,0.0005000000000000001,0.0019,BE_STOP,4.0,255.0,CHOP,4.0,,
ETHUSDT,2026-09-01 13:06:00+00:00,0.004600000000000001,0.006,TP,4.0,24.0,CHOP,4.0,,
BTCUSDT,2026-09-01 13:11:00+00:00,0.0005000000000000001,0.0019,BE_STOP,4.0,278.0,CHOP,4.0,,
BTCUSDT,2026-09-01 13:43:00+00:00,0.0005000000000000001,0.0019,BE_STOP,4.0,36.0,CHOP,4.0,,
BTCUSDT,2026-09-01 13:44:00+00:00,0.0005000000000000001,0.0019,BE_STOP,4.0,33.0,CHOP,4.0,,
BTCUSDT,2026-09-01 13:58:00+00:00,0.0005000000000000001,0.0019,BE_STOP,4.0,12.0,CHOP,4.0,,
XRPUSDT,2026-09-01 14:07:00+00:00,0.006676212736208346,0.008076212736208345,TP,4.0,23.0,CHOP,4.0,,
XRPUSDT,2026-09-01 14:19:00+00:00,0.0005000000000000001,0.0019,BE_STOP,4.0,19.0,CHOP,4.0,,
NEARUSDT,2026-09-01 14:25:00+00:00,0.008811648058303886,0.010211648058303886,TP,4.0,6.0,TREND,4.0,,
NEARUSDT,2026-09-01 16:17:00+00:00,-0.0264,-0.025,MAE_KILL,4.0,112.0,TREND,4.0,,
BTCUSDT,2026-09-01 16:40:00+00:00,0.0005000000000000001,0.0019,BE_STOP,4.0,21.0,CHOP,4.0,,
BTCUSDT,2026-09-01 16:42:00+00:00,-0.022370652459613012,-0.020970652459613014,MAX_AGE,4.0,2880.0,TREND,4.0,,
SOLUSDT,2026-09-01 16:46:00+00:00,0.0005000000000000001,0.0019,BE_STOP,4.0,5.0,CHOP,4.0,,
NEARUSDT,2026-09-01 17:42:00+00:00,0.0005000000000000001,0.0019,BE_STOP,4.0,55.0,CHOP,4.0,,
BTCUSDT,2026-09-01 18:27:00+00:00,0.004600000000000001,0.006,TP,4.0,102.0,CHOP,4.0,,
BTCUSDT,2026-09-01 18:28:00+00:00,0.006576767613577973,0.007976767613577972,TP,4.0,2558.0,TREND,4.0,,
ETHUSDT,2026-09-01 18:37:00+00:00,0.004600000000000001,0.006,TP,4.0,8.0,CHOP,4.0,,
ETHUSDT,2026-09-01 18:39:00+00:00,0.004600000000000001,0.006,TP,4.0,2387.0,TREND,4.0,,
BTCUSDT,2026-09-01 18:45:00+00:00,0.00701968036898979,0.008419680368989789,TP,4.0,2577.0,TREND,4.0,,
BTCUSDT,2026-09-01 18:45:00+00:00,0.004600000000000001,0.006,TP,4.0,14.0,CHOP,4.0,,
SOLUSDT,2026-09-01 18:49:00+00:00,0.0005000000000000001,0.0019,BE_STOP,4.0,12.0,TREND,4.0,,
NEARUSDT,2026-09-01 19:09:00+00:00,0.0005000000000000001,0.0019,BE_STOP,4.0,18.0,CHOP,4.0,,
BTCUSDT,2026-09-01 19:43:00+00:00,0.0005000000000000001,0.0019,BE_STOP,4.0,32.0,CHOP,4.0,,
ETHUSDT,2026-09-01 21:17:00+00:00,0.004600000000000001,0.006,TP,4.0,94.0,CHOP,4.0,,
BTCUSDT,2026-09-02 01:56:00+00:00,0.0005000000000000001,0.0019,BE_STOP,4.0,278.0,CHOP,4.0,,
ETHUSDT,2026-09-02 09:23:00+00:00,-0.0414,-0.04,MAE_KILL,4.0,1641.0,CHOP,4.0,,
BTCUSDT,2026-09-02 09:26:00+00:00,0.0005000000000000001,0.0019,BE_STOP,4.0,449.0,CHOP,4.0,,
BTCUSDT,2026-09-02 09:48:00+00:00,0.0005000000000000001,0.0019,BE_STOP,4.0,24.0,CHOP,4.0,,
BTCUSDT,2026-09-02 09:53:00+00:00,0.0005000000000000001,0.0019,BE_STOP,4.0,26.0,CHOP,4.0,,
ETHUSDT,2026-09-02 10:32:00+00:00,-0.0414,-0.04,MAE_KILL,4.0,1428.0,CHOP,4.0,,
XRPUSDT,2026-09-02 10:33:00+00:00,-0.0414,-0.04,MAE_KILL,4.0,1010.0,CHOP,4.0,,
ETHUSDT,2026-09-02 10:33:00+00:00,0.004600000000000001,0.006,TP,4.0,45.0,TREND,4.0,,
SOLUSDT,2026-09-02 10:49:00+00:00,0.00893972770215559,0.01033972770215559,TP,4.0,970.0,TREND,4.0,,
NEARUSDT,2026-09-02 10:50:00+00:00,0.004600000000000001,0.006,TP,4.0,18.0,CHOP,4.0,,
SOLUSDT,2026-09-02 10:50:00+00:00,0.004600000000000001,0.006,TP,4.0,12.0,TREND,4.0,,
BTCUSDT,2026-09-02 10:54:00+00:00,0.0005000000000000001,0.0019,BE_STOP,4.0,968.0,CHOP,4.0,,
BTCUSDT,2026-09-02 10:54:00+00:00,0.0005000000000000001,0.0019,BE_STOP,4.0,19.0,TREND,4.0,,
BTCUSDT,2026-09-02 10:55:00+00:00,0.0005000000000000001,0.0019,BE_STOP,4.0,967.0,CHOP,4.0,,
ETHUSDT,2026-09-02 11:21:00+00:00,0.0005000000000000001,0.0019,BE_STOP,4.0,16.0,TREND,4.0,,
NEARUSDT,2026-09-02 11:39:00+00:00,0.0054521820013953125,0.006852182001395312,TP,4.0,18.0,CHOP,4.0,,
SOLUSDT,2026-09-02 12:31:00+00:00,0.0005000000000000001,0.0019,BE_STOP,4.0,52.0,TREND,4.0,,
BTCUSDT,2026-09-02 12:38:00+00:00,0.0005000000000000001,0.0019,BE_STOP,4.0,165.0,TREND,4.0,,
BTCUSDT,2026-09-02 12:46:00+00:00,0.0005000000000000001,0.0019,BE_STOP,4.0,96.0,TREND,4.0,,
BTCUSDT,2026-09-02 12:50:00+00:00,0.0005000000000000001,0.0019,BE_STOP,4.0,110.0,TREND,4.0,,
BTCUSDT,2026-09-02 12:50:00+00:00,0.0005000000000000001,0.0019,BE_STOP,4.0,107.0,TREND,4.0,,
XRPUSDT,2026-09-02 13:01:00+00:00,0.0005000000000000001,0.0019,BE_STOP,4.0,11.0,CHOP,4.0,,
BTCUSDT,2026-09-02 13:45:00+00:00,0.004600000000000001,0.006,TP,4.0,74.0,CHOP,4.0,,
BTCUSDT,2026-09-03 02:34:00+00:00,0.004898992704183987,0.006298992704183986,TP,4.0,769.0,CHOP,4.0,,
BTCUSDT,2026-09-03 07:16:00+00:00,0.0005000000000000001,0.0019,BE_STOP,4.0,281.0,CHOP,4.0,,
NEARUSDT,2026-09-03 07:40:00+00:00,0.0005000000000000001,0.0019,BE_STOP,4.0,24.0,CHOP,4.0,,
XRPUSDT,2026-09-03 08:10:00+00:00,0.0005000000000000001,0.0019,BE_STOP,4.0,29.0,CHOP,4.0,,
NEARUSDT,2026-09-03 12:32:00+00:00,0.006514356431919162,0.007914356431919161,TP,4.0,262.0,CHOP,4.0,,
SOLUSDT,2026-09-03 12:55:00+00:00,-0.0414,-0.04,MAE_KILL,4.0,1564.0,TREND,4.0,,
XRPUSDT,2026-09-03 12:56:00+00:00,0.004600000000000001,0.006,TP,4.0,24.0,CHOP,4.0,,
ETHUSDT,2026-09-03 13:35:00+00:00,0.0005000000000000001,0.0019,BE_STOP,4.0,37.0,CHOP,4.0,,
BTCUSDT,2026-09-03 13:38:00+00:00,0.004600000000000001,0.006,TP,4.0,2850.0,CHOP,4.0,,
ETHUSDT,2026-09-03 13:48:00+00:00,0.0005000000000000001,0.0019,BE_STOP,4.0,13.0,CHOP,4.0,,
BTCUSDT,2026-09-03 13:54:00+00:00,0.0005000000000000001,0.0019,BE_STOP,4.0,58.0,CHOP,4.0,,
BTCUSDT,2026-09-03 14:23:00+00:00,0.004600000000000001,0.006,TP,4.0,43.0,CHOP,4.0,,
BTCUSDT,2026-09-03 14:23:00+00:00,0.004600000000000001,0.006,TP,4.0,35.0,CHOP,4.0,,
BTCUSDT,2026-09-03 14:25:00+00:00,-0.0414,-0.04,MAE_KILL,4.0,1652.0,TREND,4.0,,
BTCUSDT,2026-09-03 14:30:00+00:00,-0.0414,-0.04,MAE_KILL,4.0,1537.0,CHOP,4.0,,
BTCUSDT,2026-09-03 14:30:00+00:00,-0.0414,-0.04,MAE_KILL,4.0,1529.0,CHOP,4.0,,
BTCUSDT,2026-09-03 14:32:00+00:00,-0.0414,-0.04,MAE_KILL,4.0,1546.0,CHOP,4.0,,
NEARUSDT,2026-09-03 14:32:00+00:00,0.004796931327275482,0.006196931327275481,TP,4.0,9.0,CHOP,4.0,,
SOLUSDT,2026-09-03 14:32:00+00:00,0.00524640086646062,0.00664640086646062,TP,4.0,7.0,CHOP,4.0,,
ETHUSDT,2026-09-03 14:32:00+00:00,0.004600000000000001,0.006,TP,4.0,4.0,TREND,4.0,,
BTCUSDT,2026-09-03 14:46:00+00:00,-0.0414,-0.04,MAE_KILL,4.0,1567.0,CHOP,4.0,,
BTCUSDT,2026-09-03 14:48:00+00:00,0.0046527737071151674,0.006052773707115167,TP,4.0,15.0,TREND,4.0,,
ETHUSDT,2026-09-03 14:48:00+00:00,0.005659829407813047,0.0070598294078130465,TP,4.0,13.0,TREND,4.0,,
BTCUSDT,2026-09-03 14:48:00+00:00,0.00472834610116905,0.0061283461011690495,TP,4.0,10.0,TREND,4.0,,
BTCUSDT,2026-09-03 14:48:00+00:00,0.0046578904984142565,0.006057890498414256,TP,4.0,8.0,TREND,4.0,,
BTCUSDT,2026-09-03 14:48:00+00:00,0.004924231282488632,0.006324231282488631,TP,4.0,5.0,TREND,4.0,,
SOLUSDT,2026-09-03 14:49:00+00:00,0.006297932464101525,0.007697932464101524,TP,4.0,2.0,TREND,4.0,,
SOLUSDT,2026-09-03 15:01:00+00:00,-0.0414,-0.04,MAE_KILL,4.0,67.0,CHOP,4.0,,
BTCUSDT,2026-09-03 15:01:00+00:00,0.006012203272883349,0.007412203272883349,TP,4.0,4.0,TREND,4.0,,
BTCUSDT,2026-09-03 15:02:00+00:00,0.005824273444905765,0.007224273444905764,TP,4.0,12.0,TREND,4.0,,
ETHUSDT,2026-09-03 15:02:00+00:00,0.008174880169675982,0.009574880169675982,TP,4.0,10.0,TREND,4.0,,
ETHUSDT,2026-09-03 15:02:00+00:00,0.007814172741818594,0.009214172741818594,TP,4.0,7.0,TREND,4.0,,
NEARUSDT,2026-09-03 15:10:00+00:00,0.0005000000000000001,0.0019,BE_STOP,4.0,10.0,TREND,4.0,,
BTCUSDT,2026-09-03 15:45:00+00:00,0.0005000000000000001,0.0019,BE_STOP,4.0,21.0,TREND,4.0,,
SOLUSDT,2026-09-03 15:50:00+00:00,0.0005000000000000001,0.0019,BE_STOP,4.0,5.0,TREND,4.0,,
BTCUSDT,2026-09-03 15:52:00+00:00,0.007409273636798276,0.008809273636798275,TP,4.0,42.0,TREND,4.0,,
BTCUSDT,2026-09-03 15:52:00+00:00,0.006821600771285147,0.008221600771285146,TP,4.0,38.0,TREND,4.0,,
BTCUSDT,2026-09-03 15:52:00+00:00,0.004600000000000001,0.006,TP,4.0,33.0,TREND,4.0,,
ETHUSDT,2026-09-03 16:16:00+00:00,0.0005000000000000001,0.0019,BE_STOP,4.0,73.0,TREND,4.0,,
BTCUSDT,2026-09-03 16:18:00+00:00,0.0005000000000000001,0.0019,BE_STOP,4.0,72.0,TREND,4.0,,
BTCUSDT,2026-09-03 16:18:00+00:00,0.0005000000000000001,0.0019,BE_STOP,4.0,70.0,TREND,4.0,,
BTCUSDT,2026-09-03 16:30:00+00:00,0.0005000000000000001,0.0019,BE_STOP,4.0,14.0,TREND,4.0,,
XRPUSDT,2026-09-03 18:23:00+00:00,0.0005000000000000001,0.0019,BE_STOP,4.0,112.0,TREND,4.0,,
BTCUSDT,2026-09-03 19:05:00+00:00,0.004600000000000001,0.006,TP,4.0,190.0,TREND,4.0,,
SOLUSDT,2026-09-03 19:05:00+00:00,0.007650894609477608,0.009050894609477608,TP,4.0,188.0,TREND,4.0,,
BTCUSDT,2026-09-03 19:06:00+00:00,0.0005000000000000001,0.0019,BE_STOP,4.0,193.0,TREND,4.0,,
XRPUSDT,2026-09-03 19:48:00+00:00,0.0005000000000000001,0.0019,BE_STOP,4.0,37.0,TREND,4.0,,
NEARUSDT,2026-09-03 19:48:00+00:00,0.006673131385553096,0.008073131385553095,TP,4.0,35.0,TREND,4.0,,
BTCUSDT,2026-09-03 19:52:00+00:00,0.004600000000000001,0.006,TP,4.0,46.0,TREND,4.0,,
ETHUSDT,2026-09-03 20:02:00+00:00,0.0005000000000000001,0.0019,BE_STOP,4.0,12.0,TREND,4.0,,
NEARUSDT,2026-09-03 20:02:00+00:00,0.0005000000000000001,0.0019,BE_STOP,4.0,10.0,CHOP,4.0,,
XRPUSDT,2026-09-03 20:29:00+00:00,0.007269200042762952,0.008669200042762951,TP,4.0,24.0,CHOP,4.0,,
ETHUSDT,2026-09-03 20:39:00+00:00,0.0005000000000000001,0.0019,BE_STOP,4.0,37.0,CHOP,4.0,,
BTCUSDT,2026-09-03 21:34:00+00:00,0.004600000000000001,0.006,TP,4.0,55.0,CHOP,4.0,,
SOLUSDT,2026-09-03 21:35:00+00:00,0.0005000000000000001,0.0019,BE_STOP,4.0,66.0,CHOP,4.0,,
XRPUSDT,2026-09-03 22:05:00+00:00,0.0005000000000000001,0.0019,BE_STOP,4.0,137.0,TREND,4.0,,
ETHUSDT,2026-09-03 22:32:00+00:00,0.004600000000000001,0.006,TP,4.0,24.0,CHOP,4.0,,
SOLUSDT,2026-09-03 22:37:00+00:00,0.0005000000000000001,0.0019,BE_STOP,4.0,436.0,TREND,4.0,,
SOLUSDT,2026-09-03 22:37:00+00:00,0.0005000000000000001,0.0019,BE_STOP,4.0,407.0,TREND,4.0,,
SOLUSDT,2026-09-04 00:15:00+00:00,0.0005000000000000001,0.0019,BE_STOP,4.0,477.0,TREND,4.0,,
NEARUSDT,2026-09-04 01:05:00+00:00,0.004600000000000001,0.006,TP,4.0,50.0,TREND,4.0,,
BTCUSDT,2026-09-04 01:51:00+00:00,0.0005000000000000001,0.0019,BE_STOP,4.0,197.0,CHOP,4.0,,
BTCUSDT,2026-09-04 01:54:00+00:00,0.0005000000000000001,0.0019,BE_STOP,4.0,450.0,TREND,4.0,,
BTCUSDT,2026-09-04 01:54:00+00:00,0.0005000000000000001,0.0019,BE_STOP,4.0,195.0,CHOP,4.0,,
BTCUSDT,2026-09-04 02:49:00+00:00,0.004600000000000001,0.006,TP,4.0,252.0,CHOP,4.0,,
NEARUSDT,2026-09-04 02:54:00+00:00,0.004600000000000001,0.006,TP,4.0,58.0,TREND,4.0,,
NEARUSDT,2026-09-04 03:00:00+00:00,0.004600000000000001,0.006,TP,4.0,11.0,CHOP,4.0,,
BTCUSDT,2026-09-04 03:01:00+00:00,0.0005000000000000001,0.0019,BE_STOP,4.0,116.0,CHOP,4.0,,
ETHUSDT,2026-09-04 03:26:00+00:00,0.0005000000000000001,0.0019,BE_STOP,4.0,30.0,CHOP,4.0,,
BTCUSDT,2026-09-04 04:39:00+00:00,0.0005000000000000001,0.0019,BE_STOP,4.0,165.0,CHOP,4.0,,
BTCUSDT,2026-09-04 04:39:00+00:00,0.0005000000000000001,0.0019,BE_STOP,4.0,97.0,CHOP,4.0,,
BTCUSDT,2026-09-04 04:44:00+00:00,0.0005000000000000001,0.0019,BE_STOP,4.0,173.0,CHOP,4.0,,
BTCUSDT,2026-09-04 04:44:00+00:00,0.0005000000000000001,0.0019,BE_STOP,4.0,100.0,CHOP,4.0,,
XRPUSDT,2026-09-04 05:42:00+00:00,0.0005000000000000001,0.0019,BE_STOP,4.0,54.0,CHOP,4.0,,
BTCUSDT,2026-09-04 05:57:00+00:00,0.0005000000000000001,0.0019,BE_STOP,4.0,71.0,CHOP,4.0,,
BTCUSDT,2026-09-04 06:39:00+00:00,0.0005000000000000001,0.0019,BE_STOP,4.0,859.0,TREND,4.0,,
ETHUSDT,2026-09-04 06:39:00+00:00,0.0005000000000000001,0.0019,BE_STOP,4.0,193.0,CHOP,4.0,,
BTCUSDT,2026-09-04 06:44:00+00:00,0.0005000000000000001,0.0019,BE_STOP,4.0,62.0,CHOP,4.0,,
NEARUSDT,2026-09-04 07:00:00+00:00,0.006956627924084117,0.008356627924084117,TP,4.0,17.0,CHOP,4.0,,
BTCUSDT,2026-09-04 07:08:00+00:00,0.0005000000000000001,0.0019,BE_STOP,4.0,144.0,CHOP,4.0,,
BTCUSDT,2026-09-04 07:09:00+00:00,0.0005000000000000001,0.0019,BE_STOP,4.0,149.0,CHOP,4.0,,
ETHUSDT,2026-09-04 07:22:00+00:00,0.0005000000000000001,0.0019,BE_STOP,4.0,37.0,CHOP,4.0,,
XRPUSDT,2026-09-04 07:40:00+00:00,0.0005000000000000001,0.0019,BE_STOP,4.0,17.0,CHOP,4.0,,
BTCUSDT,2026-09-04 08:06:00+00:00,0.0005000000000000001,0.0019,BE_STOP,4.0,87.0,CHOP,4.0,,
BTCUSDT,2026-09-04 08:44:00+00:00,0.0005000000000000001,0.0019,BE_STOP,4.0,94.0,CHOP,4.0,,
BTCUSDT,2026-09-04 09:09:00+00:00,0.0005000000000000001,0.0019,BE_STOP,4.0,190.0,CHOP,4.0,,
ETHUSDT,2026-09-04 09:14:00+00:00,0.0005000000000000001,0.0019,BE_STOP,4.0,4.0,CHOP,4.0,,
BTCUSDT,2026-09-04 09:21:00+00:00,0.0005000000000000001,0.0019,BE_STOP,4.0,37.0,CHOP,4.0,,
BTCUSDT,2026-09-04 09:24:00+00:00,0.0005000000000000001,0.0019,BE_STOP,4.0,136.0,CHOP,4.0,,
NEARUSDT,2026-09-04 09:35:00+00:00,0.009175092496138494,0.010575092496138494,TP,4.0,14.0,CHOP,4.0,,
NEARUSDT,2026-09-04 09:56:00+00:00,0.009829318626578834,0.011229318626578834,TP,4.0,20.0,CHOP,4.0,,
NEARUSDT,2026-09-04 10:05:00+00:00,0.0005000000000000001,0.0019,BE_STOP,4.0,9.0,CHOP,4.0,,
BTCUSDT,2026-09-04 10:10:00+00:00,0.0005000000000000001,0.0019,BE_STOP,4.0,189.0,CHOP,4.0,,
BTCUSDT,2026-09-04 10:32:00+00:00,0.0005000000000000001,0.0019,BE_STOP,4.0,78.0,CHOP,4.0,,
SOLUSDT,2026-09-04 10:32:00+00:00,0.0005000000000000001,0.0019,BE_STOP,4.0,67.0,CHOP,4.0,,
ETHUSDT,2026-09-04 12:30:00+00:00,0.004600000000000001,0.006,TP,4.0,290.0,CHOP,4.0,,
SOLUSDT,2026-09-04 12:30:00+00:00,0.004600000000000001,0.006,TP,4.0,264.0,CHOP,4.0,,
NEARUSDT,2026-09-04 12:30:00+00:00,-0.0264,-0.025,MAE_KILL,4.0,145.0,TREND,4.0,,
BTCUSDT,2026-09-04 12:30:00+00:00,0.004600000000000001,0.006,TP,4.0,139.0,CHOP,4.0,,
NEARUSDT,2026-09-04 12:30:00+00:00,0.007635628639945049,0.009035628639945049,TP,4.0,118.0,CHOP,4.0,,
BTCUSDT,2026-09-04 12:31:00+00:00,0.0005000000000000001,0.0019,BE_STOP,4.0,117.0,CHOP,4.0,,
BTCUSDT,2026-09-04 14:48:00+00:00,0.013127063381039491,0.014527063381039491,TP,4.0,129.0,CHOP,4.0,,
BTCUSDT,2026-09-04 14:48:00+00:00,0.013388856354770962,0.014788856354770962,TP,4.0,127.0,CHOP,4.0,,
BTCUSDT,2026-09-04 15:19:00+00:00,0.0005000000000000001,0.0019,BE_STOP,4.0,152.0,CHOP,4.0,,
SOLUSDT,2026-09-04 15:42:00+00:00,0.0005000000000000001,0.0019,BE_STOP,4.0,187.0,CHOP,4.0,,
BTCUSDT,2026-09-04 16:01:00+00:00,0.0005000000000000001,0.0019,BE_STOP,4.0,42.0,TREND,4.0,,
BTCUSDT,2026-09-04 17:15:00+00:00,0.0005000000000000001,0.0019,BE_STOP,4.0,93.0,CHOP,4.0,,
SOLUSDT,2026-09-04 17:55:00+00:00,0.0005000000000000001,0.0019,BE_STOP,4.0,114.0,TREND,4.0,,
BTCUSDT,2026-09-05 21:35:00+00:00,-0.026779390191178844,-0.025379390191178845,MAX_AGE,4.0,2880.0,TREND,4.0,,
BTCUSDT,2026-09-05 21:37:00+00:00,-0.025362935239409332,-0.023962935239409334,MAX_AGE,4.0,2880.0,TREND,4.0,,
SOLUSDT,2026-09-06 02:40:00+00:00,-0.0414,-0.04,MAE_KILL,4.0,2148.0,TREND,4.0,,
NEARUSDT,2026-09-06 02:48:00+00:00,0.0005000000000000001,0.0019,BE_STOP,4.0,8.0,CHOP,4.0,,
SOLUSDT,2026-09-06 03:30:00+00:00,-0.0414,-0.04,MAE_KILL,4.0,2015.0,CHOP,4.0,,
BTCUSDT,2026-09-06 04:05:00+00:00,0.0005000000000000001,0.0019,BE_STOP,4.0,390.0,CHOP,4.0,,
BTCUSDT,2026-09-06 04:07:00+00:00,0.0005000000000000001,0.0019,BE_STOP,4.0,390.0,CHOP,4.0,,
ETHUSDT,2026-09-06 04:28:00+00:00,0.0005000000000000001,0.0019,BE_STOP,4.0,21.0,TREND,4.0,,
ETHUSDT,2026-09-06 07:13:00+00:00,0.004600000000000001,0.006,TP,4.0,265.0,CHOP,4.0,,
ETHUSDT,2026-09-06 07:13:00+00:00,0.004600000000000001,0.006,TP,4.0,223.0,TREND,4.0,,
BTCUSDT,2026-09-06 07:17:00+00:00,0.0005000000000000001,0.0019,BE_STOP,4.0,169.0,CHOP,4.0,,
BTCUSDT,2026-09-06 07:23:00+00:00,0.0005000000000000001,0.0019,BE_STOP,4.0,198.0,CHOP,4.0,,
SOLUSDT,2026-09-06 07:42:00+00:00,0.0005000000000000001,0.0019,BE_STOP,4.0,24.0,CHOP,4.0,,
ETHUSDT,2026-09-06 12:33:00+00:00,-0.020949509530232988,-0.01954950953023299,MAX_AGE,4.0,2880.0,CHOP,4.0,,
ETHUSDT,2026-09-06 12:37:00+00:00,-0.023244908097772937,-0.02184490809777294,MAX_AGE,4.0,2880.0,CHOP,4.0,,
SOLUSDT,2026-09-06 12:49:00+00:00,0.0005000000000000001,0.0019,BE_STOP,4.0,12.0,TREND,4.0,,
ETHUSDT,2026-09-06 13:37:00+00:00,0.0005000000000000001,0.0019,BE_STOP,4.0,381.0,CHOP,4.0,,
NEARUSDT,2026-09-06 13:44:00+00:00,0.011942917738476574,0.013342917738476574,TP,4.0,7.0,CHOP,4.0,,
SOLUSDT,2026-09-06 13:59:00+00:00,0.004600000000000001,0.006,TP,4.0,15.0,CHOP,4.0,,
BTCUSDT,2026-09-06 14:31:00+00:00,0.004600000000000001,0.006,TP,4.0,102.0,CHOP,4.0,,
BTCUSDT,2026-09-06 14:32:00+00:00,0.004600000000000001,0.006,TP,4.0,438.0,CHOP,4.0,,
BTCUSDT,2026-09-06 14:33:00+00:00,0.0005000000000000001,0.0019,BE_STOP,4.0,2717.0,CHOP,4.0,,
BTCUSDT,2026-09-06 14:50:00+00:00,-0.011981560859515428,-0.010581560859515428,MAX_AGE,4.0,2880.0,TREND,4.0,,
NEARUSDT,2026-09-06 15:39:00+00:00,0.0005000000000000001,0.0019,BE_STOP,4.0,67.0,CHOP,4.0,,
BTCUSDT,2026-09-06 19:22:00+00:00,0.0005000000000000001,0.0019,BE_STOP,4.0,223.0,CHOP,4.0,,
BTCUSDT,2026-09-06 19:36:00+00:00,0.0005000000000000001,0.0019,BE_STOP,4.0,285.0,CHOP,4.0,,
SOLUSDT,2026-09-06 19:46:00+00:00,0.0005000000000000001,0.0019,BE_STOP,4.0,23.0,CHOP,4.0,,
ETHUSDT,2026-09-06 21:06:00+00:00,0.004600000000000001,0.006,TP,4.0,426.0,CHOP,4.0,,
NEARUSDT,2026-09-06 21:51:00+00:00,0.01194376673118904,0.01334376673118904,TP,4.0,45.0,CHOP,4.0,,
SOLUSDT,2026-09-06 22:18:00+00:00,0.004600000000000001,0.006,TP,4.0,162.0,CHOP,4.0,,
BTCUSDT,2026-09-06 22:27:00+00:00,0.0005000000000000001,0.0019,BE_STOP,4.0,35.0,CHOP,4.0,,
BTCUSDT,2026-09-06 23:03:00+00:00,0.004600000000000001,0.006,TP,4.0,940.0,CHOP,4.0,,
SOLUSDT,2026-09-06 23:03:00+00:00,0.004600000000000001,0.006,TP,4.0,34.0,CHOP,4.0,,
BTCUSDT,2026-09-06 23:39:00+00:00,0.004600000000000001,0.006,TP,4.0,666.0,CHOP,4.0,,
BTCUSDT,2026-09-06 23:56:00+00:00,0.0005000000000000001,0.0019,BE_STOP,4.0,52.0,CHOP,4.0,,
BTCUSDT,2026-09-07 00:16:00+00:00,0.0005000000000000001,0.0019,BE_STOP,4.0,70.0,CHOP,4.0,,
XRPUSDT,2026-09-07 01:29:00+00:00,0.0005000000000000001,0.0019,BE_STOP,4.0,190.0,CHOP,4.0,,
ETHUSDT,2026-09-07 01:44:00+00:00,0.004600000000000001,0.006,TP,4.0,107.0,CHOP,4.0,,
ETHUSDT,2026-09-07 02:29:00+00:00,0.0005000000000000001,0.0019,BE_STOP,4.0,133.0,CHOP,4.0,,
XRPUSDT,2026-09-07 02:38:00+00:00,0.004600000000000001,0.006,TP,4.0,9.0,CHOP,4.0,,
ETHUSDT,2026-09-07 02:40:00+00:00,0.004600000000000001,0.006,TP,4.0,181.0,CHOP,4.0,,
SOLUSDT,2026-09-07 04:01:00+00:00,0.0005000000000000001,0.0019,BE_STOP,4.0,1219.0,CHOP,4.0,,
BTCUSDT,2026-09-07 04:15:00+00:00,0.0005000000000000001,0.0019,BE_STOP,4.0,509.0,CHOP,4.0,,
BTCUSDT,2026-09-07 04:21:00+00:00,0.0005000000000000001,0.0019,BE_STOP,4.0,157.0,CHOP,4.0,,
ETHUSDT,2026-09-07 05:04:00+00:00,0.0005000000000000001,0.0019,BE_STOP,4.0,215.0,CHOP,4.0,,
ETHUSDT,2026-09-07 05:25:00+00:00,0.004600000000000001,0.006,TP,4.0,64.0,CHOP,4.0,,
BTCUSDT,2026-09-07 05:51:00+00:00,0.0005000000000000001,0.0019,BE_STOP,4.0,96.0,CHOP,4.0,,
BTCUSDT,2026-09-07 07:31:00+00:00,0.0005000000000000001,0.0019,BE_STOP,4.0,210.0,CHOP,4.0,,
BTCUSDT,2026-09-07 07:33:00+00:00,0.004600000000000001,0.006,TP,4.0,101.0,CHOP,4.0,,
BTCUSDT,2026-09-07 07:40:00+00:00,0.004600000000000001,0.006,TP,4.0,1024.0,CHOP,4.0,,
BTCUSDT,2026-09-07 07:41:00+00:00,0.004600000000000001,0.006,TP,4.0,1027.0,CHOP,4.0,,
BTCUSDT,2026-09-07 07:41:00+00:00,0.004600000000000001,0.006,TP,4.0,10.0,CHOP,4.0,,
ETHUSDT,2026-09-07 07:43:00+00:00,0.0005000000000000001,0.0019,BE_STOP,4.0,9.0,CHOP,4.0,,
SOLUSDT,2026-09-07 14:50:00+00:00,0.0005000000000000001,0.0019,BE_STOP,4.0,421.0,TREND,4.0,,
BTCUSDT,2026-09-07 14:52:00+00:00,0.0005000000000000001,0.0019,BE_STOP,4.0,430.0,TREND,4.0,,
BTCUSDT,2026-09-07 14:53:00+00:00,0.0005000000000000001,0.0019,BE_STOP,4.0,429.0,TREND,4.0,,
BTCUSDT,2026-09-07 14:53:00+00:00,0.0005000000000000001,0.0019,BE_STOP,4.0,426.0,TREND,4.0,,
NEARUSDT,2026-09-07 15:43:00+00:00,-0.0264,-0.025,MAE_KILL,4.0,47.0,CHOP,4.0,,
ETHUSDT,2026-09-07 18:31:00+00:00,0.0005000000000000001,0.0019,BE_STOP,4.0,221.0,CHOP,4.0,,
BTCUSDT,2026-09-07 23:03:00+00:00,0.0005000000000000001,0.0019,BE_STOP,4.0,272.0,CHOP,4.0,,
NEARUSDT,2026-09-07 23:12:00+00:00,0.005489334612365963,0.006889334612365962,TP,4.0,9.0,CHOP,4.0,,
ETHUSDT,2026-09-08 01:23:00+00:00,0.004600000000000001,0.006,TP,4.0,131.0,CHOP,4.0,,
BTCUSDT,2026-09-08 01:34:00+00:00,0.0005000000000000001,0.0019,BE_STOP,4.0,636.0,CHOP,4.0,,
NEARUSDT,2026-09-08 02:59:00+00:00,-0.0264,-0.025,MAE_KILL,4.0,85.0,CHOP,4.0,,
BTCUSDT,2026-09-08 05:19:00+00:00,0.0005000000000000001,0.0019,BE_STOP,4.0,139.0,CHOP,4.0,,
BTCUSDT,2026-09-08 06:53:00+00:00,0.004600000000000001,0.006,TP,4.0,910.0,CHOP,4.0,,
XRPUSDT,2026-09-08 10:20:00+00:00,0.004600000000000001,0.006,TP,4.0,301.0,CHOP,4.0,,
ETHUSDT,2026-09-08 13:39:00+00:00,0.004600000000000001,0.006,TP,4.0,405.0,TREND,4.0,,
XRPUSDT,2026-09-08 16:01:00+00:00,-0.0414,-0.04,MAE_KILL,4.0,140.0,CHOP,4.0,,
SOLUSDT,2026-09-08 16:40:00+00:00,0.004600000000000001,0.006,TP,4.0,39.0,CHOP,4.0,,
BTCUSDT,2026-09-09 02:40:00+00:00,-0.020904875284858633,-0.019504875284858635,MAX_AGE,4.0,2880.0,CHOP,4.0,,
BTCUSDT,2026-09-09 02:42:00+00:00,-0.02050662989344239,-0.019106629893442393,MAX_AGE,4.0,2880.0,CHOP,4.0,,
ETHUSDT,2026-09-09 05:01:00+00:00,0.0005000000000000001,0.0019,BE_STOP,4.0,741.0,CHOP,4.0,,
BTCUSDT,2026-09-09 05:06:00+00:00,-0.00892220273183316,-0.00752220273183316,MAX_AGE,4.0,2880.0,CHOP,4.0,,
BTCUSDT,2026-09-09 05:26:00+00:00,-0.010257318249583444,-0.008857318249583444,MAX_AGE,4.0,2880.0,CHOP,4.0,,
SOLUSDT,2026-09-09 05:27:00+00:00,0.0005000000000000001,0.0019,BE_STOP,4.0,26.0,CHOP,4.0,,
BTCUSDT,2026-09-09 05:31:00+00:00,0.0005000000000000001,0.0019,BE_STOP,4.0,1150.0,CHOP,4.0,,
XRPUSDT,2026-09-09 05:46:00+00:00,0.004600000000000001,0.006,TP,4.0,20.0,CHOP,4.0,,
ETHUSDT,2026-09-09 06:15:00+00:00,0.0005000000000000001,0.0019,BE_STOP,4.0,69.0,CHOP,4.0,,
NEARUSDT,2026-09-09 06:22:00+00:00,0.010547677412709833,0.011947677412709834,TP,4.0,54.0,CHOP,4.0,,
SOLUSDT,2026-09-09 07:14:00+00:00,0.0005000000000000001,0.0019,BE_STOP,4.0,2420.0,CHOP,4.0,,
NEARUSDT,2026-09-09 07:23:00+00:00,0.011515538857647011,0.012915538857647011,TP,4.0,60.0,CHOP,4.0,,
BTCUSDT,2026-09-09 07:33:00+00:00,0.0005000000000000001,0.0019,BE_STOP,4.0,78.0,CHOP,4.0,,
BTCUSDT,2026-09-09 08:36:00+00:00,0.004600000000000001,0.006,TP,4.0,82.0,CHOP,4.0,,
ETHUSDT,2026-09-09 08:44:00+00:00,0.0005000000000000001,0.0019,BE_STOP,4.0,71.0,CHOP,4.0,,
BTCUSDT,2026-09-09 09:10:00+00:00,0.0005000000000000001,0.0019,BE_STOP,4.0,1906.0,CHOP,4.0,,
BTCUSDT,2026-09-09 09:29:00+00:00,0.0005000000000000001,0.0019,BE_STOP,4.0,125.0,CHOP,4.0,,
SOLUSDT,2026-09-09 09:35:00+00:00,0.004600000000000001,0.006,TP,4.0,51.0,TREND,4.0,,
SOLUSDT,2026-09-09 09:42:00+00:00,0.004600000000000001,0.006,TP,4.0,12.0,CHOP,4.0,,
BTCUSDT,2026-09-09 09:46:00+00:00,0.004600000000000001,0.006,TP,4.0,35.0,TREND,4.0,,
BTCUSDT,2026-09-09 10:53:00+00:00,0.004600000000000001,0.006,TP,4.0,77.0,CHOP,4.0,,
BTCUSDT,2026-09-09 11:11:00+00:00,0.0005000000000000001,0.0019,BE_STOP,4.0,339.0,TREND,4.0,,
BTCUSDT,2026-09-09 11:25:00+00:00,0.0005000000000000001,0.0019,BE_STOP,4.0,98.0,CHOP,4.0,,
BTCUSDT,2026-09-09 11:29:00+00:00,0.0005000000000000001,0.0019,BE_STOP,4.0,107.0,CHOP,4.0,,
NEARUSDT,2026-09-09 11:41:00+00:00,-0.0264,-0.025,MAE_KILL,4.0,30.0,TREND,4.0,,
BTCUSDT,2026-09-09 12:00:00+00:00,0.004600000000000001,0.006,TP,4.0,35.0,CHOP,4.0,,
SOLUSDT,2026-09-09 12:02:00+00:00,0.004600000000000001,0.006,TP,4.0,33.0,CHOP,4.0,,
BTCUSDT,2026-09-09 12:31:00+00:00,0.004600000000000001,0.006,TP,4.0,50.0,CHOP,4.0,,
BTCUSDT,2026-09-09 13:11:00+00:00,0.0005000000000000001,0.0019,BE_STOP,4.0,70.0,CHOP,4.0,,
BTCUSDT,2026-09-09 13:16:00+00:00,0.0005000000000000001,0.0019,BE_STOP,4.0,73.0,CHOP,4.0,,
SOLUSDT,2026-09-09 13:43:00+00:00,0.004600000000000001,0.006,TP,4.0,27.0,CHOP,4.0,,
BTCUSDT,2026-09-09 14:01:00+00:00,0.004600000000000001,0.006,TP,4.0,49.0,CHOP,4.0,,
BTCUSDT,2026-09-09 14:27:00+00:00,0.0005000000000000001,0.0019,BE_STOP,4.0,43.0,CHOP,4.0,,
BTCUSDT,2026-09-09 14:40:00+00:00,0.0005000000000000001,0.0019,BE_STOP,4.0,13.0,CHOP,4.0,,
BTCUSDT,2026-09-09 15:02:00+00:00,0.0005000000000000001,0.0019,BE_STOP,4.0,554.0,CHOP,4.0,,
BTCUSDT,2026-09-09 15:07:00+00:00,0.004600000000000001,0.006,TP,4.0,65.0,CHOP,4.0,,
BTCUSDT,2026-09-09 15:11:00+00:00,0.004600000000000001,0.006,TP,4.0,751.0,CHOP,4.0,,
BTCUSDT,2026-09-09 15:11:00+00:00,0.004600000000000001,0.006,TP,4.0,749.0,CHOP,4.0,,
BTCUSDT,2026-09-09 15:21:00+00:00,0.006718933718685863,0.008118933718685863,TP,4.0,18.0,CHOP,4.0,,
ETHUSDT,2026-09-09 15:31:00+00:00,0.0005000000000000001,0.0019,BE_STOP,4.0,278.0,CHOP,4.0,,
SOLUSDT,2026-09-09 15:31:00+00:00,0.0005000000000000001,0.0019,BE_STOP,4.0,17.0,CHOP,4.0,,
ETHUSDT,2026-09-09 15:35:00+00:00,0.0005000000000000001,0.0019,BE_STOP,4.0,28.0,CHOP,4.0,,
BTCUSDT,2026-09-09 16:41:00+00:00,0.0005000000000000001,0.0019,BE_STOP,4.0,64.0,CHOP,4.0,,
BTCUSDT,2026-09-09 17:41:00+00:00,0.0005000000000000001,0.0019,BE_STOP,4.0,126.0,CHOP,4.0,,
BTCUSDT,2026-09-09 19:26:00+00:00,0.0005000000000000001,0.0019,BE_STOP,4.0,104.0,CHOP,4.0,,
XRPUSDT,2026-09-09 19:50:00+00:00,0.006507856283307621,0.00790785628330762,TP,4.0,258.0,CHOP,4.0,,
ETHUSDT,2026-09-09 20:29:00+00:00,0.006218015398952033,0.0076180153989520326,TP,4.0,306.0,CHOP,4.0,,
BTCUSDT,2026-09-09 20:31:00+00:00,0.0005000000000000001,0.0019,BE_STOP,4.0,40.0,CHOP,4.0,,
BTCUSDT,2026-09-09 20:33:00+00:00,0.0005000000000000001,0.0019,BE_STOP,4.0,321.0,CHOP,4.0,,
BTCUSDT,2026-09-09 23:04:00+00:00,0.0005000000000000001,0.0019,BE_STOP,4.0,154.0,CHOP,4.0,,
BTCUSDT,2026-09-10 00:17:00+00:00,0.0005000000000000001,0.0019,BE_STOP,4.0,70.0,TREND,4.0,,
XRPUSDT,2026-09-10 01:04:00+00:00,0.0005000000000000001,0.0019,BE_STOP,4.0,47.0,CHOP,4.0,,
ETHUSDT,2026-09-10 01:13:00+00:00,0.0005000000000000001,0.0019,BE_STOP,4.0,279.0,CHOP,4.0,,
BTCUSDT,2026-09-10 03:07:00+00:00,0.0005000000000000001,0.0019,BE_STOP,4.0,391.0,CHOP,4.0,,
BTCUSDT,2026-09-10 03:07:00+00:00,0.0005000000000000001,0.0019,BE_STOP,4.0,114.0,CHOP,4.0,,
NEARUSDT,2026-09-10 04:38:00+00:00,0.0005000000000000001,0.0019,BE_STOP,4.0,91.0,CHOP,4.0,,
ETHUSDT,2026-09-10 06:04:00+00:00,0.0005000000000000001,0.0019,BE_STOP,4.0,175.0,CHOP,4.0,,
BTCUSDT,2026-09-10 06:47:00+00:00,0.0005000000000000001,0.0019,BE_STOP,4.0,41.0,CHOP,4.0,,
BTCUSDT,2026-09-10 10:33:00+00:00,0.004600000000000001,0.006,TP,4.0,354.0,CHOP,4.0,,
NEARUSDT,2026-09-10 12:31:00+00:00,0.0005000000000000001,0.0019,BE_STOP,4.0,118.0,CHOP,4.0,,
NEARUSDT,2026-09-10 13:52:00+00:00,0.009793786499866577,0.011193786499866578,TP,4.0,81.0,CHOP,4.0,,
XRPUSDT,2026-09-10 23:08:00+00:00,-0.0414,-0.04,MAE_KILL,4.0,1324.0,CHOP,4.0,,
BTCUSDT,2026-09-10 23:14:00+00:00,-0.0414,-0.04,MAE_KILL,4.0,2318.0,TREND,4.0,,
BTCUSDT,2026-09-10 23:17:00+00:00,0.0005000000000000001,0.0019,BE_STOP,4.0,8.0,CHOP,4.0,,
BTCUSDT,2026-09-11 12:12:00+00:00,-0.032748135990444155,-0.031348135990444156,EOD,4.0,2859.0,CHOP,4.0,,
BTCUSDT,2026-09-11 12:12:00+00:00,-0.02991498396828996,-0.028514983968289963,EOD,4.0,2732.0,CHOP,4.0,,
BTCUSDT,2026-09-11 12:12:00+00:00,-0.023962855938101695,-0.022562855938101697,EOD,4.0,2610.0,CHOP,4.0,,
BTCUSDT,2026-09-11 12:12:00+00:00,-0.021412555599275077,-0.02001255559927508,EOD,4.0,2446.0,CHOP,4.0,,
BTCUSDT,2026-09-11 12:12:00+00:00,-0.019390531970549504,-0.017990531970549506,EOD,4.0,1764.0,CHOP,4.0,,
XRPUSDT,2026-09-11 12:13:00+00:00,-0.03057460782876415,-0.029174607828764153,EOD,4.0,1340.0,CHOP,4.0,,
BTCUSDT,2026-09-11 12:12:00+00:00,-0.00579558718545388,-0.004395587185453881,EOD,4.0,777.0,CHOP,4.0,,
BTCUSDT,2026-09-11 12:12:00+00:00,-0.005380222819422415,-0.003980222819422416,EOD,4.0,775.0,CHOP,4.0,,
SOLUSDT,2026-08-12 13:18:00+00:00,0.0005000000000000001,0.0019,BE_STOP,5.0,20.0,,5.0,,
BTCUSDT,2026-08-12 13:43:00+00:00,0.0005000000000000001,0.0019,BE_STOP,5.0,51.0,,5.0,,
ETHUSDT,2026-08-12 13:47:00+00:00,0.0005000000000000001,0.0019,BE_STOP,5.0,60.0,,5.0,,
BTCUSDT,2026-08-12 14:02:00+00:00,0.004600000000000001,0.006,TP,5.0,59.0,,5.0,,
BTCUSDT,2026-08-12 14:03:00+00:00,0.004600000000000001,0.006,TP,5.0,73.0,,5.0,,
BTCUSDT,2026-08-12 14:03:00+00:00,0.004600000000000001,0.006,TP,5.0,45.0,,5.0,,
SOLUSDT,2026-08-12 14:12:00+00:00,0.0005000000000000001,0.0019,BE_STOP,5.0,29.0,,5.0,,
BTCUSDT,2026-08-12 14:31:00+00:00,0.006382199197545037,0.007782199197545036,TP,5.0,108.0,,5.0,,
NEARUSDT,2026-08-12 14:35:00+00:00,-0.0264,-0.025,MAE_KILL,5.0,110.0,,5.0,,
NEARUSDT,2026-08-12 14:35:00+00:00,-0.0264,-0.025,MAE_KILL,5.0,99.0,,5.0,,
SOLUSDT,2026-08-12 15:07:00+00:00,0.0005000000000000001,0.0019,BE_STOP,5.0,62.0,,5.0,,
BTCUSDT,2026-08-12 15:18:00+00:00,0.0005000000000000001,0.0019,BE_STOP,5.0,71.0,,5.0,,
BTCUSDT,2026-08-12 15:18:00+00:00,0.0005000000000000001,0.0019,BE_STOP,5.0,41.0,,5.0,,
BTCUSDT,2026-08-12 15:43:00+00:00,0.0005000000000000001,0.0019,BE_STOP,5.0,72.0,,5.0,,
ETHUSDT,2026-08-12 20:37:00+00:00,0.0005000000000000001,0.0019,BE_STOP,5.0,362.0,,5.0,,
BTCUSDT,2026-08-12 20:38:00+00:00,0.0005000000000000001,0.0019,BE_STOP,5.0,395.0,,5.0,,
SOLUSDT,2026-08-13 04:22:00+00:00,0.0005000000000000001,0.0019,BE_STOP,5.0,464.0,CHOP,5.0,,
BTCUSDT,2026-08-13 05:01:00+00:00,0.0005000000000000001,0.0019,BE_STOP,5.0,501.0,CHOP,5.0,,
BTCUSDT,2026-08-13 05:15:00+00:00,0.004600000000000001,0.006,TP,5.0,837.0,,5.0,,
BTCUSDT,2026-08-13 05:15:00+00:00,0.004600000000000001,0.006,TP,5.0,811.0,,5.0,,
ETHUSDT,2026-08-13 05:22:00+00:00,0.0005000000000000001,0.0019,BE_STOP,5.0,842.0,,5.0,,
ETHUSDT,2026-08-13 06:03:00+00:00,0.0005000000000000001,0.0019,BE_STOP,5.0,896.0,,5.0,,
NEARUSDT,2026-08-13 08:48:00+00:00,0.0005000000000000001,0.0019,BE_STOP,5.0,213.0,CHOP,5.0,,
NEARUSDT,2026-08-13 09:09:00+00:00,0.004600000000000001,0.006,TP,5.0,21.0,CHOP,5.0,,
NEARUSDT,2026-08-13 09:14:00+00:00,0.004600000000000001,0.006,TP,5.0,231.0,CHOP,5.0,,
ETHUSDT,2026-08-13 09:14:00+00:00,0.004600000000000001,0.006,TP,5.0,190.0,CHOP,5.0,,
ETHUSDT,2026-08-13 11:45:00+00:00,0.0005000000000000001,0.0019,BE_STOP,5.0,150.0,CHOP,5.0,,
BTCUSDT,2026-08-13 11:47:00+00:00,0.0005000000000000001,0.0019,BE_STOP,5.0,445.0,CHOP,5.0,,
NEARUSDT,2026-08-13 11:51:00+00:00,0.004600000000000001,0.006,TP,5.0,6.0,CHOP,5.0,,
ETHUSDT,2026-08-13 12:07:00+00:00,0.0005000000000000001,0.0019,BE_STOP,5.0,177.0,CHOP,5.0,,
BTCUSDT,2026-08-13 12:07:00+00:00,0.0005000000000000001,0.0019,BE_STOP,5.0,170.0,CHOP,5.0,,
BTCUSDT,2026-08-13 12:15:00+00:00,0.0005000000000000001,0.0019,BE_STOP,5.0,434.0,CHOP,5.0,,
BTCUSDT,2026-08-13 12:31:00+00:00,0.0005000000000000001,0.0019,BE_STOP,5.0,40.0,CHOP,5.0,,
ETHUSDT,2026-08-13 12:32:00+00:00,0.0005000000000000001,0.0019,BE_STOP,5.0,45.0,TREND,5.0,,
NEARUSDT,2026-08-13 13:11:00+00:00,0.0005000000000000001,0.0019,BE_STOP,5.0,40.0,CHOP,5.0,,
BTCUSDT,2026-08-13 13:15:00+00:00,0.0005000000000000001,0.0019,BE_STOP,5.0,40.0,CHOP,5.0,,
BTCUSDT,2026-08-13 13:23:00+00:00,0.0005000000000000001,0.0019,BE_STOP,5.0,68.0,CHOP,5.0,,
BTCUSDT,2026-08-13 13:24:00+00:00,0.0005000000000000001,0.0019,BE_STOP,5.0,74.0,TREND,5.0,,
ETHUSDT,2026-08-13 14:50:00+00:00,0.0005000000000000001,0.0019,BE_STOP,5.0,95.0,CHOP,5.0,,
BTCUSDT,2026-08-13 14:59:00+00:00,0.0005000000000000001,0.0019,BE_STOP,5.0,108.0,CHOP,5.0,,
NEARUSDT,2026-08-13 14:59:00+00:00,0.0005000000000000001,0.0019,BE_STOP,5.0,8.0,CHOP,5.0,,
NEARUSDT,2026-08-13 15:47:00+00:00,0.0046569221351403555,0.006056922135140355,TP,5.0,47.0,CHOP,5.0,,
NEARUSDT,2026-08-13 15:47:00+00:00,0.004600000000000001,0.006,TP,5.0,45.0,CHOP,5.0,,
NEARUSDT,2026-08-13 15:56:00+00:00,0.0005000000000000001,0.0019,BE_STOP,5.0,8.0,CHOP,5.0,,
NEARUSDT,2026-08-13 15:59:00+00:00,0.004600000000000001,0.006,TP,5.0,232.0,CHOP,5.0,,
SOLUSDT,2026-08-13 16:08:00+00:00,0.004600000000000001,0.006,TP,5.0,164.0,CHOP,5.0,,
BTCUSDT,2026-08-13 16:22:00+00:00,0.0005000000000000001,0.0019,BE_STOP,5.0,176.0,CHOP,5.0,,
BTCUSDT,2026-08-13 16:37:00+00:00,0.004600000000000001,0.006,TP,5.0,47.0,CHOP,5.0,,
BTCUSDT,2026-08-13 16:39:00+00:00,0.004600000000000001,0.006,TP,5.0,39.0,CHOP,5.0,,
BTCUSDT,2026-08-13 16:39:00+00:00,0.004600000000000001,0.006,TP,5.0,37.0,CHOP,5.0,,
BTCUSDT,2026-08-13 16:39:00+00:00,0.004600000000000001,0.006,TP,5.0,31.0,CHOP,5.0,,
NEARUSDT,2026-08-13 16:42:00+00:00,0.004600000000000001,0.006,TP,5.0,4.0,CHOP,5.0,,
ETHUSDT,2026-08-13 19:32:00+00:00,0.0005000000000000001,0.0019,BE_STOP,5.0,190.0,CHOP,5.0,,
BTCUSDT,2026-08-13 22:48:00+00:00,0.0005000000000000001,0.0019,BE_STOP,5.0,196.0,CHOP,5.0,,
ETHUSDT,2026-08-14 00:01:00+00:00,0.0005000000000000001,0.0019,BE_STOP,5.0,72.0,TREND,5.0,,
BTCUSDT,2026-08-14 08:47:00+00:00,0.0005000000000000001,0.0019,BE_STOP,5.0,963.0,CHOP,5.0,,
BTCUSDT,2026-08-14 08:51:00+00:00,0.0005000000000000001,0.0019,BE_STOP,5.0,965.0,CHOP,5.0,,
BTCUSDT,2026-08-14 13:04:00+00:00,0.005712489844555298,0.007112489844555298,TP,5.0,1216.0,CHOP,5.0,,
BTCUSDT,2026-08-14 13:47:00+00:00,-0.02154785408396109,-0.02014785408396109,MAX_AGE,5.0,2880.0,,5.0,,
XRPUSDT,2026-08-14 14:12:00+00:00,-0.015284785819793206,-0.013884785819793206,MAX_AGE,5.0,2880.0,,5.0,,
BTCUSDT,2026-08-14 16:00:00+00:00,0.0005000000000000001,0.0019,BE_STOP,5.0,433.0,TREND,5.0,,
ETHUSDT,2026-08-14 16:06:00+00:00,0.0005000000000000001,0.0019,BE_STOP,5.0,434.0,CHOP,5.0,,
ETHUSDT,2026-08-14 16:47:00+00:00,0.0005000000000000001,0.0019,BE_STOP,5.0,46.0,CHOP,5.0,,
SOLUSDT,2026-08-14 18:14:00+00:00,0.004600000000000001,0.006,TP,5.0,86.0,CHOP,5.0,,
SOLUSDT,2026-08-14 18:17:00+00:00,0.0005000000000000001,0.0019,BE_STOP,5.0,242.0,TREND,5.0,,
ETHUSDT,2026-08-14 18:39:00+00:00,0.0005000000000000001,0.0019,BE_STOP,5.0,152.0,CHOP,5.0,,
BTCUSDT,2026-08-14 19:28:00+00:00,0.0005000000000000001,0.0019,BE_STOP,5.0,73.0,CHOP,5.0,,
BTCUSDT,2026-08-14 19:29:00+00:00,0.0005000000000000001,0.0019,BE_STOP,5.0,72.0,CHOP,5.0,,
NEARUSDT,2026-08-14 23:43:00+00:00,-0.0264,-0.025,MAE_KILL,5.0,251.0,CHOP,5.0,,
ETHUSDT,2026-08-15 03:34:00+00:00,0.0005000000000000001,0.0019,BE_STOP,5.0,231.0,CHOP,5.0,,
BTCUSDT,2026-08-15 05:18:00+00:00,-0.013430863617867047,-0.012030863617867047,MAX_AGE,5.0,2880.0,CHOP,5.0,,
NEARUSDT,2026-08-15 05:24:00+00:00,0.004600000000000001,0.006,TP,5.0,110.0,CHOP,5.0,,
ETHUSDT,2026-08-15 05:40:00+00:00,0.0005000000000000001,0.0019,BE_STOP,5.0,659.0,CHOP,5.0,,
NEARUSDT,2026-08-15 05:45:00+00:00,0.0005000000000000001,0.0019,BE_STOP,5.0,20.0,CHOP,5.0,,
BTCUSDT,2026-08-15 06:15:00+00:00,0.0005000000000000001,0.0019,BE_STOP,5.0,646.0,CHOP,5.0,,
SOLUSDT,2026-08-15 06:50:00+00:00,0.0005000000000000001,0.0019,BE_STOP,5.0,92.0,CHOP,5.0,,
ETHUSDT,2026-08-15 16:42:00+00:00,-0.011725591374778738,-0.010325591374778738,MAX_AGE,5.0,2880.0,CHOP,5.0,,
BTCUSDT,2026-08-16 00:01:00+00:00,-0.007986338547255403,-0.006586338547255404,MAX_AGE,5.0,2880.0,CHOP,5.0,,
NEARUSDT,2026-08-16 01:02:00+00:00,0.0005000000000000001,0.0019,BE_STOP,5.0,61.0,TREND,5.0,,
BTCUSDT,2026-08-16 13:04:00+00:00,-0.005900639530989412,-0.004500639530989413,MAX_AGE,5.0,2880.0,CHOP,5.0,,
ETHUSDT,2026-08-16 13:47:00+00:00,-0.007918842022446564,-0.006518842022446565,MAX_AGE,5.0,2880.0,CHOP,5.0,,
ETHUSDT,2026-08-16 16:34:00+00:00,0.004600000000000001,0.006,TP,5.0,210.0,CHOP,5.0,,
SOLUSDT,2026-08-16 16:40:00+00:00,0.0005000000000000001,0.0019,BE_STOP,5.0,938.0,CHOP,5.0,,
ETHUSDT,2026-08-16 17:35:00+00:00,0.0005000000000000001,0.0019,BE_STOP,5.0,2084.0,CHOP,5.0,,
ETHUSDT,2026-08-16 18:04:00+00:00,0.0005000000000000001,0.0019,BE_STOP,5.0,257.0,CHOP,5.0,,
BTCUSDT,2026-08-16 21:40:00+00:00,0.004600000000000001,0.006,TP,5.0,245.0,CHOP,5.0,,
ETHUSDT,2026-08-16 21:40:00+00:00,0.004600000000000001,0.006,TP,5.0,216.0,TREND,5.0,,
BTCUSDT,2026-08-16 21:47:00+00:00,0.0005000000000000001,0.0019,BE_STOP,5.0,2372.0,CHOP,5.0,,
BTCUSDT,2026-08-16 21:50:00+00:00,0.0005000000000000001,0.0019,BE_STOP,5.0,2410.0,CHOP,5.0,,
BTCUSDT,2026-08-16 21:51:00+00:00,0.0005000000000000001,0.0019,BE_STOP,5.0,2406.0,CHOP,5.0,,
BTCUSDT,2026-08-16 21:51:00+00:00,0.0005000000000000001,0.0019,BE_STOP,5.0,1749.0,CHOP,5.0,,
BTCUSDT,2026-08-16 22:49:00+00:00,0.0005000000000000001,0.0019,BE_STOP,5.0,67.0,TREND,5.0,,
BTCUSDT,2026-08-16 22:51:00+00:00,0.0005000000000000001,0.0019,BE_STOP,5.0,64.0,TREND,5.0,,
BTCUSDT,2026-08-16 22:57:00+00:00,0.0005000000000000001,0.0019,BE_STOP,5.0,60.0,TREND,5.0,,
XRPUSDT,2026-08-16 22:59:00+00:00,0.0005000000000000001,0.0019,BE_STOP,5.0,79.0,CHOP,5.0,,
ETHUSDT,2026-08-17 01:01:00+00:00,0.004600000000000001,0.006,TP,5.0,132.0,CHOP,5.0,,
ETHUSDT,2026-08-17 01:01:00+00:00,0.004600000000000001,0.006,TP,5.0,130.0,CHOP,5.0,,
ETHUSDT,2026-08-17 01:01:00+00:00,0.004600000000000001,0.006,TP,5.0,121.0,CHOP,5.0,,
ETHUSDT,2026-08-17 01:08:00+00:00,0.0005000000000000001,0.0019,BE_STOP,5.0,508.0,TREND,5.0,,
BTCUSDT,2026-08-17 01:15:00+00:00,0.0005000000000000001,0.0019,BE_STOP,5.0,132.0,CHOP,5.0,,
BTCUSDT,2026-08-17 01:54:00+00:00,0.0005000000000000001,0.0019,BE_STOP,5.0,39.0,CHOP,5.0,,
BTCUSDT,2026-08-17 02:52:00+00:00,0.004600000000000001,0.006,TP,5.0,110.0,CHOP,5.0,,
BTCUSDT,2026-08-17 02:53:00+00:00,0.004600000000000001,0.006,TP,5.0,108.0,CHOP,5.0,,
BTCUSDT,2026-08-17 02:53:00+00:00,0.004600000000000001,0.006,TP,5.0,106.0,CHOP,5.0,,
ETHUSDT,2026-08-17 02:53:00+00:00,0.006328524339371848,0.007728524339371847,TP,5.0,104.0,CHOP,5.0,,
BTCUSDT,2026-08-17 05:08:00+00:00,0.0005000000000000001,0.0019,BE_STOP,5.0,754.0,TREND,5.0,,
BTCUSDT,2026-08-17 05:28:00+00:00,0.0005000000000000001,0.0019,BE_STOP,5.0,150.0,CHOP,5.0,,
NEARUSDT,2026-08-17 06:46:00+00:00,0.004600000000000001,0.006,TP,5.0,78.0,TREND,5.0,,
ETHUSDT,2026-08-17 07:01:00+00:00,0.0005000000000000001,0.0019,BE_STOP,5.0,245.0,TREND,5.0,,
BTCUSDT,2026-08-17 07:17:00+00:00,0.0005000000000000001,0.0019,BE_STOP,5.0,263.0,CHOP,5.0,,
BTCUSDT,2026-08-17 08:02:00+00:00,0.0005000000000000001,0.0019,BE_STOP,5.0,301.0,CHOP,5.0,,
BTCUSDT,2026-08-17 09:15:00+00:00,0.0005000000000000001,0.0019,BE_STOP,5.0,117.0,TREND,5.0,,
BTCUSDT,2026-08-17 13:02:00+00:00,0.0005000000000000001,0.0019,BE_STOP,5.0,226.0,CHOP,5.0,,
NEARUSDT,2026-08-17 14:03:00+00:00,0.0005000000000000001,0.0019,BE_STOP,5.0,361.0,CHOP,5.0,,
SOLUSDT,2026-08-17 16:20:00+00:00,0.0005000000000000001,0.0019,BE_STOP,5.0,559.0,TREND,5.0,,
SOLUSDT,2026-08-17 17:39:00+00:00,0.0005000000000000001,0.0019,BE_STOP,5.0,79.0,CHOP,5.0,,
NEARUSDT,2026-08-17 17:46:00+00:00,-0.0264,-0.025,MAE_KILL,5.0,659.0,TREND,5.0,,
BTCUSDT,2026-08-17 18:23:00+00:00,0.004600000000000001,0.006,TP,5.0,44.0,TREND,5.0,,
BTCUSDT,2026-08-17 19:01:00+00:00,0.0005000000000000001,0.0019,BE_STOP,5.0,75.0,TREND,5.0,,
ETHUSDT,2026-08-18 02:30:00+00:00,0.004600000000000001,0.006,TP,5.0,447.0,CHOP,5.0,,
ETHUSDT,2026-08-18 02:46:00+00:00,0.004600000000000001,0.006,TP,5.0,763.0,CHOP,5.0,,
NEARUSDT,2026-08-18 02:49:00+00:00,0.0005000000000000001,0.0019,BE_STOP,5.0,19.0,CHOP,5.0,,
ETHUSDT,2026-08-18 03:36:00+00:00,0.0005000000000000001,0.0019,BE_STOP,5.0,1541.0,CHOP,5.0,,
NEARUSDT,2026-08-18 06:30:00+00:00,-0.0264,-0.025,MAE_KILL,5.0,174.0,CHOP,5.0,,
ETHUSDT,2026-08-18 14:26:00+00:00,0.004600000000000001,0.006,TP,5.0,475.0,CHOP,5.0,,
BTCUSDT,2026-08-18 14:27:00+00:00,0.004600000000000001,0.006,TP,5.0,1203.0,TREND,5.0,,
SOLUSDT,2026-08-18 21:50:00+00:00,-0.03447727431441532,-0.033077274314415324,MAX_AGE,5.0,2880.0,TREND,5.0,,
SOLUSDT,2026-08-18 21:53:00+00:00,-0.0349549734703473,-0.033554973470347305,MAX_AGE,5.0,2880.0,TREND,5.0,,
NEARUSDT,2026-08-19 00:06:00+00:00,0.007599263900608535,0.008999263900608534,TP,5.0,132.0,CHOP,5.0,,
ETHUSDT,2026-08-19 02:26:00+00:00,0.0005000000000000001,0.0019,BE_STOP,5.0,140.0,CHOP,5.0,,
ETHUSDT,2026-08-19 03:12:00+00:00,0.0005000000000000001,0.0019,BE_STOP,5.0,322.0,CHOP,5.0,,
BTCUSDT,2026-08-19 05:08:00+00:00,-0.01580502426059573,-0.014405024260595731,MAX_AGE,5.0,2880.0,TREND,5.0,,
NEARUSDT,2026-08-19 05:14:00+00:00,0.004600000000000001,0.006,TP,5.0,6.0,CHOP,5.0,,
BTCUSDT,2026-08-19 12:41:00+00:00,0.004600000000000001,0.006,TP,5.0,614.0,CHOP,5.0,,
BTCUSDT,2026-08-19 12:42:00+00:00,0.004600000000000001,0.006,TP,5.0,448.0,CHOP,5.0,,
BTCUSDT,2026-08-19 13:03:00+00:00,-0.0214630918801097,-0.020063091880109702,MAX_AGE,5.0,2880.0,CHOP,5.0,,
BTCUSDT,2026-08-19 13:34:00+00:00,0.0005000000000000001,0.0019,BE_STOP,5.0,1385.0,TREND,5.0,,
BTCUSDT,2026-08-19 13:37:00+00:00,0.0005000000000000001,0.0019,BE_STOP,5.0,1386.0,TREND,5.0,,
BTCUSDT,2026-08-19 13:37:00+00:00,0.0005000000000000001,0.0019,BE_STOP,5.0,51.0,TREND,5.0,,
NEARUSDT,2026-08-19 14:14:00+00:00,0.0005000000000000001,0.0019,BE_STOP,5.0,92.0,CHOP,5.0,,
BTCUSDT,2026-08-19 14:17:00+00:00,0.004600000000000001,0.006,TP,5.0,43.0,TREND,5.0,,
NEARUSDT,2026-08-19 14:47:00+00:00,0.0005000000000000001,0.0019,BE_STOP,5.0,33.0,CHOP,5.0,,
XRPUSDT,2026-08-19 14:54:00+00:00,0.004600000000000001,0.006,TP,5.0,7.0,TREND,5.0,,
BTCUSDT,2026-08-19 14:55:00+00:00,0.004600000000000001,0.006,TP,5.0,38.0,TREND,5.0,,
NEARUSDT,2026-08-19 15:02:00+00:00,0.0005000000000000001,0.0019,BE_STOP,5.0,7.0,TREND,5.0,,
ETHUSDT,2026-08-19 15:05:00+00:00,0.010531852325950955,0.011931852325950955,TP,5.0,8.0,TREND,5.0,,
BTCUSDT,2026-08-19 15:14:00+00:00,-0.0414,-0.04,MAE_KILL,5.0,2187.0,CHOP,5.0,,
BTCUSDT,2026-08-19 15:14:00+00:00,-0.0414,-0.04,MAE_KILL,5.0,2185.0,CHOP,5.0,,
SOLUSDT,2026-08-19 15:19:00+00:00,0.0005000000000000001,0.0019,BE_STOP,5.0,16.0,TREND,5.0,,
BTCUSDT,2026-08-19 15:23:00+00:00,-0.0414,-0.04,MAE_KILL,5.0,731.0,TREND,5.0,,
BTCUSDT,2026-08-19 15:24:00+00:00,0.007944929681717307,0.009344929681717308,TP,5.0,17.0,TREND,5.0,,
NEARUSDT,2026-08-19 15:26:00+00:00,-0.0264,-0.025,MAE_KILL,5.0,143.0,CHOP,5.0,,
BTCUSDT,2026-08-19 15:26:00+00:00,-0.0414,-0.04,MAE_KILL,5.0,108.0,TREND,5.0,,
BTCUSDT,2026-08-19 15:26:00+00:00,-0.0414,-0.04,MAE_KILL,5.0,106.0,TREND,5.0,,
NEARUSDT,2026-08-19 15:26:00+00:00,0.009667623396390507,0.011067623396390508,TP,5.0,5.0,TREND,5.0,,
ETHUSDT,2026-08-19 15:27:00+00:00,0.020515616706164603,0.0219156167061646,TP,5.0,13.0,TREND,5.0,,
ETHUSDT,2026-08-19 15:27:00+00:00,0.01991159852575887,0.021311598525758868,TP,5.0,11.0,TREND,5.0,,
BTCUSDT,2026-08-19 15:27:00+00:00,0.009133354416358194,0.010533354416358194,TP,5.0,2.0,TREND,5.0,,
BTCUSDT,2026-08-20 00:25:00+00:00,0.0005000000000000001,0.0019,BE_STOP,5.0,13.0,CHOP,5.0,,
NEARUSDT,2026-08-20 00:29:00+00:00,0.006018641546036774,0.007418641546036773,TP,5.0,24.0,CHOP,5.0,,
XRPUSDT,2026-08-20 00:32:00+00:00,0.00513290384341729,0.00653290384341729,TP,5.0,32.0,CHOP,5.0,,
ETHUSDT,2026-08-20 00:39:00+00:00,0.005498695864708228,0.006898695864708228,TP,5.0,32.0,TREND,5.0,,
NEARUSDT,2026-08-20 00:41:00+00:00,0.0005000000000000001,0.0019,BE_STOP,5.0,38.0,CHOP,5.0,,
ETHUSDT,2026-08-20 00:41:00+00:00,0.0005000000000000001,0.0019,BE_STOP,5.0,9.0,TREND,5.0,,
XRPUSDT,2026-08-20 00:57:00+00:00,0.0005000000000000001,0.0019,BE_STOP,5.0,43.0,CHOP,5.0,,
BTCUSDT,2026-08-20 01:02:00+00:00,0.0005000000000000001,0.0019,BE_STOP,5.0,20.0,TREND,5.0,,
ETHUSDT,2026-08-20 01:06:00+00:00,0.0005000000000000001,0.0019,BE_STOP,5.0,50.0,TREND,5.0,,
BTCUSDT,2026-08-20 01:19:00+00:00,0.0005000000000000001,0.0019,BE_STOP,5.0,22.0,CHOP,5.0,,
BTCUSDT,2026-08-20 01:20:00+00:00,0.0005000000000000001,0.0019,BE_STOP,5.0,18.0,CHOP,5.0,,
BTCUSDT,2026-08-20 01:34:00+00:00,0.0005000000000000001,0.0019,BE_STOP,5.0,50.0,TREND,5.0,,
BTCUSDT,2026-08-20 01:52:00+00:00,0.0005000000000000001,0.0019,BE_STOP,5.0,87.0,CHOP,5.0,,
BTCUSDT,2026-08-20 02:10:00+00:00,0.0005000000000000001,0.0019,BE_STOP,5.0,35.0,CHOP,5.0,,
BTCUSDT,2026-08-20 03:00:00+00:00,0.004600000000000001,0.006,TP,5.0,49.0,CHOP,5.0,,
SOLUSDT,2026-08-20 03:07:00+00:00,0.004600000000000001,0.006,TP,5.0,119.0,CHOP,5.0,,
BTCUSDT,2026-08-20 03:11:00+00:00,0.004600000000000001,0.006,TP,5.0,108.0,CHOP,5.0,,
SOLUSDT,2026-08-20 03:11:00+00:00,0.004600000000000001,0.006,TP,5.0,10.0,TREND,5.0,,
NEARUSDT,2026-08-20 03:37:00+00:00,0.0005000000000000001,0.0019,BE_STOP,5.0,26.0,CHOP,5.0,,
ETHUSDT,2026-08-20 05:47:00+00:00,0.0005000000000000001,0.0019,BE_STOP,5.0,130.0,CHOP,5.0,,
SOLUSDT,2026-08-20 06:48:00+00:00,0.0005000000000000001,0.0019,BE_STOP,5.0,379.0,TREND,5.0,,
BTCUSDT,2026-08-20 07:13:00+00:00,0.0005000000000000001,0.0019,BE_STOP,5.0,321.0,CHOP,5.0,,
SOLUSDT,2026-08-20 07:29:00+00:00,0.004600000000000001,0.006,TP,5.0,439.0,TREND,5.0,,
XRPUSDT,2026-08-20 07:50:00+00:00,0.0005000000000000001,0.0019,BE_STOP,5.0,21.0,CHOP,5.0,,
BTCUSDT,2026-08-20 08:07:00+00:00,0.004600000000000001,0.006,TP,5.0,78.0,CHOP,5.0,,
SOLUSDT,2026-08-20 08:07:00+00:00,0.004600000000000001,0.006,TP,5.0,54.0,CHOP,5.0,,
BTCUSDT,2026-08-20 08:07:00+00:00,0.004600000000000001,0.006,TP,5.0,17.0,CHOP,5.0,,
XRPUSDT,2026-08-20 08:09:00+00:00,0.005859784647803991,0.00725978464780399,TP,5.0,408.0,CHOP,5.0,,
BTCUSDT,2026-08-20 08:09:00+00:00,0.004661053671149258,0.006061053671149257,TP,5.0,1.0,CHOP,5.0,,
ETHUSDT,2026-08-20 08:13:00+00:00,0.00621856850344454,0.00761856850344454,TP,5.0,453.0,TREND,5.0,,
ETHUSDT,2026-08-20 08:16:00+00:00,0.0005000000000000001,0.0019,BE_STOP,5.0,5.0,CHOP,5.0,,
SOLUSDT,2026-08-20 08:17:00+00:00,-0.0414,-0.04,MAE_KILL,5.0,308.0,TREND,5.0,,
BTCUSDT,2026-08-20 08:52:00+00:00,-0.0414,-0.04,MAE_KILL,5.0,339.0,CHOP,5.0,,
SOLUSDT,2026-08-20 09:53:00+00:00,0.0005000000000000001,0.0019,BE_STOP,5.0,91.0,TREND,5.0,,
BTCUSDT,2026-08-20 10:14:00+00:00,-0.0414,-0.04,MAE_KILL,5.0,266.0,CHOP,5.0,,
BTCUSDT,2026-08-20 10:14:00+00:00,0.014909890945521259,0.01630989094552126,TP,5.0,118.0,TREND,5.0,,
BTCUSDT,2026-08-20 10:14:00+00:00,0.013022164589790493,0.014422164589790494,TP,5.0,110.0,TREND,5.0,,
BTCUSDT,2026-08-20 10:15:00+00:00,0.013760756024517894,0.015160756024517894,TP,5.0,121.0,TREND,5.0,,
XRPUSDT,2026-08-20 10:18:00+00:00,0.005004068904068818,0.006404068904068817,TP,5.0,4.0,TREND,5.0,,
ETHUSDT,2026-08-20 11:31:00+00:00,0.005895663712011128,0.007295663712011127,TP,5.0,72.0,CHOP,5.0,,
SOLUSDT,2026-08-20 11:41:00+00:00,0.0005000000000000001,0.0019,BE_STOP,5.0,169.0,TREND,5.0,,
ETHUSDT,2026-08-20 12:11:00+00:00,0.0005000000000000001,0.0019,BE_STOP,5.0,138.0,CHOP,5.0,,
BTCUSDT,2026-08-20 12:51:00+00:00,0.0005000000000000001,0.0019,BE_STOP,5.0,40.0,TREND,5.0,,
XRPUSDT,2026-08-20 13:21:00+00:00,0.011310136933739482,0.012710136933739482,TP,5.0,26.0,TREND,5.0,,
BTCUSDT,2026-08-20 13:37:00+00:00,0.0005000000000000001,0.0019,BE_STOP,5.0,319.0,TREND,5.0,,
BTCUSDT,2026-08-20 13:37:00+00:00,0.0005000000000000001,0.0019,BE_STOP,5.0,317.0,TREND,5.0,,
ETHUSDT,2026-08-20 15:04:00+00:00,0.004600000000000001,0.006,TP,5.0,103.0,CHOP,5.0,,
BTCUSDT,2026-08-20 15:06:00+00:00,0.0005000000000000001,0.0019,BE_STOP,5.0,290.0,TREND,5.0,,
BTCUSDT,2026-08-20 15:06:00+00:00,0.0005000000000000001,0.0019,BE_STOP,5.0,285.0,TREND,5.0,,
BTCUSDT,2026-08-20 15:06:00+00:00,0.0005000000000000001,0.0019,BE_STOP,5.0,205.0,TREND,5.0,,
ETHUSDT,2026-08-20 15:31:00+00:00,0.009941676736039882,0.011341676736039882,TP,5.0,25.0,CHOP,5.0,,
BTCUSDT,2026-08-20 15:32:00+00:00,0.009492716806024825,0.010892716806024825,TP,5.0,24.0,CHOP,5.0,,
ETHUSDT,2026-08-20 15:34:00+00:00,0.0005000000000000001,0.0019,BE_STOP,5.0,242.0,CHOP,5.0,,
BTCUSDT,2026-08-20 15:36:00+00:00,0.0005000000000000001,0.0019,BE_STOP,5.0,312.0,TREND,5.0,,
BTCUSDT,2026-08-20 15:36:00+00:00,0.0005000000000000001,0.0019,BE_STOP,5.0,32.0,CHOP,5.0,,
BTCUSDT,2026-08-20 15:36:00+00:00,0.0005000000000000001,0.0019,BE_STOP,5.0,24.0,CHOP,5.0,,
XRPUSDT,2026-08-20 16:01:00+00:00,0.012850160565189426,0.014250160565189426,TP,5.0,20.0,TREND,5.0,,
SOLUSDT,2026-08-20 16:13:00+00:00,0.0005000000000000001,0.0019,BE_STOP,5.0,39.0,CHOP,5.0,,
ETHUSDT,2026-08-20 16:42:00+00:00,-0.0414,-0.04,MAE_KILL,5.0,185.0,CHOP,5.0,,
ETHUSDT,2026-08-20 16:42:00+00:00,0.011892466914336947,0.013292466914336947,TP,5.0,41.0,CHOP,5.0,,
BTCUSDT,2026-08-20 17:06:00+00:00,0.0005000000000000001,0.0019,BE_STOP,5.0,19.0,CHOP,5.0,,
BTCUSDT,2026-08-20 17:09:00+00:00,0.0005000000000000001,0.0019,BE_STOP,5.0,25.0,CHOP,5.0,,
NEARUSDT,2026-08-20 17:33:00+00:00,0.0005000000000000001,0.0019,BE_STOP,5.0,24.0,CHOP,5.0,,
XRPUSDT,2026-08-20 17:54:00+00:00,0.0005000000000000001,0.0019,BE_STOP,5.0,21.0,TREND,5.0,,
BTCUSDT,2026-08-20 18:00:00+00:00,0.0005000000000000001,0.0019,BE_STOP,5.0,54.0,CHOP,5.0,,
SOLUSDT,2026-08-20 18:10:00+00:00,0.005168228853238632,0.006568228853238631,TP,5.0,10.0,CHOP,5.0,,
NEARUSDT,2026-08-20 18:34:00+00:00,0.011973912473579849,0.013373912473579849,TP,5.0,23.0,CHOP,5.0,,
BTCUSDT,2026-08-20 20:40:00+00:00,0.0005000000000000001,0.0019,BE_STOP,5.0,308.0,CHOP,5.0,,
SOLUSDT,2026-08-20 21:18:00+00:00,0.0005000000000000001,0.0019,BE_STOP,5.0,37.0,CHOP,5.0,,
NEARUSDT,2026-08-20 22:00:00+00:00,0.004600000000000001,0.006,TP,5.0,42.0,CHOP,5.0,,
SOLUSDT,2026-08-21 00:18:00+00:00,0.004600000000000001,0.006,TP,5.0,384.0,CHOP,5.0,,
BTCUSDT,2026-08-21 01:16:00+00:00,-0.0414,-0.04,MAE_KILL,5.0,697.0,CHOP,5.0,,
BTCUSDT,2026-08-21 01:18:00+00:00,0.009018532722014465,0.010418532722014465,TP,5.0,59.0,CHOP,5.0,,
ETHUSDT,2026-08-21 01:21:00+00:00,0.0005000000000000001,0.0019,BE_STOP,5.0,4.0,CHOP,5.0,,
BTCUSDT,2026-08-21 01:47:00+00:00,-0.0414,-0.04,MAE_KILL,5.0,574.0,CHOP,5.0,,
BTCUSDT,2026-08-21 01:47:00+00:00,-0.0414,-0.04,MAE_KILL,5.0,432.0,CHOP,5.0,,
BTCUSDT,2026-08-21 01:47:00+00:00,0.01060877453424904,0.01200877453424904,TP,5.0,26.0,TREND,5.0,,
SOLUSDT,2026-08-21 02:01:00+00:00,0.0005000000000000001,0.0019,BE_STOP,5.0,42.0,CHOP,5.0,,
XRPUSDT,2026-08-21 03:33:00+00:00,-0.0414,-0.04,MAE_KILL,5.0,332.0,CHOP,5.0,,
BTCUSDT,2026-08-21 03:48:00+00:00,0.0005000000000000001,0.0019,BE_STOP,5.0,105.0,TREND,5.0,,
BTCUSDT,2026-08-21 03:55:00+00:00,0.0005000000000000001,0.0019,BE_STOP,5.0,22.0,TREND,5.0,,
ETHUSDT,2026-08-21 05:26:00+00:00,0.0005000000000000001,0.0019,BE_STOP,5.0,98.0,CHOP,5.0,,
SOLUSDT,2026-08-21 05:45:00+00:00,-0.0414,-0.04,MAE_KILL,5.0,848.0,CHOP,5.0,,
SOLUSDT,2026-08-21 05:45:00+00:00,-0.0414,-0.04,MAE_KILL,5.0,846.0,CHOP,5.0,,
SOLUSDT,2026-08-21 05:45:00+00:00,-0.0414,-0.04,MAE_KILL,5.0,842.0,CHOP,5.0,,
BTCUSDT,2026-08-21 06:11:00+00:00,0.0005000000000000001,0.0019,BE_STOP,5.0,22.0,TREND,5.0,,
BTCUSDT,2026-08-21 06:11:00+00:00,0.0005000000000000001,0.0019,BE_STOP,5.0,20.0,TREND,5.0,,
XRPUSDT,2026-08-21 06:46:00+00:00,0.005113909111809347,0.0065139091118093465,TP,5.0,60.0,CHOP,5.0,,
BTCUSDT,2026-08-21 07:15:00+00:00,0.011242887761832429,0.012642887761832429,TP,5.0,327.0,TREND,5.0,,
BTCUSDT,2026-08-21 07:16:00+00:00,0.012494197459638985,0.013894197459638985,TP,5.0,326.0,TREND,5.0,,
BTCUSDT,2026-08-21 07:16:00+00:00,0.012792260446912285,0.014192260446912285,TP,5.0,324.0,TREND,5.0,,
ETHUSDT,2026-08-21 07:18:00+00:00,0.0005000000000000001,0.0019,BE_STOP,5.0,3.0,TREND,5.0,,
XRPUSDT,2026-08-21 08:03:00+00:00,0.010204017653325086,0.011604017653325086,TP,5.0,247.0,TREND,5.0,,
XRPUSDT,2026-08-21 08:10:00+00:00,0.009886985755231356,0.011286985755231356,TP,5.0,7.0,CHOP,5.0,,
BTCUSDT,2026-08-21 08:26:00+00:00,0.012202733196863078,0.013602733196863078,TP,5.0,65.0,TREND,5.0,,
BTCUSDT,2026-08-21 08:26:00+00:00,0.00776092382194095,0.009160923821940949,TP,5.0,16.0,TREND,5.0,,
BTCUSDT,2026-08-21 08:32:00+00:00,0.012053691714686392,0.013453691714686392,TP,5.0,73.0,TREND,5.0,,
SOLUSDT,2026-08-21 08:35:00+00:00,0.009755549679381439,0.011155549679381439,TP,5.0,144.0,TREND,5.0,,
BTCUSDT,2026-08-21 08:35:00+00:00,0.01177725207061106,0.01317725207061106,TP,5.0,78.0,TREND,5.0,,
BTCUSDT,2026-08-21 08:47:00+00:00,0.010513894345174355,0.011913894345174356,TP,5.0,19.0,TREND,5.0,,
BTCUSDT,2026-08-21 08:50:00+00:00,0.011805163022838884,0.013205163022838884,TP,5.0,24.0,TREND,5.0,,
BTCUSDT,2026-08-21 08:51:00+00:00,-0.0414,-0.04,MAE_KILL,5.0,158.0,TREND,5.0,,
BTCUSDT,2026-08-21 08:51:00+00:00,-0.0414,-0.04,MAE_KILL,5.0,125.0,CHOP,5.0,,
SOLUSDT,2026-08-21 08:51:00+00:00,0.010957196634914535,0.012357196634914535,TP,5.0,18.0,TREND,5.0,,
XRPUSDT,2026-08-21 08:51:00+00:00,0.018000806485487422,0.01940080648548742,TP,5.0,16.0,CHOP,5.0,,
BTCUSDT,2026-08-21 08:52:00+00:00,0.010424717192756323,0.011824717192756323,TP,5.0,14.0,TREND,5.0,,
BTCUSDT,2026-08-21 08:57:00+00:00,0.010649114818765876,0.012049114818765876,TP,5.0,8.0,TREND,5.0,,
ETHUSDT,2026-08-21 08:58:00+00:00,-0.0414,-0.04,MAE_KILL,5.0,211.0,CHOP,5.0,,
BTCUSDT,2026-08-21 09:01:00+00:00,0.0005000000000000001,0.0019,BE_STOP,5.0,6.0,TREND,5.0,,
NEARUSDT,2026-08-21 09:03:00+00:00,-0.0264,-0.025,MAE_KILL,5.0,12.0,TREND,5.0,,
ETHUSDT,2026-08-21 09:12:00+00:00,0.0005000000000000001,0.0019,BE_STOP,5.0,8.0,TREND,5.0,,
XRPUSDT,2026-08-21 09:50:00+00:00,-0.0414,-0.04,MAE_KILL,5.0,37.0,CHOP,5.0,,
XRPUSDT,2026-08-21 09:51:00+00:00,0.01902429156445983,0.020424291564459827,TP,5.0,54.0,CHOP,5.0,,
BTCUSDT,2026-08-21 15:06:00+00:00,0.0005000000000000001,0.0019,BE_STOP,5.0,350.0,TREND,5.0,,
ETHUSDT,2026-08-21 17:20:00+00:00,0.0005000000000000001,0.0019,BE_STOP,5.0,450.0,CHOP,5.0,,
ETHUSDT,2026-08-21 18:52:00+00:00,0.0005000000000000001,0.0019,BE_STOP,5.0,91.0,CHOP,5.0,,
SOLUSDT,2026-08-21 21:21:00+00:00,0.0055158977161237875,0.006915897716123787,TP,5.0,375.0,CHOP,5.0,,
ETHUSDT,2026-08-21 21:23:00+00:00,0.013462190692481567,0.014862190692481568,TP,5.0,750.0,TREND,5.0,,
BTCUSDT,2026-08-21 21:23:00+00:00,0.0005000000000000001,0.0019,BE_STOP,5.0,734.0,TREND,5.0,,
BTCUSDT,2026-08-21 21:24:00+00:00,0.0005000000000000001,0.0019,BE_STOP,5.0,733.0,TREND,5.0,,
SOLUSDT,2026-08-21 21:48:00+00:00,0.009332938289266025,0.010732938289266025,TP,5.0,26.0,CHOP,5.0,,
ETHUSDT,2026-08-21 21:54:00+00:00,0.013981795298138679,0.015381795298138679,TP,5.0,28.0,TREND,5.0,,
ETHUSDT,2026-08-21 22:03:00+00:00,0.014754010773942757,0.016154010773942757,TP,5.0,35.0,TREND,5.0,,
SOLUSDT,2026-08-21 22:31:00+00:00,0.0005000000000000001,0.0019,BE_STOP,5.0,42.0,CHOP,5.0,,
SOLUSDT,2026-08-21 22:42:00+00:00,-0.0414,-0.04,MAE_KILL,5.0,815.0,TREND,5.0,,
XRPUSDT,2026-08-21 23:23:00+00:00,0.01836723525230984,0.019767235252309837,TP,5.0,41.0,CHOP,5.0,,
BTCUSDT,2026-08-21 23:39:00+00:00,0.0005000000000000001,0.0019,BE_STOP,5.0,827.0,TREND,5.0,,
NEARUSDT,2026-08-21 23:41:00+00:00,0.0005000000000000001,0.0019,BE_STOP,5.0,137.0,CHOP,5.0,,
BTCUSDT,2026-08-22 00:06:00+00:00,0.004600000000000001,0.006,TP,5.0,23.0,TREND,5.0,,
SOLUSDT,2026-08-22 00:19:00+00:00,0.0005000000000000001,0.0019,BE_STOP,5.0,39.0,TREND,5.0,,
BTCUSDT,2026-08-22 01:33:00+00:00,0.0005000000000000001,0.0019,BE_STOP,5.0,181.0,CHOP,5.0,,
BTCUSDT,2026-08-22 03:04:00+00:00,0.004600000000000001,0.006,TP,5.0,90.0,CHOP,5.0,,
BTCUSDT,2026-08-22 03:33:00+00:00,0.0005000000000000001,0.0019,BE_STOP,5.0,29.0,CHOP,5.0,,
BTCUSDT,2026-08-22 03:56:00+00:00,0.0005000000000000001,0.0019,BE_STOP,5.0,352.0,CHOP,5.0,,
BTCUSDT,2026-08-22 04:05:00+00:00,0.0005000000000000001,0.0019,BE_STOP,5.0,8.0,CHOP,5.0,,
ETHUSDT,2026-08-22 05:09:00+00:00,0.010512367870120564,0.011912367870120564,TP,5.0,290.0,TREND,5.0,,
BTCUSDT,2026-08-22 05:09:00+00:00,0.004600000000000001,0.006,TP,5.0,64.0,CHOP,5.0,,
BTCUSDT,2026-08-22 05:10:00+00:00,0.006565063457177014,0.007965063457177013,TP,5.0,302.0,TREND,5.0,,
BTCUSDT,2026-08-22 05:12:00+00:00,0.0005000000000000001,0.0019,BE_STOP,5.0,620.0,CHOP,5.0,,
BTCUSDT,2026-08-22 05:35:00+00:00,0.0005000000000000001,0.0019,BE_STOP,5.0,20.0,CHOP,5.0,,
NEARUSDT,2026-08-22 08:28:00+00:00,0.0005000000000000001,0.0019,BE_STOP,5.0,171.0,CHOP,5.0,,
BTCUSDT,2026-08-22 08:44:00+00:00,0.0005000000000000001,0.0019,BE_STOP,5.0,16.0,TREND,5.0,,
BTCUSDT,2026-08-22 09:59:00+00:00,0.0005000000000000001,0.0019,BE_STOP,5.0,73.0,TREND,5.0,,
SOLUSDT,2026-08-22 10:03:00+00:00,0.00965659516202662,0.01105659516202662,TP,5.0,4.0,CHOP,5.0,,
BTCUSDT,2026-08-22 10:17:00+00:00,0.0005000000000000001,0.0019,BE_STOP,5.0,13.0,TREND,5.0,,
BTCUSDT,2026-08-22 10:28:00+00:00,0.0005000000000000001,0.0019,BE_STOP,5.0,11.0,CHOP,5.0,,
NEARUSDT,2026-08-22 16:16:00+00:00,0.0005000000000000001,0.0019,BE_STOP,5.0,348.0,CHOP,5.0,,
ETHUSDT,2026-08-22 17:29:00+00:00,0.0005000000000000001,0.0019,BE_STOP,5.0,71.0,CHOP,5.0,,
NEARUSDT,2026-08-22 18:20:00+00:00,-0.0264,-0.025,MAE_KILL,5.0,51.0,CHOP,5.0,,
ETHUSDT,2026-08-22 19:51:00+00:00,0.004600000000000001,0.006,TP,5.0,91.0,CHOP,5.0,,
BTCUSDT,2026-08-23 05:14:00+00:00,-0.0414,-0.04,MAE_KILL,5.0,2655.0,TREND,5.0,,
BTCUSDT,2026-08-23 05:14:00+00:00,0.014039608711845461,0.015439608711845462,TP,5.0,1443.0,CHOP,5.0,,
BTCUSDT,2026-08-23 05:19:00+00:00,0.0005000000000000001,0.0019,BE_STOP,5.0,4.0,TREND,5.0,,
BTCUSDT,2026-08-23 11:21:00+00:00,0.0005000000000000001,0.0019,BE_STOP,5.0,1804.0,CHOP,5.0,,
ETHUSDT,2026-08-23 13:18:00+00:00,-0.0414,-0.04,MAE_KILL,5.0,481.0,TREND,5.0,,
BTCUSDT,2026-08-23 13:19:00+00:00,0.004600000000000001,0.006,TP,5.0,117.0,TREND,5.0,,
BTCUSDT,2026-08-23 13:21:00+00:00,0.0005000000000000001,0.0019,BE_STOP,5.0,1049.0,CHOP,5.0,,
SOLUSDT,2026-08-23 15:58:00+00:00,0.0005000000000000001,0.0019,BE_STOP,5.0,156.0,TREND,5.0,,
BTCUSDT,2026-08-23 21:22:00+00:00,0.004600000000000001,0.006,TP,5.0,482.0,TREND,5.0,,
BTCUSDT,2026-08-23 21:55:00+00:00,-0.01169310851877267,-0.01029310851877267,MAX_AGE,5.0,2880.0,CHOP,5.0,,
BTCUSDT,2026-08-23 23:23:00+00:00,-0.016286807112402088,-0.01488680711240209,MAX_AGE,5.0,2880.0,TREND,5.0,,
NEARUSDT,2026-08-24 00:33:00+00:00,-0.0264,-0.025,MAE_KILL,5.0,69.0,CHOP,5.0,,
BTCUSDT,2026-08-24 00:50:00+00:00,0.0005000000000000001,0.0019,BE_STOP,5.0,17.0,CHOP,5.0,,
XRPUSDT,2026-08-24 01:55:00+00:00,0.013995739953262028,0.015395739953262029,TP,5.0,65.0,CHOP,5.0,,
BTCUSDT,2026-08-24 02:05:00+00:00,0.0005000000000000001,0.0019,BE_STOP,5.0,606.0,CHOP,5.0,,
NEARUSDT,2026-08-24 02:37:00+00:00,-0.0264,-0.025,MAE_KILL,5.0,32.0,CHOP,5.0,,
BTCUSDT,2026-08-24 03:33:00+00:00,-0.021503773716845965,-0.020103773716845966,MAX_AGE,5.0,2880.0,CHOP,5.0,,
SOLUSDT,2026-08-24 05:13:00+00:00,-0.008499164113458435,-0.007099164113458435,MAX_AGE,5.0,2880.0,CHOP,5.0,,
BTCUSDT,2026-08-24 06:33:00+00:00,0.0005000000000000001,0.0019,BE_STOP,5.0,78.0,CHOP,5.0,,
XRPUSDT,2026-08-24 06:49:00+00:00,0.0005000000000000001,0.0019,BE_STOP,5.0,16.0,CHOP,5.0,,
BTCUSDT,2026-08-24 07:21:00+00:00,0.0005000000000000001,0.0019,BE_STOP,5.0,284.0,CHOP,5.0,,
BTCUSDT,2026-08-24 07:21:00+00:00,0.0005000000000000001,0.0019,BE_STOP,5.0,31.0,CHOP,5.0,,
XRPUSDT,2026-08-24 08:18:00+00:00,0.00845104250785656,0.00985104250785656,TP,5.0,381.0,CHOP,5.0,,
BTCUSDT,2026-08-24 08:33:00+00:00,0.0005000000000000001,0.0019,BE_STOP,5.0,15.0,CHOP,5.0,,
XRPUSDT,2026-08-24 09:08:00+00:00,0.0005000000000000001,0.0019,BE_STOP,5.0,335.0,CHOP,5.0,,
ETHUSDT,2026-08-24 10:03:00+00:00,0.004600000000000001,0.006,TP,5.0,54.0,CHOP,5.0,,
ETHUSDT,2026-08-24 10:06:00+00:00,0.0005000000000000001,0.0019,BE_STOP,5.0,731.0,CHOP,5.0,,
ETHUSDT,2026-08-24 10:41:00+00:00,0.0005000000000000001,0.0019,BE_STOP,5.0,1277.0,CHOP,5.0,,
BTCUSDT,2026-08-24 10:41:00+00:00,0.0005000000000000001,0.0019,BE_STOP,5.0,197.0,CHOP,5.0,,
BTCUSDT,2026-08-24 10:41:00+00:00,0.0005000000000000001,0.0019,BE_STOP,5.0,37.0,CHOP,5.0,,
BTCUSDT,2026-08-24 10:43:00+00:00,0.0005000000000000001,0.0019,BE_STOP,5.0,202.0,CHOP,5.0,,
BTCUSDT,2026-08-24 10:52:00+00:00,0.0005000000000000001,0.0019,BE_STOP,5.0,46.0,CHOP,5.0,,
ETHUSDT,2026-08-24 11:07:00+00:00,0.0005000000000000001,0.0019,BE_STOP,5.0,25.0,CHOP,5.0,,
BTCUSDT,2026-08-24 11:07:00+00:00,0.0005000000000000001,0.0019,BE_STOP,5.0,23.0,CHOP,5.0,,
BTCUSDT,2026-08-24 11:10:00+00:00,0.0005000000000000001,0.0019,BE_STOP,5.0,23.0,CHOP,5.0,,
XRPUSDT,2026-08-24 11:13:00+00:00,0.0005000000000000001,0.0019,BE_STOP,5.0,21.0,CHOP,5.0,,
BTCUSDT,2026-08-24 11:35:00+00:00,0.004600000000000001,0.006,TP,5.0,23.0,CHOP,5.0,,
BTCUSDT,2026-08-24 11:35:00+00:00,0.004600000000000001,0.006,TP,5.0,21.0,CHOP,5.0,,
BTCUSDT,2026-08-24 11:37:00+00:00,0.004600000000000001,0.006,TP,5.0,855.0,CHOP,5.0,,
SOLUSDT,2026-08-24 11:41:00+00:00,0.0055929651070508535,0.006992965107050853,TP,5.0,6.0,CHOP,5.0,,
NEARUSDT,2026-08-24 11:46:00+00:00,0.0005000000000000001,0.0019,BE_STOP,5.0,5.0,CHOP,5.0,,
SOLUSDT,2026-08-24 12:17:00+00:00,0.0005000000000000001,0.0019,BE_STOP,5.0,70.0,CHOP,5.0,,
SOLUSDT,2026-08-24 12:17:00+00:00,0.0005000000000000001,0.0019,BE_STOP,5.0,68.0,CHOP,5.0,,
BTCUSDT,2026-08-24 12:42:00+00:00,0.004600000000000001,0.006,TP,5.0,64.0,CHOP,5.0,,
BTCUSDT,2026-08-24 12:50:00+00:00,0.007392585851459673,0.008792585851459672,TP,5.0,64.0,CHOP,5.0,,
BTCUSDT,2026-08-24 12:51:00+00:00,-0.0414,-0.04,MAE_KILL,5.0,1892.0,TREND,5.0,,
BTCUSDT,2026-08-24 12:51:00+00:00,0.006689808762658627,0.008089808762658626,TP,5.0,68.0,CHOP,5.0,,
SOLUSDT,2026-08-24 12:53:00+00:00,0.0005000000000000001,0.0019,BE_STOP,5.0,3.0,CHOP,5.0,,
BTCUSDT,2026-08-24 13:11:00+00:00,0.007098992429606256,0.008498992429606255,TP,5.0,28.0,TREND,5.0,,
BTCUSDT,2026-08-24 13:16:00+00:00,0.0005000000000000001,0.0019,BE_STOP,5.0,24.0,TREND,5.0,,
BTCUSDT,2026-08-24 13:42:00+00:00,0.007462842753643387,0.008862842753643387,TP,5.0,25.0,TREND,5.0,,
SOLUSDT,2026-08-24 13:49:00+00:00,0.0005000000000000001,0.0019,BE_STOP,5.0,90.0,CHOP,5.0,,
BTCUSDT,2026-08-24 14:24:00+00:00,0.0005000000000000001,0.0019,BE_STOP,5.0,86.0,TREND,5.0,,
BTCUSDT,2026-08-24 14:24:00+00:00,0.0005000000000000001,0.0019,BE_STOP,5.0,72.0,TREND,5.0,,
NEARUSDT,2026-08-24 14:51:00+00:00,0.0005000000000000001,0.0019,BE_STOP,5.0,27.0,CHOP,5.0,,
SOLUSDT,2026-08-24 15:23:00+00:00,-0.0414,-0.04,MAE_KILL,5.0,409.0,CHOP,5.0,,
SOLUSDT,2026-08-24 15:23:00+00:00,0.007941817087221314,0.009341817087221314,TP,5.0,147.0,CHOP,5.0,,
BTCUSDT,2026-08-24 15:51:00+00:00,0.0005000000000000001,0.0019,BE_STOP,5.0,84.0,CHOP,5.0,,
ETHUSDT,2026-08-24 15:52:00+00:00,0.009783242511848641,0.011183242511848641,TP,5.0,61.0,CHOP,5.0,,
BTCUSDT,2026-08-24 16:02:00+00:00,0.0005000000000000001,0.0019,BE_STOP,5.0,9.0,CHOP,5.0,,
SOLUSDT,2026-08-24 17:02:00+00:00,0.013512049941327327,0.014912049941327327,TP,5.0,71.0,CHOP,5.0,,
ETHUSDT,2026-08-24 17:02:00+00:00,0.009963636363636268,0.011363636363636269,TP,5.0,60.0,CHOP,5.0,,
BTCUSDT,2026-08-24 17:27:00+00:00,0.0005000000000000001,0.0019,BE_STOP,5.0,24.0,CHOP,5.0,,
BTCUSDT,2026-08-24 17:40:00+00:00,0.0005000000000000001,0.0019,BE_STOP,5.0,35.0,CHOP,5.0,,
NEARUSDT,2026-08-24 19:26:00+00:00,0.0005000000000000001,0.0019,BE_STOP,5.0,106.0,CHOP,5.0,,
BTCUSDT,2026-08-24 20:08:00+00:00,0.0005000000000000001,0.0019,BE_STOP,5.0,42.0,CHOP,5.0,,
ETHUSDT,2026-08-24 21:45:00+00:00,0.004600000000000001,0.006,TP,5.0,97.0,CHOP,5.0,,
SOLUSDT,2026-08-24 22:37:00+00:00,-0.0414,-0.04,MAE_KILL,5.0,620.0,CHOP,5.0,,
SOLUSDT,2026-08-24 23:43:00+00:00,-0.0414,-0.04,MAE_KILL,5.0,594.0,CHOP,5.0,,
NEARUSDT,2026-08-25 00:00:00+00:00,0.004600000000000001,0.006,TP,5.0,17.0,CHOP,5.0,,
BTCUSDT,2026-08-25 00:44:00+00:00,0.004600000000000001,0.006,TP,5.0,126.0,CHOP,5.0,,
BTCUSDT,2026-08-25 00:45:00+00:00,0.004600000000000001,0.006,TP,5.0,180.0,CHOP,5.0,,
BTCUSDT,2026-08-25 00:45:00+00:00,0.004600000000000001,0.006,TP,5.0,45.0,CHOP,5.0,,
NEARUSDT,2026-08-25 01:11:00+00:00,0.0005000000000000001,0.0019,BE_STOP,5.0,27.0,CHOP,5.0,,
NEARUSDT,2026-08-25 01:15:00+00:00,0.008472063880631776,0.009872063880631776,TP,5.0,4.0,TREND,5.0,,
BTCUSDT,2026-08-25 02:17:00+00:00,-0.0414,-0.04,MAE_KILL,5.0,923.0,CHOP,5.0,,
BTCUSDT,2026-08-25 02:17:00+00:00,0.005663061339878118,0.007063061339878118,TP,5.0,654.0,CHOP,5.0,,
BTCUSDT,2026-08-25 02:17:00+00:00,0.006825498067502809,0.008225498067502808,TP,5.0,652.0,CHOP,5.0,,
ETHUSDT,2026-08-25 02:18:00+00:00,0.008271251938548788,0.009671251938548788,TP,5.0,89.0,CHOP,5.0,,
XRPUSDT,2026-08-25 02:35:00+00:00,0.014811404207468475,0.016211404207468475,TP,5.0,10.0,CHOP,5.0,,
BTCUSDT,2026-08-25 02:44:00+00:00,0.0005000000000000001,0.0019,BE_STOP,5.0,25.0,CHOP,5.0,,
BTCUSDT,2026-08-25 02:44:00+00:00,0.0005000000000000001,0.0019,BE_STOP,5.0,9.0,TREND,5.0,,
BTCUSDT,2026-08-25 02:48:00+00:00,0.0005000000000000001,0.0019,BE_STOP,5.0,25.0,CHOP,5.0,,
BTCUSDT,2026-08-25 03:52:00+00:00,0.0005000000000000001,0.0019,BE_STOP,5.0,57.0,TREND,5.0,,
BTCUSDT,2026-08-25 04:03:00+00:00,0.0005000000000000001,0.0019,BE_STOP,5.0,11.0,TREND,5.0,,
BTCUSDT,2026-08-25 05:05:00+00:00,0.0005000000000000001,0.0019,BE_STOP,5.0,133.0,TREND,5.0,,
XRPUSDT,2026-08-25 05:06:00+00:00,0.0005000000000000001,0.0019,BE_STOP,5.0,129.0,TREND,5.0,,
ETHUSDT,2026-08-25 06:33:00+00:00,0.0005000000000000001,0.0019,BE_STOP,5.0,84.0,CHOP,5.0,,
NEARUSDT,2026-08-25 06:49:00+00:00,0.011729853711396019,0.013129853711396019,TP,5.0,166.0,CHOP,5.0,,
NEARUSDT,2026-08-25 06:50:00+00:00,-0.0264,-0.025,MAE_KILL,5.0,103.0,CHOP,5.0,,
BTCUSDT,2026-08-25 07:00:00+00:00,0.0005000000000000001,0.0019,BE_STOP,5.0,27.0,CHOP,5.0,,
BTCUSDT,2026-08-25 07:49:00+00:00,0.004600000000000001,0.006,TP,5.0,60.0,CHOP,5.0,,
BTCUSDT,2026-08-25 07:49:00+00:00,0.004600000000000001,0.006,TP,5.0,57.0,CHOP,5.0,,
NEARUSDT,2026-08-25 07:51:00+00:00,0.01431539113452959,0.01571539113452959,TP,5.0,51.0,CHOP,5.0,,
BTCUSDT,2026-08-25 09:53:00+00:00,0.0056979429967322385,0.007097942996732238,TP,5.0,517.0,TREND,5.0,,
BTCUSDT,2026-08-25 09:53:00+00:00,0.007510803662959421,0.00891080366295942,TP,5.0,121.0,CHOP,5.0,,
BTCUSDT,2026-08-25 09:53:00+00:00,0.007983965818451028,0.009383965818451028,TP,5.0,119.0,CHOP,5.0,,
BTCUSDT,2026-08-25 09:53:00+00:00,0.008754001004377674,0.010154001004377675,TP,5.0,117.0,CHOP,5.0,,
SOLUSDT,2026-08-25 10:46:00+00:00,0.0005000000000000001,0.0019,BE_STOP,5.0,46.0,CHOP,5.0,,
SOLUSDT,2026-08-25 12:06:00+00:00,-0.0414,-0.04,MAE_KILL,5.0,679.0,TREND,5.0,,
BTCUSDT,2026-08-25 12:12:00+00:00,0.0005000000000000001,0.0019,BE_STOP,5.0,138.0,CHOP,5.0,,
BTCUSDT,2026-08-25 12:13:00+00:00,0.0005000000000000001,0.0019,BE_STOP,5.0,135.0,CHOP,5.0,,
ETHUSDT,2026-08-25 12:24:00+00:00,0.0005000000000000001,0.0019,BE_STOP,5.0,17.0,CHOP,5.0,,
BTCUSDT,2026-08-25 12:28:00+00:00,0.0005000000000000001,0.0019,BE_STOP,5.0,4.0,TREND,5.0,,
NEARUSDT,2026-08-25 13:22:00+00:00,-0.0264,-0.025,MAE_KILL,5.0,64.0,CHOP,5.0,,
BTCUSDT,2026-08-25 13:23:00+00:00,0.007042941071617916,0.008442941071617915,TP,5.0,207.0,CHOP,5.0,,
BTCUSDT,2026-08-25 13:24:00+00:00,0.0005000000000000001,0.0019,BE_STOP,5.0,56.0,TREND,5.0,,
BTCUSDT,2026-08-25 13:47:00+00:00,0.0005000000000000001,0.0019,BE_STOP,5.0,19.0,TREND,5.0,,
BTCUSDT,2026-08-25 13:51:00+00:00,0.005013574967877636,0.006413574967877636,TP,5.0,27.0,TREND,5.0,,
XRPUSDT,2026-08-25 13:57:00+00:00,0.0005000000000000001,0.0019,BE_STOP,5.0,35.0,CHOP,5.0,,
BTCUSDT,2026-08-25 14:04:00+00:00,0.0005000000000000001,0.0019,BE_STOP,5.0,1237.0,CHOP,5.0,,
SOLUSDT,2026-08-25 14:04:00+00:00,0.0005000000000000001,0.0019,BE_STOP,5.0,16.0,TREND,5.0,,
BTCUSDT,2026-08-25 15:36:00+00:00,0.007486651548894265,0.008886651548894264,TP,5.0,90.0,TREND,5.0,,
BTCUSDT,2026-08-25 16:03:00+00:00,0.007412351772084249,0.008812351772084248,TP,5.0,115.0,TREND,5.0,,
ETHUSDT,2026-08-25 16:06:00+00:00,0.0005000000000000001,0.0019,BE_STOP,5.0,29.0,CHOP,5.0,,
XRPUSDT,2026-08-25 21:08:00+00:00,-0.0414,-0.04,MAE_KILL,5.0,532.0,TREND,5.0,,
XRPUSDT,2026-08-25 21:08:00+00:00,-0.0414,-0.04,MAE_KILL,5.0,302.0,CHOP,5.0,,
SOLUSDT,2026-08-25 21:35:00+00:00,0.0005000000000000001,0.0019,BE_STOP,5.0,457.0,TREND,5.0,,
BTCUSDT,2026-08-25 22:28:00+00:00,0.0005000000000000001,0.0019,BE_STOP,5.0,51.0,CHOP,5.0,,
ETHUSDT,2026-08-25 23:57:00+00:00,0.0005000000000000001,0.0019,BE_STOP,5.0,89.0,CHOP,5.0,,
BTCUSDT,2026-08-26 00:16:00+00:00,0.0005000000000000001,0.0019,BE_STOP,5.0,17.0,CHOP,5.0,,
NEARUSDT,2026-08-26 01:06:00+00:00,0.00892171581769451,0.01032171581769451,TP,5.0,50.0,CHOP,5.0,,
BTCUSDT,2026-08-26 03:48:00+00:00,0.0005000000000000001,0.0019,BE_STOP,5.0,161.0,CHOP,5.0,,
BTCUSDT,2026-08-26 05:11:00+00:00,0.0005000000000000001,0.0019,BE_STOP,5.0,83.0,CHOP,5.0,,
XRPUSDT,2026-08-26 09:00:00+00:00,0.0005000000000000001,0.0019,BE_STOP,5.0,229.0,CHOP,5.0,,
BTCUSDT,2026-08-26 09:47:00+00:00,0.004600000000000001,0.006,TP,5.0,47.0,CHOP,5.0,,
NEARUSDT,2026-08-26 13:34:00+00:00,0.0005000000000000001,0.0019,BE_STOP,5.0,227.0,TREND,5.0,,
BTCUSDT,2026-08-26 13:43:00+00:00,-0.003429613440437657,-0.002029613440437657,MAX_AGE,5.0,2880.0,CHOP,5.0,,
BTCUSDT,2026-08-26 13:50:00+00:00,0.0005000000000000001,0.0019,BE_STOP,5.0,15.0,CHOP,5.0,,
NEARUSDT,2026-08-26 14:50:00+00:00,0.0005000000000000001,0.0019,BE_STOP,5.0,59.0,CHOP,5.0,,
BTCUSDT,2026-08-26 15:10:00+00:00,0.0005000000000000001,0.0019,BE_STOP,5.0,1082.0,TREND,5.0,,
ETHUSDT,2026-08-26 15:10:00+00:00,0.0005000000000000001,0.0019,BE_STOP,5.0,20.0,CHOP,5.0,,
BTCUSDT,2026-08-26 15:26:00+00:00,0.0005000000000000001,0.0019,BE_STOP,5.0,1096.0,TREND,5.0,,
BTCUSDT,2026-08-26 17:16:00+00:00,0.0005000000000000001,0.0019,BE_STOP,5.0,1643.0,CHOP,5.0,,
BTCUSDT,2026-08-26 18:41:00+00:00,0.0005000000000000001,0.0019,BE_STOP,5.0,85.0,CHOP,5.0,,
XRPUSDT,2026-08-26 18:43:00+00:00,0.0005000000000000001,0.0019,BE_STOP,5.0,196.0,CHOP,5.0,,
BTCUSDT,2026-08-26 22:21:00+00:00,0.005566992291028148,0.006966992291028148,TP,5.0,518.0,CHOP,5.0,,
XRPUSDT,2026-08-27 00:04:00+00:00,0.0005000000000000001,0.0019,BE_STOP,5.0,103.0,CHOP,5.0,,
BTCUSDT,2026-08-27 01:25:00+00:00,0.0005000000000000001,0.0019,BE_STOP,5.0,80.0,CHOP,5.0,,
SOLUSDT,2026-08-27 01:30:00+00:00,0.005065163760583293,0.006465163760583292,TP,5.0,5.0,TREND,5.0,,
BTCUSDT,2026-08-27 02:21:00+00:00,-0.02562786377708971,-0.02422786377708971,MAX_AGE,5.0,2880.0,CHOP,5.0,,
BTCUSDT,2026-08-27 05:40:00+00:00,0.0005000000000000001,0.0019,BE_STOP,5.0,199.0,CHOP,5.0,,
ETHUSDT,2026-08-27 06:05:00+00:00,0.0005000000000000001,0.0019,BE_STOP,5.0,24.0,CHOP,5.0,,
NEARUSDT,2026-08-27 06:18:00+00:00,0.0005000000000000001,0.0019,BE_STOP,5.0,12.0,CHOP,5.0,,
BTCUSDT,2026-08-27 08:03:00+00:00,0.004600000000000001,0.006,TP,5.0,392.0,CHOP,5.0,,
BTCUSDT,2026-08-27 08:10:00+00:00,0.004600000000000001,0.006,TP,5.0,5.0,CHOP,5.0,,
BTCUSDT,2026-08-27 08:14:00+00:00,0.0005000000000000001,0.0019,BE_STOP,5.0,2410.0,CHOP,5.0,,
BTCUSDT,2026-08-27 08:16:00+00:00,0.0005000000000000001,0.0019,BE_STOP,5.0,2729.0,TREND,5.0,,
SOLUSDT,2026-08-27 08:48:00+00:00,-0.0414,-0.04,MAE_KILL,5.0,150.0,CHOP,5.0,,
ETHUSDT,2026-08-27 09:03:00+00:00,0.0005000000000000001,0.0019,BE_STOP,5.0,53.0,CHOP,5.0,,
SOLUSDT,2026-08-27 09:20:00+00:00,0.021857168937356224,0.023257168937356222,TP,5.0,66.0,CHOP,5.0,,
BTCUSDT,2026-08-27 09:25:00+00:00,0.0069406879618361785,0.008340687961836178,TP,5.0,68.0,TREND,5.0,,
BTCUSDT,2026-08-27 09:26:00+00:00,0.004600000000000001,0.006,TP,5.0,38.0,TREND,5.0,,
ETHUSDT,2026-08-27 09:27:00+00:00,-0.0414,-0.04,MAE_KILL,5.0,884.0,CHOP,5.0,,
BTCUSDT,2026-08-27 09:35:00+00:00,0.0005000000000000001,0.0019,BE_STOP,5.0,14.0,TREND,5.0,,
BTCUSDT,2026-08-27 10:29:00+00:00,0.0005000000000000001,0.0019,BE_STOP,5.0,86.0,TREND,5.0,,
BTCUSDT,2026-08-27 10:41:00+00:00,0.0005000000000000001,0.0019,BE_STOP,5.0,12.0,CHOP,5.0,,
BTCUSDT,2026-08-27 11:54:00+00:00,0.0005000000000000001,0.0019,BE_STOP,5.0,73.0,CHOP,5.0,,
XRPUSDT,2026-08-27 12:36:00+00:00,0.0005000000000000001,0.0019,BE_STOP,5.0,41.0,CHOP,5.0,,
BTCUSDT,2026-08-27 13:51:00+00:00,0.0005000000000000001,0.0019,BE_STOP,5.0,74.0,CHOP,5.0,,
SOLUSDT,2026-08-27 14:08:00+00:00,0.0005000000000000001,0.0019,BE_STOP,5.0,282.0,TREND,5.0,,
BTCUSDT,2026-08-27 14:36:00+00:00,0.00571457854647469,0.007114578546474689,TP,5.0,28.0,CHOP,5.0,,
BTCUSDT,2026-08-27 15:22:00+00:00,0.0005000000000000001,0.0019,BE_STOP,5.0,352.0,TREND,5.0,,
XRPUSDT,2026-08-27 17:01:00+00:00,0.0005000000000000001,0.0019,BE_STOP,5.0,145.0,CHOP,5.0,,
XRPUSDT,2026-08-27 18:21:00+00:00,0.013487073710603169,0.014887073710603169,TP,5.0,177.0,CHOP,5.0,,
BTCUSDT,2026-08-27 18:21:00+00:00,0.004600000000000001,0.006,TP,5.0,79.0,CHOP,5.0,,
BTCUSDT,2026-08-28 01:18:00+00:00,-0.0414,-0.04,MAE_KILL,5.0,2045.0,CHOP,5.0,,
BTCUSDT,2026-08-28 01:18:00+00:00,-0.0414,-0.04,MAE_KILL,5.0,2042.0,CHOP,5.0,,
BTCUSDT,2026-08-28 01:33:00+00:00,-0.0414,-0.04,MAE_KILL,5.0,1852.0,CHOP,5.0,,
ETHUSDT,2026-08-28 01:34:00+00:00,0.0005000000000000001,0.0019,BE_STOP,5.0,15.0,TREND,5.0,,
BTCUSDT,2026-08-28 01:37:00+00:00,0.0005000000000000001,0.0019,BE_STOP,5.0,16.0,TREND,5.0,,
ETHUSDT,2026-08-28 02:14:00+00:00,0.005102009557443882,0.006502009557443881,TP,5.0,35.0,TREND,5.0,,
XRPUSDT,2026-08-28 02:26:00+00:00,0.0005000000000000001,0.0019,BE_STOP,5.0,10.0,CHOP,5.0,,
XRPUSDT,2026-08-28 02:34:00+00:00,0.0005000000000000001,0.0019,BE_STOP,5.0,8.0,CHOP,5.0,,
BTCUSDT,2026-08-28 02:58:00+00:00,0.0005000000000000001,0.0019,BE_STOP,5.0,24.0,CHOP,5.0,,
ETHUSDT,2026-08-28 04:09:00+00:00,0.004600000000000001,0.006,TP,5.0,71.0,CHOP,5.0,,
BTCUSDT,2026-08-28 04:12:00+00:00,0.0005000000000000001,0.0019,BE_STOP,5.0,590.0,CHOP,5.0,,
BTCUSDT,2026-08-28 04:13:00+00:00,0.0005000000000000001,0.0019,BE_STOP,5.0,589.0,CHOP,5.0,,
XRPUSDT,2026-08-28 10:02:00+00:00,-0.0414,-0.04,MAE_KILL,5.0,507.0,CHOP,5.0,,
BTCUSDT,2026-08-28 10:03:00+00:00,0.004600000000000001,0.006,TP,5.0,353.0,CHOP,5.0,,
BTCUSDT,2026-08-28 14:05:00+00:00,0.004600000000000001,0.006,TP,5.0,240.0,CHOP,5.0,,
BTCUSDT,2026-08-28 14:06:00+00:00,0.006042618632661916,0.007442618632661916,TP,5.0,1455.0,CHOP,5.0,,
BTCUSDT,2026-08-28 14:12:00+00:00,0.004600000000000001,0.006,TP,5.0,244.0,CHOP,5.0,,
ETHUSDT,2026-08-28 16:03:00+00:00,-0.0414,-0.04,MAE_KILL,5.0,1835.0,TREND,5.0,,
BTCUSDT,2026-08-28 16:03:00+00:00,-0.0414,-0.04,MAE_KILL,5.0,870.0,TREND,5.0,,
ETHUSDT,2026-08-28 16:15:00+00:00,-0.0414,-0.04,MAE_KILL,5.0,1840.0,TREND,5.0,,
ETHUSDT,2026-08-28 16:15:00+00:00,0.015513759380637914,0.016913759380637914,TP,5.0,128.0,CHOP,5.0,,
BTCUSDT,2026-08-28 16:18:00+00:00,0.005863762880639932,0.007263762880639932,TP,5.0,15.0,CHOP,5.0,,
BTCUSDT,2026-08-28 16:22:00+00:00,0.006160180573728632,0.007560180573728631,TP,5.0,17.0,CHOP,5.0,,
ETHUSDT,2026-08-28 16:24:00+00:00,0.00890055199606292,0.01030055199606292,TP,5.0,6.0,CHOP,5.0,,
BTCUSDT,2026-08-28 16:24:00+00:00,0.006234850161581782,0.007634850161581781,TP,5.0,4.0,TREND,5.0,,
SOLUSDT,2026-08-28 16:28:00+00:00,0.0005000000000000001,0.0019,BE_STOP,5.0,13.0,CHOP,5.0,,
SOLUSDT,2026-08-28 19:10:00+00:00,0.0005000000000000001,0.0019,BE_STOP,5.0,165.0,CHOP,5.0,,
SOLUSDT,2026-08-28 20:41:00+00:00,0.0005000000000000001,0.0019,BE_STOP,5.0,396.0,CHOP,5.0,,
SOLUSDT,2026-08-28 20:44:00+00:00,0.0005000000000000001,0.0019,BE_STOP,5.0,391.0,CHOP,5.0,,
SOLUSDT,2026-08-28 20:51:00+00:00,0.0005000000000000001,0.0019,BE_STOP,5.0,10.0,TREND,5.0,,
SOLUSDT,2026-08-28 20:51:00+00:00,0.0005000000000000001,0.0019,BE_STOP,5.0,7.0,CHOP,5.0,,
SOLUSDT,2026-08-28 21:18:00+00:00,0.0005000000000000001,0.0019,BE_STOP,5.0,128.0,CHOP,5.0,,
BTCUSDT,2026-08-30 04:19:00+00:00,-0.02347674655309041,-0.02207674655309041,MAX_AGE,5.0,2880.0,CHOP,5.0,,
BTCUSDT,2026-08-30 04:22:00+00:00,-0.02364170319348779,-0.02224170319348779,MAX_AGE,5.0,2880.0,CHOP,5.0,,
ETHUSDT,2026-08-30 16:27:00+00:00,-0.03553279578739501,-0.03413279578739501,MAX_AGE,5.0,2880.0,TREND,5.0,,
BTCUSDT,2026-08-30 16:29:00+00:00,-0.02033920340296875,-0.01893920340296875,MAX_AGE,5.0,2880.0,TREND,5.0,,
ETHUSDT,2026-08-30 16:31:00+00:00,-0.03189936399819455,-0.030499363998194546,MAX_AGE,5.0,2880.0,TREND,5.0,,
ETHUSDT,2026-08-30 16:36:00+00:00,-0.0414,-0.04,MAE_KILL,5.0,2597.0,CHOP,5.0,,
ETHUSDT,2026-08-30 16:41:00+00:00,0.005651799239355033,0.007051799239355032,TP,5.0,11.0,TREND,5.0,,
BTCUSDT,2026-08-30 17:07:00+00:00,0.0005000000000000001,0.0019,BE_STOP,5.0,39.0,TREND,5.0,,
ETHUSDT,2026-08-30 17:19:00+00:00,0.004615729262727696,0.0060157292627276955,TP,5.0,12.0,TREND,5.0,,
SOLUSDT,2026-08-30 17:23:00+00:00,0.004600000000000001,0.006,TP,5.0,51.0,CHOP,5.0,,
ETHUSDT,2026-08-30 17:44:00+00:00,0.0005000000000000001,0.0019,BE_STOP,5.0,25.0,TREND,5.0,,
XRPUSDT,2026-08-30 18:29:00+00:00,0.004600000000000001,0.006,TP,5.0,44.0,CHOP,5.0,,
ETHUSDT,2026-08-30 18:40:00+00:00,0.0005000000000000001,0.0019,BE_STOP,5.0,10.0,CHOP,5.0,,
BTCUSDT,2026-08-30 20:51:00+00:00,-0.01825889798861358,-0.01685889798861358,MAX_AGE,5.0,2880.0,TREND,5.0,,
BTCUSDT,2026-08-30 20:53:00+00:00,-0.018320758112010505,-0.016920758112010506,MAX_AGE,5.0,2880.0,TREND,5.0,,
BTCUSDT,2026-08-30 21:01:00+00:00,0.004600000000000001,0.006,TP,5.0,215.0,CHOP,5.0,,
NEARUSDT,2026-08-30 21:02:00+00:00,0.012622740400693088,0.014022740400693089,TP,5.0,8.0,CHOP,5.0,,
NEARUSDT,2026-08-30 21:02:00+00:00,0.011916869300911738,0.013316869300911739,TP,5.0,6.0,CHOP,5.0,,
BTCUSDT,2026-08-30 23:20:00+00:00,0.0005000000000000001,0.0019,BE_STOP,5.0,136.0,CHOP,5.0,,
ETHUSDT,2026-08-30 23:23:00+00:00,0.004600000000000001,0.006,TP,5.0,1141.0,CHOP,5.0,,
SOLUSDT,2026-08-30 23:23:00+00:00,-0.0414,-0.04,MAE_KILL,5.0,406.0,CHOP,5.0,,
ETHUSDT,2026-08-30 23:23:00+00:00,0.008653392368798024,0.010053392368798025,TP,5.0,141.0,CHOP,5.0,,
ETHUSDT,2026-08-30 23:23:00+00:00,0.009477043872429916,0.010877043872429916,TP,5.0,137.0,CHOP,5.0,,
NEARUSDT,2026-08-30 23:23:00+00:00,0.008640391498624236,0.010040391498624237,TP,5.0,3.0,CHOP,5.0,,
BTCUSDT,2026-08-30 23:26:00+00:00,0.0005000000000000001,0.0019,BE_STOP,5.0,1147.0,CHOP,5.0,,
ETHUSDT,2026-08-30 23:36:00+00:00,-0.0414,-0.04,MAE_KILL,5.0,296.0,CHOP,5.0,,
NEARUSDT,2026-08-30 23:36:00+00:00,0.014346048961884088,0.01574604896188409,TP,5.0,12.0,CHOP,5.0,,
BTCUSDT,2026-08-30 23:36:00+00:00,0.006061860129248566,0.007461860129248566,TP,5.0,10.0,CHOP,5.0,,
BTCUSDT,2026-08-30 23:47:00+00:00,0.008812069495508685,0.010212069495508685,TP,5.0,17.0,TREND,5.0,,
BTCUSDT,2026-08-30 23:47:00+00:00,0.008779223047683034,0.010179223047683034,TP,5.0,14.0,TREND,5.0,,
BTCUSDT,2026-08-30 23:50:00+00:00,0.0005000000000000001,0.0019,BE_STOP,5.0,7.0,TREND,5.0,,
ETHUSDT,2026-08-30 23:52:00+00:00,0.0005000000000000001,0.0019,BE_STOP,5.0,12.0,TREND,5.0,,
BTCUSDT,2026-08-30 23:57:00+00:00,0.0005000000000000001,0.0019,BE_STOP,5.0,21.0,TREND,5.0,,
NEARUSDT,2026-08-31 00:38:00+00:00,-0.0264,-0.025,MAE_KILL,5.0,44.0,TREND,5.0,,
BTCUSDT,2026-08-31 01:04:00+00:00,0.0005000000000000001,0.0019,BE_STOP,5.0,59.0,TREND,5.0,,
ETHUSDT,2026-08-31 01:05:00+00:00,0.0005000000000000001,0.0019,BE_STOP,5.0,63.0,TREND,5.0,,
BTCUSDT,2026-08-31 01:07:00+00:00,0.0005000000000000001,0.0019,BE_STOP,5.0,67.0,TREND,5.0,,
XRPUSDT,2026-08-31 01:55:00+00:00,0.006147129979522521,0.00754712997952252,TP,5.0,46.0,TREND,5.0,,
ETHUSDT,2026-08-31 02:05:00+00:00,0.0005000000000000001,0.0019,BE_STOP,5.0,54.0,TREND,5.0,,
ETHUSDT,2026-08-31 02:06:00+00:00,0.0005000000000000001,0.0019,BE_STOP,5.0,61.0,TREND,5.0,,
NEARUSDT,2026-08-31 02:20:00+00:00,0.0005000000000000001,0.0019,BE_STOP,5.0,11.0,CHOP,5.0,,
SOLUSDT,2026-08-31 02:35:00+00:00,0.0005000000000000001,0.0019,BE_STOP,5.0,28.0,TREND,5.0,,
ETHUSDT,2026-08-31 03:09:00+00:00,0.0005000000000000001,0.0019,BE_STOP,5.0,33.0,CHOP,5.0,,
BTCUSDT,2026-08-31 03:10:00+00:00,0.0005000000000000001,0.0019,BE_STOP,5.0,75.0,CHOP,5.0,,
NEARUSDT,2026-08-31 03:37:00+00:00,0.0005000000000000001,0.0019,BE_STOP,5.0,28.0,CHOP,5.0,,
BTCUSDT,2026-08-31 03:55:00+00:00,0.0005000000000000001,0.0019,BE_STOP,5.0,44.0,CHOP,5.0,,
XRPUSDT,2026-08-31 05:18:00+00:00,0.004600000000000001,0.006,TP,5.0,83.0,CHOP,5.0,,
SOLUSDT,2026-08-31 05:20:00+00:00,0.004600000000000001,0.006,TP,5.0,180.0,CHOP,5.0,,
BTCUSDT,2026-08-31 05:39:00+00:00,0.0005000000000000001,0.0019,BE_STOP,5.0,121.0,CHOP,5.0,,
BTCUSDT,2026-08-31 07:29:00+00:00,0.0005000000000000001,0.0019,BE_STOP,5.0,123.0,CHOP,5.0,,
BTCUSDT,2026-08-31 08:03:00+00:00,0.0005000000000000001,0.0019,BE_STOP,5.0,445.0,CHOP,5.0,,
BTCUSDT,2026-08-31 08:06:00+00:00,0.0005000000000000001,0.0019,BE_STOP,5.0,143.0,CHOP,5.0,,
BTCUSDT,2026-08-31 08:07:00+00:00,0.0005000000000000001,0.0019,BE_STOP,5.0,166.0,CHOP,5.0,,
SOLUSDT,2026-08-31 08:09:00+00:00,0.0005000000000000001,0.0019,BE_STOP,5.0,6.0,TREND,5.0,,
BTCUSDT,2026-08-31 08:44:00+00:00,0.0005000000000000001,0.0019,BE_STOP,5.0,75.0,CHOP,5.0,,
BTCUSDT,2026-08-31 08:44:00+00:00,0.0005000000000000001,0.0019,BE_STOP,5.0,32.0,TREND,5.0,,
BTCUSDT,2026-08-31 09:08:00+00:00,0.004600000000000001,0.006,TP,5.0,22.0,CHOP,5.0,,
SOLUSDT,2026-08-31 09:09:00+00:00,0.014203260625645132,0.015603260625645132,TP,5.0,551.0,TREND,5.0,,
BTCUSDT,2026-08-31 09:09:00+00:00,0.004600000000000001,0.006,TP,5.0,25.0,CHOP,5.0,,
SOLUSDT,2026-08-31 10:12:00+00:00,0.0005000000000000001,0.0019,BE_STOP,5.0,59.0,TREND,5.0,,
BTCUSDT,2026-08-31 12:30:00+00:00,0.004600000000000001,0.006,TP,5.0,138.0,TREND,5.0,,
BTCUSDT,2026-08-31 12:59:00+00:00,0.0005000000000000001,0.0019,BE_STOP,5.0,28.0,CHOP,5.0,,
BTCUSDT,2026-08-31 13:00:00+00:00,0.0005000000000000001,0.0019,BE_STOP,5.0,293.0,TREND,5.0,,
SOLUSDT,2026-08-31 13:38:00+00:00,0.0005000000000000001,0.0019,BE_STOP,5.0,329.0,TREND,5.0,,
ETHUSDT,2026-08-31 14:04:00+00:00,0.0005000000000000001,0.0019,BE_STOP,5.0,26.0,CHOP,5.0,,
ETHUSDT,2026-08-31 14:41:00+00:00,0.004600000000000001,0.006,TP,5.0,99.0,CHOP,5.0,,
SOLUSDT,2026-08-31 14:41:00+00:00,0.006059275352826182,0.007459275352826181,TP,5.0,37.0,CHOP,5.0,,
BTCUSDT,2026-08-31 16:16:00+00:00,0.0005000000000000001,0.0019,BE_STOP,5.0,91.0,CHOP,5.0,,
BTCUSDT,2026-08-31 16:57:00+00:00,0.0005000000000000001,0.0019,BE_STOP,5.0,466.0,TREND,5.0,,
BTCUSDT,2026-08-31 17:46:00+00:00,0.0005000000000000001,0.0019,BE_STOP,5.0,517.0,TREND,5.0,,
BTCUSDT,2026-08-31 18:01:00+00:00,0.0005000000000000001,0.0019,BE_STOP,5.0,64.0,CHOP,5.0,,
SOLUSDT,2026-08-31 18:24:00+00:00,0.0005000000000000001,0.0019,BE_STOP,5.0,23.0,CHOP,5.0,,
BTCUSDT,2026-08-31 18:53:00+00:00,0.0005000000000000001,0.0019,BE_STOP,5.0,66.0,CHOP,5.0,,
NEARUSDT,2026-08-31 19:49:00+00:00,0.0005000000000000001,0.0019,BE_STOP,5.0,56.0,CHOP,5.0,,
NEARUSDT,2026-08-31 20:33:00+00:00,0.0005000000000000001,0.0019,BE_STOP,5.0,129.0,CHOP,5.0,,
ETHUSDT,2026-08-31 20:34:00+00:00,0.0005000000000000001,0.0019,BE_STOP,5.0,351.0,CHOP,5.0,,
SOLUSDT,2026-08-31 21:30:00+00:00,0.0005000000000000001,0.0019,BE_STOP,5.0,101.0,CHOP,5.0,,
NEARUSDT,2026-08-31 22:00:00+00:00,-0.0264,-0.025,MAE_KILL,5.0,344.0,CHOP,5.0,,
NEARUSDT,2026-08-31 23:01:00+00:00,0.0005000000000000001,0.0019,BE_STOP,5.0,60.0,CHOP,5.0,,
BTCUSDT,2026-09-01 00:09:00+00:00,0.0005000000000000001,0.0019,BE_STOP,5.0,215.0,CHOP,5.0,,
BTCUSDT,2026-09-01 00:09:00+00:00,0.0005000000000000001,0.0019,BE_STOP,5.0,211.0,CHOP,5.0,,
NEARUSDT,2026-09-01 00:47:00+00:00,0.009753187736680942,0.011153187736680942,TP,5.0,37.0,CHOP,5.0,,
NEARUSDT,2026-09-01 01:02:00+00:00,0.0005000000000000001,0.0019,BE_STOP,5.0,15.0,TREND,5.0,,
SOLUSDT,2026-09-01 01:35:00+00:00,0.0005000000000000001,0.0019,BE_STOP,5.0,32.0,CHOP,5.0,,
XRPUSDT,2026-09-01 02:12:00+00:00,0.004600000000000001,0.006,TP,5.0,191.0,CHOP,5.0,,
ETHUSDT,2026-09-01 02:27:00+00:00,0.0005000000000000001,0.0019,BE_STOP,5.0,52.0,CHOP,5.0,,
BTCUSDT,2026-09-01 05:55:00+00:00,0.004600000000000001,0.006,TP,5.0,343.0,CHOP,5.0,,
BTCUSDT,2026-09-01 06:02:00+00:00,0.0005000000000000001,0.0019,BE_STOP,5.0,511.0,CHOP,5.0,,
NEARUSDT,2026-09-01 08:06:00+00:00,-0.0264,-0.025,MAE_KILL,5.0,131.0,CHOP,5.0,,
BTCUSDT,2026-09-01 08:26:00+00:00,0.004600000000000001,0.006,TP,5.0,19.0,CHOP,5.0,,
BTCUSDT,2026-09-01 10:18:00+00:00,0.004600000000000001,0.006,TP,5.0,485.0,CHOP,5.0,,
BTCUSDT,2026-09-01 10:31:00+00:00,0.0005000000000000001,0.0019,BE_STOP,5.0,482.0,CHOP,5.0,,
NEARUSDT,2026-09-01 11:31:00+00:00,0.007048501036693807,0.008448501036693807,TP,5.0,59.0,TREND,5.0,,
BTCUSDT,2026-09-01 12:42:00+00:00,0.0005000000000000001,0.0019,BE_STOP,5.0,255.0,CHOP,5.0,,
ETHUSDT,2026-09-01 13:06:00+00:00,0.005476618328686368,0.006876618328686367,TP,5.0,24.0,CHOP,5.0,,
XRPUSDT,2026-09-01 13:07:00+00:00,0.0005000000000000001,0.0019,BE_STOP,5.0,1448.0,CHOP,5.0,,
BTCUSDT,2026-09-01 13:11:00+00:00,0.0005000000000000001,0.0019,BE_STOP,5.0,172.0,TREND,5.0,,
NEARUSDT,2026-09-01 13:41:00+00:00,0.0005000000000000001,0.0019,BE_STOP,5.0,29.0,CHOP,5.0,,
BTCUSDT,2026-09-01 13:43:00+00:00,0.0005000000000000001,0.0019,BE_STOP,5.0,36.0,CHOP,5.0,,
BTCUSDT,2026-09-01 13:44:00+00:00,0.0005000000000000001,0.0019,BE_STOP,5.0,34.0,CHOP,5.0,,
BTCUSDT,2026-09-01 14:05:00+00:00,0.0005000000000000001,0.0019,BE_STOP,5.0,153.0,TREND,5.0,,
BTCUSDT,2026-09-01 14:13:00+00:00,0.0005000000000000001,0.0019,BE_STOP,5.0,8.0,CHOP,5.0,,
XRPUSDT,2026-09-01 14:48:00+00:00,0.008695265920260433,0.010095265920260433,TP,5.0,64.0,CHOP,5.0,,
XRPUSDT,2026-09-01 14:52:00+00:00,0.0005000000000000001,0.0019,BE_STOP,5.0,39.0,CHOP,5.0,,
SOLUSDT,2026-09-01 14:58:00+00:00,0.0005000000000000001,0.0019,BE_STOP,5.0,5.0,CHOP,5.0,,
BTCUSDT,2026-09-01 15:01:00+00:00,0.0005000000000000001,0.0019,BE_STOP,5.0,75.0,CHOP,5.0,,
ETHUSDT,2026-09-01 15:37:00+00:00,0.0005000000000000001,0.0019,BE_STOP,5.0,38.0,CHOP,5.0,,
NEARUSDT,2026-09-01 16:18:00+00:00,0.013768161037672307,0.015168161037672307,TP,5.0,75.0,TREND,5.0,,
XRPUSDT,2026-09-01 16:39:00+00:00,0.0005000000000000001,0.0019,BE_STOP,5.0,178.0,CHOP,5.0,,
BTCUSDT,2026-09-01 16:40:00+00:00,0.0005000000000000001,0.0019,BE_STOP,5.0,21.0,CHOP,5.0,,
BTCUSDT,2026-09-01 16:42:00+00:00,-0.022370652459613012,-0.020970652459613014,MAX_AGE,5.0,2880.0,TREND,5.0,,
SOLUSDT,2026-09-01 16:47:00+00:00,0.0005000000000000001,0.0019,BE_STOP,5.0,8.0,CHOP,5.0,,
SOLUSDT,2026-09-01 17:20:00+00:00,0.0005000000000000001,0.0019,BE_STOP,5.0,39.0,CHOP,5.0,,
NEARUSDT,2026-09-01 17:42:00+00:00,0.0005000000000000001,0.0019,BE_STOP,5.0,55.0,CHOP,5.0,,
NEARUSDT,2026-09-01 18:09:00+00:00,0.011079170795803993,0.012479170795803993,TP,5.0,49.0,CHOP,5.0,,
BTCUSDT,2026-09-01 18:27:00+00:00,0.004600000000000001,0.006,TP,5.0,102.0,CHOP,5.0,,
BTCUSDT,2026-09-01 18:28:00+00:00,0.004600000000000001,0.006,TP,5.0,18.0,CHOP,5.0,,
BTCUSDT,2026-09-01 18:38:00+00:00,0.008570959516972464,0.009970959516972465,TP,5.0,2568.0,TREND,5.0,,
ETHUSDT,2026-09-01 18:38:00+00:00,0.005390181899949059,0.006790181899949058,TP,5.0,9.0,CHOP,5.0,,
BTCUSDT,2026-09-01 18:45:00+00:00,0.009124600461237238,0.010524600461237238,TP,5.0,2577.0,TREND,5.0,,
BTCUSDT,2026-09-01 18:45:00+00:00,0.004600000000000001,0.006,TP,5.0,14.0,CHOP,5.0,,
ETHUSDT,2026-09-02 09:23:00+00:00,-0.0414,-0.04,MAE_KILL,5.0,1641.0,CHOP,5.0,,
BTCUSDT,2026-09-02 09:48:00+00:00,0.0005000000000000001,0.0019,BE_STOP,5.0,24.0,CHOP,5.0,,
SOLUSDT,2026-09-02 09:49:00+00:00,0.0005000000000000001,0.0019,BE_STOP,5.0,908.0,TREND,5.0,,
XRPUSDT,2026-09-02 10:33:00+00:00,-0.0414,-0.04,MAE_KILL,5.0,1010.0,CHOP,5.0,,
ETHUSDT,2026-09-02 10:33:00+00:00,0.004600000000000001,0.006,TP,5.0,45.0,TREND,5.0,,
BTCUSDT,2026-09-02 10:54:00+00:00,0.0005000000000000001,0.0019,BE_STOP,5.0,968.0,CHOP,5.0,,
BTCUSDT,2026-09-02 10:54:00+00:00,0.0005000000000000001,0.0019,BE_STOP,5.0,21.0,TREND,5.0,,
BTCUSDT,2026-09-02 10:54:00+00:00,0.0005000000000000001,0.0019,BE_STOP,5.0,19.0,TREND,5.0,,
BTCUSDT,2026-09-02 10:55:00+00:00,0.0005000000000000001,0.0019,BE_STOP,5.0,967.0,CHOP,5.0,,
ETHUSDT,2026-09-02 11:21:00+00:00,0.0005000000000000001,0.0019,BE_STOP,5.0,16.0,TREND,5.0,,
SOLUSDT,2026-09-02 11:23:00+00:00,0.011524659627694488,0.012924659627694488,TP,5.0,1004.0,TREND,5.0,,
SOLUSDT,2026-09-02 11:33:00+00:00,0.0005000000000000001,0.0019,BE_STOP,5.0,39.0,TREND,5.0,,
NEARUSDT,2026-09-02 11:39:00+00:00,0.007165227501744142,0.008565227501744141,TP,5.0,18.0,CHOP,5.0,,
NEARUSDT,2026-09-02 11:40:00+00:00,0.00525171320287738,0.006651713202877379,TP,5.0,109.0,CHOP,5.0,,
SOLUSDT,2026-09-02 12:31:00+00:00,0.0005000000000000001,0.0019,BE_STOP,5.0,52.0,TREND,5.0,,
ETHUSDT,2026-09-02 12:37:00+00:00,0.0005000000000000001,0.0019,BE_STOP,5.0,56.0,TREND,5.0,,
BTCUSDT,2026-09-02 12:46:00+00:00,0.0005000000000000001,0.0019,BE_STOP,5.0,71.0,TREND,5.0,,
BTCUSDT,2026-09-02 12:50:00+00:00,0.0005000000000000001,0.0019,BE_STOP,5.0,110.0,TREND,5.0,,
BTCUSDT,2026-09-02 12:50:00+00:00,0.0005000000000000001,0.0019,BE_STOP,5.0,107.0,TREND,5.0,,
XRPUSDT,2026-09-02 13:01:00+00:00,0.0005000000000000001,0.0019,BE_STOP,5.0,11.0,CHOP,5.0,,
BTCUSDT,2026-09-02 13:45:00+00:00,0.004600000000000001,0.006,TP,5.0,74.0,CHOP,5.0,,
BTCUSDT,2026-09-03 05:20:00+00:00,0.0005000000000000001,0.0019,BE_STOP,5.0,935.0,CHOP,5.0,,
BTCUSDT,2026-09-03 07:09:00+00:00,0.0005000000000000001,0.0019,BE_STOP,5.0,2372.0,CHOP,5.0,,
BTCUSDT,2026-09-03 12:52:00+00:00,0.004600000000000001,0.006,TP,5.0,343.0,CHOP,5.0,,
BTCUSDT,2026-09-03 13:18:00+00:00,0.0005000000000000001,0.0019,BE_STOP,5.0,2790.0,CHOP,5.0,,
NEARUSDT,2026-09-03 13:32:00+00:00,0.0005000000000000001,0.0019,BE_STOP,5.0,14.0,CHOP,5.0,,
BTCUSDT,2026-09-03 13:54:00+00:00,0.0005000000000000001,0.0019,BE_STOP,5.0,58.0,CHOP,5.0,,
BTCUSDT,2026-09-03 13:56:00+00:00,0.0005000000000000001,0.0019,BE_STOP,5.0,24.0,CHOP,5.0,,
BTCUSDT,2026-09-03 14:25:00+00:00,-0.0414,-0.04,MAE_KILL,5.0,1621.0,TREND,5.0,,
BTCUSDT,2026-09-03 14:30:00+00:00,-0.0414,-0.04,MAE_KILL,5.0,1537.0,CHOP,5.0,,
BTCUSDT,2026-09-03 14:30:00+00:00,-0.0414,-0.04,MAE_KILL,5.0,1529.0,CHOP,5.0,,
BTCUSDT,2026-09-03 14:32:00+00:00,-0.0414,-0.04,MAE_KILL,5.0,1546.0,CHOP,5.0,,
SOLUSDT,2026-09-03 14:37:00+00:00,0.0005000000000000001,0.0019,BE_STOP,5.0,12.0,CHOP,5.0,,
BTCUSDT,2026-09-03 14:46:00+00:00,-0.0414,-0.04,MAE_KILL,5.0,1567.0,CHOP,5.0,,
ETHUSDT,2026-09-03 14:48:00+00:00,0.007424786759766309,0.008824786759766308,TP,5.0,13.0,TREND,5.0,,
BTCUSDT,2026-09-03 14:48:00+00:00,0.006260432626461312,0.007660432626461312,TP,5.0,10.0,TREND,5.0,,
BTCUSDT,2026-09-03 14:48:00+00:00,0.00617236312301782,0.007572363123017819,TP,5.0,8.0,TREND,5.0,,
BTCUSDT,2026-09-03 14:49:00+00:00,-0.0414,-0.04,MAE_KILL,5.0,565.0,CHOP,5.0,,
BTCUSDT,2026-09-03 14:49:00+00:00,0.006165967133893959,0.007565967133893958,TP,5.0,16.0,TREND,5.0,,
SOLUSDT,2026-09-03 14:57:00+00:00,0.008222415580126905,0.009622415580126905,TP,5.0,10.0,TREND,5.0,,
SOLUSDT,2026-09-03 15:01:00+00:00,-0.0414,-0.04,MAE_KILL,5.0,67.0,CHOP,5.0,,
ETHUSDT,2026-09-03 15:02:00+00:00,0.01056860021209498,0.01196860021209498,TP,5.0,10.0,TREND,5.0,,
NEARUSDT,2026-09-03 15:10:00+00:00,0.0005000000000000001,0.0019,BE_STOP,5.0,10.0,TREND,5.0,,
BTCUSDT,2026-09-03 15:51:00+00:00,0.007630341806132204,0.009030341806132203,TP,5.0,61.0,TREND,5.0,,
BTCUSDT,2026-09-03 15:51:00+00:00,0.007865254091104185,0.009265254091104186,TP,5.0,54.0,TREND,5.0,,
ETHUSDT,2026-09-03 15:52:00+00:00,0.010117715927273242,0.011517715927273242,TP,5.0,57.0,TREND,5.0,,
ETHUSDT,2026-09-03 16:16:00+00:00,0.0005000000000000001,0.0019,BE_STOP,5.0,73.0,TREND,5.0,,
BTCUSDT,2026-09-03 16:18:00+00:00,0.0005000000000000001,0.0019,BE_STOP,5.0,72.0,TREND,5.0,,
BTCUSDT,2026-09-03 16:18:00+00:00,0.0005000000000000001,0.0019,BE_STOP,5.0,70.0,TREND,5.0,,
ETHUSDT,2026-09-03 19:04:00+00:00,-0.0414,-0.04,MAE_KILL,5.0,308.0,CHOP,5.0,,
BTCUSDT,2026-09-03 19:04:00+00:00,0.009611592045997845,0.011011592045997845,TP,5.0,234.0,TREND,5.0,,
BTCUSDT,2026-09-03 19:06:00+00:00,0.0005000000000000001,0.0019,BE_STOP,5.0,193.0,TREND,5.0,,
BTCUSDT,2026-09-03 19:07:00+00:00,0.0005000000000000001,0.0019,BE_STOP,5.0,192.0,TREND,5.0,,
SOLUSDT,2026-09-03 19:12:00+00:00,0.0005000000000000001,0.0019,BE_STOP,5.0,195.0,TREND,5.0,,
XRPUSDT,2026-09-03 19:48:00+00:00,0.0005000000000000001,0.0019,BE_STOP,5.0,37.0,TREND,5.0,,
NEARUSDT,2026-09-03 19:49:00+00:00,0.008691414231941369,0.010091414231941369,TP,5.0,36.0,TREND,5.0,,
BTCUSDT,2026-09-03 19:52:00+00:00,0.004600000000000001,0.006,TP,5.0,46.0,TREND,5.0,,
ETHUSDT,2026-09-03 20:02:00+00:00,0.0005000000000000001,0.0019,BE_STOP,5.0,12.0,TREND,5.0,,
NEARUSDT,2026-09-03 20:39:00+00:00,0.0005000000000000001,0.0019,BE_STOP,5.0,47.0,CHOP,5.0,,
ETHUSDT,2026-09-03 20:39:00+00:00,0.0005000000000000001,0.0019,BE_STOP,5.0,37.0,CHOP,5.0,,
BTCUSDT,2026-09-03 21:32:00+00:00,0.004600000000000001,0.006,TP,5.0,51.0,CHOP,5.0,,
BTCUSDT,2026-09-03 21:34:00+00:00,0.004600000000000001,0.006,TP,5.0,55.0,CHOP,5.0,,
NEARUSDT,2026-09-03 21:36:00+00:00,0.0005000000000000001,0.0019,BE_STOP,5.0,3.0,CHOP,5.0,,
XRPUSDT,2026-09-03 22:05:00+00:00,0.0005000000000000001,0.0019,BE_STOP,5.0,137.0,TREND,5.0,,
XRPUSDT,2026-09-03 22:27:00+00:00,0.008448677393497485,0.009848677393497485,TP,5.0,192.0,TREND,5.0,,
ETHUSDT,2026-09-03 22:32:00+00:00,0.004600000000000001,0.006,TP,5.0,24.0,CHOP,5.0,,
BTCUSDT,2026-09-03 22:37:00+00:00,0.0005000000000000001,0.0019,BE_STOP,5.0,9.0,CHOP,5.0,,
ETHUSDT,2026-09-03 23:42:00+00:00,0.0005000000000000001,0.0019,BE_STOP,5.0,265.0,TREND,5.0,,
BTCUSDT,2026-09-04 01:51:00+00:00,0.0005000000000000001,0.0019,BE_STOP,5.0,197.0,CHOP,5.0,,
BTCUSDT,2026-09-04 02:49:00+00:00,0.004600000000000001,0.006,TP,5.0,252.0,CHOP,5.0,,
NEARUSDT,2026-09-04 03:00:00+00:00,0.004600000000000001,0.006,TP,5.0,11.0,CHOP,5.0,,
SOLUSDT,2026-09-04 03:01:00+00:00,0.0005000000000000001,0.0019,BE_STOP,5.0,643.0,TREND,5.0,,
BTCUSDT,2026-09-04 04:39:00+00:00,0.0005000000000000001,0.0019,BE_STOP,5.0,97.0,CHOP,5.0,,
BTCUSDT,2026-09-04 04:44:00+00:00,0.0005000000000000001,0.0019,BE_STOP,5.0,173.0,CHOP,5.0,,
BTCUSDT,2026-09-04 04:44:00+00:00,0.0005000000000000001,0.0019,BE_STOP,5.0,100.0,CHOP,5.0,,
BTCUSDT,2026-09-04 05:57:00+00:00,0.0005000000000000001,0.0019,BE_STOP,5.0,71.0,CHOP,5.0,,
BTCUSDT,2026-09-04 06:39:00+00:00,0.0005000000000000001,0.0019,BE_STOP,5.0,859.0,TREND,5.0,,
BTCUSDT,2026-09-04 06:40:00+00:00,0.0005000000000000001,0.0019,BE_STOP,5.0,864.0,TREND,5.0,,
NEARUSDT,2026-09-04 07:01:00+00:00,0.009045784905105145,0.010445784905105145,TP,5.0,18.0,CHOP,5.0,,
BTCUSDT,2026-09-04 07:08:00+00:00,0.0005000000000000001,0.0019,BE_STOP,5.0,144.0,CHOP,5.0,,
BTCUSDT,2026-09-04 07:09:00+00:00,0.0005000000000000001,0.0019,BE_STOP,5.0,149.0,CHOP,5.0,,
BTCUSDT,2026-09-04 08:06:00+00:00,0.0005000000000000001,0.0019,BE_STOP,5.0,87.0,CHOP,5.0,,
BTCUSDT,2026-09-04 08:44:00+00:00,0.0005000000000000001,0.0019,BE_STOP,5.0,94.0,CHOP,5.0,,
BTCUSDT,2026-09-04 09:09:00+00:00,0.0005000000000000001,0.0019,BE_STOP,5.0,190.0,CHOP,5.0,,
ETHUSDT,2026-09-04 09:14:00+00:00,0.0005000000000000001,0.0019,BE_STOP,5.0,4.0,CHOP,5.0,,
BTCUSDT,2026-09-04 09:21:00+00:00,0.0005000000000000001,0.0019,BE_STOP,5.0,37.0,CHOP,5.0,,
BTCUSDT,2026-09-04 09:24:00+00:00,0.0005000000000000001,0.0019,BE_STOP,5.0,136.0,CHOP,5.0,,
NEARUSDT,2026-09-04 09:40:00+00:00,0.011818865620173119,0.01321886562017312,TP,5.0,19.0,CHOP,5.0,,
BTCUSDT,2026-09-04 10:10:00+00:00,0.0005000000000000001,0.0019,BE_STOP,5.0,189.0,CHOP,5.0,,
BTCUSDT,2026-09-04 10:32:00+00:00,0.0005000000000000001,0.0019,BE_STOP,5.0,78.0,CHOP,5.0,,
SOLUSDT,2026-09-04 10:32:00+00:00,0.0005000000000000001,0.0019,BE_STOP,5.0,67.0,CHOP,5.0,,
SOLUSDT,2026-09-04 12:30:00+00:00,0.004600000000000001,0.006,TP,5.0,264.0,CHOP,5.0,,
BTCUSDT,2026-09-04 12:30:00+00:00,0.004600000000000001,0.006,TP,5.0,139.0,CHOP,5.0,,
NEARUSDT,2026-09-04 12:30:00+00:00,0.00989453579993131,0.01129453579993131,TP,5.0,118.0,CHOP,5.0,,
BTCUSDT,2026-09-04 12:31:00+00:00,0.0005000000000000001,0.0019,BE_STOP,5.0,117.0,CHOP,5.0,,
BTCUSDT,2026-09-04 20:04:00+00:00,0.0005000000000000001,0.0019,BE_STOP,5.0,445.0,CHOP,5.0,,
ETHUSDT,2026-09-05 16:48:00+00:00,0.004600000000000001,0.006,TP,5.0,1244.0,CHOP,5.0,,
NEARUSDT,2026-09-05 16:56:00+00:00,0.0049909431206062475,0.006390943120606247,TP,5.0,7.0,CHOP,5.0,,
BTCUSDT,2026-09-05 21:35:00+00:00,-0.026779390191178844,-0.025379390191178845,MAX_AGE,5.0,2880.0,TREND,5.0,,
BTCUSDT,2026-09-05 21:37:00+00:00,-0.025362935239409332,-0.023962935239409334,MAX_AGE,5.0,2880.0,TREND,5.0,,
BTCUSDT,2026-09-05 23:42:00+00:00,-0.01992013638774289,-0.018520136387742893,MAX_AGE,5.0,2880.0,CHOP,5.0,,
BTCUSDT,2026-09-06 01:58:00+00:00,0.0005000000000000001,0.0019,BE_STOP,5.0,136.0,CHOP,5.0,,
SOLUSDT,2026-09-06 03:33:00+00:00,-0.0414,-0.04,MAE_KILL,5.0,2338.0,CHOP,5.0,,
BTCUSDT,2026-09-06 04:05:00+00:00,0.0005000000000000001,0.0019,BE_STOP,5.0,390.0,CHOP,5.0,,
BTCUSDT,2026-09-06 04:07:00+00:00,0.0005000000000000001,0.0019,BE_STOP,5.0,390.0,CHOP,5.0,,
ETHUSDT,2026-09-06 04:28:00+00:00,0.0005000000000000001,0.0019,BE_STOP,5.0,21.0,TREND,5.0,,
BTCUSDT,2026-09-06 07:17:00+00:00,0.0005000000000000001,0.0019,BE_STOP,5.0,169.0,CHOP,5.0,,
BTCUSDT,2026-09-06 07:21:00+00:00,0.0005000000000000001,0.0019,BE_STOP,5.0,323.0,CHOP,5.0,,
BTCUSDT,2026-09-06 07:23:00+00:00,0.0005000000000000001,0.0019,BE_STOP,5.0,198.0,CHOP,5.0,,
BTCUSDT,2026-09-06 09:41:00+00:00,-0.01747178277898311,-0.01607178277898311,MAX_AGE,5.0,2880.0,CHOP,5.0,,
NEARUSDT,2026-09-06 10:03:00+00:00,0.0005000000000000001,0.0019,BE_STOP,5.0,20.0,CHOP,5.0,,
ETHUSDT,2026-09-06 12:33:00+00:00,-0.020949509530232988,-0.01954950953023299,MAX_AGE,5.0,2880.0,CHOP,5.0,,
ETHUSDT,2026-09-06 12:37:00+00:00,-0.023244908097772937,-0.02184490809777294,MAX_AGE,5.0,2880.0,CHOP,5.0,,
SOLUSDT,2026-09-06 12:49:00+00:00,0.0005000000000000001,0.0019,BE_STOP,5.0,12.0,TREND,5.0,,
ETHUSDT,2026-09-06 13:38:00+00:00,0.0005000000000000001,0.0019,BE_STOP,5.0,381.0,CHOP,5.0,,
ETHUSDT,2026-09-06 13:48:00+00:00,0.0005000000000000001,0.0019,BE_STOP,5.0,387.0,CHOP,5.0,,
SOLUSDT,2026-09-06 13:59:00+00:00,0.004600000000000001,0.006,TP,5.0,10.0,CHOP,5.0,,
BTCUSDT,2026-09-06 14:31:00+00:00,0.004600000000000001,0.006,TP,5.0,102.0,CHOP,5.0,,
BTCUSDT,2026-09-06 14:32:00+00:00,0.004600000000000001,0.006,TP,5.0,52.0,CHOP,5.0,,
NEARUSDT,2026-09-06 15:39:00+00:00,0.0005000000000000001,0.0019,BE_STOP,5.0,67.0,CHOP,5.0,,
BTCUSDT,2026-09-06 19:22:00+00:00,0.0005000000000000001,0.0019,BE_STOP,5.0,223.0,CHOP,5.0,,
SOLUSDT,2026-09-06 19:46:00+00:00,0.0005000000000000001,0.0019,BE_STOP,5.0,23.0,CHOP,5.0,,
ETHUSDT,2026-09-06 21:06:00+00:00,0.004600000000000001,0.006,TP,5.0,426.0,CHOP,5.0,,
NEARUSDT,2026-09-06 21:53:00+00:00,0.015279708413986298,0.016679708413986298,TP,5.0,47.0,CHOP,5.0,,
ETHUSDT,2026-09-06 22:18:00+00:00,0.004600000000000001,0.006,TP,5.0,25.0,TREND,5.0,,
BTCUSDT,2026-09-06 23:03:00+00:00,0.004600000000000001,0.006,TP,5.0,940.0,CHOP,5.0,,
BTCUSDT,2026-09-06 23:06:00+00:00,0.0005000000000000001,0.0019,BE_STOP,5.0,1808.0,TREND,5.0,,
BTCUSDT,2026-09-06 23:38:00+00:00,0.004600000000000001,0.006,TP,5.0,815.0,CHOP,5.0,,
BTCUSDT,2026-09-06 23:39:00+00:00,0.004600000000000001,0.006,TP,5.0,1205.0,CHOP,5.0,,
BTCUSDT,2026-09-06 23:39:00+00:00,0.004600000000000001,0.006,TP,5.0,666.0,CHOP,5.0,,
BTCUSDT,2026-09-06 23:56:00+00:00,0.0005000000000000001,0.0019,BE_STOP,5.0,52.0,CHOP,5.0,,
BTCUSDT,2026-09-07 00:16:00+00:00,0.0005000000000000001,0.0019,BE_STOP,5.0,70.0,CHOP,5.0,,
NEARUSDT,2026-09-07 00:22:00+00:00,0.0005000000000000001,0.0019,BE_STOP,5.0,44.0,CHOP,5.0,,
ETHUSDT,2026-09-07 01:44:00+00:00,0.004600000000000001,0.006,TP,5.0,107.0,CHOP,5.0,,
XRPUSDT,2026-09-07 02:21:00+00:00,0.0005000000000000001,0.0019,BE_STOP,5.0,242.0,CHOP,5.0,,
ETHUSDT,2026-09-07 02:29:00+00:00,0.0005000000000000001,0.0019,BE_STOP,5.0,133.0,CHOP,5.0,,
BTCUSDT,2026-09-07 02:36:00+00:00,0.0005000000000000001,0.0019,BE_STOP,5.0,134.0,CHOP,5.0,,
XRPUSDT,2026-09-07 02:38:00+00:00,0.004600000000000001,0.006,TP,5.0,9.0,CHOP,5.0,,
NEARUSDT,2026-09-07 02:39:00+00:00,0.006674088802925869,0.008074088802925868,TP,5.0,3.0,CHOP,5.0,,
BTCUSDT,2026-09-07 02:57:00+00:00,0.0005000000000000001,0.0019,BE_STOP,5.0,36.0,CHOP,5.0,,
NEARUSDT,2026-09-07 03:51:00+00:00,0.00914482590640963,0.01054482590640963,TP,5.0,54.0,CHOP,5.0,,
BTCUSDT,2026-09-07 04:15:00+00:00,0.0005000000000000001,0.0019,BE_STOP,5.0,509.0,CHOP,5.0,,
BTCUSDT,2026-09-07 04:21:00+00:00,0.0005000000000000001,0.0019,BE_STOP,5.0,157.0,CHOP,5.0,,
ETHUSDT,2026-09-07 05:25:00+00:00,0.004600000000000001,0.006,TP,5.0,64.0,CHOP,5.0,,
NEARUSDT,2026-09-07 05:27:00+00:00,0.0005000000000000001,0.0019,BE_STOP,5.0,96.0,CHOP,5.0,,
BTCUSDT,2026-09-07 05:51:00+00:00,0.0005000000000000001,0.0019,BE_STOP,5.0,96.0,CHOP,5.0,,
BTCUSDT,2026-09-07 07:33:00+00:00,0.004600000000000001,0.006,TP,5.0,101.0,CHOP,5.0,,
BTCUSDT,2026-09-07 07:41:00+00:00,0.004600000000000001,0.006,TP,5.0,1027.0,CHOP,5.0,,
ETHUSDT,2026-09-07 07:43:00+00:00,0.0005000000000000001,0.0019,BE_STOP,5.0,9.0,CHOP,5.0,,
BTCUSDT,2026-09-07 14:52:00+00:00,0.0005000000000000001,0.0019,BE_STOP,5.0,430.0,TREND,5.0,,
BTCUSDT,2026-09-07 14:53:00+00:00,0.0005000000000000001,0.0019,BE_STOP,5.0,429.0,TREND,5.0,,
NEARUSDT,2026-09-07 15:43:00+00:00,-0.0264,-0.025,MAE_KILL,5.0,47.0,CHOP,5.0,,
BTCUSDT,2026-09-08 06:53:00+00:00,0.004600000000000001,0.006,TP,5.0,910.0,CHOP,5.0,,
ETHUSDT,2026-09-08 13:39:00+00:00,0.004600000000000001,0.006,TP,5.0,405.0,TREND,5.0,,
XRPUSDT,2026-09-08 16:01:00+00:00,-0.0414,-0.04,MAE_KILL,5.0,140.0,CHOP,5.0,,
SOLUSDT,2026-09-08 16:40:00+00:00,0.005372481687182104,0.006772481687182103,TP,5.0,39.0,CHOP,5.0,,
BTCUSDT,2026-09-08 23:40:00+00:00,-0.02501888066177688,-0.02361888066177688,MAX_AGE,5.0,2880.0,CHOP,5.0,,
BTCUSDT,2026-09-08 23:43:00+00:00,-0.02585632905014808,-0.024456329050148082,MAX_AGE,5.0,2880.0,CHOP,5.0,,
NEARUSDT,2026-09-09 00:05:00+00:00,0.0076392482307135945,0.009039248230713594,TP,5.0,25.0,CHOP,5.0,,
ETHUSDT,2026-09-09 00:32:00+00:00,0.0005000000000000001,0.0019,BE_STOP,5.0,48.0,CHOP,5.0,,
BTCUSDT,2026-09-09 01:17:00+00:00,0.0005000000000000001,0.0019,BE_STOP,5.0,72.0,CHOP,5.0,,
BTCUSDT,2026-09-09 02:40:00+00:00,-0.020904875284858633,-0.019504875284858635,MAX_AGE,5.0,2880.0,CHOP,5.0,,
BTCUSDT,2026-09-09 02:42:00+00:00,-0.02050662989344239,-0.019106629893442393,MAX_AGE,5.0,2880.0,CHOP,5.0,,
ETHUSDT,2026-09-09 05:01:00+00:00,0.0005000000000000001,0.0019,BE_STOP,5.0,741.0,CHOP,5.0,,
BTCUSDT,2026-09-09 05:26:00+00:00,-0.010257318249583444,-0.008857318249583444,MAX_AGE,5.0,2880.0,CHOP,5.0,,
SOLUSDT,2026-09-09 05:27:00+00:00,0.0005000000000000001,0.0019,BE_STOP,5.0,26.0,CHOP,5.0,,
BTCUSDT,2026-09-09 05:28:00+00:00,-0.010599537517803544,-0.009199537517803544,MAX_AGE,5.0,2880.0,CHOP,5.0,,
XRPUSDT,2026-09-09 05:46:00+00:00,0.004600000000000001,0.006,TP,5.0,20.0,CHOP,5.0,,
NEARUSDT,2026-09-09 06:22:00+00:00,0.012519787981569976,0.013919787981569976,TP,5.0,52.0,CHOP,5.0,,
NEARUSDT,2026-09-09 06:57:00+00:00,0.01353459676588729,0.01493459676588729,TP,5.0,89.0,CHOP,5.0,,
SOLUSDT,2026-09-09 07:14:00+00:00,0.0005000000000000001,0.0019,BE_STOP,5.0,2420.0,CHOP,5.0,,
NEARUSDT,2026-09-09 07:24:00+00:00,0.014744423572058763,0.016144423572058763,TP,5.0,61.0,CHOP,5.0,,
BTCUSDT,2026-09-09 08:36:00+00:00,0.004600000000000001,0.006,TP,5.0,82.0,CHOP,5.0,,
BTCUSDT,2026-09-09 09:29:00+00:00,0.0005000000000000001,0.0019,BE_STOP,5.0,125.0,CHOP,5.0,,
SOLUSDT,2026-09-09 09:40:00+00:00,0.004600000000000001,0.006,TP,5.0,163.0,CHOP,5.0,,
SOLUSDT,2026-09-09 09:42:00+00:00,0.004600000000000001,0.006,TP,5.0,12.0,CHOP,5.0,,
XRPUSDT,2026-09-09 10:10:00+00:00,0.004600000000000001,0.006,TP,5.0,30.0,CHOP,5.0,,
BTCUSDT,2026-09-09 11:12:00+00:00,0.0005000000000000001,0.0019,BE_STOP,5.0,62.0,CHOP,5.0,,
BTCUSDT,2026-09-09 11:29:00+00:00,0.0005000000000000001,0.0019,BE_STOP,5.0,107.0,CHOP,5.0,,
ETHUSDT,2026-09-09 11:51:00+00:00,0.004600000000000001,0.006,TP,5.0,38.0,CHOP,5.0,,
SOLUSDT,2026-09-09 12:02:00+00:00,0.004600000000000001,0.006,TP,5.0,33.0,CHOP,5.0,,
NEARUSDT,2026-09-09 12:15:00+00:00,0.018831374621096277,0.020231374621096275,TP,5.0,24.0,TREND,5.0,,
SOLUSDT,2026-09-09 12:48:00+00:00,0.0005000000000000001,0.0019,BE_STOP,5.0,33.0,CHOP,5.0,,
BTCUSDT,2026-09-09 13:11:00+00:00,0.0005000000000000001,0.0019,BE_STOP,5.0,69.0,CHOP,5.0,,
BTCUSDT,2026-09-09 14:01:00+00:00,0.004600000000000001,0.006,TP,5.0,49.0,CHOP,5.0,,
BTCUSDT,2026-09-09 15:02:00+00:00,0.0005000000000000001,0.0019,BE_STOP,5.0,554.0,CHOP,5.0,,
BTCUSDT,2026-09-09 15:07:00+00:00,0.004600000000000001,0.006,TP,5.0,65.0,CHOP,5.0,,
BTCUSDT,2026-09-09 15:08:00+00:00,0.0005000000000000001,0.0019,BE_STOP,5.0,828.0,CHOP,5.0,,
BTCUSDT,2026-09-09 15:11:00+00:00,0.004600000000000001,0.006,TP,5.0,751.0,CHOP,5.0,,
BTCUSDT,2026-09-09 15:11:00+00:00,0.004600000000000001,0.006,TP,5.0,749.0,CHOP,5.0,,
BTCUSDT,2026-09-09 15:14:00+00:00,0.0005000000000000001,0.0019,BE_STOP,5.0,882.0,CHOP,5.0,,
BTCUSDT,2026-09-09 15:24:00+00:00,0.008748667148357328,0.010148667148357328,TP,5.0,21.0,CHOP,5.0,,
SOLUSDT,2026-09-09 15:31:00+00:00,0.0005000000000000001,0.0019,BE_STOP,5.0,17.0,CHOP,5.0,,
ETHUSDT,2026-09-09 15:35:00+00:00,0.0005000000000000001,0.0019,BE_STOP,5.0,28.0,CHOP,5.0,,
ETHUSDT,2026-09-09 15:35:00+00:00,0.0005000000000000001,0.0019,BE_STOP,5.0,26.0,CHOP,5.0,,
BTCUSDT,2026-09-09 15:35:00+00:00,0.0005000000000000001,0.0019,BE_STOP,5.0,19.0,CHOP,5.0,,
BTCUSDT,2026-09-09 16:41:00+00:00,0.0005000000000000001,0.0019,BE_STOP,5.0,64.0,CHOP,5.0,,
BTCUSDT,2026-09-09 17:41:00+00:00,0.0005000000000000001,0.0019,BE_STOP,5.0,126.0,CHOP,5.0,,
BTCUSDT,2026-09-09 19:26:00+00:00,0.0005000000000000001,0.0019,BE_STOP,5.0,104.0,CHOP,5.0,,
XRPUSDT,2026-09-09 19:56:00+00:00,0.008484820354134523,0.009884820354134523,TP,5.0,264.0,CHOP,5.0,,
SOLUSDT,2026-09-09 20:31:00+00:00,0.0005000000000000001,0.0019,BE_STOP,5.0,34.0,CHOP,5.0,,
NEARUSDT,2026-09-09 21:36:00+00:00,0.01286970019331299,0.01426970019331299,TP,5.0,65.0,CHOP,5.0,,
BTCUSDT,2026-09-09 23:04:00+00:00,0.0005000000000000001,0.0019,BE_STOP,5.0,459.0,CHOP,5.0,,
BTCUSDT,2026-09-09 23:04:00+00:00,0.0005000000000000001,0.0019,BE_STOP,5.0,87.0,CHOP,5.0,,
BTCUSDT,2026-09-09 23:35:00+00:00,0.0005000000000000001,0.0019,BE_STOP,5.0,503.0,CHOP,5.0,,
NEARUSDT,2026-09-10 00:08:00+00:00,0.0005000000000000001,0.0019,BE_STOP,5.0,59.0,TREND,5.0,,
BTCUSDT,2026-09-10 00:17:00+00:00,0.0005000000000000001,0.0019,BE_STOP,5.0,70.0,TREND,5.0,,
XRPUSDT,2026-09-10 01:04:00+00:00,0.0005000000000000001,0.0019,BE_STOP,5.0,47.0,CHOP,5.0,,
ETHUSDT,2026-09-10 01:12:00+00:00,0.0005000000000000001,0.0019,BE_STOP,5.0,64.0,CHOP,5.0,,
BTCUSDT,2026-09-10 01:13:00+00:00,0.0005000000000000001,0.0019,BE_STOP,5.0,98.0,CHOP,5.0,,
BTCUSDT,2026-09-10 01:42:00+00:00,0.0005000000000000001,0.0019,BE_STOP,5.0,23.0,CHOP,5.0,,
NEARUSDT,2026-09-10 02:33:00+00:00,0.0005000000000000001,0.0019,BE_STOP,5.0,51.0,CHOP,5.0,,
BTCUSDT,2026-09-10 03:56:00+00:00,0.0005000000000000001,0.0019,BE_STOP,5.0,81.0,CHOP,5.0,,
BTCUSDT,2026-09-10 08:24:00+00:00,0.0005000000000000001,0.0019,BE_STOP,5.0,268.0,CHOP,5.0,,
XRPUSDT,2026-09-10 23:08:00+00:00,-0.0414,-0.04,MAE_KILL,5.0,1324.0,CHOP,5.0,,
BTCUSDT,2026-09-10 23:14:00+00:00,-0.0414,-0.04,MAE_KILL,5.0,2318.0,TREND,5.0,,
BTCUSDT,2026-09-10 23:17:00+00:00,0.0005000000000000001,0.0019,BE_STOP,5.0,8.0,CHOP,5.0,,
BTCUSDT,2026-09-11 12:12:00+00:00,-0.03373590005381559,-0.03233590005381559,EOD,5.0,2844.0,CHOP,5.0,,
BTCUSDT,2026-09-11 12:12:00+00:00,-0.022871674986458576,-0.021471674986458578,EOD,5.0,2672.0,CHOP,5.0,,
BTCUSDT,2026-09-11 12:12:00+00:00,-0.023962855938101695,-0.022562855938101697,EOD,5.0,2610.0,CHOP,5.0,,
BTCUSDT,2026-09-11 12:12:00+00:00,-0.021412555599275077,-0.02001255559927508,EOD,5.0,2446.0,CHOP,5.0,,
BTCUSDT,2026-09-11 12:12:00+00:00,-0.018651925358287115,-0.017251925358287117,EOD,5.0,2100.0,CHOP,5.0,,
BTCUSDT,2026-09-11 12:12:00+00:00,-0.01634873731232473,-0.01494873731232473,EOD,5.0,1668.0,CHOP,5.0,,
BTCUSDT,2026-09-11 12:12:00+00:00,-0.00579558718545388,-0.004395587185453881,EOD,5.0,777.0,CHOP,5.0,,
BTCUSDT,2026-09-11 12:12:00+00:00,-0.005380222819422415,-0.003980222819422416,EOD,5.0,775.0,CHOP,5.0,,
SOLUSDT,2026-08-12 13:18:00+00:00,0.0005000000000000001,0.0019,BE_STOP,6.0,20.0,,6.0,,
BTCUSDT,2026-08-12 13:43:00+00:00,0.0005000000000000001,0.0019,BE_STOP,6.0,51.0,,6.0,,
BTCUSDT,2026-08-12 14:02:00+00:00,0.004600000000000001,0.006,TP,6.0,59.0,,6.0,,
ETHUSDT,2026-08-12 14:03:00+00:00,0.006931024152780413,0.008331024152780413,TP,6.0,76.0,,6.0,,
BTCUSDT,2026-08-12 14:03:00+00:00,0.004600000000000001,0.006,TP,6.0,73.0,,6.0,,
BTCUSDT,2026-08-12 14:03:00+00:00,0.004600000000000001,0.006,TP,6.0,45.0,,6.0,,
SOLUSDT,2026-08-12 14:12:00+00:00,0.0005000000000000001,0.0019,BE_STOP,6.0,29.0,,6.0,,
NEARUSDT,2026-08-12 14:35:00+00:00,-0.0264,-0.025,MAE_KILL,6.0,110.0,,6.0,,
NEARUSDT,2026-08-12 14:35:00+00:00,-0.0264,-0.025,MAE_KILL,6.0,99.0,,6.0,,
BTCUSDT,2026-08-12 14:52:00+00:00,0.007938639037054043,0.009338639037054043,TP,6.0,129.0,,6.0,,
BTCUSDT,2026-08-12 14:59:00+00:00,0.004782540603950281,0.006182540603950281,TP,6.0,50.0,,6.0,,
SOLUSDT,2026-08-12 15:07:00+00:00,0.0005000000000000001,0.0019,BE_STOP,6.0,62.0,,6.0,,
BTCUSDT,2026-08-12 15:18:00+00:00,0.0005000000000000001,0.0019,BE_STOP,6.0,71.0,,6.0,,
BTCUSDT,2026-08-12 15:18:00+00:00,0.0005000000000000001,0.0019,BE_STOP,6.0,41.0,,6.0,,
ETHUSDT,2026-08-12 20:29:00+00:00,0.0005000000000000001,0.0019,BE_STOP,6.0,330.0,,6.0,,
ETHUSDT,2026-08-12 20:37:00+00:00,0.0005000000000000001,0.0019,BE_STOP,6.0,362.0,,6.0,,
BTCUSDT,2026-08-12 20:38:00+00:00,0.0005000000000000001,0.0019,BE_STOP,6.0,395.0,,6.0,,
SOLUSDT,2026-08-12 22:03:00+00:00,0.0005000000000000001,0.0019,BE_STOP,6.0,431.0,,6.0,,
ETHUSDT,2026-08-13 02:45:00+00:00,0.0005000000000000001,0.0019,BE_STOP,6.0,282.0,CHOP,6.0,,
SOLUSDT,2026-08-13 04:22:00+00:00,0.0005000000000000001,0.0019,BE_STOP,6.0,464.0,CHOP,6.0,,
BTCUSDT,2026-08-13 04:22:00+00:00,0.0005000000000000001,0.0019,BE_STOP,6.0,97.0,CHOP,6.0,,
BTCUSDT,2026-08-13 05:01:00+00:00,0.0005000000000000001,0.0019,BE_STOP,6.0,501.0,CHOP,6.0,,
ETHUSDT,2026-08-13 05:06:00+00:00,0.004600000000000001,0.006,TP,6.0,517.0,CHOP,6.0,,
BTCUSDT,2026-08-13 05:15:00+00:00,0.004600000000000001,0.006,TP,6.0,837.0,,6.0,,
ETHUSDT,2026-08-13 05:22:00+00:00,0.0005000000000000001,0.0019,BE_STOP,6.0,842.0,,6.0,,
ETHUSDT,2026-08-13 06:03:00+00:00,0.0005000000000000001,0.0019,BE_STOP,6.0,896.0,,6.0,,
NEARUSDT,2026-08-13 09:09:00+00:00,0.006086750252988616,0.007486750252988616,TP,6.0,234.0,CHOP,6.0,,
NEARUSDT,2026-08-13 09:14:00+00:00,0.004600000000000001,0.006,TP,6.0,231.0,CHOP,6.0,,
ETHUSDT,2026-08-13 09:14:00+00:00,0.004600000000000001,0.006,TP,6.0,190.0,CHOP,6.0,,
ETHUSDT,2026-08-13 11:45:00+00:00,0.0005000000000000001,0.0019,BE_STOP,6.0,150.0,CHOP,6.0,,
BTCUSDT,2026-08-13 11:47:00+00:00,0.0005000000000000001,0.0019,BE_STOP,6.0,445.0,CHOP,6.0,,
NEARUSDT,2026-08-13 11:51:00+00:00,0.004600000000000001,0.006,TP,6.0,6.0,CHOP,6.0,,
ETHUSDT,2026-08-13 12:07:00+00:00,0.0005000000000000001,0.0019,BE_STOP,6.0,177.0,CHOP,6.0,,
BTCUSDT,2026-08-13 12:07:00+00:00,0.0005000000000000001,0.0019,BE_STOP,6.0,170.0,CHOP,6.0,,
ETHUSDT,2026-08-13 12:08:00+00:00,0.0005000000000000001,0.0019,BE_STOP,6.0,464.0,CHOP,6.0,,
BTCUSDT,2026-08-13 12:15:00+00:00,0.0005000000000000001,0.0019,BE_STOP,6.0,434.0,CHOP,6.0,,
BTCUSDT,2026-08-13 12:31:00+00:00,0.0005000000000000001,0.0019,BE_STOP,6.0,40.0,CHOP,6.0,,
ETHUSDT,2026-08-13 12:31:00+00:00,0.0005000000000000001,0.0019,BE_STOP,6.0,19.0,TREND,6.0,,
ETHUSDT,2026-08-13 12:32:00+00:00,0.0005000000000000001,0.0019,BE_STOP,6.0,45.0,TREND,6.0,,
NEARUSDT,2026-08-13 13:11:00+00:00,0.0005000000000000001,0.0019,BE_STOP,6.0,40.0,CHOP,6.0,,
BTCUSDT,2026-08-13 13:15:00+00:00,0.0005000000000000001,0.0019,BE_STOP,6.0,40.0,CHOP,6.0,,
BTCUSDT,2026-08-13 13:19:00+00:00,0.0005000000000000001,0.0019,BE_STOP,6.0,42.0,CHOP,6.0,,
BTCUSDT,2026-08-13 13:23:00+00:00,0.0005000000000000001,0.0019,BE_STOP,6.0,68.0,CHOP,6.0,,
BTCUSDT,2026-08-13 13:24:00+00:00,0.0005000000000000001,0.0019,BE_STOP,6.0,74.0,TREND,6.0,,
ETHUSDT,2026-08-13 14:50:00+00:00,0.0005000000000000001,0.0019,BE_STOP,6.0,95.0,CHOP,6.0,,
BTCUSDT,2026-08-13 14:59:00+00:00,0.0005000000000000001,0.0019,BE_STOP,6.0,108.0,CHOP,6.0,,
NEARUSDT,2026-08-13 14:59:00+00:00,0.0005000000000000001,0.0019,BE_STOP,6.0,8.0,CHOP,6.0,,
ETHUSDT,2026-08-13 15:33:00+00:00,0.0005000000000000001,0.0019,BE_STOP,6.0,132.0,CHOP,6.0,,
NEARUSDT,2026-08-13 15:47:00+00:00,0.004600000000000001,0.006,TP,6.0,45.0,CHOP,6.0,,
NEARUSDT,2026-08-13 15:48:00+00:00,0.005868306562168426,0.007268306562168425,TP,6.0,48.0,CHOP,6.0,,
NEARUSDT,2026-08-13 15:56:00+00:00,0.0005000000000000001,0.0019,BE_STOP,6.0,8.0,CHOP,6.0,,
NEARUSDT,2026-08-13 15:59:00+00:00,0.004600000000000001,0.006,TP,6.0,232.0,CHOP,6.0,,
SOLUSDT,2026-08-13 16:08:00+00:00,0.004600000000000001,0.006,TP,6.0,164.0,CHOP,6.0,,
BTCUSDT,2026-08-13 16:22:00+00:00,0.0005000000000000001,0.0019,BE_STOP,6.0,176.0,CHOP,6.0,,
BTCUSDT,2026-08-13 16:23:00+00:00,0.0005000000000000001,0.0019,BE_STOP,6.0,50.0,CHOP,6.0,,
BTCUSDT,2026-08-13 16:37:00+00:00,0.004600000000000001,0.006,TP,6.0,47.0,CHOP,6.0,,
BTCUSDT,2026-08-13 16:39:00+00:00,0.004600000000000001,0.006,TP,6.0,39.0,CHOP,6.0,,
BTCUSDT,2026-08-13 16:39:00+00:00,0.004600000000000001,0.006,TP,6.0,37.0,CHOP,6.0,,
BTCUSDT,2026-08-13 16:39:00+00:00,0.004600000000000001,0.006,TP,6.0,31.0,CHOP,6.0,,
NEARUSDT,2026-08-13 16:48:00+00:00,0.0005000000000000001,0.0019,BE_STOP,6.0,10.0,CHOP,6.0,,
ETHUSDT,2026-08-13 19:32:00+00:00,0.0005000000000000001,0.0019,BE_STOP,6.0,190.0,CHOP,6.0,,
BTCUSDT,2026-08-13 22:48:00+00:00,0.0005000000000000001,0.0019,BE_STOP,6.0,196.0,CHOP,6.0,,
ETHUSDT,2026-08-14 00:01:00+00:00,0.0005000000000000001,0.0019,BE_STOP,6.0,72.0,TREND,6.0,,
BTCUSDT,2026-08-14 08:47:00+00:00,0.0005000000000000001,0.0019,BE_STOP,6.0,963.0,CHOP,6.0,,
BTCUSDT,2026-08-14 08:51:00+00:00,0.0005000000000000001,0.0019,BE_STOP,6.0,965.0,CHOP,6.0,,
BTCUSDT,2026-08-14 14:02:00+00:00,0.0071349878134663565,0.008534987813466356,TP,6.0,1274.0,CHOP,6.0,,
XRPUSDT,2026-08-14 14:12:00+00:00,-0.015284785819793206,-0.013884785819793206,MAX_AGE,6.0,2880.0,,6.0,,
BTCUSDT,2026-08-14 16:00:00+00:00,0.0005000000000000001,0.0019,BE_STOP,6.0,433.0,TREND,6.0,,
ETHUSDT,2026-08-14 16:06:00+00:00,0.0005000000000000001,0.0019,BE_STOP,6.0,434.0,CHOP,6.0,,
ETHUSDT,2026-08-14 16:47:00+00:00,0.0005000000000000001,0.0019,BE_STOP,6.0,46.0,CHOP,6.0,,
SOLUSDT,2026-08-14 18:14:00+00:00,0.004600000000000001,0.006,TP,6.0,86.0,CHOP,6.0,,
SOLUSDT,2026-08-14 18:17:00+00:00,0.0005000000000000001,0.0019,BE_STOP,6.0,242.0,TREND,6.0,,
ETHUSDT,2026-08-14 18:39:00+00:00,0.0005000000000000001,0.0019,BE_STOP,6.0,152.0,CHOP,6.0,,
BTCUSDT,2026-08-14 19:28:00+00:00,0.0005000000000000001,0.0019,BE_STOP,6.0,73.0,CHOP,6.0,,
BTCUSDT,2026-08-14 19:29:00+00:00,0.0005000000000000001,0.0019,BE_STOP,6.0,72.0,CHOP,6.0,,
NEARUSDT,2026-08-14 23:43:00+00:00,-0.0264,-0.025,MAE_KILL,6.0,251.0,CHOP,6.0,,
ETHUSDT,2026-08-15 03:34:00+00:00,0.0005000000000000001,0.0019,BE_STOP,6.0,231.0,CHOP,6.0,,
ETHUSDT,2026-08-15 05:07:00+00:00,-0.008436945280502726,-0.007036945280502725,MAX_AGE,6.0,2880.0,CHOP,6.0,,
NEARUSDT,2026-08-15 05:24:00+00:00,0.004600000000000001,0.006,TP,6.0,110.0,CHOP,6.0,,
ETHUSDT,2026-08-15 05:40:00+00:00,0.0005000000000000001,0.0019,BE_STOP,6.0,659.0,CHOP,6.0,,
NEARUSDT,2026-08-15 05:45:00+00:00,0.0005000000000000001,0.0019,BE_STOP,6.0,20.0,CHOP,6.0,,
BTCUSDT,2026-08-15 06:15:00+00:00,0.0005000000000000001,0.0019,BE_STOP,6.0,646.0,CHOP,6.0,,
BTCUSDT,2026-08-15 16:24:00+00:00,-0.008430037432666827,-0.007030037432666826,MAX_AGE,6.0,2880.0,CHOP,6.0,,
ETHUSDT,2026-08-15 16:42:00+00:00,-0.011725591374778738,-0.010325591374778738,MAX_AGE,6.0,2880.0,CHOP,6.0,,
BTCUSDT,2026-08-16 00:01:00+00:00,-0.007986338547255403,-0.006586338547255404,MAX_AGE,6.0,2880.0,CHOP,6.0,,
NEARUSDT,2026-08-16 01:02:00+00:00,0.0005000000000000001,0.0019,BE_STOP,6.0,61.0,TREND,6.0,,
BTCUSDT,2026-08-16 14:03:00+00:00,-0.007702531069658339,-0.00630253106965834,MAX_AGE,6.0,2880.0,CHOP,6.0,,
SOLUSDT,2026-08-16 16:40:00+00:00,0.0005000000000000001,0.0019,BE_STOP,6.0,938.0,CHOP,6.0,,
ETHUSDT,2026-08-16 17:11:00+00:00,0.0005000000000000001,0.0019,BE_STOP,6.0,2161.0,CHOP,6.0,,
ETHUSDT,2026-08-16 17:59:00+00:00,0.0005000000000000001,0.0019,BE_STOP,6.0,235.0,CHOP,6.0,,
NEARUSDT,2026-08-16 20:52:00+00:00,-0.0264,-0.025,MAE_KILL,6.0,1707.0,CHOP,6.0,,
BTCUSDT,2026-08-16 21:40:00+00:00,0.004600000000000001,0.006,TP,6.0,269.0,TREND,6.0,,
BTCUSDT,2026-08-16 21:40:00+00:00,0.004600000000000001,0.006,TP,6.0,221.0,CHOP,6.0,,
BTCUSDT,2026-08-16 21:47:00+00:00,0.0005000000000000001,0.0019,BE_STOP,6.0,2372.0,CHOP,6.0,,
BTCUSDT,2026-08-16 21:50:00+00:00,0.0005000000000000001,0.0019,BE_STOP,6.0,2410.0,CHOP,6.0,,
BTCUSDT,2026-08-16 21:50:00+00:00,0.0005000000000000001,0.0019,BE_STOP,6.0,57.0,CHOP,6.0,,
BTCUSDT,2026-08-16 21:51:00+00:00,0.0005000000000000001,0.0019,BE_STOP,6.0,2406.0,CHOP,6.0,,
BTCUSDT,2026-08-16 21:51:00+00:00,0.0005000000000000001,0.0019,BE_STOP,6.0,1749.0,CHOP,6.0,,
BTCUSDT,2026-08-16 22:49:00+00:00,0.0005000000000000001,0.0019,BE_STOP,6.0,67.0,TREND,6.0,,
BTCUSDT,2026-08-16 22:51:00+00:00,0.0005000000000000001,0.0019,BE_STOP,6.0,64.0,TREND,6.0,,
BTCUSDT,2026-08-16 22:57:00+00:00,0.0005000000000000001,0.0019,BE_STOP,6.0,60.0,TREND,6.0,,
XRPUSDT,2026-08-16 22:59:00+00:00,0.0005000000000000001,0.0019,BE_STOP,6.0,79.0,CHOP,6.0,,
ETHUSDT,2026-08-17 01:01:00+00:00,0.004600000000000001,0.006,TP,6.0,132.0,CHOP,6.0,,
ETHUSDT,2026-08-17 01:01:00+00:00,0.004600000000000001,0.006,TP,6.0,130.0,CHOP,6.0,,
ETHUSDT,2026-08-17 01:01:00+00:00,0.004600000000000001,0.006,TP,6.0,121.0,CHOP,6.0,,
ETHUSDT,2026-08-17 01:08:00+00:00,0.0005000000000000001,0.0019,BE_STOP,6.0,508.0,TREND,6.0,,
BTCUSDT,2026-08-17 01:15:00+00:00,0.0005000000000000001,0.0019,BE_STOP,6.0,132.0,CHOP,6.0,,
BTCUSDT,2026-08-17 01:54:00+00:00,0.0005000000000000001,0.0019,BE_STOP,6.0,39.0,CHOP,6.0,,
BTCUSDT,2026-08-17 02:52:00+00:00,0.004600000000000001,0.006,TP,6.0,110.0,CHOP,6.0,,
BTCUSDT,2026-08-17 02:53:00+00:00,0.004600000000000001,0.006,TP,6.0,108.0,CHOP,6.0,,
BTCUSDT,2026-08-17 02:53:00+00:00,0.004600000000000001,0.006,TP,6.0,106.0,CHOP,6.0,,
BTCUSDT,2026-08-17 05:28:00+00:00,0.0005000000000000001,0.0019,BE_STOP,6.0,150.0,CHOP,6.0,,
NEARUSDT,2026-08-17 06:46:00+00:00,0.004600000000000001,0.006,TP,6.0,78.0,TREND,6.0,,
ETHUSDT,2026-08-17 06:48:00+00:00,0.007874229207246217,0.009274229207246217,TP,6.0,339.0,CHOP,6.0,,
ETHUSDT,2026-08-17 07:01:00+00:00,0.0005000000000000001,0.0019,BE_STOP,6.0,245.0,TREND,6.0,,
BTCUSDT,2026-08-17 07:17:00+00:00,0.0005000000000000001,0.0019,BE_STOP,6.0,263.0,CHOP,6.0,,
BTCUSDT,2026-08-17 09:15:00+00:00,0.0005000000000000001,0.0019,BE_STOP,6.0,117.0,TREND,6.0,,
BTCUSDT,2026-08-17 13:02:00+00:00,0.0005000000000000001,0.0019,BE_STOP,6.0,226.0,CHOP,6.0,,
BTCUSDT,2026-08-17 15:28:00+00:00,0.004600000000000001,0.006,TP,6.0,519.0,CHOP,6.0,,
SOLUSDT,2026-08-17 16:20:00+00:00,0.0005000000000000001,0.0019,BE_STOP,6.0,559.0,TREND,6.0,,
BTCUSDT,2026-08-17 17:23:00+00:00,0.004600000000000001,0.006,TP,6.0,114.0,TREND,6.0,,
SOLUSDT,2026-08-17 17:39:00+00:00,0.0005000000000000001,0.0019,BE_STOP,6.0,79.0,CHOP,6.0,,
NEARUSDT,2026-08-17 17:46:00+00:00,-0.0264,-0.025,MAE_KILL,6.0,659.0,TREND,6.0,,
BTCUSDT,2026-08-17 18:23:00+00:00,0.004600000000000001,0.006,TP,6.0,44.0,TREND,6.0,,
BTCUSDT,2026-08-17 18:29:00+00:00,0.0005000000000000001,0.0019,BE_STOP,6.0,66.0,CHOP,6.0,,
BTCUSDT,2026-08-17 19:01:00+00:00,0.0005000000000000001,0.0019,BE_STOP,6.0,75.0,TREND,6.0,,
ETHUSDT,2026-08-18 02:30:00+00:00,0.004600000000000001,0.006,TP,6.0,447.0,CHOP,6.0,,
NEARUSDT,2026-08-18 02:49:00+00:00,0.0005000000000000001,0.0019,BE_STOP,6.0,19.0,CHOP,6.0,,
ETHUSDT,2026-08-18 03:36:00+00:00,0.0005000000000000001,0.0019,BE_STOP,6.0,1541.0,CHOP,6.0,,
NEARUSDT,2026-08-18 06:30:00+00:00,-0.0264,-0.025,MAE_KILL,6.0,174.0,CHOP,6.0,,
BTCUSDT,2026-08-18 14:26:00+00:00,0.004600000000000001,0.006,TP,6.0,1197.0,TREND,6.0,,
ETHUSDT,2026-08-18 14:26:00+00:00,0.004600000000000001,0.006,TP,6.0,475.0,CHOP,6.0,,
BTCUSDT,2026-08-18 14:27:00+00:00,0.004600000000000001,0.006,TP,6.0,1203.0,TREND,6.0,,
SOLUSDT,2026-08-18 21:50:00+00:00,-0.03447727431441532,-0.033077274314415324,MAX_AGE,6.0,2880.0,TREND,6.0,,
SOLUSDT,2026-08-18 21:53:00+00:00,-0.0349549734703473,-0.033554973470347305,MAX_AGE,6.0,2880.0,TREND,6.0,,
BTCUSDT,2026-08-18 22:01:00+00:00,-0.028554714242977803,-0.027154714242977804,MAX_AGE,6.0,2880.0,TREND,6.0,,
NEARUSDT,2026-08-19 00:06:00+00:00,0.009399116680730242,0.010799116680730242,TP,6.0,132.0,CHOP,6.0,,
ETHUSDT,2026-08-19 02:26:00+00:00,0.0005000000000000001,0.0019,BE_STOP,6.0,140.0,CHOP,6.0,,
ETHUSDT,2026-08-19 03:12:00+00:00,0.0005000000000000001,0.0019,BE_STOP,6.0,322.0,CHOP,6.0,,
BTCUSDT,2026-08-19 06:09:00+00:00,0.004600000000000001,0.006,TP,6.0,487.0,CHOP,6.0,,
BTCUSDT,2026-08-19 12:41:00+00:00,0.004600000000000001,0.006,TP,6.0,614.0,CHOP,6.0,,
BTCUSDT,2026-08-19 13:03:00+00:00,-0.0214630918801097,-0.020063091880109702,MAX_AGE,6.0,2880.0,CHOP,6.0,,
BTCUSDT,2026-08-19 13:37:00+00:00,0.0005000000000000001,0.0019,BE_STOP,6.0,1386.0,TREND,6.0,,
BTCUSDT,2026-08-19 13:38:00+00:00,0.0005000000000000001,0.0019,BE_STOP,6.0,1385.0,TREND,6.0,,
NEARUSDT,2026-08-19 14:14:00+00:00,0.0005000000000000001,0.0019,BE_STOP,6.0,92.0,CHOP,6.0,,
BTCUSDT,2026-08-19 14:37:00+00:00,0.006165392973719588,0.007565392973719587,TP,6.0,1448.0,TREND,6.0,,
NEARUSDT,2026-08-19 14:47:00+00:00,0.0005000000000000001,0.0019,BE_STOP,6.0,33.0,CHOP,6.0,,
XRPUSDT,2026-08-19 14:54:00+00:00,0.004600000000000001,0.006,TP,6.0,7.0,TREND,6.0,,
BTCUSDT,2026-08-19 14:55:00+00:00,0.004600000000000001,0.006,TP,6.0,16.0,TREND,6.0,,
NEARUSDT,2026-08-19 15:02:00+00:00,0.0005000000000000001,0.0019,BE_STOP,6.0,7.0,TREND,6.0,,
ETHUSDT,2026-08-19 15:05:00+00:00,0.012918222791141146,0.014318222791141146,TP,6.0,8.0,TREND,6.0,,
BTCUSDT,2026-08-19 15:14:00+00:00,-0.0414,-0.04,MAE_KILL,6.0,2185.0,CHOP,6.0,,
BTCUSDT,2026-08-19 15:14:00+00:00,-0.0414,-0.04,MAE_KILL,6.0,544.0,TREND,6.0,,
SOLUSDT,2026-08-19 15:19:00+00:00,0.0005000000000000001,0.0019,BE_STOP,6.0,16.0,TREND,6.0,,
BTCUSDT,2026-08-19 15:23:00+00:00,-0.0414,-0.04,MAE_KILL,6.0,731.0,TREND,6.0,,
BTCUSDT,2026-08-19 15:24:00+00:00,0.00981391561806077,0.01121391561806077,TP,6.0,17.0,TREND,6.0,,
NEARUSDT,2026-08-19 15:26:00+00:00,-0.0264,-0.025,MAE_KILL,6.0,143.0,CHOP,6.0,,
BTCUSDT,2026-08-19 15:26:00+00:00,-0.0414,-0.04,MAE_KILL,6.0,108.0,TREND,6.0,,
BTCUSDT,2026-08-19 15:26:00+00:00,-0.0414,-0.04,MAE_KILL,6.0,106.0,TREND,6.0,,
NEARUSDT,2026-08-19 15:26:00+00:00,0.011881148075668608,0.013281148075668608,TP,6.0,5.0,TREND,6.0,,
ETHUSDT,2026-08-19 15:27:00+00:00,0.024898740047397526,0.026298740047397524,TP,6.0,13.0,TREND,6.0,,
ETHUSDT,2026-08-19 15:27:00+00:00,0.024173918230910644,0.025573918230910642,TP,6.0,11.0,TREND,6.0,,
BTCUSDT,2026-08-19 15:27:00+00:00,0.011240025299629832,0.012640025299629832,TP,6.0,2.0,TREND,6.0,,
BTCUSDT,2026-08-20 00:25:00+00:00,0.0005000000000000001,0.0019,BE_STOP,6.0,13.0,CHOP,6.0,,
XRPUSDT,2026-08-20 00:33:00+00:00,0.006439484612100748,0.007839484612100748,TP,6.0,33.0,CHOP,6.0,,
NEARUSDT,2026-08-20 00:41:00+00:00,0.0005000000000000001,0.0019,BE_STOP,6.0,38.0,CHOP,6.0,,
NEARUSDT,2026-08-20 00:44:00+00:00,0.0005000000000000001,0.0019,BE_STOP,6.0,39.0,CHOP,6.0,,
XRPUSDT,2026-08-20 00:57:00+00:00,0.0005000000000000001,0.0019,BE_STOP,6.0,43.0,CHOP,6.0,,
BTCUSDT,2026-08-20 01:02:00+00:00,0.0005000000000000001,0.0019,BE_STOP,6.0,29.0,TREND,6.0,,
ETHUSDT,2026-08-20 01:06:00+00:00,0.0005000000000000001,0.0019,BE_STOP,6.0,50.0,TREND,6.0,,
ETHUSDT,2026-08-20 01:08:00+00:00,0.0005000000000000001,0.0019,BE_STOP,6.0,61.0,TREND,6.0,,
BTCUSDT,2026-08-20 01:19:00+00:00,0.0005000000000000001,0.0019,BE_STOP,6.0,22.0,CHOP,6.0,,
BTCUSDT,2026-08-20 01:20:00+00:00,0.0005000000000000001,0.0019,BE_STOP,6.0,18.0,CHOP,6.0,,
BTCUSDT,2026-08-20 01:34:00+00:00,0.0005000000000000001,0.0019,BE_STOP,6.0,52.0,TREND,6.0,,
BTCUSDT,2026-08-20 01:34:00+00:00,0.0005000000000000001,0.0019,BE_STOP,6.0,50.0,TREND,6.0,,
BTCUSDT,2026-08-20 01:52:00+00:00,0.0005000000000000001,0.0019,BE_STOP,6.0,87.0,CHOP,6.0,,
BTCUSDT,2026-08-20 02:10:00+00:00,0.0005000000000000001,0.0019,BE_STOP,6.0,35.0,CHOP,6.0,,
ETHUSDT,2026-08-20 02:21:00+00:00,0.0005000000000000001,0.0019,BE_STOP,6.0,44.0,TREND,6.0,,
BTCUSDT,2026-08-20 03:00:00+00:00,0.004600000000000001,0.006,TP,6.0,49.0,CHOP,6.0,,
SOLUSDT,2026-08-20 03:07:00+00:00,0.004820847672614671,0.00622084767261467,TP,6.0,119.0,CHOP,6.0,,
BTCUSDT,2026-08-20 03:08:00+00:00,0.004600000000000001,0.006,TP,6.0,47.0,CHOP,6.0,,
BTCUSDT,2026-08-20 03:11:00+00:00,0.004600000000000001,0.006,TP,6.0,120.0,CHOP,6.0,,
BTCUSDT,2026-08-20 03:11:00+00:00,0.004600000000000001,0.006,TP,6.0,108.0,CHOP,6.0,,
SOLUSDT,2026-08-20 03:11:00+00:00,0.004731287654930331,0.0061312876549303305,TP,6.0,10.0,TREND,6.0,,
NEARUSDT,2026-08-20 03:37:00+00:00,0.0005000000000000001,0.0019,BE_STOP,6.0,26.0,CHOP,6.0,,
ETHUSDT,2026-08-20 05:47:00+00:00,0.0005000000000000001,0.0019,BE_STOP,6.0,130.0,CHOP,6.0,,
BTCUSDT,2026-08-20 07:13:00+00:00,0.0005000000000000001,0.0019,BE_STOP,6.0,321.0,CHOP,6.0,,
SOLUSDT,2026-08-20 07:29:00+00:00,0.004892648222928087,0.006292648222928086,TP,6.0,439.0,TREND,6.0,,
XRPUSDT,2026-08-20 07:50:00+00:00,0.0005000000000000001,0.0019,BE_STOP,6.0,21.0,CHOP,6.0,,
SOLUSDT,2026-08-20 08:07:00+00:00,0.004764988253602428,0.006164988253602427,TP,6.0,54.0,CHOP,6.0,,
BTCUSDT,2026-08-20 08:07:00+00:00,0.004600000000000001,0.006,TP,6.0,17.0,CHOP,6.0,,
BTCUSDT,2026-08-20 08:09:00+00:00,0.005873264405379109,0.0072732644053791085,TP,6.0,1.0,CHOP,6.0,,
XRPUSDT,2026-08-20 08:10:00+00:00,0.007311741577364789,0.008711741577364788,TP,6.0,409.0,CHOP,6.0,,
ETHUSDT,2026-08-20 08:16:00+00:00,0.0005000000000000001,0.0019,BE_STOP,6.0,5.0,CHOP,6.0,,
SOLUSDT,2026-08-20 08:17:00+00:00,-0.0414,-0.04,MAE_KILL,6.0,308.0,TREND,6.0,,
BTCUSDT,2026-08-20 08:52:00+00:00,-0.0414,-0.04,MAE_KILL,6.0,339.0,CHOP,6.0,,
BTCUSDT,2026-08-20 09:06:00+00:00,-0.0414,-0.04,MAE_KILL,6.0,351.0,CHOP,6.0,,
BTCUSDT,2026-08-20 09:06:00+00:00,-0.0414,-0.04,MAE_KILL,6.0,349.0,CHOP,6.0,,
BTCUSDT,2026-08-20 09:52:00+00:00,0.0005000000000000001,0.0019,BE_STOP,6.0,45.0,TREND,6.0,,
BTCUSDT,2026-08-20 10:14:00+00:00,-0.0414,-0.04,MAE_KILL,6.0,266.0,CHOP,6.0,,
BTCUSDT,2026-08-20 10:15:00+00:00,0.018171869134625516,0.019571869134625514,TP,6.0,119.0,TREND,6.0,,
XRPUSDT,2026-08-20 10:19:00+00:00,0.00628488268488258,0.007684882684882579,TP,6.0,5.0,TREND,6.0,,
SOLUSDT,2026-08-20 10:58:00+00:00,0.0005000000000000001,0.0019,BE_STOP,6.0,109.0,TREND,6.0,,
NEARUSDT,2026-08-20 11:07:00+00:00,0.004600000000000001,0.006,TP,6.0,9.0,CHOP,6.0,,
ETHUSDT,2026-08-20 11:31:00+00:00,0.0073547964544133535,0.008754796454413353,TP,6.0,72.0,CHOP,6.0,,
ETHUSDT,2026-08-20 11:31:00+00:00,0.007350179562928184,0.008750179562928184,TP,6.0,24.0,CHOP,6.0,,
ETHUSDT,2026-08-20 11:54:00+00:00,0.0005000000000000001,0.0019,BE_STOP,6.0,20.0,CHOP,6.0,,
ETHUSDT,2026-08-20 12:11:00+00:00,0.0005000000000000001,0.0019,BE_STOP,6.0,138.0,CHOP,6.0,,
XRPUSDT,2026-08-20 13:23:00+00:00,0.018365792194676052,0.01976579219467605,TP,6.0,88.0,TREND,6.0,,
BTCUSDT,2026-08-20 13:37:00+00:00,0.0005000000000000001,0.0019,BE_STOP,6.0,323.0,TREND,6.0,,
BTCUSDT,2026-08-20 13:37:00+00:00,0.0005000000000000001,0.0019,BE_STOP,6.0,319.0,TREND,6.0,,
BTCUSDT,2026-08-20 13:37:00+00:00,0.0005000000000000001,0.0019,BE_STOP,6.0,317.0,TREND,6.0,,
BTCUSDT,2026-08-20 13:37:00+00:00,0.006872202682805401,0.0082722026828054,TP,6.0,86.0,TREND,6.0,,
BTCUSDT,2026-08-20 15:04:00+00:00,0.004600000000000001,0.006,TP,6.0,101.0,CHOP,6.0,,
ETHUSDT,2026-08-20 15:34:00+00:00,0.0005000000000000001,0.0019,BE_STOP,6.0,242.0,CHOP,6.0,,
BTCUSDT,2026-08-20 15:36:00+00:00,0.0005000000000000001,0.0019,BE_STOP,6.0,320.0,TREND,6.0,,
BTCUSDT,2026-08-20 15:36:00+00:00,0.0005000000000000001,0.0019,BE_STOP,6.0,32.0,CHOP,6.0,,
SOLUSDT,2026-08-20 16:13:00+00:00,0.0005000000000000001,0.0019,BE_STOP,6.0,39.0,CHOP,6.0,,
ETHUSDT,2026-08-20 16:42:00+00:00,-0.0414,-0.04,MAE_KILL,6.0,185.0,CHOP,6.0,,
BTCUSDT,2026-08-20 17:09:00+00:00,0.0005000000000000001,0.0019,BE_STOP,6.0,25.0,CHOP,6.0,,
NEARUSDT,2026-08-20 19:12:00+00:00,-0.0264,-0.025,MAE_KILL,6.0,123.0,CHOP,6.0,,
ETHUSDT,2026-08-20 20:03:00+00:00,0.0005000000000000001,0.0019,BE_STOP,6.0,51.0,CHOP,6.0,,
ETHUSDT,2026-08-20 20:19:00+00:00,0.0005000000000000001,0.0019,BE_STOP,6.0,15.0,CHOP,6.0,,
ETHUSDT,2026-08-20 20:58:00+00:00,0.0005000000000000001,0.0019,BE_STOP,6.0,39.0,CHOP,6.0,,
SOLUSDT,2026-08-21 00:22:00+00:00,0.007097587466546969,0.008497587466546969,TP,6.0,930.0,TREND,6.0,,
BTCUSDT,2026-08-21 01:16:00+00:00,-0.0414,-0.04,MAE_KILL,6.0,697.0,CHOP,6.0,,
BTCUSDT,2026-08-21 01:18:00+00:00,-0.0414,-0.04,MAE_KILL,6.0,697.0,CHOP,6.0,,
ETHUSDT,2026-08-21 01:18:00+00:00,-0.0414,-0.04,MAE_KILL,6.0,695.0,CHOP,6.0,,
SOLUSDT,2026-08-21 01:21:00+00:00,0.0005000000000000001,0.0019,BE_STOP,6.0,59.0,CHOP,6.0,,
ETHUSDT,2026-08-21 01:21:00+00:00,0.0005000000000000001,0.0019,BE_STOP,6.0,4.0,CHOP,6.0,,
BTCUSDT,2026-08-21 01:47:00+00:00,-0.0414,-0.04,MAE_KILL,6.0,574.0,CHOP,6.0,,
BTCUSDT,2026-08-21 01:47:00+00:00,-0.0414,-0.04,MAE_KILL,6.0,289.0,CHOP,6.0,,
BTCUSDT,2026-08-21 01:47:00+00:00,0.013010529441098847,0.014410529441098847,TP,6.0,26.0,TREND,6.0,,
SOLUSDT,2026-08-21 02:01:00+00:00,0.0005000000000000001,0.0019,BE_STOP,6.0,42.0,CHOP,6.0,,
NEARUSDT,2026-08-21 03:46:00+00:00,-0.0264,-0.025,MAE_KILL,6.0,143.0,TREND,6.0,,
BTCUSDT,2026-08-21 03:48:00+00:00,0.0005000000000000001,0.0019,BE_STOP,6.0,105.0,TREND,6.0,,
ETHUSDT,2026-08-21 05:26:00+00:00,0.0005000000000000001,0.0019,BE_STOP,6.0,98.0,CHOP,6.0,,
SOLUSDT,2026-08-21 05:45:00+00:00,-0.0414,-0.04,MAE_KILL,6.0,848.0,CHOP,6.0,,
SOLUSDT,2026-08-21 05:45:00+00:00,-0.0414,-0.04,MAE_KILL,6.0,846.0,CHOP,6.0,,
NEARUSDT,2026-08-21 05:52:00+00:00,0.011794816659835438,0.013194816659835438,TP,6.0,122.0,CHOP,6.0,,
BTCUSDT,2026-08-21 06:11:00+00:00,0.0005000000000000001,0.0019,BE_STOP,6.0,22.0,TREND,6.0,,
BTCUSDT,2026-08-21 06:43:00+00:00,0.0005000000000000001,0.0019,BE_STOP,6.0,49.0,TREND,6.0,,
SOLUSDT,2026-08-21 06:48:00+00:00,0.0005000000000000001,0.0019,BE_STOP,6.0,5.0,TREND,6.0,,
XRPUSDT,2026-08-21 07:03:00+00:00,0.0005000000000000001,0.0019,BE_STOP,6.0,77.0,CHOP,6.0,,
BTCUSDT,2026-08-21 07:15:00+00:00,0.00555411707821904,0.006954117078219039,TP,6.0,12.0,CHOP,6.0,,
BTCUSDT,2026-08-21 07:16:00+00:00,0.013771465314198914,0.015171465314198914,TP,6.0,328.0,TREND,6.0,,
BTCUSDT,2026-08-21 07:16:00+00:00,0.015273036951566782,0.016673036951566782,TP,6.0,326.0,TREND,6.0,,
BTCUSDT,2026-08-21 07:16:00+00:00,0.015630712536294743,0.01703071253629474,TP,6.0,324.0,TREND,6.0,,
XRPUSDT,2026-08-21 08:16:00+00:00,-0.0414,-0.04,MAE_KILL,6.0,88.0,CHOP,6.0,,
BTCUSDT,2026-08-21 08:35:00+00:00,0.014923279836235695,0.016323279836235695,TP,6.0,74.0,TREND,6.0,,
SOLUSDT,2026-08-21 08:36:00+00:00,0.009244602945777095,0.010644602945777095,TP,6.0,20.0,CHOP,6.0,,
SOLUSDT,2026-08-21 08:37:00+00:00,0.011986659615257725,0.013386659615257725,TP,6.0,146.0,TREND,6.0,,
ETHUSDT,2026-08-21 08:41:00+00:00,0.010474467349856076,0.011874467349856076,TP,6.0,86.0,TREND,6.0,,
BTCUSDT,2026-08-21 08:41:00+00:00,0.01474443005762367,0.01614443005762367,TP,6.0,82.0,TREND,6.0,,
BTCUSDT,2026-08-21 08:42:00+00:00,0.014412702484733272,0.015812702484733272,TP,6.0,85.0,TREND,6.0,,
ETHUSDT,2026-08-21 08:51:00+00:00,-0.0414,-0.04,MAE_KILL,6.0,446.0,CHOP,6.0,,
XRPUSDT,2026-08-21 08:52:00+00:00,0.02188096778258491,0.02328096778258491,TP,6.0,17.0,CHOP,6.0,,
BTCUSDT,2026-08-21 08:54:00+00:00,0.012789660631307587,0.014189660631307588,TP,6.0,16.0,TREND,6.0,,
ETHUSDT,2026-08-21 08:57:00+00:00,0.014133072470459836,0.015533072470459836,TP,6.0,17.0,TREND,6.0,,
BTCUSDT,2026-08-21 08:57:00+00:00,0.01305893778251905,0.01445893778251905,TP,6.0,8.0,TREND,6.0,,
ETHUSDT,2026-08-21 08:58:00+00:00,-0.0414,-0.04,MAE_KILL,6.0,211.0,CHOP,6.0,,
SOLUSDT,2026-08-21 08:59:00+00:00,0.011769553147611819,0.013169553147611819,TP,6.0,17.0,TREND,6.0,,
BTCUSDT,2026-08-21 09:01:00+00:00,0.0005000000000000001,0.0019,BE_STOP,6.0,6.0,TREND,6.0,,
ETHUSDT,2026-08-21 09:03:00+00:00,0.0005000000000000001,0.0019,BE_STOP,6.0,19.0,TREND,6.0,,
NEARUSDT,2026-08-21 09:03:00+00:00,-0.0264,-0.025,MAE_KILL,6.0,12.0,TREND,6.0,,
XRPUSDT,2026-08-21 09:50:00+00:00,-0.0414,-0.04,MAE_KILL,6.0,37.0,CHOP,6.0,,
XRPUSDT,2026-08-21 09:54:00+00:00,0.023109149877351794,0.024509149877351793,TP,6.0,57.0,CHOP,6.0,,
ETHUSDT,2026-08-21 13:50:00+00:00,0.0005000000000000001,0.0019,BE_STOP,6.0,286.0,TREND,6.0,,
ETHUSDT,2026-08-21 17:24:00+00:00,0.0005000000000000001,0.0019,BE_STOP,6.0,214.0,CHOP,6.0,,
ETHUSDT,2026-08-21 18:45:00+00:00,0.0005000000000000001,0.0019,BE_STOP,6.0,535.0,CHOP,6.0,,
ETHUSDT,2026-08-21 18:45:00+00:00,0.0005000000000000001,0.0019,BE_STOP,6.0,530.0,CHOP,6.0,,
BTCUSDT,2026-08-21 18:45:00+00:00,0.004897716169537362,0.006297716169537362,TP,6.0,80.0,CHOP,6.0,,
BTCUSDT,2026-08-21 21:23:00+00:00,0.0005000000000000001,0.0019,BE_STOP,6.0,734.0,TREND,6.0,,
ETHUSDT,2026-08-21 21:24:00+00:00,0.016434628830977883,0.017834628830977882,TP,6.0,751.0,TREND,6.0,,
BTCUSDT,2026-08-21 21:24:00+00:00,0.0005000000000000001,0.0019,BE_STOP,6.0,733.0,TREND,6.0,,
ETHUSDT,2026-08-21 21:54:00+00:00,0.017058154357766413,0.01845815435776641,TP,6.0,28.0,TREND,6.0,,
ETHUSDT,2026-08-21 22:03:00+00:00,0.017984812928731313,0.019384812928731312,TP,6.0,35.0,TREND,6.0,,
SOLUSDT,2026-08-21 22:42:00+00:00,-0.0414,-0.04,MAE_KILL,6.0,815.0,TREND,6.0,,
NEARUSDT,2026-08-21 23:41:00+00:00,0.0005000000000000001,0.0019,BE_STOP,6.0,137.0,CHOP,6.0,,
XRPUSDT,2026-08-22 00:05:00+00:00,0.0005000000000000001,0.0019,BE_STOP,6.0,83.0,CHOP,6.0,,
SOLUSDT,2026-08-22 00:19:00+00:00,0.0005000000000000001,0.0019,BE_STOP,6.0,38.0,TREND,6.0,,
ETHUSDT,2026-08-22 05:09:00+00:00,0.012894841444144675,0.014294841444144675,TP,6.0,290.0,TREND,6.0,,
BTCUSDT,2026-08-22 05:10:00+00:00,0.008158076148612416,0.009558076148612416,TP,6.0,302.0,TREND,6.0,,
BTCUSDT,2026-08-22 05:12:00+00:00,0.0005000000000000001,0.0019,BE_STOP,6.0,626.0,CHOP,6.0,,
BTCUSDT,2026-08-22 12:28:00+00:00,0.0005000000000000001,0.0019,BE_STOP,6.0,433.0,CHOP,6.0,,
BTCUSDT,2026-08-22 16:50:00+00:00,0.0005000000000000001,0.0019,BE_STOP,6.0,262.0,CHOP,6.0,,
BTCUSDT,2026-08-23 05:14:00+00:00,-0.0414,-0.04,MAE_KILL,6.0,2655.0,TREND,6.0,,
BTCUSDT,2026-08-23 05:14:00+00:00,0.0068952191079315545,0.008295219107931554,TP,6.0,2066.0,CHOP,6.0,,
BTCUSDT,2026-08-23 05:14:00+00:00,0.0068748260138294425,0.008274826013829442,TP,6.0,2064.0,CHOP,6.0,,
BTCUSDT,2026-08-23 05:17:00+00:00,0.017127530454214553,0.018527530454214552,TP,6.0,1446.0,CHOP,6.0,,
BTCUSDT,2026-08-23 05:19:00+00:00,0.0005000000000000001,0.0019,BE_STOP,6.0,4.0,TREND,6.0,,
ETHUSDT,2026-08-23 13:18:00+00:00,-0.0414,-0.04,MAE_KILL,6.0,481.0,TREND,6.0,,
BTCUSDT,2026-08-23 13:29:00+00:00,0.0005000000000000001,0.0019,BE_STOP,6.0,1239.0,CHOP,6.0,,
BTCUSDT,2026-08-23 21:22:00+00:00,0.004600000000000001,0.006,TP,6.0,482.0,TREND,6.0,,
BTCUSDT,2026-08-23 21:55:00+00:00,-0.01169310851877267,-0.01029310851877267,MAX_AGE,6.0,2880.0,CHOP,6.0,,
BTCUSDT,2026-08-23 22:04:00+00:00,-0.010347926461900856,-0.008947926461900856,MAX_AGE,6.0,2880.0,CHOP,6.0,,
BTCUSDT,2026-08-23 23:28:00+00:00,0.0005000000000000001,0.0019,BE_STOP,6.0,84.0,CHOP,6.0,,
NEARUSDT,2026-08-24 00:34:00+00:00,0.018072805950731043,0.019472805950731042,TP,6.0,63.0,CHOP,6.0,,
ETHUSDT,2026-08-24 01:08:00+00:00,0.0005000000000000001,0.0019,BE_STOP,6.0,32.0,CHOP,6.0,,
XRPUSDT,2026-08-24 02:02:00+00:00,0.015582815693273062,0.016982815693273062,TP,6.0,52.0,CHOP,6.0,,
BTCUSDT,2026-08-24 04:55:00+00:00,0.0005000000000000001,0.0019,BE_STOP,6.0,173.0,CHOP,6.0,,
SOLUSDT,2026-08-24 05:13:00+00:00,-0.008499164113458435,-0.007099164113458435,MAX_AGE,6.0,2880.0,CHOP,6.0,,
BTCUSDT,2026-08-24 06:33:00+00:00,0.0005000000000000001,0.0019,BE_STOP,6.0,78.0,CHOP,6.0,,
XRPUSDT,2026-08-24 08:16:00+00:00,0.010659369202226434,0.012059369202226434,TP,6.0,103.0,CHOP,6.0,,
BTCUSDT,2026-08-24 08:33:00+00:00,0.0005000000000000001,0.0019,BE_STOP,6.0,15.0,CHOP,6.0,,
ETHUSDT,2026-08-24 10:06:00+00:00,0.0005000000000000001,0.0019,BE_STOP,6.0,731.0,CHOP,6.0,,
BTCUSDT,2026-08-24 10:52:00+00:00,0.0005000000000000001,0.0019,BE_STOP,6.0,46.0,CHOP,6.0,,
ETHUSDT,2026-08-24 11:02:00+00:00,0.0005000000000000001,0.0019,BE_STOP,6.0,1293.0,TREND,6.0,,
XRPUSDT,2026-08-24 11:13:00+00:00,0.0005000000000000001,0.0019,BE_STOP,6.0,21.0,CHOP,6.0,,
BTCUSDT,2026-08-24 11:35:00+00:00,0.004600000000000001,0.006,TP,6.0,21.0,CHOP,6.0,,
BTCUSDT,2026-08-24 11:37:00+00:00,0.004849790233952912,0.006249790233952912,TP,6.0,855.0,CHOP,6.0,,
SOLUSDT,2026-08-24 11:44:00+00:00,0.006991558128461022,0.008391558128461022,TP,6.0,9.0,CHOP,6.0,,
BTCUSDT,2026-08-24 12:47:00+00:00,0.0053085064678945,0.0067085064678944996,TP,6.0,69.0,CHOP,6.0,,
BTCUSDT,2026-08-24 12:51:00+00:00,-0.0414,-0.04,MAE_KILL,6.0,1892.0,TREND,6.0,,
BTCUSDT,2026-08-24 12:51:00+00:00,-0.0414,-0.04,MAE_KILL,6.0,1890.0,TREND,6.0,,
BTCUSDT,2026-08-24 12:51:00+00:00,-0.0414,-0.04,MAE_KILL,6.0,1888.0,TREND,6.0,,
BTCUSDT,2026-08-24 13:16:00+00:00,0.0005000000000000001,0.0019,BE_STOP,6.0,24.0,TREND,6.0,,
XRPUSDT,2026-08-24 13:31:00+00:00,0.0005000000000000001,0.0019,BE_STOP,6.0,107.0,CHOP,6.0,,
BTCUSDT,2026-08-24 13:32:00+00:00,0.0005000000000000001,0.0019,BE_STOP,6.0,45.0,TREND,6.0,,
NEARUSDT,2026-08-24 13:42:00+00:00,0.014391406536907904,0.015791406536907904,TP,6.0,11.0,CHOP,6.0,,
BTCUSDT,2026-08-24 13:45:00+00:00,0.009235411304372065,0.010635411304372065,TP,6.0,28.0,TREND,6.0,,
BTCUSDT,2026-08-24 13:45:00+00:00,0.007524568210392113,0.008924568210392112,TP,6.0,12.0,TREND,6.0,,
BTCUSDT,2026-08-24 14:24:00+00:00,0.0005000000000000001,0.0019,BE_STOP,6.0,86.0,TREND,6.0,,
NEARUSDT,2026-08-24 14:51:00+00:00,0.0005000000000000001,0.0019,BE_STOP,6.0,27.0,CHOP,6.0,,
BTCUSDT,2026-08-24 15:23:00+00:00,-0.0414,-0.04,MAE_KILL,6.0,626.0,CHOP,6.0,,
SOLUSDT,2026-08-24 15:23:00+00:00,-0.0414,-0.04,MAE_KILL,6.0,409.0,CHOP,6.0,,
SOLUSDT,2026-08-24 15:24:00+00:00,0.009810180504665575,0.011210180504665575,TP,6.0,148.0,CHOP,6.0,,
ETHUSDT,2026-08-24 15:57:00+00:00,0.012019891014218367,0.013419891014218368,TP,6.0,66.0,CHOP,6.0,,
BTCUSDT,2026-08-24 18:02:00+00:00,0.0005000000000000001,0.0019,BE_STOP,6.0,124.0,CHOP,6.0,,
BTCUSDT,2026-08-24 19:17:00+00:00,0.0005000000000000001,0.0019,BE_STOP,6.0,74.0,CHOP,6.0,,
NEARUSDT,2026-08-24 20:08:00+00:00,0.0005000000000000001,0.0019,BE_STOP,6.0,51.0,CHOP,6.0,,
ETHUSDT,2026-08-24 21:45:00+00:00,0.004600000000000001,0.006,TP,6.0,97.0,CHOP,6.0,,
BTCUSDT,2026-08-25 00:45:00+00:00,0.004600000000000001,0.006,TP,6.0,180.0,CHOP,6.0,,
BTCUSDT,2026-08-25 02:17:00+00:00,0.0070756736078537415,0.00847567360785374,TP,6.0,654.0,CHOP,6.0,,
BTCUSDT,2026-08-25 02:17:00+00:00,0.00847059768100337,0.00987059768100337,TP,6.0,652.0,CHOP,6.0,,
BTCUSDT,2026-08-25 02:17:00+00:00,0.009126551045950294,0.010526551045950294,TP,6.0,649.0,CHOP,6.0,,
SOLUSDT,2026-08-25 12:06:00+00:00,-0.0414,-0.04,MAE_KILL,6.0,679.0,TREND,6.0,,
ETHUSDT,2026-08-25 12:29:00+00:00,0.0005000000000000001,0.0019,BE_STOP,6.0,22.0,CHOP,6.0,,
BTCUSDT,2026-08-25 13:24:00+00:00,0.0005000000000000001,0.0019,BE_STOP,6.0,55.0,TREND,6.0,,
ETHUSDT,2026-08-25 13:51:00+00:00,0.005382208952725227,0.0067822089527252265,TP,6.0,1609.0,CHOP,6.0,,
BTCUSDT,2026-08-25 13:51:00+00:00,0.006296289961453163,0.007696289961453162,TP,6.0,27.0,TREND,6.0,,
BTCUSDT,2026-08-26 13:43:00+00:00,-0.003429613440437657,-0.002029613440437657,MAX_AGE,6.0,2880.0,CHOP,6.0,,
BTCUSDT,2026-08-26 13:46:00+00:00,-0.004262671126820004,-0.002862671126820005,MAX_AGE,6.0,2880.0,CHOP,6.0,,
BTCUSDT,2026-08-26 13:48:00+00:00,-0.0031264028460729234,-0.0017264028460729232,MAX_AGE,6.0,2880.0,CHOP,6.0,,
BTCUSDT,2026-08-26 15:04:00+00:00,-0.0414,-0.04,MAE_KILL,6.0,2205.0,CHOP,6.0,,
BTCUSDT,2026-08-26 17:16:00+00:00,0.0005000000000000001,0.0019,BE_STOP,6.0,1643.0,CHOP,6.0,,
BTCUSDT,2026-08-26 17:24:00+00:00,0.0005000000000000001,0.0019,BE_STOP,6.0,1649.0,CHOP,6.0,,
SOLUSDT,2026-08-26 18:01:00+00:00,0.0005000000000000001,0.0019,BE_STOP,6.0,37.0,CHOP,6.0,,
BTCUSDT,2026-08-26 18:41:00+00:00,0.0005000000000000001,0.0019,BE_STOP,6.0,85.0,CHOP,6.0,,
BTCUSDT,2026-08-26 20:25:00+00:00,0.0005000000000000001,0.0019,BE_STOP,6.0,144.0,CHOP,6.0,,
BTCUSDT,2026-08-26 22:21:00+00:00,0.005596310221326804,0.006996310221326804,TP,6.0,513.0,CHOP,6.0,,
BTCUSDT,2026-08-26 23:41:00+00:00,0.0063317036490164865,0.007731703649016486,TP,6.0,595.0,CHOP,6.0,,
BTCUSDT,2026-08-26 23:46:00+00:00,0.006960390749233777,0.008360390749233776,TP,6.0,603.0,CHOP,6.0,,
XRPUSDT,2026-08-27 00:04:00+00:00,0.0005000000000000001,0.0019,BE_STOP,6.0,103.0,CHOP,6.0,,
BTCUSDT,2026-08-27 01:25:00+00:00,0.0005000000000000001,0.0019,BE_STOP,6.0,80.0,CHOP,6.0,,
SOLUSDT,2026-08-27 01:30:00+00:00,0.00635819651269995,0.0077581965126999495,TP,6.0,5.0,TREND,6.0,,
BTCUSDT,2026-08-27 02:21:00+00:00,-0.02562786377708971,-0.02422786377708971,MAX_AGE,6.0,2880.0,CHOP,6.0,,
BTCUSDT,2026-08-27 02:23:00+00:00,-0.024915523668044833,-0.023515523668044835,MAX_AGE,6.0,2880.0,CHOP,6.0,,
NEARUSDT,2026-08-27 04:36:00+00:00,-0.0264,-0.025,MAE_KILL,6.0,290.0,TREND,6.0,,
BTCUSDT,2026-08-27 05:40:00+00:00,0.0005000000000000001,0.0019,BE_STOP,6.0,199.0,CHOP,6.0,,
ETHUSDT,2026-08-27 06:05:00+00:00,0.0005000000000000001,0.0019,BE_STOP,6.0,24.0,CHOP,6.0,,
NEARUSDT,2026-08-27 06:18:00+00:00,0.0005000000000000001,0.0019,BE_STOP,6.0,12.0,CHOP,6.0,,
BTCUSDT,2026-08-27 08:03:00+00:00,0.004600000000000001,0.006,TP,6.0,392.0,CHOP,6.0,,
BTCUSDT,2026-08-27 08:04:00+00:00,0.004600000000000001,0.006,TP,6.0,502.0,TREND,6.0,,
BTCUSDT,2026-08-27 08:10:00+00:00,0.005004875497697353,0.006404875497697352,TP,6.0,5.0,CHOP,6.0,,
SOLUSDT,2026-08-27 08:15:00+00:00,0.0005000000000000001,0.0019,BE_STOP,6.0,7.0,CHOP,6.0,,
ETHUSDT,2026-08-27 08:30:00+00:00,-0.0414,-0.04,MAE_KILL,6.0,1045.0,CHOP,6.0,,
SOLUSDT,2026-08-27 08:48:00+00:00,-0.0414,-0.04,MAE_KILL,6.0,150.0,CHOP,6.0,,
ETHUSDT,2026-08-27 09:03:00+00:00,0.0005000000000000001,0.0019,BE_STOP,6.0,53.0,CHOP,6.0,,
BTCUSDT,2026-08-27 09:26:00+00:00,0.009925581851025952,0.011325581851025952,TP,6.0,71.0,TREND,6.0,,
BTCUSDT,2026-08-27 09:26:00+00:00,0.004776697692450624,0.006176697692450623,TP,6.0,38.0,TREND,6.0,,
SOLUSDT,2026-08-27 09:56:00+00:00,0.0005000000000000001,0.0019,BE_STOP,6.0,85.0,CHOP,6.0,,
NEARUSDT,2026-08-27 10:26:00+00:00,0.009513473341218943,0.010913473341218944,TP,6.0,29.0,TREND,6.0,,
BTCUSDT,2026-08-27 10:29:00+00:00,0.0005000000000000001,0.0019,BE_STOP,6.0,86.0,TREND,6.0,,
BTCUSDT,2026-08-27 10:41:00+00:00,0.0005000000000000001,0.0019,BE_STOP,6.0,12.0,CHOP,6.0,,
BTCUSDT,2026-08-27 11:54:00+00:00,0.0005000000000000001,0.0019,BE_STOP,6.0,73.0,CHOP,6.0,,
BTCUSDT,2026-08-27 11:55:00+00:00,0.0005000000000000001,0.0019,BE_STOP,6.0,88.0,CHOP,6.0,,
XRPUSDT,2026-08-27 12:36:00+00:00,0.0005000000000000001,0.0019,BE_STOP,6.0,41.0,CHOP,6.0,,
BTCUSDT,2026-08-27 13:51:00+00:00,0.0005000000000000001,0.0019,BE_STOP,6.0,74.0,CHOP,6.0,,
SOLUSDT,2026-08-27 14:08:00+00:00,0.0005000000000000001,0.0019,BE_STOP,6.0,282.0,TREND,6.0,,
BTCUSDT,2026-08-27 14:08:00+00:00,0.0005000000000000001,0.0019,BE_STOP,6.0,130.0,CHOP,6.0,,
BTCUSDT,2026-08-27 14:36:00+00:00,0.007137494255769628,0.008537494255769627,TP,6.0,28.0,CHOP,6.0,,
NEARUSDT,2026-08-27 15:41:00+00:00,0.0005000000000000001,0.0019,BE_STOP,6.0,91.0,CHOP,6.0,,
NEARUSDT,2026-08-27 16:16:00+00:00,0.0005000000000000001,0.0019,BE_STOP,6.0,35.0,CHOP,6.0,,
BTCUSDT,2026-08-27 17:43:00+00:00,0.0005000000000000001,0.0019,BE_STOP,6.0,87.0,CHOP,6.0,,
BTCUSDT,2026-08-27 18:13:00+00:00,0.004600000000000001,0.006,TP,6.0,30.0,CHOP,6.0,,
BTCUSDT,2026-08-27 18:27:00+00:00,0.0005000000000000001,0.0019,BE_STOP,6.0,13.0,CHOP,6.0,,
BTCUSDT,2026-08-28 01:33:00+00:00,-0.0414,-0.04,MAE_KILL,6.0,1852.0,CHOP,6.0,,
BTCUSDT,2026-08-28 01:33:00+00:00,-0.0414,-0.04,MAE_KILL,6.0,1748.0,CHOP,6.0,,
BTCUSDT,2026-08-28 04:13:00+00:00,0.0005000000000000001,0.0019,BE_STOP,6.0,586.0,CHOP,6.0,,
XRPUSDT,2026-08-28 10:02:00+00:00,-0.0414,-0.04,MAE_KILL,6.0,507.0,CHOP,6.0,,
XRPUSDT,2026-08-28 10:04:00+00:00,-0.0414,-0.04,MAE_KILL,6.0,1168.0,CHOP,6.0,,
BTCUSDT,2026-08-28 14:05:00+00:00,0.004600000000000001,0.006,TP,6.0,240.0,CHOP,6.0,,
BTCUSDT,2026-08-28 14:12:00+00:00,0.004600000000000001,0.006,TP,6.0,244.0,CHOP,6.0,,
BTCUSDT,2026-08-28 14:13:00+00:00,0.0075311423591942995,0.008931142359194299,TP,6.0,1462.0,CHOP,6.0,,
BTCUSDT,2026-08-28 14:18:00+00:00,0.0005000000000000001,0.0019,BE_STOP,6.0,2152.0,CHOP,6.0,,
BTCUSDT,2026-08-28 14:18:00+00:00,0.0005000000000000001,0.0019,BE_STOP,6.0,2021.0,CHOP,6.0,,
NEARUSDT,2026-08-28 15:43:00+00:00,0.0005000000000000001,0.0019,BE_STOP,6.0,83.0,CHOP,6.0,,
BTCUSDT,2026-08-28 15:58:00+00:00,0.0050731282092914545,0.006473128209291454,TP,6.0,15.0,CHOP,6.0,,
ETHUSDT,2026-08-28 16:03:00+00:00,-0.0414,-0.04,MAE_KILL,6.0,1835.0,TREND,6.0,,
BTCUSDT,2026-08-28 16:03:00+00:00,-0.0414,-0.04,MAE_KILL,6.0,870.0,TREND,6.0,,
XRPUSDT,2026-08-28 16:05:00+00:00,0.0005000000000000001,0.0019,BE_STOP,6.0,6.0,CHOP,6.0,,
BTCUSDT,2026-08-28 16:15:00+00:00,0.011592387287241004,0.012992387287241005,TP,6.0,117.0,CHOP,6.0,,
BTCUSDT,2026-08-28 16:18:00+00:00,0.011238742076687793,0.012638742076687793,TP,6.0,122.0,CHOP,6.0,,
BTCUSDT,2026-08-28 16:23:00+00:00,0.00731651545676792,0.00871651545676792,TP,6.0,20.0,CHOP,6.0,,
BTCUSDT,2026-08-28 16:23:00+00:00,0.007672216688474357,0.009072216688474357,TP,6.0,18.0,CHOP,6.0,,
BTCUSDT,2026-08-28 16:23:00+00:00,0.008273792502714782,0.009673792502714782,TP,6.0,16.0,CHOP,6.0,,
ETHUSDT,2026-08-28 16:25:00+00:00,0.010960662395275503,0.012360662395275503,TP,6.0,7.0,CHOP,6.0,,
SOLUSDT,2026-08-28 16:28:00+00:00,0.0005000000000000001,0.0019,BE_STOP,6.0,13.0,CHOP,6.0,,
SOLUSDT,2026-08-28 19:10:00+00:00,0.0005000000000000001,0.0019,BE_STOP,6.0,165.0,CHOP,6.0,,
SOLUSDT,2026-08-28 20:41:00+00:00,0.0005000000000000001,0.0019,BE_STOP,6.0,396.0,CHOP,6.0,,
SOLUSDT,2026-08-28 20:44:00+00:00,0.0005000000000000001,0.0019,BE_STOP,6.0,391.0,CHOP,6.0,,
SOLUSDT,2026-08-28 20:51:00+00:00,0.0005000000000000001,0.0019,BE_STOP,6.0,10.0,TREND,6.0,,
SOLUSDT,2026-08-28 20:51:00+00:00,0.0005000000000000001,0.0019,BE_STOP,6.0,7.0,CHOP,6.0,,
SOLUSDT,2026-08-28 21:18:00+00:00,0.0005000000000000001,0.0019,BE_STOP,6.0,128.0,CHOP,6.0,,
BTCUSDT,2026-08-30 04:19:00+00:00,-0.02347674655309041,-0.02207674655309041,MAX_AGE,6.0,2880.0,CHOP,6.0,,
ETHUSDT,2026-08-30 16:27:00+00:00,-0.03553279578739501,-0.03413279578739501,MAX_AGE,6.0,2880.0,TREND,6.0,,
BTCUSDT,2026-08-30 16:29:00+00:00,-0.02033920340296875,-0.01893920340296875,MAX_AGE,6.0,2880.0,TREND,6.0,,
ETHUSDT,2026-08-30 16:31:00+00:00,-0.03189936399819455,-0.030499363998194546,MAX_AGE,6.0,2880.0,TREND,6.0,,
SOLUSDT,2026-08-30 16:33:00+00:00,0.015697601189398315,0.017097601189398313,MAX_AGE,6.0,2880.0,CHOP,6.0,,
ETHUSDT,2026-08-30 16:36:00+00:00,-0.0414,-0.04,MAE_KILL,6.0,2597.0,CHOP,6.0,,
ETHUSDT,2026-08-30 16:41:00+00:00,0.00706215908722604,0.00846215908722604,TP,6.0,11.0,TREND,6.0,,
BTCUSDT,2026-08-30 17:07:00+00:00,0.0005000000000000001,0.0019,BE_STOP,6.0,39.0,TREND,6.0,,
ETHUSDT,2026-08-30 17:20:00+00:00,0.005818875115273236,0.007218875115273235,TP,6.0,13.0,TREND,6.0,,
SOLUSDT,2026-08-30 17:24:00+00:00,0.005148383941384873,0.0065483839413848725,TP,6.0,52.0,CHOP,6.0,,
BTCUSDT,2026-08-30 20:44:00+00:00,0.004600000000000001,0.006,TP,6.0,196.0,CHOP,6.0,,
BTCUSDT,2026-08-30 20:51:00+00:00,-0.01825889798861358,-0.01685889798861358,MAX_AGE,6.0,2880.0,TREND,6.0,,
BTCUSDT,2026-08-30 20:53:00+00:00,-0.018320758112010505,-0.016920758112010506,MAX_AGE,6.0,2880.0,TREND,6.0,,
BTCUSDT,2026-08-30 21:01:00+00:00,0.004600000000000001,0.006,TP,6.0,215.0,CHOP,6.0,,
BTCUSDT,2026-08-30 21:04:00+00:00,0.0005000000000000001,0.0019,BE_STOP,6.0,19.0,CHOP,6.0,,
NEARUSDT,2026-08-30 21:29:00+00:00,0.0005000000000000001,0.0019,BE_STOP,6.0,35.0,CHOP,6.0,,
NEARUSDT,2026-08-30 21:29:00+00:00,0.0005000000000000001,0.0019,BE_STOP,6.0,33.0,CHOP,6.0,,
NEARUSDT,2026-08-30 21:38:00+00:00,0.0005000000000000001,0.0019,BE_STOP,6.0,7.0,CHOP,6.0,,
XRPUSDT,2026-08-30 22:02:00+00:00,0.005182522480032154,0.006582522480032153,TP,6.0,24.0,CHOP,6.0,,
BTCUSDT,2026-08-30 23:20:00+00:00,0.0005000000000000001,0.0019,BE_STOP,6.0,136.0,CHOP,6.0,,
SOLUSDT,2026-08-30 23:23:00+00:00,-0.0414,-0.04,MAE_KILL,6.0,406.0,CHOP,6.0,,
ETHUSDT,2026-08-30 23:23:00+00:00,0.010664070842557629,0.01206407084255763,TP,6.0,141.0,CHOP,6.0,,
NEARUSDT,2026-08-30 23:23:00+00:00,0.010648469798349084,0.012048469798349084,TP,6.0,3.0,CHOP,6.0,,
BTCUSDT,2026-08-30 23:26:00+00:00,0.0005000000000000001,0.0019,BE_STOP,6.0,1147.0,CHOP,6.0,,
NEARUSDT,2026-08-30 23:36:00+00:00,0.017495258754260907,0.018895258754260905,TP,6.0,12.0,CHOP,6.0,,
BTCUSDT,2026-08-30 23:41:00+00:00,0.00755423215509828,0.00895423215509828,TP,6.0,15.0,CHOP,6.0,,
SOLUSDT,2026-08-30 23:52:00+00:00,0.0005000000000000001,0.0019,BE_STOP,6.0,11.0,TREND,6.0,,
BTCUSDT,2026-08-30 23:57:00+00:00,0.0005000000000000001,0.0019,BE_STOP,6.0,24.0,TREND,6.0,,
BTCUSDT,2026-08-30 23:57:00+00:00,0.0005000000000000001,0.0019,BE_STOP,6.0,21.0,TREND,6.0,,
BTCUSDT,2026-08-31 00:03:00+00:00,0.0005000000000000001,0.0019,BE_STOP,6.0,33.0,TREND,6.0,,
NEARUSDT,2026-08-31 00:35:00+00:00,0.016376696438381945,0.017776696438381943,TP,6.0,32.0,TREND,6.0,,
NEARUSDT,2026-08-31 00:38:00+00:00,-0.0264,-0.025,MAE_KILL,6.0,44.0,TREND,6.0,,
BTCUSDT,2026-08-31 01:07:00+00:00,0.0005000000000000001,0.0019,BE_STOP,6.0,67.0,TREND,6.0,,
XRPUSDT,2026-08-31 02:00:00+00:00,0.007656555975427025,0.009056555975427025,TP,6.0,51.0,TREND,6.0,,
NEARUSDT,2026-08-31 02:51:00+00:00,0.007427375762859544,0.008827375762859543,TP,6.0,51.0,CHOP,6.0,,
BTCUSDT,2026-08-31 07:31:00+00:00,0.0005000000000000001,0.0019,BE_STOP,6.0,414.0,CHOP,6.0,,
BTCUSDT,2026-08-31 08:03:00+00:00,0.0005000000000000001,0.0019,BE_STOP,6.0,444.0,CHOP,6.0,,
XRPUSDT,2026-08-31 08:03:00+00:00,0.0005000000000000001,0.0019,BE_STOP,6.0,31.0,CHOP,6.0,,
SOLUSDT,2026-08-31 08:09:00+00:00,0.0005000000000000001,0.0019,BE_STOP,6.0,6.0,TREND,6.0,,
SOLUSDT,2026-08-31 10:53:00+00:00,0.01732391275077416,0.018723912750774157,TP,6.0,655.0,TREND,6.0,,
ETHUSDT,2026-08-31 12:22:00+00:00,0.0005000000000000001,0.0019,BE_STOP,6.0,89.0,CHOP,6.0,,
BTCUSDT,2026-08-31 12:40:00+00:00,0.004600000000000001,0.006,TP,6.0,18.0,CHOP,6.0,,
BTCUSDT,2026-08-31 13:00:00+00:00,0.0005000000000000001,0.0019,BE_STOP,6.0,293.0,TREND,6.0,,
SOLUSDT,2026-08-31 13:38:00+00:00,0.0005000000000000001,0.0019,BE_STOP,6.0,329.0,TREND,6.0,,
NEARUSDT,2026-08-31 14:19:00+00:00,0.0005000000000000001,0.0019,BE_STOP,6.0,99.0,CHOP,6.0,,
ETHUSDT,2026-08-31 14:41:00+00:00,0.004971882086167757,0.006371882086167757,TP,6.0,99.0,CHOP,6.0,,
BTCUSDT,2026-08-31 14:41:00+00:00,0.0056278169984395315,0.007027816998439531,TP,6.0,21.0,CHOP,6.0,,
BTCUSDT,2026-08-31 16:57:00+00:00,0.0005000000000000001,0.0019,BE_STOP,6.0,1168.0,CHOP,6.0,,
BTCUSDT,2026-08-31 17:17:00+00:00,0.0005000000000000001,0.0019,BE_STOP,6.0,152.0,CHOP,6.0,,
BTCUSDT,2026-08-31 17:43:00+00:00,0.0005000000000000001,0.0019,BE_STOP,6.0,1181.0,CHOP,6.0,,
BTCUSDT,2026-08-31 18:01:00+00:00,0.0005000000000000001,0.0019,BE_STOP,6.0,64.0,CHOP,6.0,,
ETHUSDT,2026-08-31 18:23:00+00:00,0.0005000000000000001,0.0019,BE_STOP,6.0,40.0,CHOP,6.0,,
SOLUSDT,2026-08-31 18:24:00+00:00,0.0005000000000000001,0.0019,BE_STOP,6.0,23.0,CHOP,6.0,,
ETHUSDT,2026-08-31 20:34:00+00:00,0.0005000000000000001,0.0019,BE_STOP,6.0,351.0,CHOP,6.0,,
NEARUSDT,2026-08-31 21:59:00+00:00,0.010834463448779466,0.012234463448779466,TP,6.0,216.0,CHOP,6.0,,
BTCUSDT,2026-08-31 23:02:00+00:00,0.004600000000000001,0.006,TP,6.0,276.0,CHOP,6.0,,
BTCUSDT,2026-08-31 23:02:00+00:00,0.004600000000000001,0.006,TP,6.0,63.0,CHOP,6.0,,
BTCUSDT,2026-09-01 00:09:00+00:00,0.0005000000000000001,0.0019,BE_STOP,6.0,215.0,CHOP,6.0,,
NEARUSDT,2026-09-01 01:00:00+00:00,0.011983825284017131,0.013383825284017131,TP,6.0,50.0,CHOP,6.0,,
SOLUSDT,2026-09-01 01:35:00+00:00,0.0005000000000000001,0.0019,BE_STOP,6.0,35.0,CHOP,6.0,,
ETHUSDT,2026-09-01 02:24:00+00:00,0.0005000000000000001,0.0019,BE_STOP,6.0,201.0,CHOP,6.0,,
ETHUSDT,2026-09-01 02:27:00+00:00,0.0005000000000000001,0.0019,BE_STOP,6.0,52.0,CHOP,6.0,,
BTCUSDT,2026-09-01 02:32:00+00:00,0.0005000000000000001,0.0019,BE_STOP,6.0,207.0,CHOP,6.0,,
BTCUSDT,2026-09-01 02:59:00+00:00,0.0005000000000000001,0.0019,BE_STOP,6.0,581.0,CHOP,6.0,,
SOLUSDT,2026-09-01 03:26:00+00:00,0.0005000000000000001,0.0019,BE_STOP,6.0,53.0,CHOP,6.0,,
NEARUSDT,2026-09-01 03:46:00+00:00,-0.0264,-0.025,MAE_KILL,6.0,82.0,CHOP,6.0,,
BTCUSDT,2026-09-01 04:26:00+00:00,0.004600000000000001,0.006,TP,6.0,86.0,CHOP,6.0,,
BTCUSDT,2026-09-01 05:12:00+00:00,0.0005000000000000001,0.0019,BE_STOP,6.0,86.0,CHOP,6.0,,
NEARUSDT,2026-09-01 05:38:00+00:00,0.0005000000000000001,0.0019,BE_STOP,6.0,72.0,CHOP,6.0,,
BTCUSDT,2026-09-01 06:16:00+00:00,0.0005000000000000001,0.0019,BE_STOP,6.0,64.0,CHOP,6.0,,
BTCUSDT,2026-09-01 08:06:00+00:00,0.004600000000000001,0.006,TP,6.0,110.0,CHOP,6.0,,
BTCUSDT,2026-09-01 08:26:00+00:00,0.004600000000000001,0.006,TP,6.0,300.0,CHOP,6.0,,
BTCUSDT,2026-09-01 08:26:00+00:00,0.004600000000000001,0.006,TP,6.0,19.0,CHOP,6.0,,
BTCUSDT,2026-09-01 10:31:00+00:00,0.0005000000000000001,0.0019,BE_STOP,6.0,482.0,CHOP,6.0,,
NEARUSDT,2026-09-01 11:33:00+00:00,0.008738201244032568,0.010138201244032568,TP,6.0,61.0,TREND,6.0,,
BTCUSDT,2026-09-01 12:42:00+00:00,0.0005000000000000001,0.0019,BE_STOP,6.0,255.0,CHOP,6.0,,
ETHUSDT,2026-09-01 13:06:00+00:00,0.006851941994423642,0.008251941994423641,TP,6.0,24.0,CHOP,6.0,,
BTCUSDT,2026-09-01 13:11:00+00:00,0.0005000000000000001,0.0019,BE_STOP,6.0,281.0,CHOP,6.0,,
ETHUSDT,2026-09-01 13:30:00+00:00,0.0005000000000000001,0.0019,BE_STOP,6.0,1432.0,CHOP,6.0,,
BTCUSDT,2026-09-01 13:44:00+00:00,0.0005000000000000001,0.0019,BE_STOP,6.0,33.0,CHOP,6.0,,
BTCUSDT,2026-09-01 13:54:00+00:00,0.0005000000000000001,0.0019,BE_STOP,6.0,23.0,CHOP,6.0,,
BTCUSDT,2026-09-01 14:23:00+00:00,0.0005000000000000001,0.0019,BE_STOP,6.0,169.0,TREND,6.0,,
BTCUSDT,2026-09-01 15:00:00+00:00,0.0005000000000000001,0.0019,BE_STOP,6.0,65.0,CHOP,6.0,,
XRPUSDT,2026-09-01 15:04:00+00:00,0.0005000000000000001,0.0019,BE_STOP,6.0,80.0,CHOP,6.0,,
NEARUSDT,2026-09-01 16:17:00+00:00,-0.0264,-0.025,MAE_KILL,6.0,112.0,TREND,6.0,,
NEARUSDT,2026-09-01 16:20:00+00:00,0.01680179324520677,0.01820179324520677,TP,6.0,77.0,TREND,6.0,,
BTCUSDT,2026-09-01 16:28:00+00:00,0.0005000000000000001,0.0019,BE_STOP,6.0,201.0,CHOP,6.0,,
BTCUSDT,2026-09-01 16:34:00+00:00,-0.0226747944796983,-0.0212747944796983,MAX_AGE,6.0,2880.0,TREND,6.0,,
ETHUSDT,2026-09-01 16:38:00+00:00,0.0005000000000000001,0.0019,BE_STOP,6.0,3.0,CHOP,6.0,,
SOLUSDT,2026-09-01 16:39:00+00:00,0.0005000000000000001,0.0019,BE_STOP,6.0,93.0,CHOP,6.0,,
BTCUSDT,2026-09-01 16:40:00+00:00,0.0005000000000000001,0.0019,BE_STOP,6.0,21.0,CHOP,6.0,,
ETHUSDT,2026-09-01 16:41:00+00:00,0.0005000000000000001,0.0019,BE_STOP,6.0,13.0,CHOP,6.0,,
BTCUSDT,2026-09-01 16:42:00+00:00,-0.022370652459613012,-0.020970652459613014,MAX_AGE,6.0,2880.0,TREND,6.0,,
SOLUSDT,2026-09-01 17:20:00+00:00,0.0005000000000000001,0.0019,BE_STOP,6.0,39.0,CHOP,6.0,,
NEARUSDT,2026-09-01 17:42:00+00:00,0.0005000000000000001,0.0019,BE_STOP,6.0,55.0,CHOP,6.0,,
SOLUSDT,2026-09-01 18:13:00+00:00,-0.0414,-0.04,MAE_KILL,6.0,755.0,CHOP,6.0,,
NEARUSDT,2026-09-01 18:16:00+00:00,0.01357500495496479,0.01497500495496479,TP,6.0,56.0,CHOP,6.0,,
BTCUSDT,2026-09-01 18:27:00+00:00,0.004600000000000001,0.006,TP,6.0,125.0,CHOP,6.0,,
BTCUSDT,2026-09-01 18:27:00+00:00,0.004791820780972113,0.006191820780972112,TP,6.0,109.0,CHOP,6.0,,
BTCUSDT,2026-09-01 18:27:00+00:00,0.005544813241281612,0.006944813241281611,TP,6.0,102.0,CHOP,6.0,,
BTCUSDT,2026-09-01 18:28:00+00:00,0.004600000000000001,0.006,TP,6.0,14.0,CHOP,6.0,,
BTCUSDT,2026-09-01 18:32:00+00:00,0.0005000000000000001,0.0019,BE_STOP,6.0,15.0,CHOP,6.0,,
ETHUSDT,2026-09-01 18:38:00+00:00,0.006748218279938868,0.008148218279938868,TP,6.0,9.0,CHOP,6.0,,
ETHUSDT,2026-09-01 18:39:00+00:00,0.004600000000000001,0.006,TP,6.0,2387.0,TREND,6.0,,
BTCUSDT,2026-09-01 18:45:00+00:00,0.0057817473710817845,0.007181747371081784,TP,6.0,14.0,CHOP,6.0,,
NEARUSDT,2026-09-01 19:37:00+00:00,0.0005000000000000001,0.0019,BE_STOP,6.0,46.0,CHOP,6.0,,
BTCUSDT,2026-09-01 23:55:00+00:00,0.0005000000000000001,0.0019,BE_STOP,6.0,257.0,CHOP,6.0,,
NEARUSDT,2026-09-02 00:07:00+00:00,0.0005000000000000001,0.0019,BE_STOP,6.0,12.0,CHOP,6.0,,
BTCUSDT,2026-09-02 01:14:00+00:00,0.0005000000000000001,0.0019,BE_STOP,6.0,67.0,CHOP,6.0,,
NEARUSDT,2026-09-02 01:34:00+00:00,0.007891209086787117,0.009291209086787117,TP,6.0,20.0,CHOP,6.0,,
SOLUSDT,2026-09-02 01:56:00+00:00,0.0005000000000000001,0.0019,BE_STOP,6.0,16.0,CHOP,6.0,,
BTCUSDT,2026-09-02 09:26:00+00:00,0.0005000000000000001,0.0019,BE_STOP,6.0,449.0,CHOP,6.0,,
SOLUSDT,2026-09-02 09:50:00+00:00,0.0005000000000000001,0.0019,BE_STOP,6.0,913.0,TREND,6.0,,
BTCUSDT,2026-09-02 09:53:00+00:00,0.0005000000000000001,0.0019,BE_STOP,6.0,26.0,CHOP,6.0,,
XRPUSDT,2026-09-02 10:33:00+00:00,-0.0414,-0.04,MAE_KILL,6.0,1010.0,CHOP,6.0,,
BTCUSDT,2026-09-02 10:54:00+00:00,0.0005000000000000001,0.0019,BE_STOP,6.0,21.0,TREND,6.0,,
BTCUSDT,2026-09-02 10:55:00+00:00,0.0005000000000000001,0.0019,BE_STOP,6.0,967.0,CHOP,6.0,,
SOLUSDT,2026-09-02 11:33:00+00:00,0.0005000000000000001,0.0019,BE_STOP,6.0,39.0,TREND,6.0,,
NEARUSDT,2026-09-02 11:40:00+00:00,0.006582055843452855,0.007982055843452854,TP,6.0,109.0,CHOP,6.0,,
BTCUSDT,2026-09-02 12:38:00+00:00,0.0005000000000000001,0.0019,BE_STOP,6.0,165.0,TREND,6.0,,
BTCUSDT,2026-09-02 12:46:00+00:00,0.0005000000000000001,0.0019,BE_STOP,6.0,71.0,TREND,6.0,,
BTCUSDT,2026-09-02 12:46:00+00:00,0.0005000000000000001,0.0019,BE_STOP,6.0,66.0,TREND,6.0,,
BTCUSDT,2026-09-02 12:50:00+00:00,0.0005000000000000001,0.0019,BE_STOP,6.0,110.0,TREND,6.0,,
SOLUSDT,2026-09-02 13:43:00+00:00,0.0005000000000000001,0.0019,BE_STOP,6.0,1144.0,TREND,6.0,,
SOLUSDT,2026-09-02 13:43:00+00:00,0.0005000000000000001,0.0019,BE_STOP,6.0,1142.0,TREND,6.0,,
BTCUSDT,2026-09-03 03:11:00+00:00,0.0005000000000000001,0.0019,BE_STOP,6.0,2060.0,CHOP,6.0,,
XRPUSDT,2026-09-03 03:15:00+00:00,0.0005000000000000001,0.0019,BE_STOP,6.0,4.0,CHOP,6.0,,
BTCUSDT,2026-09-03 05:20:00+00:00,0.0005000000000000001,0.0019,BE_STOP,6.0,935.0,CHOP,6.0,,
BTCUSDT,2026-09-03 05:23:00+00:00,0.0005000000000000001,0.0019,BE_STOP,6.0,936.0,CHOP,6.0,,
ETHUSDT,2026-09-03 07:04:00+00:00,0.004600000000000001,0.006,TP,6.0,229.0,CHOP,6.0,,
NEARUSDT,2026-09-03 10:07:00+00:00,0.0005000000000000001,0.0019,BE_STOP,6.0,281.0,CHOP,6.0,,
NEARUSDT,2026-09-03 10:30:00+00:00,0.0005000000000000001,0.0019,BE_STOP,6.0,22.0,CHOP,6.0,,
BTCUSDT,2026-09-03 12:54:00+00:00,0.004600000000000001,0.006,TP,6.0,348.0,CHOP,6.0,,
SOLUSDT,2026-09-03 12:57:00+00:00,-0.0414,-0.04,MAE_KILL,6.0,1446.0,TREND,6.0,,
ETHUSDT,2026-09-03 13:35:00+00:00,0.0005000000000000001,0.0019,BE_STOP,6.0,37.0,CHOP,6.0,,
ETHUSDT,2026-09-03 13:48:00+00:00,0.0005000000000000001,0.0019,BE_STOP,6.0,13.0,CHOP,6.0,,
BTCUSDT,2026-09-03 13:54:00+00:00,0.0005000000000000001,0.0019,BE_STOP,6.0,58.0,CHOP,6.0,,
BTCUSDT,2026-09-03 14:25:00+00:00,0.007069623361341654,0.008469623361341654,TP,6.0,37.0,CHOP,6.0,,
BTCUSDT,2026-09-03 14:28:00+00:00,-0.0414,-0.04,MAE_KILL,6.0,2622.0,CHOP,6.0,,
BTCUSDT,2026-09-03 14:32:00+00:00,-0.0414,-0.04,MAE_KILL,6.0,1546.0,CHOP,6.0,,
BTCUSDT,2026-09-03 14:32:00+00:00,-0.0414,-0.04,MAE_KILL,6.0,1543.0,CHOP,6.0,,
SOLUSDT,2026-09-03 14:37:00+00:00,0.0005000000000000001,0.0019,BE_STOP,6.0,12.0,CHOP,6.0,,
BTCUSDT,2026-09-03 14:46:00+00:00,-0.0414,-0.04,MAE_KILL,6.0,1567.0,CHOP,6.0,,
ETHUSDT,2026-09-03 14:48:00+00:00,0.006121990183027009,0.007521990183027009,TP,6.0,20.0,TREND,6.0,,
BTCUSDT,2026-09-03 14:49:00+00:00,-0.0414,-0.04,MAE_KILL,6.0,565.0,CHOP,6.0,,
BTCUSDT,2026-09-03 14:49:00+00:00,0.007679160560672751,0.00907916056067275,TP,6.0,16.0,TREND,6.0,,
ETHUSDT,2026-09-03 14:49:00+00:00,0.009189744111719569,0.01058974411171957,TP,6.0,14.0,TREND,6.0,,
BTCUSDT,2026-09-03 14:49:00+00:00,0.007792519151753575,0.009192519151753575,TP,6.0,11.0,TREND,6.0,,
SOLUSDT,2026-09-03 14:57:00+00:00,0.010146898696152287,0.011546898696152287,TP,6.0,10.0,TREND,6.0,,
BTCUSDT,2026-09-03 15:01:00+00:00,-0.0414,-0.04,MAE_KILL,6.0,270.0,CHOP,6.0,,
SOLUSDT,2026-09-03 15:01:00+00:00,-0.0414,-0.04,MAE_KILL,6.0,67.0,CHOP,6.0,,
NEARUSDT,2026-09-03 15:35:00+00:00,0.015472370575408042,0.016872370575408042,TP,6.0,35.0,TREND,6.0,,
BTCUSDT,2026-09-03 15:52:00+00:00,0.009436410167358645,0.010836410167358645,TP,6.0,62.0,TREND,6.0,,
ETHUSDT,2026-09-03 15:52:00+00:00,0.012962320254513974,0.014362320254513974,TP,6.0,60.0,TREND,6.0,,
BTCUSDT,2026-09-03 15:52:00+00:00,0.009718304909325024,0.011118304909325024,TP,6.0,55.0,TREND,6.0,,
ETHUSDT,2026-09-03 15:55:00+00:00,0.01242125911272789,0.01382125911272789,TP,6.0,60.0,TREND,6.0,,
ETHUSDT,2026-09-03 15:57:00+00:00,0.006834485129792006,0.008234485129792005,TP,6.0,22.0,TREND,6.0,,
ETHUSDT,2026-09-03 16:16:00+00:00,0.0005000000000000001,0.0019,BE_STOP,6.0,73.0,TREND,6.0,,
BTCUSDT,2026-09-03 16:18:00+00:00,0.0005000000000000001,0.0019,BE_STOP,6.0,72.0,TREND,6.0,,
BTCUSDT,2026-09-03 16:18:00+00:00,0.0005000000000000001,0.0019,BE_STOP,6.0,70.0,TREND,6.0,,
BTCUSDT,2026-09-03 19:06:00+00:00,0.0005000000000000001,0.0019,BE_STOP,6.0,193.0,TREND,6.0,,
BTCUSDT,2026-09-03 19:06:00+00:00,0.0005000000000000001,0.0019,BE_STOP,6.0,185.0,TREND,6.0,,
BTCUSDT,2026-09-03 19:07:00+00:00,0.0005000000000000001,0.0019,BE_STOP,6.0,192.0,TREND,6.0,,
SOLUSDT,2026-09-03 19:12:00+00:00,0.0005000000000000001,0.0019,BE_STOP,6.0,195.0,TREND,6.0,,
XRPUSDT,2026-09-03 19:48:00+00:00,0.0005000000000000001,0.0019,BE_STOP,6.0,37.0,TREND,6.0,,
BTCUSDT,2026-09-03 19:52:00+00:00,0.004792685727796232,0.006192685727796231,TP,6.0,46.0,TREND,6.0,,
XRPUSDT,2026-09-03 21:24:00+00:00,0.0005000000000000001,0.0019,BE_STOP,6.0,325.0,TREND,6.0,,
NEARUSDT,2026-09-03 22:00:00+00:00,0.010709697078329644,0.012109697078329644,TP,6.0,167.0,TREND,6.0,,
XRPUSDT,2026-09-03 22:05:00+00:00,0.0005000000000000001,0.0019,BE_STOP,6.0,137.0,TREND,6.0,,
XRPUSDT,2026-09-03 22:26:00+00:00,0.00865446166736476,0.01005446166736476,TP,6.0,62.0,CHOP,6.0,,
NEARUSDT,2026-09-03 22:27:00+00:00,0.009626783457658439,0.011026783457658439,TP,6.0,155.0,CHOP,6.0,,
XRPUSDT,2026-09-03 22:32:00+00:00,0.01041841287219698,0.01181841287219698,TP,6.0,197.0,TREND,6.0,,
BTCUSDT,2026-09-03 22:32:00+00:00,0.004600000000000001,0.006,TP,6.0,30.0,CHOP,6.0,,
ETHUSDT,2026-09-03 22:32:00+00:00,0.004600000000000001,0.006,TP,6.0,24.0,CHOP,6.0,,
BTCUSDT,2026-09-03 22:37:00+00:00,0.0005000000000000001,0.0019,BE_STOP,6.0,9.0,CHOP,6.0,,
NEARUSDT,2026-09-04 01:08:00+00:00,0.0005000000000000001,0.0019,BE_STOP,6.0,150.0,CHOP,6.0,,
BTCUSDT,2026-09-04 01:51:00+00:00,0.0005000000000000001,0.0019,BE_STOP,6.0,197.0,CHOP,6.0,,
BTCUSDT,2026-09-04 01:53:00+00:00,0.0005000000000000001,0.0019,BE_STOP,6.0,44.0,CHOP,6.0,,
BTCUSDT,2026-09-04 01:58:00+00:00,0.0005000000000000001,0.0019,BE_STOP,6.0,202.0,CHOP,6.0,,
SOLUSDT,2026-09-04 03:01:00+00:00,0.0005000000000000001,0.0019,BE_STOP,6.0,643.0,TREND,6.0,,
BTCUSDT,2026-09-04 04:38:00+00:00,0.0005000000000000001,0.0019,BE_STOP,6.0,160.0,CHOP,6.0,,
BTCUSDT,2026-09-04 04:39:00+00:00,0.0005000000000000001,0.0019,BE_STOP,6.0,165.0,CHOP,6.0,,
BTCUSDT,2026-09-04 04:39:00+00:00,0.0005000000000000001,0.0019,BE_STOP,6.0,97.0,CHOP,6.0,,
BTCUSDT,2026-09-04 04:44:00+00:00,0.0005000000000000001,0.0019,BE_STOP,6.0,173.0,CHOP,6.0,,
BTCUSDT,2026-09-04 05:57:00+00:00,0.0005000000000000001,0.0019,BE_STOP,6.0,71.0,CHOP,6.0,,
BTCUSDT,2026-09-04 07:08:00+00:00,0.0005000000000000001,0.0019,BE_STOP,6.0,144.0,CHOP,6.0,,
BTCUSDT,2026-09-04 07:09:00+00:00,0.0005000000000000001,0.0019,BE_STOP,6.0,149.0,CHOP,6.0,,
BTCUSDT,2026-09-04 08:08:00+00:00,0.0005000000000000001,0.0019,BE_STOP,6.0,948.0,TREND,6.0,,
BTCUSDT,2026-09-04 08:15:00+00:00,0.0005000000000000001,0.0019,BE_STOP,6.0,959.0,TREND,6.0,,
BTCUSDT,2026-09-04 08:44:00+00:00,0.0005000000000000001,0.0019,BE_STOP,6.0,94.0,CHOP,6.0,,
ETHUSDT,2026-09-04 08:46:00+00:00,0.0058909700515584985,0.007290970051558498,TP,6.0,248.0,CHOP,6.0,,
ETHUSDT,2026-09-04 08:46:00+00:00,0.004600000000000001,0.006,TP,6.0,31.0,CHOP,6.0,,
BTCUSDT,2026-09-04 09:09:00+00:00,0.0005000000000000001,0.0019,BE_STOP,6.0,190.0,CHOP,6.0,,
ETHUSDT,2026-09-04 09:14:00+00:00,0.0005000000000000001,0.0019,BE_STOP,6.0,4.0,CHOP,6.0,,
BTCUSDT,2026-09-04 09:21:00+00:00,0.0005000000000000001,0.0019,BE_STOP,6.0,37.0,CHOP,6.0,,
BTCUSDT,2026-09-04 09:24:00+00:00,0.0005000000000000001,0.0019,BE_STOP,6.0,136.0,CHOP,6.0,,
NEARUSDT,2026-09-04 09:41:00+00:00,0.014462638744207742,0.015862638744207742,TP,6.0,20.0,CHOP,6.0,,
BTCUSDT,2026-09-04 10:32:00+00:00,0.0005000000000000001,0.0019,BE_STOP,6.0,78.0,CHOP,6.0,,
BTCUSDT,2026-09-04 11:41:00+00:00,0.0005000000000000001,0.0019,BE_STOP,6.0,172.0,CHOP,6.0,,
BTCUSDT,2026-09-04 12:02:00+00:00,0.0005000000000000001,0.0019,BE_STOP,6.0,195.0,CHOP,6.0,,
ETHUSDT,2026-09-04 12:30:00+00:00,0.004600000000000001,0.006,TP,6.0,840.0,CHOP,6.0,,
ETHUSDT,2026-09-04 12:30:00+00:00,0.004600000000000001,0.006,TP,6.0,830.0,CHOP,6.0,,
SOLUSDT,2026-09-04 12:30:00+00:00,0.004600000000000001,0.006,TP,6.0,262.0,CHOP,6.0,,
SOLUSDT,2026-09-04 12:30:00+00:00,0.008530459314647264,0.009930459314647264,TP,6.0,185.0,CHOP,6.0,,
NEARUSDT,2026-09-04 12:30:00+00:00,0.012153442959917571,0.013553442959917571,TP,6.0,118.0,CHOP,6.0,,
BTCUSDT,2026-09-04 12:30:00+00:00,0.004600000000000001,0.006,TP,6.0,28.0,CHOP,6.0,,
BTCUSDT,2026-09-04 15:19:00+00:00,0.0005000000000000001,0.0019,BE_STOP,6.0,152.0,CHOP,6.0,,
BTCUSDT,2026-09-04 16:01:00+00:00,0.0005000000000000001,0.0019,BE_STOP,6.0,42.0,TREND,6.0,,
SOLUSDT,2026-09-04 17:55:00+00:00,0.0005000000000000001,0.0019,BE_STOP,6.0,114.0,TREND,6.0,,
BTCUSDT,2026-09-04 20:04:00+00:00,0.0005000000000000001,0.0019,BE_STOP,6.0,445.0,CHOP,6.0,,
BTCUSDT,2026-09-04 20:11:00+00:00,0.0005000000000000001,0.0019,BE_STOP,6.0,450.0,CHOP,6.0,,
ETHUSDT,2026-09-05 05:17:00+00:00,0.0005000000000000001,0.0019,BE_STOP,6.0,546.0,CHOP,6.0,,
ETHUSDT,2026-09-05 08:07:00+00:00,0.0005000000000000001,0.0019,BE_STOP,6.0,170.0,CHOP,6.0,,
NEARUSDT,2026-09-05 08:22:00+00:00,0.0005000000000000001,0.0019,BE_STOP,6.0,15.0,CHOP,6.0,,
ETHUSDT,2026-09-05 16:48:00+00:00,0.004600000000000001,0.006,TP,6.0,1244.0,CHOP,6.0,,
NEARUSDT,2026-09-05 16:57:00+00:00,0.0062691317447274965,0.007669131744727496,TP,6.0,8.0,CHOP,6.0,,
SOLUSDT,2026-09-06 03:30:00+00:00,-0.0414,-0.04,MAE_KILL,6.0,2015.0,CHOP,6.0,,
SOLUSDT,2026-09-06 03:33:00+00:00,-0.0414,-0.04,MAE_KILL,6.0,2338.0,CHOP,6.0,,
ETHUSDT,2026-09-06 07:13:00+00:00,0.004600000000000001,0.006,TP,6.0,223.0,TREND,6.0,,
BTCUSDT,2026-09-06 09:41:00+00:00,-0.01747178277898311,-0.01607178277898311,MAX_AGE,6.0,2880.0,CHOP,6.0,,
ETHUSDT,2026-09-06 11:41:00+00:00,-0.010960487018261068,-0.009560487018261067,MAX_AGE,6.0,2880.0,CHOP,6.0,,
NEARUSDT,2026-09-06 12:07:00+00:00,0.0005000000000000001,0.0019,BE_STOP,6.0,144.0,CHOP,6.0,,
ETHUSDT,2026-09-06 12:33:00+00:00,-0.020949509530232988,-0.01954950953023299,MAX_AGE,6.0,2880.0,CHOP,6.0,,
ETHUSDT,2026-09-06 12:37:00+00:00,-0.023244908097772937,-0.02184490809777294,MAX_AGE,6.0,2880.0,CHOP,6.0,,
SOLUSDT,2026-09-06 12:49:00+00:00,0.0005000000000000001,0.0019,BE_STOP,6.0,12.0,TREND,6.0,,
ETHUSDT,2026-09-06 14:16:00+00:00,0.004600000000000001,0.006,TP,6.0,155.0,CHOP,6.0,,
ETHUSDT,2026-09-06 14:26:00+00:00,0.0005000000000000001,0.0019,BE_STOP,6.0,8.0,CHOP,6.0,,
BTCUSDT,2026-09-06 14:31:00+00:00,0.004600000000000001,0.006,TP,6.0,102.0,CHOP,6.0,,
BTCUSDT,2026-09-06 14:32:00+00:00,0.004600000000000001,0.006,TP,6.0,438.0,CHOP,6.0,,
BTCUSDT,2026-09-06 14:32:00+00:00,0.004600000000000001,0.006,TP,6.0,144.0,CHOP,6.0,,
BTCUSDT,2026-09-06 14:32:00+00:00,0.004600000000000001,0.006,TP,6.0,6.0,CHOP,6.0,,
BTCUSDT,2026-09-06 15:05:00+00:00,0.0005000000000000001,0.0019,BE_STOP,6.0,27.0,CHOP,6.0,,
NEARUSDT,2026-09-06 15:39:00+00:00,0.0005000000000000001,0.0019,BE_STOP,6.0,67.0,CHOP,6.0,,
BTCUSDT,2026-09-06 19:22:00+00:00,0.0005000000000000001,0.0019,BE_STOP,6.0,223.0,CHOP,6.0,,
SOLUSDT,2026-09-06 19:46:00+00:00,0.0005000000000000001,0.0019,BE_STOP,6.0,23.0,CHOP,6.0,,
BTCUSDT,2026-09-06 23:06:00+00:00,0.0005000000000000001,0.0019,BE_STOP,6.0,1808.0,TREND,6.0,,
BTCUSDT,2026-09-06 23:39:00+00:00,0.004600000000000001,0.006,TP,6.0,1205.0,CHOP,6.0,,
BTCUSDT,2026-09-06 23:39:00+00:00,0.004600000000000001,0.006,TP,6.0,666.0,CHOP,6.0,,
BTCUSDT,2026-09-07 00:16:00+00:00,0.0005000000000000001,0.0019,BE_STOP,6.0,70.0,CHOP,6.0,,
NEARUSDT,2026-09-07 00:48:00+00:00,0.011093922904353825,0.012493922904353826,TP,6.0,67.0,CHOP,6.0,,
BTCUSDT,2026-09-07 02:28:00+00:00,0.0005000000000000001,0.0019,BE_STOP,6.0,99.0,CHOP,6.0,,
ETHUSDT,2026-09-07 02:29:00+00:00,0.0005000000000000001,0.0019,BE_STOP,6.0,133.0,CHOP,6.0,,
XRPUSDT,2026-09-07 02:38:00+00:00,0.004600000000000001,0.006,TP,6.0,9.0,CHOP,6.0,,
ETHUSDT,2026-09-07 02:40:00+00:00,0.004600000000000001,0.006,TP,6.0,181.0,CHOP,6.0,,
BTCUSDT,2026-09-07 02:54:00+00:00,0.0005000000000000001,0.0019,BE_STOP,6.0,23.0,CHOP,6.0,,
NEARUSDT,2026-09-07 03:57:00+00:00,0.0005000000000000001,0.0019,BE_STOP,6.0,63.0,CHOP,6.0,,
SOLUSDT,2026-09-07 04:01:00+00:00,0.0005000000000000001,0.0019,BE_STOP,6.0,4.0,CHOP,6.0,,
BTCUSDT,2026-09-07 04:15:00+00:00,0.0005000000000000001,0.0019,BE_STOP,6.0,509.0,CHOP,6.0,,
BTCUSDT,2026-09-07 05:51:00+00:00,0.0005000000000000001,0.0019,BE_STOP,6.0,96.0,CHOP,6.0,,
BTCUSDT,2026-09-07 07:31:00+00:00,0.0005000000000000001,0.0019,BE_STOP,6.0,210.0,CHOP,6.0,,
BTCUSDT,2026-09-07 07:33:00+00:00,0.004600000000000001,0.006,TP,6.0,101.0,CHOP,6.0,,
BTCUSDT,2026-09-07 07:40:00+00:00,0.004600000000000001,0.006,TP,6.0,1024.0,CHOP,6.0,,
BTCUSDT,2026-09-07 07:41:00+00:00,0.004600000000000001,0.006,TP,6.0,1027.0,CHOP,6.0,,
BTCUSDT,2026-09-07 07:41:00+00:00,0.004600000000000001,0.006,TP,6.0,10.0,CHOP,6.0,,
ETHUSDT,2026-09-07 07:43:00+00:00,0.0005000000000000001,0.0019,BE_STOP,6.0,9.0,CHOP,6.0,,
ETHUSDT,2026-09-07 08:22:00+00:00,-0.015644677600081505,-0.014244677600081506,MAX_AGE,6.0,2880.0,CHOP,6.0,,
ETHUSDT,2026-09-07 09:21:00+00:00,0.0005000000000000001,0.0019,BE_STOP,6.0,59.0,CHOP,6.0,,
SOLUSDT,2026-09-07 12:48:00+00:00,0.004600000000000001,0.006,TP,6.0,207.0,CHOP,6.0,,
XRPUSDT,2026-09-07 13:03:00+00:00,0.0005000000000000001,0.0019,BE_STOP,6.0,15.0,CHOP,6.0,,
ETHUSDT,2026-09-07 13:17:00+00:00,0.0005000000000000001,0.0019,BE_STOP,6.0,14.0,TREND,6.0,,
BTCUSDT,2026-09-07 14:53:00+00:00,0.0005000000000000001,0.0019,BE_STOP,6.0,429.0,TREND,6.0,,
BTCUSDT,2026-09-07 14:53:00+00:00,0.0005000000000000001,0.0019,BE_STOP,6.0,426.0,TREND,6.0,,
SOLUSDT,2026-09-07 15:20:00+00:00,0.0005000000000000001,0.0019,BE_STOP,6.0,451.0,TREND,6.0,,
NEARUSDT,2026-09-07 15:41:00+00:00,0.014084579482017185,0.015484579482017185,TP,6.0,20.0,CHOP,6.0,,
NEARUSDT,2026-09-07 15:43:00+00:00,-0.0264,-0.025,MAE_KILL,6.0,47.0,CHOP,6.0,,
ETHUSDT,2026-09-07 16:02:00+00:00,0.0005000000000000001,0.0019,BE_STOP,6.0,1497.0,TREND,6.0,,
BTCUSDT,2026-09-07 17:11:00+00:00,0.0005000000000000001,0.0019,BE_STOP,6.0,569.0,TREND,6.0,,
SOLUSDT,2026-09-07 20:06:00+00:00,0.0005000000000000001,0.0019,BE_STOP,6.0,175.0,CHOP,6.0,,
BTCUSDT,2026-09-07 22:24:00+00:00,0.0005000000000000001,0.0019,BE_STOP,6.0,136.0,CHOP,6.0,,
NEARUSDT,2026-09-07 23:07:00+00:00,0.0005000000000000001,0.0019,BE_STOP,6.0,425.0,CHOP,6.0,,
SOLUSDT,2026-09-08 01:17:00+00:00,0.0005000000000000001,0.0019,BE_STOP,6.0,172.0,CHOP,6.0,,
BTCUSDT,2026-09-08 02:30:00+00:00,0.0005000000000000001,0.0019,BE_STOP,6.0,201.0,CHOP,6.0,,
NEARUSDT,2026-09-08 02:54:00+00:00,0.008592026007483369,0.00999202600748337,TP,6.0,24.0,CHOP,6.0,,
NEARUSDT,2026-09-08 03:22:00+00:00,-0.0264,-0.025,MAE_KILL,6.0,125.0,CHOP,6.0,,
ETHUSDT,2026-09-08 03:31:00+00:00,0.0005000000000000001,0.0019,BE_STOP,6.0,36.0,CHOP,6.0,,
NEARUSDT,2026-09-08 04:04:00+00:00,0.01617607555089182,0.01757607555089182,TP,6.0,33.0,CHOP,6.0,,
BTCUSDT,2026-09-08 05:02:00+00:00,0.0005000000000000001,0.0019,BE_STOP,6.0,100.0,CHOP,6.0,,
BTCUSDT,2026-09-08 05:03:00+00:00,0.0005000000000000001,0.0019,BE_STOP,6.0,58.0,CHOP,6.0,,
NEARUSDT,2026-09-08 06:06:00+00:00,0.0005000000000000001,0.0019,BE_STOP,6.0,61.0,CHOP,6.0,,
BTCUSDT,2026-09-08 06:53:00+00:00,0.004600000000000001,0.006,TP,6.0,911.0,CHOP,6.0,,
BTCUSDT,2026-09-08 06:53:00+00:00,0.004600000000000001,0.006,TP,6.0,909.0,CHOP,6.0,,
BTCUSDT,2026-09-08 07:07:00+00:00,0.0005000000000000001,0.0019,BE_STOP,6.0,61.0,TREND,6.0,,
NEARUSDT,2026-09-08 07:33:00+00:00,0.008644789265568376,0.010044789265568376,TP,6.0,150.0,CHOP,6.0,,
ETHUSDT,2026-09-08 07:45:00+00:00,0.0005000000000000001,0.0019,BE_STOP,6.0,38.0,TREND,6.0,,
ETHUSDT,2026-09-08 09:38:00+00:00,0.004600000000000001,0.006,TP,6.0,124.0,CHOP,6.0,,
NEARUSDT,2026-09-08 09:45:00+00:00,0.0078033026146723415,0.00920330261467234,TP,6.0,7.0,CHOP,6.0,,
NEARUSDT,2026-09-08 10:26:00+00:00,0.0005000000000000001,0.0019,BE_STOP,6.0,161.0,CHOP,6.0,,
NEARUSDT,2026-09-08 11:12:00+00:00,-0.0264,-0.025,MAE_KILL,6.0,87.0,CHOP,6.0,,
ETHUSDT,2026-09-08 13:39:00+00:00,0.004600000000000001,0.006,TP,6.0,405.0,TREND,6.0,,
BTCUSDT,2026-09-08 13:39:00+00:00,0.004600000000000001,0.006,TP,6.0,403.0,TREND,6.0,,
BTCUSDT,2026-09-08 13:40:00+00:00,0.004600000000000001,0.006,TP,6.0,147.0,CHOP,6.0,,
XRPUSDT,2026-09-08 16:01:00+00:00,-0.0414,-0.04,MAE_KILL,6.0,140.0,CHOP,6.0,,
XRPUSDT,2026-09-08 16:01:00+00:00,-0.0414,-0.04,MAE_KILL,6.0,136.0,CHOP,6.0,,
ETHUSDT,2026-09-08 16:43:00+00:00,0.0005000000000000001,0.0019,BE_STOP,6.0,40.0,CHOP,6.0,,
SOLUSDT,2026-09-08 16:46:00+00:00,0.0005000000000000001,0.0019,BE_STOP,6.0,45.0,CHOP,6.0,,
BTCUSDT,2026-09-09 02:40:00+00:00,-0.020904875284858633,-0.019504875284858635,MAX_AGE,6.0,2880.0,CHOP,6.0,,
BTCUSDT,2026-09-09 02:42:00+00:00,-0.02050662989344239,-0.019106629893442393,MAX_AGE,6.0,2880.0,CHOP,6.0,,
ETHUSDT,2026-09-09 04:46:00+00:00,0.0005000000000000001,0.0019,BE_STOP,6.0,2369.0,CHOP,6.0,,
BTCUSDT,2026-09-09 05:14:00+00:00,0.004600000000000001,0.006,TP,6.0,1128.0,CHOP,6.0,,
BTCUSDT,2026-09-09 05:14:00+00:00,0.004600000000000001,0.006,TP,6.0,751.0,CHOP,6.0,,
BTCUSDT,2026-09-09 05:14:00+00:00,0.004600000000000001,0.006,TP,6.0,746.0,CHOP,6.0,,
BTCUSDT,2026-09-09 05:23:00+00:00,0.0005000000000000001,0.0019,BE_STOP,6.0,37.0,CHOP,6.0,,
NEARUSDT,2026-09-09 05:32:00+00:00,0.0005000000000000001,0.0019,BE_STOP,6.0,9.0,CHOP,6.0,,
XRPUSDT,2026-09-09 06:33:00+00:00,0.0005000000000000001,0.0019,BE_STOP,6.0,78.0,CHOP,6.0,,
XRPUSDT,2026-09-09 06:33:00+00:00,0.0005000000000000001,0.0019,BE_STOP,6.0,74.0,CHOP,6.0,,
SOLUSDT,2026-09-09 07:14:00+00:00,0.0005000000000000001,0.0019,BE_STOP,6.0,2420.0,CHOP,6.0,,
BTCUSDT,2026-09-09 08:28:00+00:00,0.004600000000000001,0.006,TP,6.0,112.0,CHOP,6.0,,
BTCUSDT,2026-09-09 08:36:00+00:00,0.004600000000000001,0.006,TP,6.0,82.0,CHOP,6.0,,
XRPUSDT,2026-09-09 08:59:00+00:00,0.0005000000000000001,0.0019,BE_STOP,6.0,31.0,TREND,6.0,,
BTCUSDT,2026-09-09 09:25:00+00:00,0.0005000000000000001,0.0019,BE_STOP,6.0,248.0,CHOP,6.0,,
ETHUSDT,2026-09-09 09:41:00+00:00,0.004600000000000001,0.006,TP,6.0,16.0,CHOP,6.0,,
ETHUSDT,2026-09-09 10:52:00+00:00,0.004600000000000001,0.006,TP,6.0,259.0,CHOP,6.0,,
BTCUSDT,2026-09-09 11:11:00+00:00,0.0005000000000000001,0.0019,BE_STOP,6.0,339.0,TREND,6.0,,
BTCUSDT,2026-09-09 11:29:00+00:00,0.0005000000000000001,0.0019,BE_STOP,6.0,107.0,CHOP,6.0,,
NEARUSDT,2026-09-09 11:41:00+00:00,0.01929665773515733,0.020696657735157328,TP,6.0,49.0,TREND,6.0,,
NEARUSDT,2026-09-09 11:41:00+00:00,-0.0264,-0.025,MAE_KILL,6.0,30.0,TREND,6.0,,
SOLUSDT,2026-09-09 12:02:00+00:00,0.004600000000000001,0.006,TP,6.0,33.0,CHOP,6.0,,
NEARUSDT,2026-09-09 12:15:00+00:00,0.02592924111506454,0.02732924111506454,TP,6.0,32.0,TREND,6.0,,
BTCUSDT,2026-09-09 12:31:00+00:00,0.004600000000000001,0.006,TP,6.0,50.0,CHOP,6.0,,
SOLUSDT,2026-09-09 12:48:00+00:00,0.0005000000000000001,0.0019,BE_STOP,6.0,33.0,CHOP,6.0,,
BTCUSDT,2026-09-09 13:11:00+00:00,0.0005000000000000001,0.0019,BE_STOP,6.0,69.0,CHOP,6.0,,
BTCUSDT,2026-09-09 14:01:00+00:00,0.004600000000000001,0.006,TP,6.0,49.0,CHOP,6.0,,
BTCUSDT,2026-09-09 15:11:00+00:00,0.004600000000000001,0.006,TP,6.0,751.0,CHOP,6.0,,
BTCUSDT,2026-09-09 15:11:00+00:00,0.004600000000000001,0.006,TP,6.0,749.0,CHOP,6.0,,
BTCUSDT,2026-09-09 15:11:00+00:00,0.004932195639015387,0.006332195639015386,TP,6.0,69.0,CHOP,6.0,,
BTCUSDT,2026-09-09 15:35:00+00:00,0.0005000000000000001,0.0019,BE_STOP,6.0,19.0,CHOP,6.0,,
BTCUSDT,2026-09-09 17:41:00+00:00,0.0005000000000000001,0.0019,BE_STOP,6.0,126.0,CHOP,6.0,,
BTCUSDT,2026-09-09 19:26:00+00:00,0.0005000000000000001,0.0019,BE_STOP,6.0,104.0,CHOP,6.0,,
SOLUSDT,2026-09-09 22:08:00+00:00,0.016052455785026846,0.017452455785026844,TP,6.0,414.0,CHOP,6.0,,
BTCUSDT,2026-09-10 12:30:00+00:00,0.004600000000000001,0.006,TP,6.0,861.0,TREND,6.0,,
BTCUSDT,2026-09-10 12:39:00+00:00,0.006872755455870269,0.008272755455870268,TP,6.0,2816.0,CHOP,6.0,,
BTCUSDT,2026-09-10 12:46:00+00:00,0.015850618809060243,0.01725061880906024,TP,6.0,1294.0,CHOP,6.0,,
NEARUSDT,2026-09-10 14:18:00+00:00,0.0005000000000000001,0.0019,BE_STOP,6.0,107.0,CHOP,6.0,,
SOLUSDT,2026-09-10 16:37:00+00:00,0.0005000000000000001,0.0019,BE_STOP,6.0,139.0,CHOP,6.0,,
XRPUSDT,2026-09-10 23:08:00+00:00,0.005672766662418759,0.007072766662418758,TP,6.0,391.0,TREND,6.0,,
BTCUSDT,2026-09-10 23:14:00+00:00,-0.0414,-0.04,MAE_KILL,6.0,2318.0,TREND,6.0,,
BTCUSDT,2026-09-10 23:14:00+00:00,-0.0414,-0.04,MAE_KILL,6.0,2295.0,TREND,6.0,,
BTCUSDT,2026-09-10 23:17:00+00:00,0.0005000000000000001,0.0019,BE_STOP,6.0,8.0,CHOP,6.0,,
BTCUSDT,2026-09-11 00:12:00+00:00,0.0005000000000000001,0.0019,BE_STOP,6.0,685.0,TREND,6.0,,
BTCUSDT,2026-09-11 01:03:00+00:00,0.0005000000000000001,0.0019,BE_STOP,6.0,744.0,CHOP,6.0,,
BTCUSDT,2026-09-11 06:12:00+00:00,0.004600000000000001,0.006,TP,6.0,359.0,CHOP,6.0,,
BTCUSDT,2026-09-11 08:09:00+00:00,0.0005000000000000001,0.0019,BE_STOP,6.0,425.0,CHOP,6.0,,
ETHUSDT,2026-09-11 08:27:00+00:00,0.0005000000000000001,0.0019,BE_STOP,6.0,135.0,CHOP,6.0,,
NEARUSDT,2026-09-11 08:31:00+00:00,-0.0264,-0.025,MAE_KILL,6.0,22.0,CHOP,6.0,,
BTCUSDT,2026-09-11 12:12:00+00:00,-0.032748135990444155,-0.031348135990444156,EOD,6.0,2859.0,CHOP,6.0,,
BTCUSDT,2026-09-11 12:12:00+00:00,-0.03373590005381559,-0.03233590005381559,EOD,6.0,2844.0,CHOP,6.0,,
BTCUSDT,2026-09-11 12:12:00+00:00,-0.021412555599275077,-0.02001255559927508,EOD,6.0,2446.0,CHOP,6.0,,
BTCUSDT,2026-09-11 12:12:00+00:00,-0.00579558718545388,-0.004395587185453881,EOD,6.0,777.0,CHOP,6.0,,
BTCUSDT,2026-09-11 12:12:00+00:00,-0.005380222819422415,-0.003980222819422416,EOD,6.0,775.0,CHOP,6.0,,
BTCUSDT,2026-09-11 12:12:00+00:00,-0.00582442648861069,-0.0044244264886106905,EOD,6.0,773.0,CHOP,6.0,,
BTCUSDT,2026-09-11 12:12:00+00:00,-0.005730230885271484,-0.004330230885271485,EOD,6.0,225.0,TREND,6.0,,
BTCUSDT,2026-09-11 12:12:00+00:00,-0.00723895591200745,-0.00583895591200745,EOD,6.0,220.0,TREND,6.0,,
SOLUSDT,2026-08-12 13:18:00+00:00,0.0005000000000000001,0.0019,BE_STOP,8.0,20.0,,8.0,,
BTCUSDT,2026-08-12 13:43:00+00:00,0.0005000000000000001,0.0019,BE_STOP,8.0,51.0,,8.0,,
BTCUSDT,2026-08-12 14:02:00+00:00,0.004600000000000001,0.006,TP,8.0,59.0,,8.0,,
BTCUSDT,2026-08-12 14:03:00+00:00,0.004600000000000001,0.006,TP,8.0,45.0,,8.0,,
SOLUSDT,2026-08-12 14:12:00+00:00,0.0005000000000000001,0.0019,BE_STOP,8.0,29.0,,8.0,,
BTCUSDT,2026-08-12 14:31:00+00:00,0.005352555927696322,0.006752555927696321,TP,8.0,101.0,,8.0,,
NEARUSDT,2026-08-12 14:35:00+00:00,-0.0264,-0.025,MAE_KILL,8.0,110.0,,8.0,,
NEARUSDT,2026-08-12 14:35:00+00:00,-0.0264,-0.025,MAE_KILL,8.0,99.0,,8.0,,
ETHUSDT,2026-08-12 14:55:00+00:00,0.009708032203707218,0.011108032203707218,TP,8.0,128.0,,8.0,,
SOLUSDT,2026-08-12 15:07:00+00:00,0.0005000000000000001,0.0019,BE_STOP,8.0,62.0,,8.0,,
BTCUSDT,2026-08-12 15:18:00+00:00,0.0005000000000000001,0.0019,BE_STOP,8.0,41.0,,8.0,,
BTCUSDT,2026-08-12 15:43:00+00:00,0.0005000000000000001,0.0019,BE_STOP,8.0,72.0,,8.0,,
ETHUSDT,2026-08-12 20:37:00+00:00,0.0005000000000000001,0.0019,BE_STOP,8.0,362.0,,8.0,,
BTCUSDT,2026-08-12 20:38:00+00:00,0.0005000000000000001,0.0019,BE_STOP,8.0,395.0,,8.0,,
SOLUSDT,2026-08-13 04:22:00+00:00,0.0005000000000000001,0.0019,BE_STOP,8.0,464.0,CHOP,8.0,,
BTCUSDT,2026-08-13 05:01:00+00:00,0.0005000000000000001,0.0019,BE_STOP,8.0,501.0,CHOP,8.0,,
BTCUSDT,2026-08-13 05:15:00+00:00,0.004600000000000001,0.006,TP,8.0,837.0,,8.0,,
BTCUSDT,2026-08-13 05:15:00+00:00,0.004600000000000001,0.006,TP,8.0,811.0,,8.0,,
NEARUSDT,2026-08-13 09:55:00+00:00,0.0005000000000000001,0.0019,BE_STOP,8.0,280.0,CHOP,8.0,,
BTCUSDT,2026-08-13 11:47:00+00:00,0.0005000000000000001,0.0019,BE_STOP,8.0,445.0,CHOP,8.0,,
BTCUSDT,2026-08-13 12:15:00+00:00,0.0005000000000000001,0.0019,BE_STOP,8.0,434.0,CHOP,8.0,,
ETHUSDT,2026-08-13 12:32:00+00:00,0.0005000000000000001,0.0019,BE_STOP,8.0,45.0,TREND,8.0,,
ETHUSDT,2026-08-13 13:11:00+00:00,0.0005000000000000001,0.0019,BE_STOP,8.0,196.0,CHOP,8.0,,
BTCUSDT,2026-08-13 13:23:00+00:00,0.0005000000000000001,0.0019,BE_STOP,8.0,68.0,CHOP,8.0,,
BTCUSDT,2026-08-13 14:59:00+00:00,0.0005000000000000001,0.0019,BE_STOP,8.0,108.0,CHOP,8.0,,
NEARUSDT,2026-08-13 15:53:00+00:00,0.008291075416224567,0.009691075416224567,TP,8.0,53.0,CHOP,8.0,,
SOLUSDT,2026-08-13 16:08:00+00:00,0.004600000000000001,0.006,TP,8.0,164.0,CHOP,8.0,,
ETHUSDT,2026-08-13 16:22:00+00:00,0.0005000000000000001,0.0019,BE_STOP,8.0,29.0,CHOP,8.0,,
BTCUSDT,2026-08-13 16:32:00+00:00,0.0005000000000000001,0.0019,BE_STOP,8.0,240.0,CHOP,8.0,,
BTCUSDT,2026-08-13 16:37:00+00:00,0.011051518716072057,0.012451518716072058,TP,8.0,1674.0,,8.0,,
BTCUSDT,2026-08-13 16:39:00+00:00,0.005107760664427431,0.00650776066442743,TP,8.0,31.0,CHOP,8.0,,
SOLUSDT,2026-08-13 16:39:00+00:00,0.004600000000000001,0.006,TP,8.0,7.0,CHOP,8.0,,
SOLUSDT,2026-08-13 16:47:00+00:00,0.0005000000000000001,0.0019,BE_STOP,8.0,1552.0,,8.0,,
NEARUSDT,2026-08-13 16:48:00+00:00,0.0005000000000000001,0.0019,BE_STOP,8.0,10.0,CHOP,8.0,,
ETHUSDT,2026-08-13 19:32:00+00:00,0.0005000000000000001,0.0019,BE_STOP,8.0,190.0,CHOP,8.0,,
BTCUSDT,2026-08-13 22:48:00+00:00,0.0005000000000000001,0.0019,BE_STOP,8.0,196.0,CHOP,8.0,,
ETHUSDT,2026-08-14 00:01:00+00:00,0.0005000000000000001,0.0019,BE_STOP,8.0,72.0,TREND,8.0,,
XRPUSDT,2026-08-14 05:16:00+00:00,0.0005000000000000001,0.0019,BE_STOP,8.0,745.0,CHOP,8.0,,
BTCUSDT,2026-08-14 06:58:00+00:00,0.004600000000000001,0.006,TP,8.0,102.0,CHOP,8.0,,
BTCUSDT,2026-08-14 08:38:00+00:00,0.0005000000000000001,0.0019,BE_STOP,8.0,99.0,TREND,8.0,,
ETHUSDT,2026-08-14 11:40:00+00:00,0.0005000000000000001,0.0019,BE_STOP,8.0,182.0,TREND,8.0,,
BTCUSDT,2026-08-14 13:27:00+00:00,0.0005000000000000001,0.0019,BE_STOP,8.0,106.0,CHOP,8.0,,
XRPUSDT,2026-08-14 14:12:00+00:00,-0.015284785819793206,-0.013884785819793206,MAX_AGE,8.0,2880.0,,8.0,,
ETHUSDT,2026-08-14 15:07:00+00:00,-0.013370821453320202,-0.011970821453320202,MAX_AGE,8.0,2880.0,,8.0,,
BTCUSDT,2026-08-14 15:35:00+00:00,0.0005000000000000001,0.0019,BE_STOP,8.0,1371.0,CHOP,8.0,,
BTCUSDT,2026-08-14 15:38:00+00:00,0.0005000000000000001,0.0019,BE_STOP,8.0,1371.0,CHOP,8.0,,
NEARUSDT,2026-08-14 16:44:00+00:00,0.0005000000000000001,0.0019,BE_STOP,8.0,197.0,CHOP,8.0,,
BTCUSDT,2026-08-14 17:52:00+00:00,0.0005000000000000001,0.0019,BE_STOP,8.0,132.0,CHOP,8.0,,
BTCUSDT,2026-08-14 17:56:00+00:00,0.0005000000000000001,0.0019,BE_STOP,8.0,140.0,CHOP,8.0,,
SOLUSDT,2026-08-14 18:01:00+00:00,0.004600000000000001,0.006,TP,8.0,77.0,CHOP,8.0,,
SOLUSDT,2026-08-14 18:17:00+00:00,0.0005000000000000001,0.0019,BE_STOP,8.0,242.0,TREND,8.0,,
NEARUSDT,2026-08-14 19:21:00+00:00,0.0005000000000000001,0.0019,BE_STOP,8.0,80.0,CHOP,8.0,,
BTCUSDT,2026-08-14 19:29:00+00:00,0.0005000000000000001,0.0019,BE_STOP,8.0,72.0,CHOP,8.0,,
BTCUSDT,2026-08-14 19:42:00+00:00,0.0005000000000000001,0.0019,BE_STOP,8.0,110.0,CHOP,8.0,,
NEARUSDT,2026-08-14 20:40:00+00:00,-0.0264,-0.025,MAE_KILL,8.0,333.0,CHOP,8.0,,
BTCUSDT,2026-08-15 05:18:00+00:00,-0.013430863617867047,-0.012030863617867047,MAX_AGE,8.0,2880.0,CHOP,8.0,,
ETHUSDT,2026-08-15 05:36:00+00:00,0.0005000000000000001,0.0019,BE_STOP,8.0,594.0,CHOP,8.0,,
BTCUSDT,2026-08-15 06:15:00+00:00,0.0005000000000000001,0.0019,BE_STOP,8.0,646.0,CHOP,8.0,,
SOLUSDT,2026-08-15 06:50:00+00:00,0.0005000000000000001,0.0019,BE_STOP,8.0,92.0,CHOP,8.0,,
ETHUSDT,2026-08-15 16:42:00+00:00,-0.011725591374778738,-0.010325591374778738,MAX_AGE,8.0,2880.0,CHOP,8.0,,
NEARUSDT,2026-08-15 23:17:00+00:00,0.004600000000000001,0.006,TP,8.0,1058.0,CHOP,8.0,,
BTCUSDT,2026-08-16 00:01:00+00:00,-0.007986338547255403,-0.006586338547255404,MAX_AGE,8.0,2880.0,CHOP,8.0,,
NEARUSDT,2026-08-16 01:02:00+00:00,0.0005000000000000001,0.0019,BE_STOP,8.0,61.0,TREND,8.0,,
SOLUSDT,2026-08-16 16:40:00+00:00,0.0005000000000000001,0.0019,BE_STOP,8.0,938.0,CHOP,8.0,,
ETHUSDT,2026-08-16 17:35:00+00:00,0.0005000000000000001,0.0019,BE_STOP,8.0,2084.0,CHOP,8.0,,
ETHUSDT,2026-08-16 17:56:00+00:00,-0.005801295877914654,-0.0044012958779146545,MAX_AGE,8.0,2880.0,CHOP,8.0,,
BTCUSDT,2026-08-16 19:21:00+00:00,-0.006821869852844124,-0.0054218698528441245,MAX_AGE,8.0,2880.0,CHOP,8.0,,
ETHUSDT,2026-08-16 20:40:00+00:00,-0.00432251346804932,-0.0029225134680493205,MAX_AGE,8.0,2880.0,CHOP,8.0,,
NEARUSDT,2026-08-16 20:52:00+00:00,0.004600000000000001,0.006,TP,8.0,176.0,CHOP,8.0,,
BTCUSDT,2026-08-16 21:40:00+00:00,0.004600000000000001,0.006,TP,8.0,1342.0,CHOP,8.0,,
BTCUSDT,2026-08-16 21:40:00+00:00,0.004600000000000001,0.006,TP,8.0,245.0,CHOP,8.0,,
BTCUSDT,2026-08-16 21:47:00+00:00,0.0005000000000000001,0.0019,BE_STOP,8.0,2372.0,CHOP,8.0,,
BTCUSDT,2026-08-16 21:50:00+00:00,0.0005000000000000001,0.0019,BE_STOP,8.0,57.0,CHOP,8.0,,
BTCUSDT,2026-08-16 21:51:00+00:00,0.0005000000000000001,0.0019,BE_STOP,8.0,1749.0,CHOP,8.0,,
BTCUSDT,2026-08-16 21:51:00+00:00,0.0005000000000000001,0.0019,BE_STOP,8.0,71.0,CHOP,8.0,,
BTCUSDT,2026-08-16 22:49:00+00:00,0.0005000000000000001,0.0019,BE_STOP,8.0,67.0,TREND,8.0,,
BTCUSDT,2026-08-16 22:51:00+00:00,0.0005000000000000001,0.0019,BE_STOP,8.0,64.0,TREND,8.0,,
BTCUSDT,2026-08-16 22:57:00+00:00,0.0005000000000000001,0.0019,BE_STOP,8.0,60.0,TREND,8.0,,
XRPUSDT,2026-08-17 00:59:00+00:00,0.0005000000000000001,0.0019,BE_STOP,8.0,199.0,CHOP,8.0,,
ETHUSDT,2026-08-17 01:01:00+00:00,0.004600000000000001,0.006,TP,8.0,132.0,CHOP,8.0,,
ETHUSDT,2026-08-17 01:01:00+00:00,0.004600000000000001,0.006,TP,8.0,130.0,CHOP,8.0,,
ETHUSDT,2026-08-17 01:01:00+00:00,0.004600000000000001,0.006,TP,8.0,121.0,CHOP,8.0,,
ETHUSDT,2026-08-17 01:08:00+00:00,0.0005000000000000001,0.0019,BE_STOP,8.0,508.0,TREND,8.0,,
BTCUSDT,2026-08-17 02:32:00+00:00,0.004600000000000001,0.006,TP,8.0,93.0,CHOP,8.0,,
BTCUSDT,2026-08-17 02:52:00+00:00,0.004600000000000001,0.006,TP,8.0,110.0,CHOP,8.0,,
BTCUSDT,2026-08-17 02:53:00+00:00,0.004600000000000001,0.006,TP,8.0,108.0,CHOP,8.0,,
ETHUSDT,2026-08-17 02:53:00+00:00,0.004600000000000001,0.006,TP,8.0,20.0,CHOP,8.0,,
BTCUSDT,2026-08-17 04:48:00+00:00,0.005261307306468479,0.006661307306468478,TP,8.0,221.0,CHOP,8.0,,
BTCUSDT,2026-08-17 05:28:00+00:00,0.0005000000000000001,0.0019,BE_STOP,8.0,150.0,CHOP,8.0,,
SOLUSDT,2026-08-17 05:47:00+00:00,0.0005000000000000001,0.0019,BE_STOP,8.0,625.0,CHOP,8.0,,
NEARUSDT,2026-08-17 06:46:00+00:00,0.004600000000000001,0.006,TP,8.0,78.0,TREND,8.0,,
ETHUSDT,2026-08-17 07:01:00+00:00,0.0005000000000000001,0.0019,BE_STOP,8.0,245.0,TREND,8.0,,
BTCUSDT,2026-08-17 07:17:00+00:00,0.0005000000000000001,0.0019,BE_STOP,8.0,263.0,CHOP,8.0,,
ETHUSDT,2026-08-17 08:21:00+00:00,0.0005000000000000001,0.0019,BE_STOP,8.0,432.0,CHOP,8.0,,
BTCUSDT,2026-08-17 09:15:00+00:00,0.0005000000000000001,0.0019,BE_STOP,8.0,117.0,TREND,8.0,,
BTCUSDT,2026-08-17 11:52:00+00:00,0.0005000000000000001,0.0019,BE_STOP,8.0,423.0,TREND,8.0,,
BTCUSDT,2026-08-17 13:02:00+00:00,0.0005000000000000001,0.0019,BE_STOP,8.0,226.0,CHOP,8.0,,
SOLUSDT,2026-08-17 16:20:00+00:00,0.0005000000000000001,0.0019,BE_STOP,8.0,559.0,TREND,8.0,,
SOLUSDT,2026-08-17 17:39:00+00:00,0.0005000000000000001,0.0019,BE_STOP,8.0,79.0,CHOP,8.0,,
NEARUSDT,2026-08-17 17:46:00+00:00,-0.0264,-0.025,MAE_KILL,8.0,659.0,TREND,8.0,,
NEARUSDT,2026-08-17 18:10:00+00:00,-0.0264,-0.025,MAE_KILL,8.0,378.0,CHOP,8.0,,
BTCUSDT,2026-08-17 18:23:00+00:00,0.004600000000000001,0.006,TP,8.0,44.0,TREND,8.0,,
BTCUSDT,2026-08-17 19:01:00+00:00,0.0005000000000000001,0.0019,BE_STOP,8.0,75.0,TREND,8.0,,
ETHUSDT,2026-08-18 02:30:00+00:00,0.004600000000000001,0.006,TP,8.0,499.0,CHOP,8.0,,
ETHUSDT,2026-08-18 02:30:00+00:00,0.004600000000000001,0.006,TP,8.0,447.0,CHOP,8.0,,
NEARUSDT,2026-08-18 02:49:00+00:00,0.0005000000000000001,0.0019,BE_STOP,8.0,19.0,CHOP,8.0,,
BTCUSDT,2026-08-18 14:27:00+00:00,0.004652713178294742,0.006052713178294741,TP,8.0,1203.0,TREND,8.0,,
SOLUSDT,2026-08-18 21:50:00+00:00,-0.03447727431441532,-0.033077274314415324,MAX_AGE,8.0,2880.0,TREND,8.0,,
SOLUSDT,2026-08-18 21:53:00+00:00,-0.0349549734703473,-0.033554973470347305,MAX_AGE,8.0,2880.0,TREND,8.0,,
NEARUSDT,2026-08-19 00:10:00+00:00,0.012998822240973654,0.014398822240973655,TP,8.0,136.0,CHOP,8.0,,
ETHUSDT,2026-08-19 03:12:00+00:00,0.0005000000000000001,0.0019,BE_STOP,8.0,322.0,CHOP,8.0,,
BTCUSDT,2026-08-19 05:47:00+00:00,-0.014744117095258163,-0.013344117095258163,MAX_AGE,8.0,2880.0,TREND,8.0,,
BTCUSDT,2026-08-19 06:03:00+00:00,0.004600000000000001,0.006,TP,8.0,350.0,CHOP,8.0,,
NEARUSDT,2026-08-19 06:46:00+00:00,0.004600000000000001,0.006,TP,8.0,59.0,TREND,8.0,,
BTCUSDT,2026-08-19 08:21:00+00:00,-0.015168871653037756,-0.013768871653037756,MAX_AGE,8.0,2880.0,CHOP,8.0,,
SOLUSDT,2026-08-19 08:39:00+00:00,0.004600000000000001,0.006,TP,8.0,18.0,CHOP,8.0,,
BTCUSDT,2026-08-19 09:15:00+00:00,0.0005000000000000001,0.0019,BE_STOP,8.0,149.0,CHOP,8.0,,
ETHUSDT,2026-08-19 12:47:00+00:00,0.005808534405752566,0.007208534405752565,TP,8.0,247.0,CHOP,8.0,,
BTCUSDT,2026-08-19 13:03:00+00:00,-0.0214630918801097,-0.020063091880109702,MAX_AGE,8.0,2880.0,CHOP,8.0,,
XRPUSDT,2026-08-19 13:21:00+00:00,0.005610699797877235,0.007010699797877234,TP,8.0,34.0,CHOP,8.0,,
NEARUSDT,2026-08-19 13:44:00+00:00,0.0005000000000000001,0.0019,BE_STOP,8.0,23.0,CHOP,8.0,,
BTCUSDT,2026-08-19 14:54:00+00:00,0.008687190631626117,0.010087190631626117,TP,8.0,1465.0,TREND,8.0,,
BTCUSDT,2026-08-19 14:54:00+00:00,0.009164485843219557,0.010564485843219557,TP,8.0,69.0,CHOP,8.0,,
ETHUSDT,2026-08-19 15:06:00+00:00,0.01769096372152153,0.01909096372152153,TP,8.0,9.0,TREND,8.0,,
BTCUSDT,2026-08-19 15:14:00+00:00,-0.0414,-0.04,MAE_KILL,8.0,2202.0,CHOP,8.0,,
BTCUSDT,2026-08-19 15:14:00+00:00,-0.0414,-0.04,MAE_KILL,8.0,2185.0,CHOP,8.0,,
BTCUSDT,2026-08-19 15:16:00+00:00,-0.0414,-0.04,MAE_KILL,8.0,552.0,TREND,8.0,,
BTCUSDT,2026-08-19 15:23:00+00:00,-0.0414,-0.04,MAE_KILL,8.0,731.0,TREND,8.0,,
BTCUSDT,2026-08-19 15:23:00+00:00,-0.0414,-0.04,MAE_KILL,8.0,367.0,CHOP,8.0,,
NEARUSDT,2026-08-19 15:23:00+00:00,0.008246723696512387,0.009646723696512387,TP,8.0,28.0,TREND,8.0,,
NEARUSDT,2026-08-19 15:26:00+00:00,-0.0264,-0.025,MAE_KILL,8.0,143.0,CHOP,8.0,,
BTCUSDT,2026-08-19 15:26:00+00:00,0.013551887490747695,0.014951887490747695,TP,8.0,19.0,TREND,8.0,,
ETHUSDT,2026-08-19 15:27:00+00:00,0.033664986729863365,0.035064986729863364,TP,8.0,13.0,TREND,8.0,,
ETHUSDT,2026-08-19 15:27:00+00:00,0.03269855764121419,0.03409855764121419,TP,8.0,11.0,TREND,8.0,,
ETHUSDT,2026-08-19 15:27:00+00:00,0.031207064816638624,0.03260706481663862,TP,8.0,9.0,TREND,8.0,,
NEARUSDT,2026-08-20 00:41:00+00:00,0.0005000000000000001,0.0019,BE_STOP,8.0,38.0,CHOP,8.0,,
NEARUSDT,2026-08-20 00:44:00+00:00,0.0005000000000000001,0.0019,BE_STOP,8.0,39.0,CHOP,8.0,,
XRPUSDT,2026-08-20 00:57:00+00:00,0.0005000000000000001,0.0019,BE_STOP,8.0,43.0,CHOP,8.0,,
ETHUSDT,2026-08-20 01:06:00+00:00,0.0005000000000000001,0.0019,BE_STOP,8.0,50.0,TREND,8.0,,
ETHUSDT,2026-08-20 01:08:00+00:00,0.0005000000000000001,0.0019,BE_STOP,8.0,61.0,TREND,8.0,,
BTCUSDT,2026-08-20 02:08:00+00:00,0.0005000000000000001,0.0019,BE_STOP,8.0,116.0,CHOP,8.0,,
XRPUSDT,2026-08-20 02:39:00+00:00,0.0005000000000000001,0.0019,BE_STOP,8.0,159.0,CHOP,8.0,,
SOLUSDT,2026-08-20 03:08:00+00:00,0.006894463563486227,0.008294463563486227,TP,8.0,120.0,CHOP,8.0,,
BTCUSDT,2026-08-20 03:11:00+00:00,0.00802827525453652,0.00942827525453652,TP,8.0,149.0,TREND,8.0,,
BTCUSDT,2026-08-20 03:11:00+00:00,0.007382257817654054,0.008782257817654054,TP,8.0,147.0,TREND,8.0,,
BTCUSDT,2026-08-20 03:11:00+00:00,0.0060273479361175435,0.007427347936117543,TP,8.0,134.0,CHOP,8.0,,
BTCUSDT,2026-08-20 03:11:00+00:00,0.005218198852073836,0.006618198852073836,TP,8.0,120.0,CHOP,8.0,,
BTCUSDT,2026-08-20 03:11:00+00:00,0.004600000000000001,0.006,TP,8.0,32.0,CHOP,8.0,,
NEARUSDT,2026-08-20 03:40:00+00:00,0.0005000000000000001,0.0019,BE_STOP,8.0,21.0,CHOP,8.0,,
BTCUSDT,2026-08-20 03:54:00+00:00,0.0005000000000000001,0.0019,BE_STOP,8.0,13.0,CHOP,8.0,,
BTCUSDT,2026-08-20 04:32:00+00:00,0.0005000000000000001,0.0019,BE_STOP,8.0,38.0,CHOP,8.0,,
SOLUSDT,2026-08-20 06:43:00+00:00,0.004600000000000001,0.006,TP,8.0,275.0,CHOP,8.0,,
SOLUSDT,2026-08-20 08:07:00+00:00,0.006990197630570782,0.008390197630570782,TP,8.0,477.0,TREND,8.0,,
BTCUSDT,2026-08-20 08:10:00+00:00,0.008297685873838811,0.009697685873838811,TP,8.0,2.0,CHOP,8.0,,
ETHUSDT,2026-08-20 08:14:00+00:00,0.008790725504861497,0.010190725504861498,TP,8.0,90.0,CHOP,8.0,,
SOLUSDT,2026-08-20 08:17:00+00:00,-0.0414,-0.04,MAE_KILL,8.0,308.0,TREND,8.0,,
BTCUSDT,2026-08-20 08:52:00+00:00,-0.0414,-0.04,MAE_KILL,8.0,339.0,CHOP,8.0,,
BTCUSDT,2026-08-20 09:06:00+00:00,-0.0414,-0.04,MAE_KILL,8.0,351.0,CHOP,8.0,,
BTCUSDT,2026-08-20 09:06:00+00:00,-0.0414,-0.04,MAE_KILL,8.0,349.0,CHOP,8.0,,
NEARUSDT,2026-08-20 09:13:00+00:00,-0.0264,-0.025,MAE_KILL,8.0,362.0,CHOP,8.0,,
BTCUSDT,2026-08-20 09:19:00+00:00,-0.0414,-0.04,MAE_KILL,8.0,286.0,CHOP,8.0,,
ETHUSDT,2026-08-20 09:54:00+00:00,0.0005000000000000001,0.0019,BE_STOP,8.0,103.0,CHOP,8.0,,
XRPUSDT,2026-08-20 11:38:00+00:00,0.021457142857143178,0.022857142857143176,TP,8.0,145.0,TREND,8.0,,
BTCUSDT,2026-08-20 12:06:00+00:00,0.0005000000000000001,0.0019,BE_STOP,8.0,179.0,TREND,8.0,,
SOLUSDT,2026-08-20 13:20:00+00:00,0.0005000000000000001,0.0019,BE_STOP,8.0,251.0,TREND,8.0,,
BTCUSDT,2026-08-20 13:37:00+00:00,0.0005000000000000001,0.0019,BE_STOP,8.0,323.0,TREND,8.0,,
BTCUSDT,2026-08-20 13:37:00+00:00,0.0005000000000000001,0.0019,BE_STOP,8.0,319.0,TREND,8.0,,
ETHUSDT,2026-08-21 00:18:00+00:00,0.006841144330529792,0.008241144330529792,TP,8.0,16.0,CHOP,8.0,,
BTCUSDT,2026-08-21 00:18:00+00:00,0.0062273277643100314,0.007627327764310031,TP,8.0,14.0,CHOP,8.0,,
SOLUSDT,2026-08-21 00:23:00+00:00,0.009930116622062625,0.011330116622062625,TP,8.0,931.0,TREND,8.0,,
BTCUSDT,2026-08-21 00:31:00+00:00,0.0076816626050391955,0.009081662605039195,TP,8.0,24.0,CHOP,8.0,,
BTCUSDT,2026-08-21 01:16:00+00:00,0.008048187118862375,0.009448187118862375,TP,8.0,65.0,CHOP,8.0,,
BTCUSDT,2026-08-21 01:16:00+00:00,0.009656245726230826,0.011056245726230826,TP,8.0,63.0,CHOP,8.0,,
BTCUSDT,2026-08-21 01:18:00+00:00,0.011063619856867527,0.012463619856867527,TP,8.0,63.0,CHOP,8.0,,
BTCUSDT,2026-08-21 01:18:00+00:00,0.015269652355223142,0.016669652355223143,TP,8.0,59.0,CHOP,8.0,,
ETHUSDT,2026-08-21 01:21:00+00:00,0.0005000000000000001,0.0019,BE_STOP,8.0,4.0,CHOP,8.0,,
XRPUSDT,2026-08-21 01:31:00+00:00,0.016794919834263997,0.018194919834263995,TP,8.0,68.0,TREND,8.0,,
BTCUSDT,2026-08-21 01:31:00+00:00,0.012783779734699052,0.014183779734699052,TP,8.0,59.0,TREND,8.0,,
XRPUSDT,2026-08-21 01:47:00+00:00,0.018079497042085568,0.019479497042085566,TP,8.0,86.0,TREND,8.0,,
BTCUSDT,2026-08-21 01:48:00+00:00,0.017814039254798464,0.019214039254798462,TP,8.0,27.0,TREND,8.0,,
SOLUSDT,2026-08-21 02:01:00+00:00,0.0005000000000000001,0.0019,BE_STOP,8.0,42.0,CHOP,8.0,,
BTCUSDT,2026-08-21 02:11:00+00:00,0.0005000000000000001,0.0019,BE_STOP,8.0,38.0,TREND,8.0,,
BTCUSDT,2026-08-21 02:11:00+00:00,0.0005000000000000001,0.0019,BE_STOP,8.0,36.0,TREND,8.0,,
NEARUSDT,2026-08-21 03:46:00+00:00,-0.0264,-0.025,MAE_KILL,8.0,143.0,TREND,8.0,,
BTCUSDT,2026-08-21 03:48:00+00:00,0.0005000000000000001,0.0019,BE_STOP,8.0,105.0,TREND,8.0,,
ETHUSDT,2026-08-21 05:26:00+00:00,0.0005000000000000001,0.0019,BE_STOP,8.0,98.0,CHOP,8.0,,
NEARUSDT,2026-08-21 05:54:00+00:00,0.016193088879780587,0.017593088879780585,TP,8.0,124.0,CHOP,8.0,,
BTCUSDT,2026-08-21 06:43:00+00:00,0.0005000000000000001,0.0019,BE_STOP,8.0,49.0,TREND,8.0,,
BTCUSDT,2026-08-21 07:10:00+00:00,-0.0414,-0.04,MAE_KILL,8.0,430.0,CHOP,8.0,,
BTCUSDT,2026-08-21 07:16:00+00:00,0.01882862041893189,0.02022862041893189,TP,8.0,328.0,TREND,8.0,,
NEARUSDT,2026-08-21 07:22:00+00:00,0.0005000000000000001,0.0019,BE_STOP,8.0,11.0,TREND,8.0,,
BTCUSDT,2026-08-21 08:14:00+00:00,0.020830715935422378,0.022230715935422377,TP,8.0,384.0,TREND,8.0,,
BTCUSDT,2026-08-21 08:41:00+00:00,-0.0414,-0.04,MAE_KILL,8.0,390.0,TREND,8.0,,
BTCUSDT,2026-08-21 08:42:00+00:00,-0.0414,-0.04,MAE_KILL,8.0,389.0,TREND,8.0,,
BTCUSDT,2026-08-21 08:47:00+00:00,0.020826428318438176,0.022226428318438175,TP,8.0,85.0,TREND,8.0,,
BTCUSDT,2026-08-21 08:50:00+00:00,0.0196836033129777,0.0210836033129777,TP,8.0,93.0,TREND,8.0,,
BTCUSDT,2026-08-21 08:50:00+00:00,0.016094797219311657,0.017494797219311655,TP,8.0,36.0,TREND,8.0,,
ETHUSDT,2026-08-21 08:51:00+00:00,-0.0414,-0.04,MAE_KILL,8.0,446.0,CHOP,8.0,,
ETHUSDT,2026-08-21 08:58:00+00:00,-0.0414,-0.04,MAE_KILL,8.0,211.0,CHOP,8.0,,
BTCUSDT,2026-08-21 08:59:00+00:00,0.017878583710025403,0.0192785837100254,TP,8.0,10.0,TREND,8.0,,
BTCUSDT,2026-08-21 09:01:00+00:00,0.0005000000000000001,0.0019,BE_STOP,8.0,6.0,TREND,8.0,,
SOLUSDT,2026-08-21 09:03:00+00:00,0.0005000000000000001,0.0019,BE_STOP,8.0,21.0,TREND,8.0,,
ETHUSDT,2026-08-21 09:03:00+00:00,0.0005000000000000001,0.0019,BE_STOP,8.0,19.0,TREND,8.0,,
NEARUSDT,2026-08-21 09:03:00+00:00,-0.0264,-0.025,MAE_KILL,8.0,12.0,TREND,8.0,,
NEARUSDT,2026-08-21 09:03:00+00:00,-0.0264,-0.025,MAE_KILL,8.0,5.0,TREND,8.0,,
XRPUSDT,2026-08-21 09:50:00+00:00,-0.0414,-0.04,MAE_KILL,8.0,37.0,CHOP,8.0,,
ETHUSDT,2026-08-21 13:50:00+00:00,0.0005000000000000001,0.0019,BE_STOP,8.0,286.0,TREND,8.0,,
ETHUSDT,2026-08-21 18:45:00+00:00,0.0005000000000000001,0.0019,BE_STOP,8.0,535.0,CHOP,8.0,,
ETHUSDT,2026-08-21 18:46:00+00:00,0.0005000000000000001,0.0019,BE_STOP,8.0,296.0,CHOP,8.0,,
BTCUSDT,2026-08-21 21:24:00+00:00,0.0005000000000000001,0.0019,BE_STOP,8.0,733.0,TREND,8.0,,
ETHUSDT,2026-08-21 21:33:00+00:00,0.02237950510797051,0.023779505107970507,TP,8.0,760.0,TREND,8.0,,
SOLUSDT,2026-08-21 21:52:00+00:00,-0.0414,-0.04,MAE_KILL,8.0,909.0,TREND,8.0,,
SOLUSDT,2026-08-21 22:42:00+00:00,-0.0414,-0.04,MAE_KILL,8.0,815.0,TREND,8.0,,
XRPUSDT,2026-08-22 00:05:00+00:00,0.0005000000000000001,0.0019,BE_STOP,8.0,83.0,CHOP,8.0,,
NEARUSDT,2026-08-22 02:12:00+00:00,0.03266251593493447,0.03406251593493447,TP,8.0,288.0,CHOP,8.0,,
BTCUSDT,2026-08-22 03:06:00+00:00,0.006186760623094047,0.0075867606230940465,TP,8.0,54.0,CHOP,8.0,,
ETHUSDT,2026-08-22 05:09:00+00:00,0.0005000000000000001,0.0019,BE_STOP,8.0,455.0,TREND,8.0,,
BTCUSDT,2026-08-22 05:10:00+00:00,0.01134410153148322,0.012744101531483221,TP,8.0,302.0,TREND,8.0,,
BTCUSDT,2026-08-23 05:14:00+00:00,0.009133753209688884,0.010533753209688884,TP,8.0,2068.0,CHOP,8.0,,
BTCUSDT,2026-08-23 05:14:00+00:00,0.009660292143908738,0.011060292143908738,TP,8.0,2066.0,CHOP,8.0,,
BTCUSDT,2026-08-23 05:17:00+00:00,-0.0414,-0.04,MAE_KILL,8.0,2657.0,TREND,8.0,,
BTCUSDT,2026-08-23 09:09:00+00:00,0.014718774788108535,0.016118774788108536,MAX_AGE,8.0,2880.0,TREND,8.0,,
ETHUSDT,2026-08-23 09:40:00+00:00,0.0005000000000000001,0.0019,BE_STOP,8.0,31.0,CHOP,8.0,,
NEARUSDT,2026-08-23 10:04:00+00:00,0.01368532732741806,0.01508532732741806,TP,8.0,24.0,TREND,8.0,,
BTCUSDT,2026-08-23 11:04:00+00:00,0.0005000000000000001,0.0019,BE_STOP,8.0,60.0,CHOP,8.0,,
BTCUSDT,2026-08-23 11:20:00+00:00,0.0005000000000000001,0.0019,BE_STOP,8.0,1809.0,CHOP,8.0,,
ETHUSDT,2026-08-23 13:18:00+00:00,-0.0414,-0.04,MAE_KILL,8.0,481.0,TREND,8.0,,
BTCUSDT,2026-08-23 13:19:00+00:00,0.004600000000000001,0.006,TP,8.0,117.0,TREND,8.0,,
XRPUSDT,2026-08-23 14:12:00+00:00,-0.0414,-0.04,MAE_KILL,8.0,188.0,CHOP,8.0,,
NEARUSDT,2026-08-23 14:42:00+00:00,0.0227078646494978,0.0241078646494978,TP,8.0,29.0,TREND,8.0,,
NEARUSDT,2026-08-23 17:14:00+00:00,-0.0264,-0.025,MAE_KILL,8.0,151.0,CHOP,8.0,,
BTCUSDT,2026-08-23 21:29:00+00:00,0.005848808496452889,0.007248808496452888,TP,8.0,489.0,TREND,8.0,,
XRPUSDT,2026-08-23 21:33:00+00:00,0.019992193361238926,0.021392193361238925,TP,8.0,258.0,CHOP,8.0,,
SOLUSDT,2026-08-23 21:40:00+00:00,0.0005000000000000001,0.0019,BE_STOP,8.0,498.0,TREND,8.0,,
BTCUSDT,2026-08-23 21:53:00+00:00,-0.009015821831597463,-0.007615821831597462,MAX_AGE,8.0,2880.0,CHOP,8.0,,
NEARUSDT,2026-08-24 00:33:00+00:00,-0.0264,-0.025,MAE_KILL,8.0,160.0,TREND,8.0,,
BTCUSDT,2026-08-24 00:50:00+00:00,0.0005000000000000001,0.0019,BE_STOP,8.0,17.0,CHOP,8.0,,
XRPUSDT,2026-08-24 02:33:00+00:00,0.0005000000000000001,0.0019,BE_STOP,8.0,103.0,CHOP,8.0,,
BTCUSDT,2026-08-24 03:07:00+00:00,-0.017869818694555128,-0.01646981869455513,MAX_AGE,8.0,2880.0,CHOP,8.0,,
ETHUSDT,2026-08-24 03:35:00+00:00,0.0005000000000000001,0.0019,BE_STOP,8.0,28.0,CHOP,8.0,,
BTCUSDT,2026-08-24 05:04:00+00:00,0.0005000000000000001,0.0019,BE_STOP,8.0,87.0,CHOP,8.0,,
SOLUSDT,2026-08-24 05:13:00+00:00,-0.008499164113458435,-0.007099164113458435,MAX_AGE,8.0,2880.0,CHOP,8.0,,
BTCUSDT,2026-08-24 06:33:00+00:00,0.0005000000000000001,0.0019,BE_STOP,8.0,78.0,CHOP,8.0,,
ETHUSDT,2026-08-24 06:50:00+00:00,0.0005000000000000001,0.0019,BE_STOP,8.0,550.0,CHOP,8.0,,
SOLUSDT,2026-08-24 07:11:00+00:00,0.011622091373396084,0.013022091373396084,TP,8.0,127.0,CHOP,8.0,,
BTCUSDT,2026-08-24 07:21:00+00:00,0.0005000000000000001,0.0019,BE_STOP,8.0,288.0,CHOP,8.0,,
BTCUSDT,2026-08-24 07:21:00+00:00,0.0005000000000000001,0.0019,BE_STOP,8.0,31.0,CHOP,8.0,,
NEARUSDT,2026-08-24 08:01:00+00:00,0.0005000000000000001,0.0019,BE_STOP,8.0,50.0,CHOP,8.0,,
XRPUSDT,2026-08-24 08:18:00+00:00,0.01467915893630191,0.01607915893630191,TP,8.0,105.0,CHOP,8.0,,
BTCUSDT,2026-08-24 08:33:00+00:00,0.0005000000000000001,0.0019,BE_STOP,8.0,15.0,CHOP,8.0,,
BTCUSDT,2026-08-24 09:04:00+00:00,0.0005000000000000001,0.0019,BE_STOP,8.0,62.0,CHOP,8.0,,
BTCUSDT,2026-08-24 09:18:00+00:00,0.0005000000000000001,0.0019,BE_STOP,8.0,12.0,CHOP,8.0,,
BTCUSDT,2026-08-24 10:07:00+00:00,0.004600000000000001,0.006,TP,8.0,49.0,CHOP,8.0,,
BTCUSDT,2026-08-24 10:40:00+00:00,0.0005000000000000001,0.0019,BE_STOP,8.0,32.0,CHOP,8.0,,
BTCUSDT,2026-08-24 10:41:00+00:00,0.0005000000000000001,0.0019,BE_STOP,8.0,197.0,CHOP,8.0,,
BTCUSDT,2026-08-24 10:43:00+00:00,0.0005000000000000001,0.0019,BE_STOP,8.0,202.0,CHOP,8.0,,
ETHUSDT,2026-08-24 11:07:00+00:00,0.0005000000000000001,0.0019,BE_STOP,8.0,25.0,CHOP,8.0,,
BTCUSDT,2026-08-24 11:07:00+00:00,0.0005000000000000001,0.0019,BE_STOP,8.0,23.0,CHOP,8.0,,
SOLUSDT,2026-08-24 11:14:00+00:00,0.0005000000000000001,0.0019,BE_STOP,8.0,34.0,CHOP,8.0,,
BTCUSDT,2026-08-24 11:37:00+00:00,0.006341692363039819,0.007741692363039818,TP,8.0,23.0,CHOP,8.0,,
BTCUSDT,2026-08-24 11:41:00+00:00,0.006385807785807552,0.0077858077858075515,TP,8.0,847.0,TREND,8.0,,
BTCUSDT,2026-08-24 12:17:00+00:00,0.0005000000000000001,0.0019,BE_STOP,8.0,887.0,TREND,8.0,,
BTCUSDT,2026-08-24 12:51:00+00:00,-0.0414,-0.04,MAE_KILL,8.0,1896.0,TREND,8.0,,
BTCUSDT,2026-08-24 12:51:00+00:00,-0.0414,-0.04,MAE_KILL,8.0,1892.0,TREND,8.0,,
BTCUSDT,2026-08-24 12:51:00+00:00,0.007544675290526001,0.008944675290526,TP,8.0,73.0,CHOP,8.0,,
NEARUSDT,2026-08-24 13:31:00+00:00,0.0005000000000000001,0.0019,BE_STOP,8.0,110.0,CHOP,8.0,,
NEARUSDT,2026-08-24 13:46:00+00:00,0.01965520871587721,0.021055208715877207,TP,8.0,15.0,CHOP,8.0,,
BTCUSDT,2026-08-24 14:25:00+00:00,0.0005000000000000001,0.0019,BE_STOP,8.0,93.0,TREND,8.0,,
SOLUSDT,2026-08-24 15:23:00+00:00,-0.0414,-0.04,MAE_KILL,8.0,409.0,CHOP,8.0,,
SOLUSDT,2026-08-24 15:44:00+00:00,0.0005000000000000001,0.0019,BE_STOP,8.0,168.0,CHOP,8.0,,
BTCUSDT,2026-08-24 15:51:00+00:00,0.0005000000000000001,0.0019,BE_STOP,8.0,84.0,CHOP,8.0,,
BTCUSDT,2026-08-24 15:52:00+00:00,0.0005000000000000001,0.0019,BE_STOP,8.0,174.0,TREND,8.0,,
BTCUSDT,2026-08-24 17:12:00+00:00,0.0005000000000000001,0.0019,BE_STOP,8.0,88.0,CHOP,8.0,,
NEARUSDT,2026-08-24 17:35:00+00:00,0.01858204511887861,0.01998204511887861,TP,8.0,21.0,CHOP,8.0,,
SOLUSDT,2026-08-24 20:38:00+00:00,0.0005000000000000001,0.0019,BE_STOP,8.0,287.0,CHOP,8.0,,
SOLUSDT,2026-08-24 22:37:00+00:00,-0.0414,-0.04,MAE_KILL,8.0,690.0,CHOP,8.0,,
SOLUSDT,2026-08-24 22:37:00+00:00,-0.0414,-0.04,MAE_KILL,8.0,688.0,CHOP,8.0,,
SOLUSDT,2026-08-24 22:37:00+00:00,-0.0414,-0.04,MAE_KILL,8.0,620.0,CHOP,8.0,,
BTCUSDT,2026-08-25 00:44:00+00:00,0.0005000000000000001,0.0019,BE_STOP,8.0,531.0,CHOP,8.0,,
BTCUSDT,2026-08-25 00:44:00+00:00,0.004600000000000001,0.006,TP,8.0,126.0,CHOP,8.0,,
BTCUSDT,2026-08-25 00:45:00+00:00,0.004959969188356548,0.006359969188356547,TP,8.0,246.0,CHOP,8.0,,
ETHUSDT,2026-08-25 00:45:00+00:00,0.005202101265632785,0.006602101265632784,TP,8.0,125.0,CHOP,8.0,,
NEARUSDT,2026-08-25 01:11:00+00:00,0.0005000000000000001,0.0019,BE_STOP,8.0,27.0,CHOP,8.0,,
BTCUSDT,2026-08-25 02:17:00+00:00,0.009900898143804989,0.011300898143804989,TP,8.0,654.0,CHOP,8.0,,
BTCUSDT,2026-08-25 02:17:00+00:00,0.013593880268622299,0.014993880268622299,TP,8.0,86.0,CHOP,8.0,,
NEARUSDT,2026-08-25 02:18:00+00:00,0.0005000000000000001,0.0019,BE_STOP,8.0,67.0,TREND,8.0,,
ETHUSDT,2026-08-25 02:28:00+00:00,0.01407400310167806,0.01547400310167806,TP,8.0,99.0,CHOP,8.0,,
NEARUSDT,2026-08-25 06:49:00+00:00,-0.0264,-0.025,MAE_KILL,8.0,260.0,CHOP,8.0,,
BTCUSDT,2026-08-25 07:49:00+00:00,0.004600000000000001,0.006,TP,8.0,60.0,CHOP,8.0,,
SOLUSDT,2026-08-25 12:06:00+00:00,-0.0414,-0.04,MAE_KILL,8.0,679.0,TREND,8.0,,
ETHUSDT,2026-08-25 12:29:00+00:00,0.0005000000000000001,0.0019,BE_STOP,8.0,22.0,CHOP,8.0,,
BTCUSDT,2026-08-25 13:24:00+00:00,0.0005000000000000001,0.0019,BE_STOP,8.0,881.0,CHOP,8.0,,
BTCUSDT,2026-08-25 13:45:00+00:00,0.012857285860735071,0.014257285860735072,TP,8.0,353.0,CHOP,8.0,,
BTCUSDT,2026-08-25 14:04:00+00:00,0.0005000000000000001,0.0019,BE_STOP,8.0,40.0,TREND,8.0,,
BTCUSDT,2026-08-25 14:05:00+00:00,0.0005000000000000001,0.0019,BE_STOP,8.0,96.0,TREND,8.0,,
BTCUSDT,2026-08-25 17:09:00+00:00,0.0005000000000000001,0.0019,BE_STOP,8.0,181.0,TREND,8.0,,
BTCUSDT,2026-08-25 17:23:00+00:00,0.0005000000000000001,0.0019,BE_STOP,8.0,197.0,TREND,8.0,,
BTCUSDT,2026-08-25 20:07:00+00:00,0.0005000000000000001,0.0019,BE_STOP,8.0,178.0,CHOP,8.0,,
BTCUSDT,2026-08-25 20:44:00+00:00,0.004600000000000001,0.006,TP,8.0,200.0,CHOP,8.0,,
ETHUSDT,2026-08-25 20:46:00+00:00,0.007173603373152604,0.008573603373152603,TP,8.0,39.0,CHOP,8.0,,
BTCUSDT,2026-08-25 21:07:00+00:00,0.005977504073080275,0.0073775040730802745,TP,8.0,22.0,CHOP,8.0,,
BTCUSDT,2026-08-25 21:30:00+00:00,0.0005000000000000001,0.0019,BE_STOP,8.0,1675.0,CHOP,8.0,,
BTCUSDT,2026-08-25 21:36:00+00:00,0.0005000000000000001,0.0019,BE_STOP,8.0,470.0,CHOP,8.0,,
BTCUSDT,2026-08-25 22:16:00+00:00,0.0060297930839435295,0.007429793083943529,TP,8.0,45.0,CHOP,8.0,,
BTCUSDT,2026-08-25 22:28:00+00:00,0.0005000000000000001,0.0019,BE_STOP,8.0,51.0,CHOP,8.0,,
ETHUSDT,2026-08-25 23:57:00+00:00,0.0005000000000000001,0.0019,BE_STOP,8.0,89.0,CHOP,8.0,,
BTCUSDT,2026-08-26 03:17:00+00:00,0.0005000000000000001,0.0019,BE_STOP,8.0,300.0,CHOP,8.0,,
BTCUSDT,2026-08-26 04:51:00+00:00,0.0005000000000000001,0.0019,BE_STOP,8.0,94.0,CHOP,8.0,,
BTCUSDT,2026-08-26 05:10:00+00:00,0.0005000000000000001,0.0019,BE_STOP,8.0,19.0,CHOP,8.0,,
BTCUSDT,2026-08-26 09:49:00+00:00,0.0005000000000000001,0.0019,BE_STOP,8.0,590.0,CHOP,8.0,,
ETHUSDT,2026-08-26 10:24:00+00:00,0.0005000000000000001,0.0019,BE_STOP,8.0,314.0,CHOP,8.0,,
ETHUSDT,2026-08-26 10:39:00+00:00,0.004600000000000001,0.006,TP,8.0,14.0,CHOP,8.0,,
BTCUSDT,2026-08-26 12:30:00+00:00,0.004686092069546551,0.00608609206954655,TP,8.0,161.0,CHOP,8.0,,
BTCUSDT,2026-08-26 13:37:00+00:00,0.0005000000000000001,0.0019,BE_STOP,8.0,62.0,CHOP,8.0,,
BTCUSDT,2026-08-26 13:46:00+00:00,-0.004262671126820004,-0.002862671126820005,MAX_AGE,8.0,2880.0,CHOP,8.0,,
BTCUSDT,2026-08-26 15:04:00+00:00,-0.0414,-0.04,MAE_KILL,8.0,2205.0,CHOP,8.0,,
BTCUSDT,2026-08-26 15:28:00+00:00,0.0005000000000000001,0.0019,BE_STOP,8.0,1119.0,CHOP,8.0,,
ETHUSDT,2026-08-26 19:26:00+00:00,0.008879430467770212,0.010279430467770212,TP,8.0,238.0,CHOP,8.0,,
ETHUSDT,2026-08-26 21:10:00+00:00,0.011850261104661522,0.013250261104661522,TP,8.0,452.0,CHOP,8.0,,
BTCUSDT,2026-08-26 21:31:00+00:00,0.0005000000000000001,0.0019,BE_STOP,8.0,124.0,CHOP,8.0,,
ETHUSDT,2026-08-26 21:49:00+00:00,0.0005000000000000001,0.0019,BE_STOP,8.0,38.0,CHOP,8.0,,
BTCUSDT,2026-08-26 22:30:00+00:00,0.0005000000000000001,0.0019,BE_STOP,8.0,710.0,CHOP,8.0,,
ETHUSDT,2026-08-26 22:36:00+00:00,0.0005000000000000001,0.0019,BE_STOP,8.0,65.0,TREND,8.0,,
BTCUSDT,2026-08-27 02:21:00+00:00,-0.02562786377708971,-0.02422786377708971,MAX_AGE,8.0,2880.0,CHOP,8.0,,
BTCUSDT,2026-08-27 02:23:00+00:00,-0.024915523668044833,-0.023515523668044835,MAX_AGE,8.0,2880.0,CHOP,8.0,,
BTCUSDT,2026-08-27 05:40:00+00:00,0.0005000000000000001,0.0019,BE_STOP,8.0,199.0,CHOP,8.0,,
XRPUSDT,2026-08-27 05:47:00+00:00,0.0005000000000000001,0.0019,BE_STOP,8.0,429.0,CHOP,8.0,,
ETHUSDT,2026-08-27 06:05:00+00:00,0.0005000000000000001,0.0019,BE_STOP,8.0,24.0,CHOP,8.0,,
NEARUSDT,2026-08-27 06:18:00+00:00,0.0005000000000000001,0.0019,BE_STOP,8.0,12.0,CHOP,8.0,,
NEARUSDT,2026-08-27 07:52:00+00:00,0.00905614952293805,0.01045614952293805,TP,8.0,125.0,CHOP,8.0,,
BTCUSDT,2026-08-27 08:03:00+00:00,0.008908938198688647,0.010308938198688647,TP,8.0,1097.0,CHOP,8.0,,
BTCUSDT,2026-08-27 08:04:00+00:00,0.004600000000000001,0.006,TP,8.0,11.0,CHOP,8.0,,
SOLUSDT,2026-08-27 08:08:00+00:00,0.030039889788895185,0.031439889788895184,TP,8.0,578.0,TREND,8.0,,
SOLUSDT,2026-08-27 08:15:00+00:00,0.0005000000000000001,0.0019,BE_STOP,8.0,7.0,CHOP,8.0,,
ETHUSDT,2026-08-27 08:30:00+00:00,-0.0414,-0.04,MAE_KILL,8.0,1045.0,CHOP,8.0,,
BTCUSDT,2026-08-27 08:43:00+00:00,0.007139833996929803,0.008539833996929803,TP,8.0,38.0,CHOP,8.0,,
SOLUSDT,2026-08-27 08:48:00+00:00,-0.0414,-0.04,MAE_KILL,8.0,150.0,CHOP,8.0,,
BTCUSDT,2026-08-27 09:27:00+00:00,0.006835596923267497,0.008235596923267497,TP,8.0,39.0,TREND,8.0,,
BTCUSDT,2026-08-27 09:55:00+00:00,0.0005000000000000001,0.0019,BE_STOP,8.0,72.0,TREND,8.0,,
SOLUSDT,2026-08-27 09:56:00+00:00,0.0005000000000000001,0.0019,BE_STOP,8.0,85.0,CHOP,8.0,,
ETHUSDT,2026-08-27 10:16:00+00:00,0.0005000000000000001,0.0019,BE_STOP,8.0,126.0,CHOP,8.0,,
NEARUSDT,2026-08-27 10:26:00+00:00,0.013151297788291926,0.014551297788291926,TP,8.0,29.0,TREND,8.0,,
BTCUSDT,2026-08-27 10:26:00+00:00,0.004600000000000001,0.006,TP,8.0,27.0,TREND,8.0,,
BTCUSDT,2026-08-27 10:26:00+00:00,0.0056293878992012625,0.007029387899201262,TP,8.0,10.0,TREND,8.0,,
BTCUSDT,2026-08-27 10:27:00+00:00,0.0005000000000000001,0.0019,BE_STOP,8.0,132.0,TREND,8.0,,
BTCUSDT,2026-08-27 11:55:00+00:00,0.0005000000000000001,0.0019,BE_STOP,8.0,88.0,CHOP,8.0,,
BTCUSDT,2026-08-27 11:55:00+00:00,0.0005000000000000001,0.0019,BE_STOP,8.0,84.0,CHOP,8.0,,
BTCUSDT,2026-08-27 12:25:00+00:00,0.0005000000000000001,0.0019,BE_STOP,8.0,116.0,CHOP,8.0,,
XRPUSDT,2026-08-27 12:36:00+00:00,0.0005000000000000001,0.0019,BE_STOP,8.0,41.0,CHOP,8.0,,
BTCUSDT,2026-08-27 13:51:00+00:00,0.0005000000000000001,0.0019,BE_STOP,8.0,74.0,CHOP,8.0,,
SOLUSDT,2026-08-27 13:55:00+00:00,0.009271803726374891,0.010671803726374891,TP,8.0,89.0,TREND,8.0,,
BTCUSDT,2026-08-27 14:08:00+00:00,0.0005000000000000001,0.0019,BE_STOP,8.0,130.0,CHOP,8.0,,
BTCUSDT,2026-08-27 14:42:00+00:00,0.010019225218637936,0.011419225218637936,TP,8.0,46.0,CHOP,8.0,,
BTCUSDT,2026-08-27 15:12:00+00:00,0.009983325674359503,0.011383325674359504,TP,8.0,64.0,CHOP,8.0,,
SOLUSDT,2026-08-27 16:22:00+00:00,-0.0414,-0.04,MAE_KILL,8.0,349.0,CHOP,8.0,,
BTCUSDT,2026-08-27 17:42:00+00:00,0.0005000000000000001,0.0019,BE_STOP,8.0,80.0,CHOP,8.0,,
BTCUSDT,2026-08-27 17:45:00+00:00,0.0005000000000000001,0.0019,BE_STOP,8.0,182.0,CHOP,8.0,,
BTCUSDT,2026-08-27 18:13:00+00:00,0.0050878198103872264,0.006487819810387226,TP,8.0,30.0,CHOP,8.0,,
SOLUSDT,2026-08-27 18:14:00+00:00,0.0005000000000000001,0.0019,BE_STOP,8.0,181.0,CHOP,8.0,,
BTCUSDT,2026-08-27 18:17:00+00:00,0.005299797428985325,0.006699797428985324,TP,8.0,31.0,CHOP,8.0,,
BTCUSDT,2026-08-27 18:27:00+00:00,0.0005000000000000001,0.0019,BE_STOP,8.0,13.0,CHOP,8.0,,
BTCUSDT,2026-08-27 21:08:00+00:00,-0.027452402194534098,-0.0260524021945341,MAX_AGE,8.0,2880.0,TREND,8.0,,
BTCUSDT,2026-08-27 22:10:00+00:00,0.0005000000000000001,0.0019,BE_STOP,8.0,62.0,CHOP,8.0,,
BTCUSDT,2026-08-28 00:57:00+00:00,0.004600000000000001,0.006,TP,8.0,167.0,CHOP,8.0,,
BTCUSDT,2026-08-28 01:15:00+00:00,0.0005000000000000001,0.0019,BE_STOP,8.0,17.0,TREND,8.0,,
SOLUSDT,2026-08-28 01:57:00+00:00,0.008861761436332025,0.010261761436332026,TP,8.0,42.0,CHOP,8.0,,
BTCUSDT,2026-08-28 02:51:00+00:00,0.007489272445191062,0.008889272445191061,TP,8.0,53.0,CHOP,8.0,,
BTCUSDT,2026-08-28 05:35:00+00:00,0.0005000000000000001,0.0019,BE_STOP,8.0,668.0,CHOP,8.0,,
SOLUSDT,2026-08-28 07:03:00+00:00,0.0005000000000000001,0.0019,BE_STOP,8.0,88.0,TREND,8.0,,
BTCUSDT,2026-08-28 08:03:00+00:00,0.0005000000000000001,0.0019,BE_STOP,8.0,60.0,CHOP,8.0,,
BTCUSDT,2026-08-28 10:08:00+00:00,0.008943680413919014,0.010343680413919015,TP,8.0,436.0,CHOP,8.0,,
BTCUSDT,2026-08-28 14:12:00+00:00,0.004600000000000001,0.006,TP,8.0,244.0,CHOP,8.0,,
BTCUSDT,2026-08-28 14:14:00+00:00,0.0005000000000000001,0.0019,BE_STOP,8.0,2425.0,CHOP,8.0,,
BTCUSDT,2026-08-28 14:18:00+00:00,0.0005000000000000001,0.0019,BE_STOP,8.0,2152.0,CHOP,8.0,,
ETHUSDT,2026-08-28 14:22:00+00:00,0.0005000000000000001,0.0019,BE_STOP,8.0,1204.0,CHOP,8.0,,
ETHUSDT,2026-08-28 14:22:00+00:00,0.0005000000000000001,0.0019,BE_STOP,8.0,1202.0,CHOP,8.0,,
BTCUSDT,2026-08-28 14:34:00+00:00,0.0005000000000000001,0.0019,BE_STOP,8.0,1483.0,CHOP,8.0,,
NEARUSDT,2026-08-28 15:43:00+00:00,0.0005000000000000001,0.0019,BE_STOP,8.0,81.0,CHOP,8.0,,
ETHUSDT,2026-08-28 16:01:00+00:00,-0.0414,-0.04,MAE_KILL,8.0,1834.0,TREND,8.0,,
BTCUSDT,2026-08-28 16:01:00+00:00,0.007230837612388606,0.008630837612388606,TP,8.0,18.0,CHOP,8.0,,
BTCUSDT,2026-08-28 16:17:00+00:00,0.013646545831310461,0.015046545831310461,TP,8.0,113.0,CHOP,8.0,,
BTCUSDT,2026-08-28 16:23:00+00:00,0.015923183049654677,0.017323183049654675,TP,8.0,125.0,CHOP,8.0,,
BTCUSDT,2026-08-28 16:24:00+00:00,0.015451656102250392,0.016851656102250392,TP,8.0,128.0,CHOP,8.0,,
BTCUSDT,2026-08-28 16:24:00+00:00,0.01022202060902389,0.01162202060902389,TP,8.0,21.0,CHOP,8.0,,
BTCUSDT,2026-08-28 16:24:00+00:00,0.01069628891796581,0.01209628891796581,TP,8.0,19.0,CHOP,8.0,,
ETHUSDT,2026-08-28 16:32:00+00:00,0.0005000000000000001,0.0019,BE_STOP,8.0,14.0,CHOP,8.0,,
BTCUSDT,2026-08-30 08:04:00+00:00,-0.021771459638975078,-0.02037145963897508,MAX_AGE,8.0,2880.0,CHOP,8.0,,
SOLUSDT,2026-08-30 14:13:00+00:00,-0.031997624885811836,-0.030597624885811837,MAX_AGE,8.0,2880.0,CHOP,8.0,,
BTCUSDT,2026-08-30 14:39:00+00:00,-0.010778579430312105,-0.009378579430312105,MAX_AGE,8.0,2880.0,CHOP,8.0,,
BTCUSDT,2026-08-30 16:22:00+00:00,0.0005000000000000001,0.0019,BE_STOP,8.0,128.0,TREND,8.0,,
SOLUSDT,2026-08-30 16:25:00+00:00,-0.03254009661835748,-0.03114009661835748,MAX_AGE,8.0,2880.0,CHOP,8.0,,
ETHUSDT,2026-08-30 16:27:00+00:00,-0.03553279578739501,-0.03413279578739501,MAX_AGE,8.0,2880.0,TREND,8.0,,
BTCUSDT,2026-08-30 16:29:00+00:00,-0.02033920340296875,-0.01893920340296875,MAX_AGE,8.0,2880.0,TREND,8.0,,
ETHUSDT,2026-08-30 16:31:00+00:00,-0.03189936399819455,-0.030499363998194546,MAX_AGE,8.0,2880.0,TREND,8.0,,
SOLUSDT,2026-08-30 16:33:00+00:00,0.015697601189398315,0.017097601189398313,MAX_AGE,8.0,2880.0,CHOP,8.0,,
BTCUSDT,2026-08-30 17:07:00+00:00,0.0005000000000000001,0.0019,BE_STOP,8.0,39.0,TREND,8.0,,
ETHUSDT,2026-08-30 17:16:00+00:00,0.0005000000000000001,0.0019,BE_STOP,8.0,46.0,TREND,8.0,,
SOLUSDT,2026-08-30 17:24:00+00:00,0.007331178588513163,0.008731178588513163,TP,8.0,52.0,CHOP,8.0,,
ETHUSDT,2026-08-30 17:24:00+00:00,0.008225166820364314,0.009625166820364314,TP,8.0,17.0,TREND,8.0,,
NEARUSDT,2026-08-30 18:57:00+00:00,0.014330438852070347,0.015730438852070348,TP,8.0,101.0,CHOP,8.0,,
BTCUSDT,2026-08-30 20:43:00+00:00,0.004600000000000001,0.006,TP,8.0,105.0,CHOP,8.0,,
BTCUSDT,2026-08-30 20:48:00+00:00,0.0005000000000000001,0.0019,BE_STOP,8.0,369.0,TREND,8.0,,
BTCUSDT,2026-08-30 21:01:00+00:00,0.006372597213141582,0.007772597213141582,TP,8.0,213.0,CHOP,8.0,,
BTCUSDT,2026-08-30 21:02:00+00:00,0.006115573487399288,0.007515573487399287,TP,8.0,216.0,CHOP,8.0,,
BTCUSDT,2026-08-30 21:16:00+00:00,0.0005000000000000001,0.0019,BE_STOP,8.0,28.0,CHOP,8.0,,
NEARUSDT,2026-08-30 21:29:00+00:00,0.0005000000000000001,0.0019,BE_STOP,8.0,46.0,CHOP,8.0,,
SOLUSDT,2026-08-30 23:17:00+00:00,0.009825351958127167,0.011225351958127168,TP,8.0,120.0,TREND,8.0,,
BTCUSDT,2026-08-30 23:20:00+00:00,0.0005000000000000001,0.0019,BE_STOP,8.0,136.0,CHOP,8.0,,
NEARUSDT,2026-08-30 23:23:00+00:00,0.014664626397798778,0.01606462639779878,TP,8.0,3.0,CHOP,8.0,,
BTCUSDT,2026-08-30 23:26:00+00:00,0.0005000000000000001,0.0019,BE_STOP,8.0,921.0,CHOP,8.0,,
ETHUSDT,2026-08-30 23:29:00+00:00,0.014685427790076836,0.016085427790076837,TP,8.0,147.0,CHOP,8.0,,
BTCUSDT,2026-08-30 23:29:00+00:00,0.005507433706545541,0.00690743370654554,TP,8.0,11.0,CHOP,8.0,,
NEARUSDT,2026-08-30 23:41:00+00:00,0.02379367833901454,0.02519367833901454,TP,8.0,17.0,CHOP,8.0,,
BTCUSDT,2026-08-30 23:47:00+00:00,0.010538976206797706,0.011938976206797706,TP,8.0,21.0,CHOP,8.0,,
BTCUSDT,2026-08-30 23:57:00+00:00,0.0005000000000000001,0.0019,BE_STOP,8.0,24.0,TREND,8.0,,
BTCUSDT,2026-08-31 00:03:00+00:00,0.0005000000000000001,0.0019,BE_STOP,8.0,33.0,TREND,8.0,,
NEARUSDT,2026-08-31 00:43:00+00:00,0.022302261917842594,0.023702261917842592,TP,8.0,40.0,TREND,8.0,,
BTCUSDT,2026-08-31 07:31:00+00:00,0.0005000000000000001,0.0019,BE_STOP,8.0,408.0,CHOP,8.0,,
XRPUSDT,2026-08-31 08:17:00+00:00,0.0005000000000000001,0.0019,BE_STOP,8.0,45.0,CHOP,8.0,,
BTCUSDT,2026-08-31 13:01:00+00:00,0.0005000000000000001,0.0019,BE_STOP,8.0,283.0,TREND,8.0,,
ETHUSDT,2026-08-31 15:13:00+00:00,0.0005000000000000001,0.0019,BE_STOP,8.0,131.0,CHOP,8.0,,
BTCUSDT,2026-08-31 16:57:00+00:00,0.0005000000000000001,0.0019,BE_STOP,8.0,1168.0,CHOP,8.0,,
BTCUSDT,2026-08-31 18:01:00+00:00,0.0005000000000000001,0.0019,BE_STOP,8.0,64.0,CHOP,8.0,,
SOLUSDT,2026-08-31 18:24:00+00:00,0.0005000000000000001,0.0019,BE_STOP,8.0,23.0,CHOP,8.0,,
SOLUSDT,2026-08-31 18:37:00+00:00,0.02356521700103221,0.024965217001032207,TP,8.0,1119.0,TREND,8.0,,
BTCUSDT,2026-08-31 18:46:00+00:00,0.0005000000000000001,0.0019,BE_STOP,8.0,8.0,CHOP,8.0,,
NEARUSDT,2026-08-31 22:00:00+00:00,0.015493720506506508,0.016893720506506508,TP,8.0,216.0,CHOP,8.0,,
NEARUSDT,2026-08-31 23:01:00+00:00,0.0005000000000000001,0.0019,BE_STOP,8.0,60.0,CHOP,8.0,,
XRPUSDT,2026-09-01 02:12:00+00:00,0.004600000000000001,0.006,TP,8.0,191.0,CHOP,8.0,,
BTCUSDT,2026-09-01 10:18:00+00:00,0.004600000000000001,0.006,TP,8.0,485.0,CHOP,8.0,,
ETHUSDT,2026-09-01 10:23:00+00:00,0.0005000000000000001,0.0019,BE_STOP,8.0,1149.0,CHOP,8.0,,
BTCUSDT,2026-09-01 13:11:00+00:00,0.0005000000000000001,0.0019,BE_STOP,8.0,172.0,TREND,8.0,,
BTCUSDT,2026-09-01 15:01:00+00:00,0.0005000000000000001,0.0019,BE_STOP,8.0,278.0,TREND,8.0,,
BTCUSDT,2026-09-01 16:22:00+00:00,-0.02078754200444254,-0.01938754200444254,MAX_AGE,8.0,2880.0,TREND,8.0,,
BTCUSDT,2026-09-01 16:25:00+00:00,-0.02079048009401755,-0.019390480094017552,MAX_AGE,8.0,2880.0,TREND,8.0,,
BTCUSDT,2026-09-01 16:34:00+00:00,-0.0226747944796983,-0.0212747944796983,MAX_AGE,8.0,2880.0,TREND,8.0,,
NEARUSDT,2026-09-01 16:36:00+00:00,0.022869057660275693,0.024269057660275692,TP,8.0,93.0,TREND,8.0,,
BTCUSDT,2026-09-01 18:27:00+00:00,0.01027087215487147,0.01167087215487147,TP,8.0,316.0,CHOP,8.0,,
BTCUSDT,2026-09-01 18:27:00+00:00,0.005399375820397418,0.006799375820397417,TP,8.0,125.0,CHOP,8.0,,
BTCUSDT,2026-09-01 18:27:00+00:00,0.006006368540736602,0.007406368540736601,TP,8.0,122.0,CHOP,8.0,,
ETHUSDT,2026-09-01 18:28:00+00:00,0.008841034685479279,0.010241034685479279,TP,8.0,113.0,CHOP,8.0,,
BTCUSDT,2026-09-01 18:28:00+00:00,0.007256185050230151,0.00865618505023015,TP,8.0,111.0,CHOP,8.0,,
SOLUSDT,2026-09-01 18:39:00+00:00,0.028041548582639568,0.029441548582639566,TP,8.0,2578.0,TREND,8.0,,
ETHUSDT,2026-09-01 18:45:00+00:00,0.009464291039918492,0.010864291039918492,TP,8.0,16.0,CHOP,8.0,,
BTCUSDT,2026-09-01 18:51:00+00:00,0.0005000000000000001,0.0019,BE_STOP,8.0,20.0,CHOP,8.0,,
BTCUSDT,2026-09-01 19:00:00+00:00,0.0005000000000000001,0.0019,BE_STOP,8.0,2592.0,TREND,8.0,,
BTCUSDT,2026-09-02 00:28:00+00:00,0.0005000000000000001,0.0019,BE_STOP,8.0,327.0,CHOP,8.0,,
NEARUSDT,2026-09-02 00:40:00+00:00,-0.0264,-0.025,MAE_KILL,8.0,349.0,CHOP,8.0,,
BTCUSDT,2026-09-02 01:50:00+00:00,0.004600000000000001,0.006,TP,8.0,80.0,CHOP,8.0,,
BTCUSDT,2026-09-02 02:07:00+00:00,0.0005000000000000001,0.0019,BE_STOP,8.0,86.0,CHOP,8.0,,
BTCUSDT,2026-09-02 03:26:00+00:00,0.0065628902622524585,0.007962890262252458,TP,8.0,79.0,CHOP,8.0,,
NEARUSDT,2026-09-02 09:57:00+00:00,-0.0264,-0.025,MAE_KILL,8.0,391.0,CHOP,8.0,,
SOLUSDT,2026-09-02 10:51:00+00:00,0.011753857287596004,0.013153857287596004,TP,8.0,541.0,CHOP,8.0,,
BTCUSDT,2026-09-02 12:38:00+00:00,0.0005000000000000001,0.0019,BE_STOP,8.0,161.0,CHOP,8.0,,
SOLUSDT,2026-09-02 13:43:00+00:00,0.0005000000000000001,0.0019,BE_STOP,8.0,1146.0,TREND,8.0,,
SOLUSDT,2026-09-02 13:43:00+00:00,0.0005000000000000001,0.0019,BE_STOP,8.0,1144.0,TREND,8.0,,
SOLUSDT,2026-09-02 13:43:00+00:00,0.0005000000000000001,0.0019,BE_STOP,8.0,1142.0,TREND,8.0,,
BTCUSDT,2026-09-02 18:46:00+00:00,-0.023379329355808026,-0.021979329355808028,MAX_AGE,8.0,2880.0,CHOP,8.0,,
SOLUSDT,2026-09-02 20:15:00+00:00,0.0005000000000000001,0.0019,BE_STOP,8.0,85.0,CHOP,8.0,,
XRPUSDT,2026-09-03 01:30:00+00:00,0.011484904740712664,0.012884904740712664,TP,8.0,315.0,CHOP,8.0,,
ETHUSDT,2026-09-03 02:51:00+00:00,0.005704681131730326,0.007104681131730325,TP,8.0,81.0,CHOP,8.0,,
BTCUSDT,2026-09-03 05:20:00+00:00,0.0005000000000000001,0.0019,BE_STOP,8.0,935.0,CHOP,8.0,,
BTCUSDT,2026-09-03 05:23:00+00:00,0.0005000000000000001,0.0019,BE_STOP,8.0,936.0,CHOP,8.0,,
BTCUSDT,2026-09-03 05:27:00+00:00,0.0005000000000000001,0.0019,BE_STOP,8.0,938.0,CHOP,8.0,,
XRPUSDT,2026-09-03 08:17:00+00:00,0.0005000000000000001,0.0019,BE_STOP,8.0,326.0,CHOP,8.0,,
ETHUSDT,2026-09-03 11:13:00+00:00,0.0005000000000000001,0.0019,BE_STOP,8.0,176.0,CHOP,8.0,,
BTCUSDT,2026-09-03 12:26:00+00:00,0.0005000000000000001,0.0019,BE_STOP,8.0,73.0,CHOP,8.0,,
SOLUSDT,2026-09-03 12:55:00+00:00,-0.0414,-0.04,MAE_KILL,8.0,1564.0,TREND,8.0,,
BTCUSDT,2026-09-03 13:54:00+00:00,0.0005000000000000001,0.0019,BE_STOP,8.0,58.0,CHOP,8.0,,
BTCUSDT,2026-09-03 14:28:00+00:00,-0.0414,-0.04,MAE_KILL,8.0,2622.0,CHOP,8.0,,
BTCUSDT,2026-09-03 14:30:00+00:00,-0.0414,-0.04,MAE_KILL,8.0,2622.0,CHOP,8.0,,
NEARUSDT,2026-09-03 14:30:00+00:00,-0.0264,-0.025,MAE_KILL,8.0,544.0,CHOP,8.0,,
BTCUSDT,2026-09-03 14:46:00+00:00,-0.0414,-0.04,MAE_KILL,8.0,1567.0,CHOP,8.0,,
BTCUSDT,2026-09-03 14:48:00+00:00,-0.0414,-0.04,MAE_KILL,8.0,560.0,CHOP,8.0,,
ETHUSDT,2026-09-03 14:48:00+00:00,0.008629320244036011,0.010029320244036011,TP,8.0,20.0,TREND,8.0,,
BTCUSDT,2026-09-03 14:49:00+00:00,-0.0414,-0.04,MAE_KILL,8.0,565.0,CHOP,8.0,,
SOLUSDT,2026-09-03 14:58:00+00:00,0.013995864928203048,0.015395864928203048,TP,8.0,11.0,TREND,8.0,,
ETHUSDT,2026-09-03 15:00:00+00:00,0.012719658815626093,0.014119658815626093,TP,8.0,25.0,TREND,8.0,,
SOLUSDT,2026-09-03 15:01:00+00:00,-0.0414,-0.04,MAE_KILL,8.0,67.0,CHOP,8.0,,
BTCUSDT,2026-09-03 15:01:00+00:00,0.010705547414230333,0.012105547414230334,TP,8.0,28.0,TREND,8.0,,
BTCUSDT,2026-09-03 15:51:00+00:00,-0.0414,-0.04,MAE_KILL,8.0,205.0,CHOP,8.0,,
NEARUSDT,2026-09-03 15:58:00+00:00,0.02109649410054406,0.022496494100544058,TP,8.0,58.0,TREND,8.0,,
ETHUSDT,2026-09-03 19:04:00+00:00,0.017749760339351967,0.019149760339351965,TP,8.0,252.0,TREND,8.0,,
ETHUSDT,2026-09-03 19:04:00+00:00,0.01702834548363719,0.018428345483637188,TP,8.0,249.0,TREND,8.0,,
BTCUSDT,2026-09-03 19:05:00+00:00,0.013048546889811528,0.014448546889811528,TP,8.0,255.0,TREND,8.0,,
BTCUSDT,2026-09-03 19:06:00+00:00,0.0005000000000000001,0.0019,BE_STOP,8.0,193.0,TREND,8.0,,
XRPUSDT,2026-09-03 20:01:00+00:00,0.0005000000000000001,0.0019,BE_STOP,8.0,50.0,TREND,8.0,,
BTCUSDT,2026-09-03 20:23:00+00:00,0.0005000000000000001,0.0019,BE_STOP,8.0,77.0,TREND,8.0,,
XRPUSDT,2026-09-03 21:24:00+00:00,0.0005000000000000001,0.0019,BE_STOP,8.0,325.0,TREND,8.0,,
BTCUSDT,2026-09-03 21:34:00+00:00,0.016263484871795044,0.017663484871795043,TP,8.0,388.0,TREND,8.0,,
BTCUSDT,2026-09-03 21:34:00+00:00,0.01647849004353075,0.01787849004353075,TP,8.0,386.0,TREND,8.0,,
NEARUSDT,2026-09-03 22:11:00+00:00,0.01474626277110619,0.01614626277110619,TP,8.0,178.0,TREND,8.0,,
ETHUSDT,2026-09-03 22:27:00+00:00,0.0005000000000000001,0.0019,BE_STOP,8.0,444.0,TREND,8.0,,
XRPUSDT,2026-09-03 22:27:00+00:00,0.012005948889819679,0.013405948889819679,TP,8.0,63.0,CHOP,8.0,,
BTCUSDT,2026-09-03 22:37:00+00:00,0.0005000000000000001,0.0019,BE_STOP,8.0,9.0,CHOP,8.0,,
BTCUSDT,2026-09-03 23:18:00+00:00,0.0005000000000000001,0.0019,BE_STOP,8.0,175.0,CHOP,8.0,,
BTCUSDT,2026-09-03 23:18:00+00:00,0.0005000000000000001,0.0019,BE_STOP,8.0,65.0,CHOP,8.0,,
ETHUSDT,2026-09-03 23:37:00+00:00,0.0005000000000000001,0.0019,BE_STOP,8.0,216.0,CHOP,8.0,,
SOLUSDT,2026-09-04 00:16:00+00:00,0.0005000000000000001,0.0019,BE_STOP,8.0,56.0,CHOP,8.0,,
ETHUSDT,2026-09-04 00:19:00+00:00,0.0005000000000000001,0.0019,BE_STOP,8.0,42.0,CHOP,8.0,,
ETHUSDT,2026-09-04 00:36:00+00:00,0.004600000000000001,0.006,TP,8.0,78.0,CHOP,8.0,,
XRPUSDT,2026-09-04 01:05:00+00:00,0.014357883829595975,0.015757883829595976,TP,8.0,350.0,TREND,8.0,,
NEARUSDT,2026-09-04 01:08:00+00:00,0.0005000000000000001,0.0019,BE_STOP,8.0,48.0,TREND,8.0,,
BTCUSDT,2026-09-04 01:53:00+00:00,0.0005000000000000001,0.0019,BE_STOP,8.0,44.0,CHOP,8.0,,
BTCUSDT,2026-09-04 03:01:00+00:00,0.0005000000000000001,0.0019,BE_STOP,8.0,116.0,CHOP,8.0,,
BTCUSDT,2026-09-04 04:17:00+00:00,0.0005000000000000001,0.0019,BE_STOP,8.0,340.0,CHOP,8.0,,
BTCUSDT,2026-09-04 04:35:00+00:00,0.0005000000000000001,0.0019,BE_STOP,8.0,18.0,CHOP,8.0,,
BTCUSDT,2026-09-04 04:39:00+00:00,0.0005000000000000001,0.0019,BE_STOP,8.0,165.0,CHOP,8.0,,
BTCUSDT,2026-09-04 04:39:00+00:00,0.0005000000000000001,0.0019,BE_STOP,8.0,97.0,CHOP,8.0,,
BTCUSDT,2026-09-04 07:08:00+00:00,0.0005000000000000001,0.0019,BE_STOP,8.0,144.0,CHOP,8.0,,
BTCUSDT,2026-09-04 07:09:00+00:00,0.0005000000000000001,0.0019,BE_STOP,8.0,149.0,CHOP,8.0,,
BTCUSDT,2026-09-04 08:44:00+00:00,0.0005000000000000001,0.0019,BE_STOP,8.0,94.0,CHOP,8.0,,
BTCUSDT,2026-09-04 09:21:00+00:00,0.0005000000000000001,0.0019,BE_STOP,8.0,37.0,CHOP,8.0,,
BTCUSDT,2026-09-04 09:24:00+00:00,0.0005000000000000001,0.0019,BE_STOP,8.0,136.0,CHOP,8.0,,
NEARUSDT,2026-09-04 09:56:00+00:00,0.01975018499227699,0.02115018499227699,TP,8.0,35.0,CHOP,8.0,,
ETHUSDT,2026-09-04 12:30:00+00:00,0.005304546821555545,0.0067045468215555445,TP,8.0,840.0,CHOP,8.0,,
SOLUSDT,2026-09-04 12:30:00+00:00,0.011840612419529687,0.013240612419529688,TP,8.0,185.0,CHOP,8.0,,
NEARUSDT,2026-09-04 12:30:00+00:00,-0.0264,-0.025,MAE_KILL,8.0,154.0,CHOP,8.0,,
BTCUSDT,2026-09-05 21:35:00+00:00,-0.026779390191178844,-0.025379390191178845,MAX_AGE,8.0,2880.0,TREND,8.0,,
BTCUSDT,2026-09-05 21:37:00+00:00,-0.025362935239409332,-0.023962935239409334,MAX_AGE,8.0,2880.0,TREND,8.0,,
BTCUSDT,2026-09-06 00:16:00+00:00,-0.01860970466886768,-0.017209704668867683,MAX_AGE,8.0,2880.0,CHOP,8.0,,
BTCUSDT,2026-09-06 00:36:00+00:00,-0.018995123907763596,-0.017595123907763598,MAX_AGE,8.0,2880.0,CHOP,8.0,,
SOLUSDT,2026-09-06 01:21:00+00:00,0.0005000000000000001,0.0019,BE_STOP,8.0,45.0,CHOP,8.0,,
SOLUSDT,2026-09-06 03:33:00+00:00,-0.0414,-0.04,MAE_KILL,8.0,2338.0,CHOP,8.0,,
BTCUSDT,2026-09-06 04:05:00+00:00,0.0005000000000000001,0.0019,BE_STOP,8.0,390.0,CHOP,8.0,,
BTCUSDT,2026-09-06 04:07:00+00:00,0.0005000000000000001,0.0019,BE_STOP,8.0,390.0,CHOP,8.0,,
ETHUSDT,2026-09-06 04:28:00+00:00,0.0005000000000000001,0.0019,BE_STOP,8.0,21.0,TREND,8.0,,
BTCUSDT,2026-09-06 04:35:00+00:00,-0.017174075799363614,-0.015774075799363615,MAX_AGE,8.0,2880.0,CHOP,8.0,,
BTCUSDT,2026-09-06 06:54:00+00:00,0.0005000000000000001,0.0019,BE_STOP,8.0,332.0,CHOP,8.0,,
ETHUSDT,2026-09-06 07:13:00+00:00,0.004600000000000001,0.006,TP,8.0,158.0,CHOP,8.0,,
BTCUSDT,2026-09-06 07:15:00+00:00,0.0005000000000000001,0.0019,BE_STOP,8.0,21.0,CHOP,8.0,,
BTCUSDT,2026-09-06 07:17:00+00:00,0.0005000000000000001,0.0019,BE_STOP,8.0,169.0,CHOP,8.0,,
BTCUSDT,2026-09-06 07:23:00+00:00,0.0005000000000000001,0.0019,BE_STOP,8.0,198.0,CHOP,8.0,,
ETHUSDT,2026-09-06 12:33:00+00:00,-0.020949509530232988,-0.01954950953023299,MAX_AGE,8.0,2880.0,CHOP,8.0,,
ETHUSDT,2026-09-06 12:37:00+00:00,-0.023244908097772937,-0.02184490809777294,MAX_AGE,8.0,2880.0,CHOP,8.0,,
SOLUSDT,2026-09-06 12:49:00+00:00,0.0005000000000000001,0.0019,BE_STOP,8.0,12.0,TREND,8.0,,
BTCUSDT,2026-09-06 14:31:00+00:00,0.004600000000000001,0.006,TP,8.0,102.0,CHOP,8.0,,
BTCUSDT,2026-09-06 14:32:00+00:00,0.004600000000000001,0.006,TP,8.0,438.0,CHOP,8.0,,
ETHUSDT,2026-09-06 14:32:00+00:00,0.00955862175578386,0.01095862175578386,TP,8.0,436.0,CHOP,8.0,,
NEARUSDT,2026-09-06 16:28:00+00:00,-0.0264,-0.025,MAE_KILL,8.0,116.0,CHOP,8.0,,
BTCUSDT,2026-09-06 19:09:00+00:00,0.0005000000000000001,0.0019,BE_STOP,8.0,160.0,CHOP,8.0,,
BTCUSDT,2026-09-06 23:03:00+00:00,0.004600000000000001,0.006,TP,8.0,940.0,CHOP,8.0,,
BTCUSDT,2026-09-06 23:38:00+00:00,0.004600000000000001,0.006,TP,8.0,1402.0,CHOP,8.0,,
BTCUSDT,2026-09-06 23:39:00+00:00,0.004600000000000001,0.006,TP,8.0,1205.0,CHOP,8.0,,
BTCUSDT,2026-09-06 23:39:00+00:00,0.004600000000000001,0.006,TP,8.0,666.0,CHOP,8.0,,
BTCUSDT,2026-09-06 23:56:00+00:00,0.0005000000000000001,0.0019,BE_STOP,8.0,52.0,CHOP,8.0,,
NEARUSDT,2026-09-07 01:09:00+00:00,0.014775607465664921,0.01617560746566492,TP,8.0,91.0,CHOP,8.0,,
ETHUSDT,2026-09-07 02:31:00+00:00,0.0005000000000000001,0.0019,BE_STOP,8.0,154.0,CHOP,8.0,,
BTCUSDT,2026-09-07 02:54:00+00:00,0.0005000000000000001,0.0019,BE_STOP,8.0,23.0,CHOP,8.0,,
NEARUSDT,2026-09-07 03:57:00+00:00,0.0005000000000000001,0.0019,BE_STOP,8.0,63.0,CHOP,8.0,,
SOLUSDT,2026-09-07 04:01:00+00:00,0.0005000000000000001,0.0019,BE_STOP,8.0,4.0,CHOP,8.0,,
BTCUSDT,2026-09-07 05:04:00+00:00,0.0005000000000000001,0.0019,BE_STOP,8.0,595.0,CHOP,8.0,,
BTCUSDT,2026-09-07 05:18:00+00:00,0.0005000000000000001,0.0019,BE_STOP,8.0,248.0,CHOP,8.0,,
BTCUSDT,2026-09-07 07:31:00+00:00,0.0005000000000000001,0.0019,BE_STOP,8.0,210.0,CHOP,8.0,,
SOLUSDT,2026-09-07 07:40:00+00:00,0.010350095788824553,0.011750095788824553,TP,8.0,1462.0,CHOP,8.0,,
BTCUSDT,2026-09-07 07:41:00+00:00,0.006175180978612965,0.007575180978612964,TP,8.0,1025.0,CHOP,8.0,,
BTCUSDT,2026-09-07 07:41:00+00:00,0.004600000000000001,0.006,TP,8.0,10.0,CHOP,8.0,,
BTCUSDT,2026-09-07 08:03:00+00:00,0.0005000000000000001,0.0019,BE_STOP,8.0,1049.0,CHOP,8.0,,
BTCUSDT,2026-09-07 14:53:00+00:00,0.0005000000000000001,0.0019,BE_STOP,8.0,426.0,TREND,8.0,,
BTCUSDT,2026-09-07 17:11:00+00:00,0.0005000000000000001,0.0019,BE_STOP,8.0,569.0,TREND,8.0,,
BTCUSDT,2026-09-07 17:14:00+00:00,0.0005000000000000001,0.0019,BE_STOP,8.0,570.0,TREND,8.0,,
SOLUSDT,2026-09-07 20:06:00+00:00,0.0005000000000000001,0.0019,BE_STOP,8.0,175.0,CHOP,8.0,,
BTCUSDT,2026-09-07 20:06:00+00:00,0.0005000000000000001,0.0019,BE_STOP,8.0,171.0,CHOP,8.0,,
BTCUSDT,2026-09-07 22:24:00+00:00,0.0005000000000000001,0.0019,BE_STOP,8.0,136.0,CHOP,8.0,,
BTCUSDT,2026-09-07 22:40:00+00:00,0.004600000000000001,0.006,TP,8.0,150.0,CHOP,8.0,,
SOLUSDT,2026-09-08 02:11:00+00:00,0.0005000000000000001,0.0019,BE_STOP,8.0,226.0,CHOP,8.0,,
BTCUSDT,2026-09-08 03:20:00+00:00,0.004600000000000001,0.006,TP,8.0,68.0,CHOP,8.0,,
SOLUSDT,2026-09-08 03:23:00+00:00,0.0005000000000000001,0.0019,BE_STOP,8.0,3.0,CHOP,8.0,,
BTCUSDT,2026-09-08 05:02:00+00:00,0.0005000000000000001,0.0019,BE_STOP,8.0,99.0,CHOP,8.0,,
ETHUSDT,2026-09-08 07:11:00+00:00,0.0005000000000000001,0.0019,BE_STOP,8.0,511.0,CHOP,8.0,,
NEARUSDT,2026-09-08 07:37:00+00:00,0.01199305235409117,0.01339305235409117,TP,8.0,154.0,CHOP,8.0,,
BTCUSDT,2026-09-08 10:20:00+00:00,0.004600000000000001,0.006,TP,8.0,189.0,TREND,8.0,,
BTCUSDT,2026-09-08 10:20:00+00:00,0.004600000000000001,0.006,TP,8.0,162.0,TREND,8.0,,
ETHUSDT,2026-09-08 16:01:00+00:00,0.0005000000000000001,0.0019,BE_STOP,8.0,338.0,CHOP,8.0,,
SOLUSDT,2026-09-08 16:46:00+00:00,0.0005000000000000001,0.0019,BE_STOP,8.0,45.0,CHOP,8.0,,
BTCUSDT,2026-09-08 23:40:00+00:00,-0.02501888066177688,-0.02361888066177688,MAX_AGE,8.0,2880.0,CHOP,8.0,,
BTCUSDT,2026-09-08 23:43:00+00:00,-0.02585632905014808,-0.024456329050148082,MAX_AGE,8.0,2880.0,CHOP,8.0,,
NEARUSDT,2026-09-09 00:16:00+00:00,0.01306279716914175,0.01446279716914175,TP,8.0,36.0,CHOP,8.0,,
ETHUSDT,2026-09-09 00:32:00+00:00,0.0005000000000000001,0.0019,BE_STOP,8.0,48.0,CHOP,8.0,,
ETHUSDT,2026-09-09 04:09:00+00:00,0.0005000000000000001,0.0019,BE_STOP,8.0,232.0,CHOP,8.0,,
BTCUSDT,2026-09-09 05:06:00+00:00,-0.00892220273183316,-0.00752220273183316,MAX_AGE,8.0,2880.0,CHOP,8.0,,
BTCUSDT,2026-09-09 05:14:00+00:00,0.004600000000000001,0.006,TP,8.0,746.0,CHOP,8.0,,
BTCUSDT,2026-09-09 05:14:00+00:00,0.004600000000000001,0.006,TP,8.0,65.0,CHOP,8.0,,
BTCUSDT,2026-09-09 05:18:00+00:00,-0.00807548042280963,-0.00667548042280963,MAX_AGE,8.0,2880.0,CHOP,8.0,,
BTCUSDT,2026-09-09 05:31:00+00:00,0.0005000000000000001,0.0019,BE_STOP,8.0,1150.0,CHOP,8.0,,
ETHUSDT,2026-09-09 06:15:00+00:00,0.0005000000000000001,0.0019,BE_STOP,8.0,69.0,CHOP,8.0,,
XRPUSDT,2026-09-09 06:33:00+00:00,0.0005000000000000001,0.0019,BE_STOP,8.0,78.0,CHOP,8.0,,
XRPUSDT,2026-09-09 06:33:00+00:00,0.0005000000000000001,0.0019,BE_STOP,8.0,74.0,CHOP,8.0,,
SOLUSDT,2026-09-09 07:14:00+00:00,0.0005000000000000001,0.0019,BE_STOP,8.0,2420.0,CHOP,8.0,,
BTCUSDT,2026-09-09 07:33:00+00:00,0.0005000000000000001,0.0019,BE_STOP,8.0,78.0,CHOP,8.0,,
BTCUSDT,2026-09-09 08:04:00+00:00,-0.0013244216365738816,7.557836342611837e-05,MAX_AGE,8.0,2880.0,CHOP,8.0,,
BTCUSDT,2026-09-09 08:28:00+00:00,0.004600000000000001,0.006,TP,8.0,112.0,CHOP,8.0,,
BTCUSDT,2026-09-09 08:36:00+00:00,0.004600000000000001,0.006,TP,8.0,82.0,CHOP,8.0,,
ETHUSDT,2026-09-09 08:44:00+00:00,0.0005000000000000001,0.0019,BE_STOP,8.0,71.0,CHOP,8.0,,
XRPUSDT,2026-09-09 08:59:00+00:00,0.0005000000000000001,0.0019,BE_STOP,8.0,31.0,TREND,8.0,,
BTCUSDT,2026-09-09 09:09:00+00:00,0.0005000000000000001,0.0019,BE_STOP,8.0,64.0,CHOP,8.0,,
BTCUSDT,2026-09-09 09:25:00+00:00,0.0005000000000000001,0.0019,BE_STOP,8.0,248.0,CHOP,8.0,,
SOLUSDT,2026-09-09 09:35:00+00:00,0.004881593865759114,0.006281593865759113,TP,8.0,51.0,TREND,8.0,,
ETHUSDT,2026-09-09 09:41:00+00:00,0.004600000000000001,0.006,TP,8.0,16.0,CHOP,8.0,,
BTCUSDT,2026-09-09 09:46:00+00:00,0.004600000000000001,0.006,TP,8.0,35.0,TREND,8.0,,
ETHUSDT,2026-09-09 10:52:00+00:00,0.004600000000000001,0.006,TP,8.0,259.0,CHOP,8.0,,
BTCUSDT,2026-09-09 10:53:00+00:00,0.004600000000000001,0.006,TP,8.0,77.0,CHOP,8.0,,
SOLUSDT,2026-09-09 11:09:00+00:00,0.0005000000000000001,0.0019,BE_STOP,8.0,15.0,CHOP,8.0,,
BTCUSDT,2026-09-09 11:11:00+00:00,0.0005000000000000001,0.0019,BE_STOP,8.0,339.0,TREND,8.0,,
BTCUSDT,2026-09-09 11:25:00+00:00,0.0005000000000000001,0.0019,BE_STOP,8.0,98.0,CHOP,8.0,,
BTCUSDT,2026-09-09 11:29:00+00:00,0.0005000000000000001,0.0019,BE_STOP,8.0,107.0,CHOP,8.0,,
NEARUSDT,2026-09-09 11:41:00+00:00,-0.0264,-0.025,MAE_KILL,8.0,30.0,TREND,8.0,,
NEARUSDT,2026-09-09 11:57:00+00:00,0.026195543646876436,0.027595543646876435,TP,8.0,65.0,TREND,8.0,,
BTCUSDT,2026-09-09 12:00:00+00:00,0.004600000000000001,0.006,TP,8.0,35.0,CHOP,8.0,,
SOLUSDT,2026-09-09 12:10:00+00:00,0.005330081562966461,0.0067300815629664605,TP,8.0,41.0,CHOP,8.0,,
BTCUSDT,2026-09-09 12:31:00+00:00,0.004600000000000001,0.006,TP,8.0,50.0,CHOP,8.0,,
ETHUSDT,2026-09-09 12:38:00+00:00,0.0005000000000000001,0.0019,BE_STOP,8.0,28.0,CHOP,8.0,,
BTCUSDT,2026-09-09 13:11:00+00:00,0.0005000000000000001,0.0019,BE_STOP,8.0,70.0,CHOP,8.0,,
BTCUSDT,2026-09-09 13:37:00+00:00,0.0005000000000000001,0.0019,BE_STOP,8.0,100.0,CHOP,8.0,,
BTCUSDT,2026-09-09 14:01:00+00:00,0.004600000000000001,0.006,TP,8.0,49.0,CHOP,8.0,,
NEARUSDT,2026-09-09 14:18:00+00:00,0.0005000000000000001,0.0019,BE_STOP,8.0,100.0,TREND,8.0,,
SOLUSDT,2026-09-09 14:27:00+00:00,0.0005000000000000001,0.0019,BE_STOP,8.0,50.0,CHOP,8.0,,
BTCUSDT,2026-09-09 15:02:00+00:00,0.0005000000000000001,0.0019,BE_STOP,8.0,233.0,CHOP,8.0,,
BTCUSDT,2026-09-09 15:11:00+00:00,0.007042927518687182,0.008442927518687181,TP,8.0,69.0,CHOP,8.0,,
BTCUSDT,2026-09-09 15:11:00+00:00,0.006001110745615164,0.007401110745615163,TP,8.0,50.0,CHOP,8.0,,
BTCUSDT,2026-09-09 15:14:00+00:00,0.0005000000000000001,0.0019,BE_STOP,8.0,882.0,CHOP,8.0,,
BTCUSDT,2026-09-09 16:04:00+00:00,0.0005000000000000001,0.0019,BE_STOP,8.0,61.0,CHOP,8.0,,
SOLUSDT,2026-09-09 22:09:00+00:00,0.021869941046702458,0.023269941046702457,TP,8.0,415.0,CHOP,8.0,,
BTCUSDT,2026-09-10 05:32:00+00:00,0.0005000000000000001,0.0019,BE_STOP,8.0,856.0,CHOP,8.0,,
BTCUSDT,2026-09-10 12:30:00+00:00,0.004775089863710928,0.006175089863710927,TP,8.0,861.0,TREND,8.0,,
NEARUSDT,2026-09-10 14:18:00+00:00,0.0005000000000000001,0.0019,BE_STOP,8.0,107.0,CHOP,8.0,,
SOLUSDT,2026-09-10 16:37:00+00:00,0.0005000000000000001,0.0019,BE_STOP,8.0,139.0,CHOP,8.0,,
BTCUSDT,2026-09-10 23:08:00+00:00,0.02160082507874699,0.023000825078746987,TP,8.0,1916.0,CHOP,8.0,,
BTCUSDT,2026-09-10 23:14:00+00:00,-0.0414,-0.04,MAE_KILL,8.0,2318.0,TREND,8.0,,
BTCUSDT,2026-09-10 23:14:00+00:00,-0.0414,-0.04,MAE_KILL,8.0,2295.0,TREND,8.0,,
XRPUSDT,2026-09-10 23:14:00+00:00,0.008030355549891677,0.009430355549891677,TP,8.0,397.0,TREND,8.0,,
BTCUSDT,2026-09-11 12:12:00+00:00,-0.032748135990444155,-0.031348135990444156,EOD,8.0,2859.0,CHOP,8.0,,
BTCUSDT,2026-09-11 12:12:00+00:00,-0.028537074651921818,-0.02713707465192182,EOD,8.0,2745.0,CHOP,8.0,,
BTCUSDT,2026-09-11 12:12:00+00:00,-0.023685941511790216,-0.022285941511790218,EOD,8.0,2648.0,CHOP,8.0,,
SOLUSDT,2026-09-11 12:13:00+00:00,-0.028623888790855447,-0.02722388879085545,EOD,8.0,1841.0,CHOP,8.0,,
BTCUSDT,2026-09-11 12:12:00+00:00,-0.0052387891183437885,-0.0038387891183437888,EOD,8.0,783.0,CHOP,8.0,,
BTCUSDT,2026-09-11 12:12:00+00:00,-0.00579558718545388,-0.004395587185453881,EOD,8.0,777.0,CHOP,8.0,,
BTCUSDT,2026-09-11 12:12:00+00:00,-0.005380222819422415,-0.003980222819422416,EOD,8.0,775.0,CHOP,8.0,,
BTCUSDT,2026-09-11 12:12:00+00:00,-0.00582442648861069,-0.0044244264886106905,EOD,8.0,773.0,CHOP,8.0,,
