pair,ts,net_frac,exit_type,balance_after,hold_min,slots_at_entry,regime
SOLUSDT,2026-08-15 03:51:00+00:00,0.0005000000000000001,BE_STOP,10.0053125,260.0,5,
SOLUSDT,2026-08-15 03:55:00+00:00,0.0005000000000000001,BE_STOP,10.010627822265626,266.0,4,
SOLUSDT,2026-08-15 03:59:00+00:00,0.0005000000000000001,BE_STOP,10.015945968296204,272.0,3,
SOLUSDT,2026-08-15 03:59:00+00:00,0.0005000000000000001,BE_STOP,10.021266939591863,266.0,6,
NEARUSDT,2026-08-15 05:24:00+00:00,0.004600000000000001,TP,10.070245881759117,85.0,7,
NEARUSDT,2026-08-15 05:45:00+00:00,0.0005000000000000001,BE_STOP,10.075595699883802,20.0,8,CHOP
BTCUSDT,2026-08-15 05:51:00+00:00,0.0005000000000000001,BE_STOP,10.080948360099367,386.0,2,
BTCUSDT,2026-08-15 08:35:00+00:00,0.0005000000000000001,BE_STOP,10.08630386391567,558.0,1,
ETHUSDT,2026-08-15 09:38:00+00:00,0.0005000000000000001,BE_STOP,10.091662212843376,342.0,8,
BTCUSDT,2026-08-16 16:30:00+00:00,0.004600000000000001,TP,10.140985211908648,1850.0,8,CHOP
ETHUSDT,2026-08-16 16:34:00+00:00,0.004600000000000001,TP,10.19054927713185,2454.0,7,
BTCUSDT,2026-08-16 18:13:00+00:00,0.0005000000000000001,BE_STOP,10.195963006435328,2551.0,8,
BTCUSDT,2026-08-16 21:40:00+00:00,0.004600000000000001,TP,10.24579577562928,207.0,8,CHOP
BTCUSDT,2026-08-16 21:44:00+00:00,0.0005000000000000001,BE_STOP,10.251238854635083,2228.0,8,CHOP
BTCUSDT,2026-08-16 21:50:00+00:00,0.0005000000000000001,BE_STOP,10.25668482527661,2519.0,8,
BTCUSDT,2026-08-16 21:50:00+00:00,0.0005000000000000001,BE_STOP,10.262133689090039,2509.0,8,CHOP
BTCUSDT,2026-08-16 21:51:00+00:00,0.0005000000000000001,BE_STOP,10.267585447612369,2406.0,8,CHOP
ETHUSDT,2026-08-16 21:53:00+00:00,0.0005000000000000001,BE_STOP,10.273040102381414,2402.0,8,CHOP
NEARUSDT,2026-08-16 21:59:00+00:00,-0.0264,MAE_KILL,9.984881327509616,329.0,8,CHOP
SOLUSDT,2026-08-16 22:05:00+00:00,0.0005000000000000001,BE_STOP,9.990185795714856,15.0,7,TREND
SOLUSDT,2026-08-16 22:05:00+00:00,0.0005000000000000001,BE_STOP,9.99549308191883,12.0,6,TREND
BTCUSDT,2026-08-16 22:53:00+00:00,0.0005000000000000001,BE_STOP,10.000803187618601,69.0,8,TREND
BTCUSDT,2026-08-16 22:57:00+00:00,0.0005000000000000001,BE_STOP,10.006116114312025,60.0,7,TREND
XRPUSDT,2026-08-16 22:59:00+00:00,0.0005000000000000001,BE_STOP,10.011431863497755,79.0,8,CHOP
ETHUSDT,2026-08-17 01:01:00+00:00,0.004600000000000001,TP,10.0603627367306,127.0,8,CHOP
ETHUSDT,2026-08-17 01:01:00+00:00,0.004600000000000001,TP,10.10953275960637,121.0,7,CHOP
BTCUSDT,2026-08-17 01:15:00+00:00,0.0005000000000000001,BE_STOP,10.114903448884911,132.0,8,CHOP
BTCUSDT,2026-08-17 01:54:00+00:00,0.0005000000000000001,BE_STOP,10.120276991342132,39.0,8,CHOP
BTCUSDT,2026-08-17 02:52:00+00:00,0.004600000000000001,TP,10.169739845137316,110.0,7,CHOP
BTCUSDT,2026-08-17 02:53:00+00:00,0.004600000000000001,TP,10.219444448630425,108.0,8,CHOP
BTCUSDT,2026-08-17 05:08:00+00:00,0.0005000000000000001,BE_STOP,10.224873528493761,754.0,8,TREND
ETHUSDT,2026-08-17 07:01:00+00:00,0.0005000000000000001,BE_STOP,10.230305492555775,245.0,8,TREND
BTCUSDT,2026-08-17 07:17:00+00:00,0.0005000000000000001,BE_STOP,10.235740342348697,263.0,7,CHOP
BTCUSDT,2026-08-17 09:15:00+00:00,0.0005000000000000001,BE_STOP,10.24117807940557,117.0,8,TREND
BTCUSDT,2026-08-17 13:02:00+00:00,0.0005000000000000001,BE_STOP,10.246618705260255,226.0,8,CHOP
SOLUSDT,2026-08-17 16:20:00+00:00,0.0005000000000000001,BE_STOP,10.252062221447426,559.0,8,TREND
SOLUSDT,2026-08-17 17:39:00+00:00,0.0005000000000000001,BE_STOP,10.25750862950257,79.0,8,CHOP
BTCUSDT,2026-08-17 18:23:00+00:00,0.004600000000000001,TP,10.307642202929264,44.0,8,CHOP
ETHUSDT,2026-08-18 03:36:00+00:00,0.0005000000000000001,BE_STOP,10.313118137849571,1541.0,8,CHOP
NEARUSDT,2026-08-18 06:30:00+00:00,-0.0264,MAE_KILL,10.02383517408289,174.0,8,CHOP
ETHUSDT,2026-08-18 14:26:00+00:00,0.004600000000000001,TP,10.07282666849622,475.0,8,CHOP
BTCUSDT,2026-08-18 14:27:00+00:00,0.004600000000000001,TP,10.122057608838494,1203.0,8,TREND
BTCUSDT,2026-08-18 22:01:00+00:00,-0.028554714242977803,MAX_AGE,9.814960617356443,2880.0,7,TREND
BTCUSDT,2026-08-18 22:03:00+00:00,-0.029549032720324837,MAX_AGE,9.506811612898542,2880.0,8,TREND
BTCUSDT,2026-08-18 22:05:00+00:00,-0.028503875914720034,MAX_AGE,9.218894323179946,2880.0,7,TREND
BTCUSDT,2026-08-18 22:07:00+00:00,-0.028417050923664595,MAX_AGE,8.940547171898153,2880.0,8,TREND
ETHUSDT,2026-08-19 00:03:00+00:00,0.0005000000000000001,BE_STOP,8.945296837583225,119.0,8,CHOP
BTCUSDT,2026-08-19 00:22:00+00:00,0.0005000000000000001,BE_STOP,8.950049026528191,22.0,8,CHOP
ETHUSDT,2026-08-19 02:26:00+00:00,0.0005000000000000001,BE_STOP,8.954803740073535,140.0,8,CHOP
BTCUSDT,2026-08-19 05:08:00+00:00,-0.01580502426059573,MAX_AGE,8.804427169065253,2880.0,8,TREND
NEARUSDT,2026-08-19 05:14:00+00:00,0.004600000000000001,TP,8.847458806854059,6.0,8,CHOP
BTCUSDT,2026-08-19 06:09:00+00:00,0.004600000000000001,TP,8.890700761772557,487.0,8,CHOP
BTCUSDT,2026-08-19 06:09:00+00:00,0.004600000000000001,TP,8.93415406174572,483.0,8,CHOP
NEARUSDT,2026-08-19 06:40:00+00:00,-0.0264,MAE_KILL,8.683551040313752,378.0,8,TREND
BTCUSDT,2026-08-19 09:09:00+00:00,0.0005000000000000001,BE_STOP,8.68816417680392,149.0,8,CHOP
BTCUSDT,2026-08-19 12:41:00+00:00,0.004600000000000001,TP,8.730627579218048,614.0,8,CHOP
BTCUSDT,2026-08-19 12:42:00+00:00,0.004600000000000001,TP,8.773298521511476,448.0,8,TREND
BTCUSDT,2026-08-19 13:03:00+00:00,-0.0214630918801097,MAX_AGE,8.573227527236467,2880.0,8,CHOP
BTCUSDT,2026-08-19 13:31:00+00:00,0.004600000000000001,TP,8.615129176775834,1380.0,8,TREND
BTCUSDT,2026-08-19 13:34:00+00:00,0.0005000000000000001,BE_STOP,8.619705964150997,1385.0,7,CHOP
BTCUSDT,2026-08-19 13:37:00+00:00,0.0005000000000000001,BE_STOP,8.624285182944453,51.0,8,TREND
NEARUSDT,2026-08-19 14:14:00+00:00,0.0005000000000000001,BE_STOP,8.628866834447892,92.0,7,CHOP
BTCUSDT,2026-08-19 14:17:00+00:00,0.004600000000000001,TP,8.671040421101257,43.0,8,TREND
NEARUSDT,2026-08-19 14:47:00+00:00,0.0005000000000000001,BE_STOP,8.675646911324968,33.0,8,CHOP
XRPUSDT,2026-08-19 14:54:00+00:00,0.004600000000000001,TP,8.718049135604067,83.0,8,TREND
XRPUSDT,2026-08-19 14:54:00+00:00,0.004600000000000001,TP,8.760658600754331,7.0,8,TREND
BTCUSDT,2026-08-19 14:55:00+00:00,0.004600000000000001,TP,8.803476319665517,38.0,8,TREND
NEARUSDT,2026-08-19 15:02:00+00:00,0.0005000000000000001,BE_STOP,8.80815316646034,7.0,6,CHOP
ETHUSDT,2026-08-19 15:04:00+00:00,-0.0414,MAE_KILL,8.420704529050665,532.0,8,CHOP
ETHUSDT,2026-08-19 15:04:00+00:00,0.004600000000000001,TP,8.4618607224364,7.0,7,TREND
BTCUSDT,2026-08-19 15:05:00+00:00,0.004600000000000001,TP,8.503218066717308,6.0,8,TREND
SOLUSDT,2026-08-19 15:05:00+00:00,0.004879527976102221,TP,8.547302987813467,2.0,8,TREND
BTCUSDT,2026-08-19 15:14:00+00:00,-0.0414,MAE_KILL,8.171328497637022,544.0,7,CHOP
ETHUSDT,2026-08-19 15:18:00+00:00,0.0005000000000000001,BE_STOP,8.175669515901392,4.0,6,TREND
BTCUSDT,2026-08-19 15:22:00+00:00,0.004600000000000001,TP,8.215628100660359,15.0,5,TREND
BTCUSDT,2026-08-19 15:23:00+00:00,0.004600000000000001,TP,8.255781983002336,13.0,6,TREND
ETHUSDT,2026-08-19 15:23:00+00:00,0.005121412963327725,TP,8.300705831176876,5.0,7,TREND
NEARUSDT,2026-08-19 15:23:00+00:00,0.004600000000000001,TP,8.341275530926753,2.0,8,TREND
BTCUSDT,2026-08-19 15:24:00+00:00,-0.0414,MAE_KILL,7.974363673510113,374.0,8,CHOP
ETHUSDT,2026-08-19 15:24:00+00:00,0.005419711528242839,TP,8.02028359616257,8.0,7,TREND
NEARUSDT,2026-08-19 15:26:00+00:00,-0.0264,MAE_KILL,7.795314641290209,143.0,8,CHOP
BTCUSDT,2026-08-19 15:26:00+00:00,-0.0414,MAE_KILL,7.452418238506456,108.0,8,TREND
BTCUSDT,2026-08-19 15:26:00+00:00,0.004600000000000001,TP,7.488841932647156,1.0,3,TREND
BTCUSDT,2026-08-20 00:25:00+00:00,0.0005000000000000001,BE_STOP,7.4898365444663355,13.0,6,CHOP
XRPUSDT,2026-08-20 00:27:00+00:00,0.004600000000000001,TP,7.4989881884941045,27.0,1,CHOP
NEARUSDT,2026-08-20 00:29:00+00:00,0.004600000000000001,TP,7.50815101468692,26.0,2,CHOP
NEARUSDT,2026-08-20 00:29:00+00:00,0.004600000000000001,TP,7.51732503670799,24.0,3,CHOP
XRPUSDT,2026-08-20 00:33:00+00:00,0.004600000000000001,TP,7.526510268237217,19.0,7,CHOP
XRPUSDT,2026-08-20 00:38:00+00:00,0.0005000000000000001,BE_STOP,7.527509882882217,8.0,7,CHOP
ETHUSDT,2026-08-20 00:39:00+00:00,0.004600000000000001,TP,7.536707559020363,32.0,4,TREND
ETHUSDT,2026-08-20 00:39:00+00:00,0.004600000000000001,TP,7.545916473569041,23.0,8,TREND
ETHUSDT,2026-08-20 00:41:00+00:00,0.0005000000000000001,BE_STOP,7.546918665600686,13.0,8,TREND
ETHUSDT,2026-08-20 00:41:00+00:00,0.0005000000000000001,BE_STOP,7.547920990735961,9.0,8,TREND
ETHUSDT,2026-08-20 00:52:00+00:00,0.0005000000000000001,BE_STOP,7.548923448992543,12.0,7,TREND
SOLUSDT,2026-08-20 00:53:00+00:00,0.004600000000000001,TP,7.55814728983178,15.0,8,TREND
BTCUSDT,2026-08-20 01:02:00+00:00,0.0005000000000000001,BE_STOP,7.55915110626871,20.0,6,TREND
BTCUSDT,2026-08-20 01:20:00+00:00,0.0005000000000000001,BE_STOP,7.560155056025011,26.0,8,CHOP
BTCUSDT,2026-08-20 01:20:00+00:00,0.0005000000000000001,BE_STOP,7.56115913911839,18.0,8,CHOP
BTCUSDT,2026-08-20 01:34:00+00:00,0.0005000000000000001,BE_STOP,7.562163355566554,50.0,7,TREND
BTCUSDT,2026-08-20 01:34:00+00:00,0.0005000000000000001,BE_STOP,7.563167705387215,42.0,8,CHOP
BTCUSDT,2026-08-20 01:35:00+00:00,0.0005000000000000001,BE_STOP,7.564172188598087,61.0,8,TREND
BTCUSDT,2026-08-20 01:52:00+00:00,0.0005000000000000001,BE_STOP,7.565176805216884,87.0,8,TREND
BTCUSDT,2026-08-20 01:53:00+00:00,0.0005000000000000001,BE_STOP,7.566181555261327,65.0,8,CHOP
XRPUSDT,2026-08-20 01:53:00+00:00,0.0005000000000000001,BE_STOP,7.567186438749135,32.0,7,CHOP
BTCUSDT,2026-08-20 02:10:00+00:00,0.0005000000000000001,BE_STOP,7.568191455698031,35.0,6,CHOP
ETHUSDT,2026-08-20 02:21:00+00:00,0.0005000000000000001,BE_STOP,7.5691966061257405,44.0,7,TREND
BTCUSDT,2026-08-20 03:00:00+00:00,0.004600000000000001,TP,7.5784452182288495,49.0,8,CHOP
BTCUSDT,2026-08-20 03:08:00+00:00,0.004600000000000001,TP,7.587705130979872,47.0,8,CHOP
BTCUSDT,2026-08-20 03:11:00+00:00,0.004600000000000001,TP,7.5969763581867875,108.0,8,CHOP
SOLUSDT,2026-08-20 03:11:00+00:00,0.004600000000000001,TP,7.606258913674447,10.0,8,TREND
NEARUSDT,2026-08-20 03:37:00+00:00,0.0005000000000000001,BE_STOP,7.607269119936419,26.0,7,CHOP
ETHUSDT,2026-08-20 03:45:00+00:00,0.004600000000000001,TP,7.61656425189234,8.0,8,CHOP
BTCUSDT,2026-08-20 06:04:00+00:00,0.0005000000000000001,BE_STOP,7.617575826832044,138.0,8,CHOP
BTCUSDT,2026-08-20 07:13:00+00:00,0.0005000000000000001,BE_STOP,7.618587536121545,321.0,8,CHOP
SOLUSDT,2026-08-20 07:29:00+00:00,0.004600000000000001,TP,7.627896497767243,439.0,5,TREND
XRPUSDT,2026-08-20 07:50:00+00:00,0.0005000000000000001,BE_STOP,7.628909577770853,21.0,8,CHOP
SOLUSDT,2026-08-20 08:07:00+00:00,0.004600000000000001,TP,7.6382311516611905,54.0,8,CHOP
BTCUSDT,2026-08-20 08:07:00+00:00,0.004600000000000001,TP,7.647564115349626,17.0,8,CHOP
XRPUSDT,2026-08-20 08:09:00+00:00,0.004600000000000001,TP,7.656908482753068,375.0,7,CHOP
BTCUSDT,2026-08-20 08:09:00+00:00,0.004600000000000001,TP,7.666264267805432,1.0,7,CHOP
ETHUSDT,2026-08-20 08:10:00+00:00,0.004600000000000001,TP,7.675631484457656,389.0,8,TREND
NEARUSDT,2026-08-20 08:14:00+00:00,0.004600000000000001,TP,7.685010146677728,378.0,8,CHOP
ETHUSDT,2026-08-20 08:16:00+00:00,0.0005000000000000001,BE_STOP,7.686030812087833,5.0,5,CHOP
SOLUSDT,2026-08-20 08:17:00+00:00,-0.0414,MAE_KILL,7.601508492001154,308.0,8,TREND
BTCUSDT,2026-08-20 08:17:00+00:00,0.004600000000000001,TP,7.610796585189818,1.0,5,TREND
BTCUSDT,2026-08-20 08:19:00+00:00,0.0005000000000000001,BE_STOP,7.611807394111288,5.0,5,CHOP
BTCUSDT,2026-08-20 08:31:00+00:00,0.0005000000000000001,BE_STOP,7.612818337280818,7.0,6,TREND
SOLUSDT,2026-08-20 08:37:00+00:00,0.004600000000000001,TP,7.622120249686683,15.0,5,TREND
XRPUSDT,2026-08-20 08:38:00+00:00,0.004600000000000001,TP,7.631433527866768,6.0,8,TREND
BTCUSDT,2026-08-20 08:41:00+00:00,0.0005000000000000001,BE_STOP,7.632447077632188,2.0,8,TREND
BTCUSDT,2026-08-20 08:42:00+00:00,0.0005000000000000001,BE_STOP,7.633460762009686,24.0,4,TREND
BTCUSDT,2026-08-20 08:43:00+00:00,0.0005000000000000001,BE_STOP,7.63447458101714,15.0,7,TREND
BTCUSDT,2026-08-20 08:47:00+00:00,0.005167838339266931,TP,7.644954478165249,27.0,4,TREND
BTCUSDT,2026-08-20 08:47:00+00:00,0.004600000000000001,TP,7.654295656918257,17.0,8,TREND
BTCUSDT,2026-08-20 08:52:00+00:00,-0.0414,MAE_KILL,7.570122324366084,339.0,8,CHOP
BTCUSDT,2026-08-20 09:06:00+00:00,0.004600000000000001,TP,7.579372067581168,23.0,7,TREND
ETHUSDT,2026-08-20 09:06:00+00:00,0.004600000000000001,TP,7.588633112826243,21.0,8,CHOP
BTCUSDT,2026-08-20 09:09:00+00:00,0.004600000000000001,TP,7.597905473910977,28.0,8,TREND
BTCUSDT,2026-08-20 09:16:00+00:00,0.0005000000000000001,BE_STOP,7.598914570731731,5.0,8,TREND
BTCUSDT,2026-08-20 09:19:00+00:00,0.004600000000000001,TP,7.608199494472843,30.0,8,TREND
ETHUSDT,2026-08-20 09:29:00+00:00,0.0005000000000000001,BE_STOP,7.6092099584682025,13.0,8,CHOP
BTCUSDT,2026-08-20 09:52:00+00:00,0.0005000000000000001,BE_STOP,7.610220556665811,45.0,7,TREND
XRPUSDT,2026-08-20 09:52:00+00:00,0.004600000000000001,TP,7.6195192949084865,22.0,8,TREND
SOLUSDT,2026-08-20 09:59:00+00:00,0.0005000000000000001,BE_STOP,7.620531262314842,50.0,7,TREND
BTCUSDT,2026-08-20 10:14:00+00:00,-0.0414,MAE_KILL,7.536729232589573,249.0,8,CHOP
BTCUSDT,2026-08-20 10:15:00+00:00,0.004600000000000001,TP,7.545938173620643,56.0,8,TREND
XRPUSDT,2026-08-20 10:18:00+00:00,0.004600000000000001,TP,7.555158366826535,4.0,8,TREND
BTCUSDT,2026-08-20 10:21:00+00:00,0.0005000000000000001,BE_STOP,7.556161786297129,5.0,8,TREND
NEARUSDT,2026-08-20 11:11:00+00:00,0.004600000000000001,TP,7.5653944714797605,72.0,8,TREND
ETHUSDT,2026-08-20 11:31:00+00:00,0.004600000000000001,TP,7.5746384378495994,72.0,8,CHOP
SOLUSDT,2026-08-20 11:41:00+00:00,0.0005000000000000001,BE_STOP,7.575644444517126,169.0,8,TREND
ETHUSDT,2026-08-20 11:52:00+00:00,0.0005000000000000001,BE_STOP,7.576650584794913,20.0,8,TREND
BTCUSDT,2026-08-20 12:10:00+00:00,0.0005000000000000001,BE_STOP,7.577656858700705,135.0,8,TREND
ETHUSDT,2026-08-20 12:11:00+00:00,0.0005000000000000001,BE_STOP,7.578663266252251,138.0,7,CHOP
BTCUSDT,2026-08-20 12:13:00+00:00,0.0005000000000000001,BE_STOP,7.5796698074673,62.0,8,TREND
SOLUSDT,2026-08-20 12:50:00+00:00,0.0005000000000000001,BE_STOP,7.580676482363604,35.0,8,CHOP
BTCUSDT,2026-08-20 12:51:00+00:00,0.0005000000000000001,BE_STOP,7.581683290958917,41.0,8,TREND
BTCUSDT,2026-08-20 12:51:00+00:00,0.0005000000000000001,BE_STOP,7.582690233270998,39.0,8,TREND
XRPUSDT,2026-08-20 13:05:00+00:00,0.0005000000000000001,BE_STOP,7.583697309317603,10.0,7,TREND
XRPUSDT,2026-08-20 13:20:00+00:00,0.004600000000000001,TP,7.592963639467425,15.0,8,TREND
ETHUSDT,2026-08-20 13:36:00+00:00,0.004600000000000001,TP,7.602241291914399,299.0,8,CHOP
XRPUSDT,2026-08-20 14:12:00+00:00,-0.0414,MAE_KILL,7.518640394707377,82.0,8,TREND
BTCUSDT,2026-08-20 15:03:00+00:00,0.004600000000000001,TP,7.52782723343966,126.0,8,TREND
BTCUSDT,2026-08-20 15:03:00+00:00,0.004600000000000001,TP,7.537025297340518,50.0,8,CHOP
ETHUSDT,2026-08-20 15:04:00+00:00,0.004600000000000001,TP,7.546234600125706,103.0,8,CHOP
BTCUSDT,2026-08-20 15:06:00+00:00,0.0005000000000000001,BE_STOP,7.547236834408535,285.0,8,TREND
BTCUSDT,2026-08-20 15:06:00+00:00,0.0005000000000000001,BE_STOP,7.548239201800604,205.0,8,TREND
ETHUSDT,2026-08-20 15:20:00+00:00,0.004600000000000001,TP,7.557462206575304,14.0,5,CHOP
BTCUSDT,2026-08-20 15:22:00+00:00,0.0005000000000000001,BE_STOP,7.558465932024614,14.0,6,CHOP
ETHUSDT,2026-08-20 15:30:00+00:00,0.004600000000000001,TP,7.567701432585306,8.0,8,CHOP
BTCUSDT,2026-08-20 15:31:00+00:00,0.004600000000000001,TP,7.5769482177732455,19.0,7,CHOP
BTCUSDT,2026-08-20 15:31:00+00:00,0.004600000000000001,TP,7.586206301376836,17.0,8,CHOP
BTCUSDT,2026-08-20 15:32:00+00:00,0.004600000000000001,TP,7.595475697201331,28.0,6,CHOP
XRPUSDT,2026-08-20 15:57:00+00:00,0.005736582973043869,TP,7.607049530036713,37.0,8,TREND
SOLUSDT,2026-08-20 16:13:00+00:00,0.0005000000000000001,BE_STOP,7.6080598413024205,39.0,7,CHOP
ETHUSDT,2026-08-20 16:42:00+00:00,-0.0414,MAE_KILL,7.5243949582350975,185.0,8,CHOP
XRPUSDT,2026-08-20 16:46:00+00:00,-0.0414,MAE_KILL,7.441650127428756,76.0,8,TREND
BTCUSDT,2026-08-20 16:49:00+00:00,0.0005000000000000001,BE_STOP,7.442638471586305,52.0,8,CHOP
BTCUSDT,2026-08-20 17:06:00+00:00,0.0005000000000000001,BE_STOP,7.443626947008312,94.0,6,CHOP
BTCUSDT,2026-08-20 17:06:00+00:00,0.0005000000000000001,BE_STOP,7.444615553712211,19.0,8,CHOP
BTCUSDT,2026-08-20 17:09:00+00:00,0.0005000000000000001,BE_STOP,7.445604291715438,25.0,8,CHOP
BTCUSDT,2026-08-20 17:10:00+00:00,0.0005000000000000001,BE_STOP,7.446593161035431,21.0,8,CHOP
BTCUSDT,2026-08-20 18:00:00+00:00,0.0005000000000000001,BE_STOP,7.447582161689631,54.0,7,CHOP
BTCUSDT,2026-08-20 18:00:00+00:00,0.0005000000000000001,BE_STOP,7.448571293695481,52.0,8,CHOP
SOLUSDT,2026-08-20 18:02:00+00:00,0.004600000000000001,TP,7.457672516744965,2.0,7,CHOP
ETHUSDT,2026-08-20 18:16:00+00:00,0.004600000000000001,TP,7.466784860351362,62.0,8,CHOP
BTCUSDT,2026-08-20 18:37:00+00:00,0.0005000000000000001,BE_STOP,7.467776542715628,86.0,7,CHOP
BTCUSDT,2026-08-20 19:10:00+00:00,0.0005000000000000001,BE_STOP,7.468768356787707,64.0,8,CHOP
BTCUSDT,2026-08-20 19:10:00+00:00,0.0005000000000000001,BE_STOP,7.469760302585092,53.0,8,CHOP
BTCUSDT,2026-08-20 19:11:00+00:00,0.0005000000000000001,BE_STOP,7.470752380125279,34.0,8,CHOP
BTCUSDT,2026-08-20 19:14:00+00:00,0.0005000000000000001,BE_STOP,7.471744589425764,71.0,7,CHOP
BTCUSDT,2026-08-20 19:47:00+00:00,0.0005000000000000001,BE_STOP,7.472736930504047,30.0,8,CHOP
XRPUSDT,2026-08-20 19:59:00+00:00,0.0005000000000000001,BE_STOP,7.47372940337763,46.0,7,CHOP
XRPUSDT,2026-08-20 19:59:00+00:00,0.0005000000000000001,BE_STOP,7.474722008064015,44.0,7,CHOP
ETHUSDT,2026-08-20 20:19:00+00:00,0.0005000000000000001,BE_STOP,7.475714744580711,18.0,8,CHOP
BTCUSDT,2026-08-20 20:40:00+00:00,0.0005000000000000001,BE_STOP,7.4767076129452255,41.0,7,CHOP
SOLUSDT,2026-08-20 20:52:00+00:00,0.0005000000000000001,BE_STOP,7.477700613175069,101.0,6,CHOP
ETHUSDT,2026-08-20 20:58:00+00:00,0.0005000000000000001,BE_STOP,7.478693745287757,39.0,8,CHOP
SOLUSDT,2026-08-20 21:18:00+00:00,0.0005000000000000001,BE_STOP,7.479687009300802,37.0,8,CHOP
NEARUSDT,2026-08-20 22:00:00+00:00,-0.0264,MAE_KILL,7.427235704148081,133.0,8,CHOP
NEARUSDT,2026-08-20 22:00:00+00:00,0.004600000000000001,TP,7.436310857774086,42.0,8,CHOP
XRPUSDT,2026-08-20 22:21:00+00:00,0.0005000000000000001,BE_STOP,7.437298492809884,20.0,7,CHOP
NEARUSDT,2026-08-20 22:23:00+00:00,0.004600000000000001,TP,7.446385941905786,20.0,8,CHOP
BTCUSDT,2026-08-20 23:25:00+00:00,0.004600000000000001,TP,7.455484494728551,61.0,8,CHOP
SOLUSDT,2026-08-20 23:34:00+00:00,0.0005000000000000001,BE_STOP,7.4564746762630065,702.0,8,TREND
SOLUSDT,2026-08-21 00:18:00+00:00,0.004600000000000001,TP,7.465585556258064,931.0,7,TREND
BTCUSDT,2026-08-21 00:18:00+00:00,0.004600000000000001,TP,7.474707568609617,44.0,8,CHOP
NEARUSDT,2026-08-21 00:25:00+00:00,0.0005000000000000001,BE_STOP,7.475700303208573,59.0,8,CHOP
BTCUSDT,2026-08-21 00:35:00+00:00,0.0005000000000000001,BE_STOP,7.476693169655093,16.0,7,CHOP
XRPUSDT,2026-08-21 01:05:00+00:00,0.0005000000000000001,BE_STOP,7.477686167966687,44.0,8,TREND
BTCUSDT,2026-08-21 01:16:00+00:00,0.004600000000000001,TP,7.486822965753171,41.0,8,TREND
BTCUSDT,2026-08-21 01:18:00+00:00,0.004600000000000001,TP,7.49597092756445,13.0,8,CHOP
ETHUSDT,2026-08-21 01:18:00+00:00,0.004600000000000001,TP,7.505130067041567,1.0,8,CHOP
SOLUSDT,2026-08-21 01:20:00+00:00,0.0005000000000000001,BE_STOP,7.506126842128596,55.0,8,CHOP
BTCUSDT,2026-08-21 01:31:00+00:00,0.004600000000000001,TP,7.515298390863822,10.0,7,TREND
BTCUSDT,2026-08-21 01:47:00+00:00,-0.0414,MAE_KILL,7.432653593871791,574.0,8,CHOP
BTCUSDT,2026-08-21 01:47:00+00:00,-0.0414,MAE_KILL,7.350917631381682,289.0,8,CHOP
SOLUSDT,2026-08-21 01:47:00+00:00,0.004600000000000001,TP,7.359899533862526,28.0,7,CHOP
NEARUSDT,2026-08-21 01:47:00+00:00,0.0005000000000000001,BE_STOP,7.360877020519367,24.0,8,TREND
BTCUSDT,2026-08-21 01:47:00+00:00,0.004600000000000001,TP,7.369871092128814,14.0,8,TREND
BTCUSDT,2026-08-21 01:54:00+00:00,0.0005000000000000001,BE_STOP,7.370849903133237,6.0,4,TREND
XRPUSDT,2026-08-21 02:40:00+00:00,0.0005000000000000001,BE_STOP,7.371828844135997,42.0,8,TREND
BTCUSDT,2026-08-21 03:04:00+00:00,0.004600000000000001,TP,7.380836297504925,24.0,8,TREND
BTCUSDT,2026-08-21 05:23:00+00:00,0.0005000000000000001,BE_STOP,7.381816564825687,207.0,7,TREND
SOLUSDT,2026-08-21 05:45:00+00:00,-0.0414,MAE_KILL,7.300639650789369,848.0,8,CHOP
SOLUSDT,2026-08-21 06:03:00+00:00,-0.0414,MAE_KILL,7.220355429129595,551.0,8,CHOP
XRPUSDT,2026-08-21 06:26:00+00:00,0.0005000000000000001,BE_STOP,7.2213143825850254,40.0,8,TREND
BTCUSDT,2026-08-21 06:37:00+00:00,0.0005000000000000001,BE_STOP,7.2222734634014625,33.0,8,TREND
BTCUSDT,2026-08-21 06:42:00+00:00,0.0005000000000000001,BE_STOP,7.22323267159582,292.0,5,TREND
BTCUSDT,2026-08-21 06:42:00+00:00,0.0005000000000000001,BE_STOP,7.2241920071850165,290.0,6,TREND
BTCUSDT,2026-08-21 06:43:00+00:00,0.0005000000000000001,BE_STOP,7.2251514701859705,289.0,6,TREND
BTCUSDT,2026-08-21 06:43:00+00:00,0.0005000000000000001,BE_STOP,7.2261110606156045,80.0,8,TREND
SOLUSDT,2026-08-21 06:48:00+00:00,0.0005000000000000001,BE_STOP,7.227070778490842,5.0,5,CHOP
ETHUSDT,2026-08-21 06:49:00+00:00,0.004600000000000001,TP,7.23590135559831,12.0,8,CHOP
XRPUSDT,2026-08-21 07:01:00+00:00,0.0005000000000000001,BE_STOP,7.2368623737471,13.0,6,CHOP
BTCUSDT,2026-08-21 07:05:00+00:00,0.0005000000000000001,BE_STOP,7.237823519531113,4.0,8,CHOP
ETHUSDT,2026-08-21 07:15:00+00:00,0.004600000000000001,TP,7.24666723514404,25.0,6,CHOP
BTCUSDT,2026-08-21 07:15:00+00:00,0.004600000000000001,TP,7.255521756671981,18.0,8,CHOP
BTCUSDT,2026-08-21 07:15:00+00:00,0.004600000000000001,TP,7.264387097318414,10.0,8,CHOP
ETHUSDT,2026-08-21 07:18:00+00:00,0.0005000000000000001,BE_STOP,7.265351898729777,3.0,6,CHOP
BTCUSDT,2026-08-21 07:43:00+00:00,0.004600000000000001,TP,7.274229250581037,22.0,8,TREND
BTCUSDT,2026-08-21 07:44:00+00:00,0.0005000000000000001,BE_STOP,7.275195359153379,27.0,7,TREND
BTCUSDT,2026-08-21 07:46:00+00:00,0.0005000000000000001,BE_STOP,7.276161596037016,27.0,7,TREND
BTCUSDT,2026-08-21 08:05:00+00:00,0.0005000000000000001,BE_STOP,7.27712796124899,20.0,8,CHOP
BTCUSDT,2026-08-21 08:06:00+00:00,0.0005000000000000001,BE_STOP,7.278094454806343,18.0,8,TREND
XRPUSDT,2026-08-21 08:10:00+00:00,-0.0414,MAE_KILL,7.198058159848644,304.0,8,CHOP
BTCUSDT,2026-08-21 08:13:00+00:00,0.004600000000000001,TP,7.2068532871627085,8.0,8,TREND
NEARUSDT,2026-08-21 08:13:00+00:00,0.0005000000000000001,BE_STOP,7.20781044736491,5.0,8,TREND
BTCUSDT,2026-08-21 08:14:00+00:00,0.004600000000000001,TP,7.216617490755283,31.0,8,CHOP
BTCUSDT,2026-08-21 08:14:00+00:00,0.004600000000000001,TP,7.225435295251799,4.0,8,TREND
XRPUSDT,2026-08-21 08:17:00+00:00,0.005740734451284253,TP,7.236453235728747,4.0,7,CHOP
SOLUSDT,2026-08-21 08:25:00+00:00,0.004600000000000001,TP,7.245295277026153,9.0,6,CHOP
BTCUSDT,2026-08-21 08:27:00+00:00,0.0005000000000000001,BE_STOP,7.246257542805132,8.0,6,TREND
BTCUSDT,2026-08-21 08:31:00+00:00,0.004600000000000001,TP,7.255111563740247,10.0,7,TREND
BTCUSDT,2026-08-21 08:31:00+00:00,0.004600000000000001,TP,7.263976403182191,8.0,8,TREND
BTCUSDT,2026-08-21 08:33:00+00:00,0.004600000000000001,TP,7.272852074349829,5.0,8,TREND
BTCUSDT,2026-08-21 08:35:00+00:00,0.004600000000000001,TP,7.281738590478175,9.0,8,TREND
ETHUSDT,2026-08-21 08:36:00+00:00,-0.0414,MAE_KILL,7.20166222141601,615.0,8,CHOP
SOLUSDT,2026-08-21 08:38:00+00:00,0.004600000000000001,TP,7.210461752442802,5.0,6,CHOP
XRPUSDT,2026-08-21 08:43:00+00:00,0.0005000000000000001,BE_STOP,7.211419391894298,8.0,6,TREND
ETHUSDT,2026-08-21 08:46:00+00:00,0.004600000000000001,TP,7.220230844963768,6.0,6,TREND
ETHUSDT,2026-08-21 08:46:00+00:00,0.004600000000000001,TP,7.2290530645274576,2.0,7,TREND
BTCUSDT,2026-08-21 08:47:00+00:00,0.004600000000000001,TP,7.237886063740676,9.0,5,TREND
SOLUSDT,2026-08-21 08:47:00+00:00,0.004600000000000001,TP,7.2467298557748085,5.0,7,CHOP
BTCUSDT,2026-08-21 08:51:00+00:00,-0.0414,MAE_KILL,7.167038473392084,125.0,6,CHOP
BTCUSDT,2026-08-21 08:51:00+00:00,0.004600000000000001,TP,7.17579569852676,2.0,4,TREND
NEARUSDT,2026-08-21 08:57:00+00:00,0.004600000000000001,TP,7.1845636238958965,6.0,3,TREND
BTCUSDT,2026-08-21 08:57:00+00:00,0.004600000000000001,TP,7.193342262573844,2.0,5,TREND
XRPUSDT,2026-08-21 09:00:00+00:00,0.005135773300627145,TP,7.203155346593919,3.0,4,TREND
ETHUSDT,2026-08-21 09:01:00+00:00,0.0005000000000000001,BE_STOP,7.204112015663388,8.0,4,TREND
ETHUSDT,2026-08-21 09:07:00+00:00,0.00569296984239893,TP,7.215006038656973,3.0,4,TREND
BTCUSDT,2026-08-21 09:18:00+00:00,0.0005000000000000001,BE_STOP,7.215964281646483,9.0,5,TREND
XRPUSDT,2026-08-21 09:18:00+00:00,0.0005000000000000001,BE_STOP,7.216922651902639,5.0,7,TREND
ETHUSDT,2026-08-21 09:32:00+00:00,0.0005000000000000001,BE_STOP,7.217881149442344,14.0,7,CHOP
BTCUSDT,2026-08-21 09:37:00+00:00,0.0005000000000000001,BE_STOP,7.218839774282504,26.0,6,TREND
BTCUSDT,2026-08-21 09:44:00+00:00,0.004600000000000001,TP,7.227660294131705,9.0,8,TREND
BTCUSDT,2026-08-21 09:44:00+00:00,0.004600000000000001,TP,7.236491591553596,6.0,8,TREND
BTCUSDT,2026-08-21 11:19:00+00:00,0.004600000000000001,TP,7.245333679717025,119.0,8,TREND
BTCUSDT,2026-08-21 11:23:00+00:00,0.0005000000000000001,BE_STOP,7.2462959505963624,127.0,8,TREND
BTCUSDT,2026-08-21 11:32:00+00:00,0.004600000000000001,TP,7.255150018460997,12.0,8,CHOP
SOLUSDT,2026-08-21 11:34:00+00:00,0.0067596708957899645,TP,7.268176912979973,147.0,4,TREND
SOLUSDT,2026-08-21 11:34:00+00:00,0.004600000000000001,TP,7.27705771664552,1.0,8,CHOP
SOLUSDT,2026-08-21 11:35:00+00:00,0.0005000000000000001,BE_STOP,7.278024200873512,280.0,7,CHOP
BTCUSDT,2026-08-21 11:52:00+00:00,0.0005000000000000001,BE_STOP,7.27899081346269,15.0,7,CHOP
BTCUSDT,2026-08-21 11:53:00+00:00,0.0005000000000000001,BE_STOP,7.279957554430103,13.0,8,CHOP
XRPUSDT,2026-08-21 11:59:00+00:00,0.004600000000000001,TP,7.288852752566922,5.0,8,TREND
SOLUSDT,2026-08-21 12:03:00+00:00,0.0005000000000000001,BE_STOP,7.289820803323122,4.0,8,CHOP
BTCUSDT,2026-08-21 12:05:00+00:00,0.0005000000000000001,BE_STOP,7.2907889826485635,30.0,6,CHOP
BTCUSDT,2026-08-21 12:06:00+00:00,0.0005000000000000001,BE_STOP,7.291757290560321,14.0,8,CHOP
ETHUSDT,2026-08-21 12:39:00+00:00,0.004600000000000001,TP,7.300666906499724,31.0,8,CHOP
ETHUSDT,2026-08-21 12:53:00+00:00,0.0005000000000000001,BE_STOP,7.301636526323243,13.0,8,CHOP
XRPUSDT,2026-08-21 13:31:00+00:00,0.0005000000000000001,BE_STOP,7.302606274924395,127.0,8,CHOP
BTCUSDT,2026-08-21 13:35:00+00:00,0.004600000000000001,TP,7.311529146966568,92.0,8,CHOP
SOLUSDT,2026-08-21 13:35:00+00:00,0.004600000000000001,TP,7.320462921643017,90.0,8,CHOP
XRPUSDT,2026-08-21 13:37:00+00:00,0.0049656977942692,TP,7.330118710891635,6.0,8,CHOP
XRPUSDT,2026-08-21 13:37:00+00:00,0.005936269766770164,TP,7.341677000821872,2.0,7,CHOP
XRPUSDT,2026-08-21 13:48:00+00:00,0.006504721326110329,TP,7.354362072232235,6.0,7,CHOP
ETHUSDT,2026-08-21 13:53:00+00:00,0.0005000000000000001,BE_STOP,7.355338823444954,9.0,8,CHOP
BTCUSDT,2026-08-21 13:54:00+00:00,0.0005000000000000001,BE_STOP,7.3563157043824425,61.0,8,CHOP
NEARUSDT,2026-08-21 14:03:00+00:00,0.0005000000000000001,BE_STOP,7.357292715061931,14.0,8,CHOP
ETHUSDT,2026-08-21 14:23:00+00:00,0.0005000000000000001,BE_STOP,7.35826985550065,20.0,8,CHOP
SOLUSDT,2026-08-21 14:36:00+00:00,0.004600000000000001,TP,7.367260741480339,13.0,8,CHOP
NEARUSDT,2026-08-21 14:54:00+00:00,0.0005000000000000001,BE_STOP,7.3682392057975665,18.0,8,CHOP
BTCUSDT,2026-08-21 15:14:00+00:00,0.004600000000000001,TP,7.37724227307715,77.0,8,CHOP
BTCUSDT,2026-08-21 15:14:00+00:00,0.004600000000000001,TP,7.386256340979566,20.0,8,CHOP
BTCUSDT,2026-08-21 15:15:00+00:00,0.004600000000000001,TP,7.3952814229462,82.0,8,CHOP
XRPUSDT,2026-08-21 15:18:00+00:00,0.0005000000000000001,BE_STOP,7.396263608760185,4.0,7,CHOP
BTCUSDT,2026-08-21 15:29:00+00:00,0.0005000000000000001,BE_STOP,7.397245925020723,11.0,7,CHOP
NEARUSDT,2026-08-21 15:39:00+00:00,0.0005000000000000001,BE_STOP,7.398228371745139,10.0,8,CHOP
ETHUSDT,2026-08-21 21:12:00+00:00,-0.0414,MAE_KILL,7.316870979119604,886.0,8,CHOP
SOLUSDT,2026-08-21 21:21:00+00:00,0.004600000000000001,TP,7.325811280847215,9.0,8,CHOP
BTCUSDT,2026-08-21 21:24:00+00:00,0.004600000000000001,TP,7.334762506505999,364.0,8,CHOP
SOLUSDT,2026-08-21 21:26:00+00:00,0.0005000000000000001,BE_STOP,7.335736654651394,4.0,8,CHOP
BTCUSDT,2026-08-21 21:27:00+00:00,0.004600000000000001,TP,7.344700007876296,371.0,7,CHOP
NEARUSDT,2026-08-21 21:28:00+00:00,0.0005000000000000001,BE_STOP,7.345675475846091,4.0,8,CHOP
ETHUSDT,2026-08-21 21:28:00+00:00,0.004600000000000001,TP,7.35465097306814,2.0,8,TREND
ETHUSDT,2026-08-21 21:33:00+00:00,0.004600000000000001,TP,7.363637437225857,5.0,6,TREND
ETHUSDT,2026-08-21 21:33:00+00:00,0.004600000000000001,TP,7.372634881719467,2.0,7,TREND
BTCUSDT,2026-08-21 21:36:00+00:00,0.0005000000000000001,BE_STOP,7.373614059789695,712.0,7,TREND
BTCUSDT,2026-08-21 21:36:00+00:00,0.0005000000000000001,BE_STOP,7.374593367907011,710.0,8,TREND
BTCUSDT,2026-08-21 21:47:00+00:00,0.0005000000000000001,BE_STOP,7.375572806088686,11.0,5,CHOP
ETHUSDT,2026-08-21 21:52:00+00:00,0.004974969826343102,TP,7.3853194511942934,18.0,6,TREND
BTCUSDT,2026-08-21 21:52:00+00:00,0.004600000000000001,TP,7.394343388398721,14.0,6,CHOP
NEARUSDT,2026-08-21 21:52:00+00:00,0.004600000000000001,TP,7.4033783517264204,9.0,7,CHOP
BTCUSDT,2026-08-21 21:57:00+00:00,0.0005000000000000001,BE_STOP,7.404361612913759,4.0,6,CHOP
BTCUSDT,2026-08-21 22:02:00+00:00,0.0005000000000000001,BE_STOP,7.405345004690473,16.0,8,CHOP
SOLUSDT,2026-08-21 22:03:00+00:00,0.004600000000000001,TP,7.414393410618079,14.0,8,CHOP
SOLUSDT,2026-08-21 22:03:00+00:00,0.004600000000000001,TP,7.423452872566677,6.0,7,CHOP
XRPUSDT,2026-08-21 22:04:00+00:00,0.004600000000000001,TP,7.432523404045344,382.0,8,CHOP
BTCUSDT,2026-08-21 22:21:00+00:00,0.0005000000000000001,BE_STOP,7.433510536059943,21.0,8,CHOP
BTCUSDT,2026-08-21 22:21:00+00:00,0.0005000000000000001,BE_STOP,7.434497799178013,17.0,5,CHOP
XRPUSDT,2026-08-21 22:32:00+00:00,0.007017350293268333,TP,7.448355581682594,8.0,8,CHOP
NEARUSDT,2026-08-21 22:46:00+00:00,0.0005000000000000001,BE_STOP,7.449344816408286,34.0,8,CHOP
ETHUSDT,2026-08-21 23:24:00+00:00,0.0005000000000000001,BE_STOP,7.450334182516714,63.0,7,TREND
BTCUSDT,2026-08-21 23:44:00+00:00,0.0005000000000000001,BE_STOP,7.45132368002533,58.0,8,CHOP
NEARUSDT,2026-08-21 23:52:00+00:00,0.0005000000000000001,BE_STOP,7.452313308951583,7.0,8,TREND
BTCUSDT,2026-08-22 00:06:00+00:00,0.004600000000000001,TP,7.461419104275957,94.0,8,CHOP
BTCUSDT,2026-08-22 00:06:00+00:00,0.004600000000000001,TP,7.470536025743994,14.0,8,CHOP
BTCUSDT,2026-08-22 00:56:00+00:00,0.0005000000000000001,BE_STOP,7.471528206309912,46.0,8,CHOP
ETHUSDT,2026-08-22 01:08:00+00:00,0.0005000000000000001,BE_STOP,7.472520518649813,12.0,8,TREND
BTCUSDT,2026-08-22 03:03:00+00:00,0.004600000000000001,TP,7.481651004658538,115.0,8,CHOP
NEARUSDT,2026-08-22 03:13:00+00:00,0.004600000000000001,TP,7.4907926469798545,10.0,8,TREND
XRPUSDT,2026-08-22 03:17:00+00:00,0.004600000000000001,TP,7.4999454592453825,4.0,8,TREND
ETHUSDT,2026-08-22 03:28:00+00:00,0.0005000000000000001,BE_STOP,7.500941545751688,10.0,8,CHOP
BTCUSDT,2026-08-22 03:33:00+00:00,0.0005000000000000001,BE_STOP,7.501937764550734,338.0,7,CHOP
BTCUSDT,2026-08-22 03:33:00+00:00,0.0005000000000000001,BE_STOP,7.5029341156600875,325.0,6,CHOP
XRPUSDT,2026-08-22 04:17:00+00:00,0.006782385443890727,TP,7.5164511851796645,42.0,8,TREND
NEARUSDT,2026-08-22 04:26:00+00:00,0.004600000000000001,TP,7.525635348971555,9.0,8,TREND
XRPUSDT,2026-08-22 04:31:00+00:00,0.0059216862825948674,TP,7.537472781431474,5.0,8,TREND
NEARUSDT,2026-08-22 04:49:00+00:00,0.0005000000000000001,BE_STOP,7.538473852035258,17.0,8,TREND
SOLUSDT,2026-08-22 05:09:00+00:00,-0.0414,MAE_KILL,7.455574197393657,20.0,8,TREND
ETHUSDT,2026-08-22 05:10:00+00:00,-0.0414,MAE_KILL,7.373586179891694,346.0,8,TREND
BTCUSDT,2026-08-22 05:10:00+00:00,0.004600000000000001,TP,7.382595780505248,302.0,7,CHOP
SOLUSDT,2026-08-22 05:16:00+00:00,0.026461054641450273,TP,7.434485961690291,3.0,7,TREND
BTCUSDT,2026-08-22 05:16:00+00:00,0.004600000000000001,TP,7.443569974224731,1.0,8,CHOP
BTCUSDT,2026-08-22 05:17:00+00:00,0.0005000000000000001,BE_STOP,7.444558573361933,6.0,6,CHOP
BTCUSDT,2026-08-22 05:26:00+00:00,0.0005000000000000001,BE_STOP,7.445547303797457,9.0,6,CHOP
BTCUSDT,2026-08-22 05:33:00+00:00,0.0005000000000000001,BE_STOP,7.446536165548742,7.0,8,CHOP
BTCUSDT,2026-08-22 05:47:00+00:00,0.0005000000000000001,BE_STOP,7.447525158633229,14.0,8,CHOP
BTCUSDT,2026-08-22 07:10:00+00:00,0.0005000000000000001,BE_STOP,7.448514283068359,81.0,8,CHOP
BTCUSDT,2026-08-22 08:44:00+00:00,0.0005000000000000001,BE_STOP,7.449503538871579,90.0,8,CHOP
BTCUSDT,2026-08-22 09:59:00+00:00,0.0005000000000000001,BE_STOP,7.450492926060336,73.0,8,CHOP
SOLUSDT,2026-08-22 10:02:00+00:00,0.004600000000000001,TP,7.459596497104365,3.0,8,CHOP
BTCUSDT,2026-08-22 10:17:00+00:00,0.0005000000000000001,BE_STOP,7.4605872247641365,13.0,8,TREND
BTCUSDT,2026-08-22 10:28:00+00:00,0.0005000000000000001,BE_STOP,7.461578084004925,11.0,8,CHOP
BTCUSDT,2026-08-22 10:31:00+00:00,0.0005000000000000001,BE_STOP,7.462569074844207,308.0,8,CHOP
NEARUSDT,2026-08-22 11:05:00+00:00,0.0005000000000000001,BE_STOP,7.463560197299459,37.0,8,CHOP
NEARUSDT,2026-08-22 11:05:00+00:00,0.0005000000000000001,BE_STOP,7.464551451388163,34.0,8,CHOP
NEARUSDT,2026-08-22 11:12:00+00:00,0.0005000000000000001,BE_STOP,7.4655428371278,5.0,8,CHOP
NEARUSDT,2026-08-22 11:24:00+00:00,0.004600000000000001,TP,7.474664797281915,19.0,7,CHOP
ETHUSDT,2026-08-22 11:44:00+00:00,0.004600000000000001,TP,7.4837979033310935,20.0,8,CHOP
XRPUSDT,2026-08-22 12:02:00+00:00,0.004600000000000001,TP,7.492942168894226,18.0,8,CHOP
SOLUSDT,2026-08-22 12:10:00+00:00,0.0005000000000000001,BE_STOP,7.493937325276032,411.0,7,CHOP
BTCUSDT,2026-08-22 16:54:00+00:00,0.0005000000000000001,BE_STOP,7.494932613827045,292.0,8,CHOP
BTCUSDT,2026-08-22 16:54:00+00:00,0.0005000000000000001,BE_STOP,7.495928034564819,282.0,8,CHOP
NEARUSDT,2026-08-22 18:41:00+00:00,-0.0264,MAE_KILL,7.443362839222433,107.0,7,CHOP
BTCUSDT,2026-08-22 21:09:00+00:00,0.0005000000000000001,BE_STOP,7.444351410849517,148.0,8,CHOP
ETHUSDT,2026-08-22 21:20:00+00:00,0.0005000000000000001,BE_STOP,7.4453401137712705,264.0,8,CHOP
ETHUSDT,2026-08-22 21:56:00+00:00,0.004600000000000001,TP,7.454437388722784,36.0,8,CHOP
BTCUSDT,2026-08-22 22:06:00+00:00,0.0005000000000000001,BE_STOP,7.455427431188474,56.0,8,CHOP
BTCUSDT,2026-08-23 01:57:00+00:00,0.0005000000000000001,BE_STOP,7.456417605144178,231.0,8,CHOP
BTCUSDT,2026-08-23 04:08:00+00:00,0.004600000000000001,TP,7.465528415405464,131.0,8,CHOP
BTCUSDT,2026-08-23 05:08:00+00:00,0.004600000000000001,TP,7.474650357938037,1076.0,8,CHOP
BTCUSDT,2026-08-23 05:08:00+00:00,0.004600000000000001,TP,7.483783446344142,431.0,8,TREND
BTCUSDT,2026-08-23 05:08:00+00:00,0.004600000000000001,TP,7.492927694242643,59.0,8,CHOP
BTCUSDT,2026-08-23 05:14:00+00:00,-0.0414,MAE_KILL,7.410528905005018,2655.0,5,TREND
BTCUSDT,2026-08-23 05:14:00+00:00,0.004600000000000001,TP,7.41958364501082,2377.0,6,CHOP
BTCUSDT,2026-08-23 05:14:00+00:00,0.004600000000000001,TP,7.428649448777067,4.0,7,CHOP
BTCUSDT,2026-08-23 05:14:00+00:00,0.004600000000000001,TP,7.437726329822291,2.0,8,CHOP
XRPUSDT,2026-08-23 05:15:00+00:00,0.0005000000000000001,BE_STOP,7.43871415285047,7.0,6,CHOP
BTCUSDT,2026-08-23 05:17:00+00:00,-0.0414,MAE_KILL,7.356911543150843,1549.0,8,CHOP
BTCUSDT,2026-08-23 05:17:00+00:00,0.004600000000000001,TP,7.3659007694426295,2.0,4,CHOP
BTCUSDT,2026-08-23 06:14:00+00:00,0.0005000000000000001,BE_STOP,7.366879053138571,53.0,5,TREND
BTCUSDT,2026-08-23 06:14:00+00:00,0.0005000000000000001,BE_STOP,7.367857466762816,51.0,6,TREND
XRPUSDT,2026-08-23 06:23:00+00:00,0.0005000000000000001,BE_STOP,7.36883601033262,5.0,7,CHOP
ETHUSDT,2026-08-23 06:33:00+00:00,0.004600000000000001,TP,7.377839806832744,65.0,8,TREND
XRPUSDT,2026-08-23 06:38:00+00:00,0.0005000000000000001,BE_STOP,7.378819676182089,15.0,8,CHOP
XRPUSDT,2026-08-23 07:17:00+00:00,0.004600000000000001,TP,7.3878356714739235,57.0,8,CHOP
ETHUSDT,2026-08-23 07:22:00+00:00,0.0005000000000000001,BE_STOP,7.388816868399041,44.0,8,CHOP
NEARUSDT,2026-08-23 07:29:00+00:00,0.0005000000000000001,BE_STOP,7.389798195639375,7.0,8,CHOP
SOLUSDT,2026-08-23 08:11:00+00:00,0.0005000000000000001,BE_STOP,7.390779653212233,41.0,8,CHOP
SOLUSDT,2026-08-23 08:47:00+00:00,0.0005000000000000001,BE_STOP,7.391761241134925,202.0,7,CHOP
BTCUSDT,2026-08-23 08:57:00+00:00,0.0005000000000000001,BE_STOP,7.392742959424763,143.0,8,CHOP
BTCUSDT,2026-08-23 08:57:00+00:00,0.0005000000000000001,BE_STOP,7.393724808099061,100.0,8,CHOP
XRPUSDT,2026-08-23 09:35:00+00:00,0.004600000000000001,TP,7.402759015598956,38.0,7,CHOP
ETHUSDT,2026-08-23 09:37:00+00:00,0.0005000000000000001,BE_STOP,7.403742194530715,38.0,8,CHOP
BTCUSDT,2026-08-23 10:06:00+00:00,0.004600000000000001,TP,7.412788642024657,115.0,8,CHOP
BTCUSDT,2026-08-23 11:20:00+00:00,0.004600000000000001,TP,7.421846143146631,153.0,8,CHOP
BTCUSDT,2026-08-23 11:20:00+00:00,0.004600000000000001,TP,7.430914711402788,73.0,8,CHOP
ETHUSDT,2026-08-23 13:18:00+00:00,-0.0414,MAE_KILL,7.34919787118583,481.0,3,TREND
BTCUSDT,2026-08-23 13:19:00+00:00,0.004600000000000001,TP,7.358177672334685,117.0,7,CHOP
BTCUSDT,2026-08-23 13:19:00+00:00,0.004600000000000001,TP,7.367168445678069,114.0,8,CHOP
SOLUSDT,2026-08-23 14:06:00+00:00,0.0005000000000000001,BE_STOP,7.368146897737261,44.0,7,TREND
XRPUSDT,2026-08-23 14:11:00+00:00,0.004600000000000001,TP,7.377149852227933,5.0,8,TREND
NEARUSDT,2026-08-23 14:16:00+00:00,0.0005000000000000001,BE_STOP,7.3781296299426815,3.0,8,TREND
ETHUSDT,2026-08-23 14:42:00+00:00,0.004600000000000001,TP,7.387144782084267,305.0,8,CHOP
NEARUSDT,2026-08-23 17:14:00+00:00,-0.0264,MAE_KILL,7.335342429299901,151.0,8,TREND
XRPUSDT,2026-08-23 17:22:00+00:00,0.004600000000000001,TP,7.344305300830701,7.0,8,CHOP
BTCUSDT,2026-08-23 21:16:00+00:00,0.004600000000000001,TP,7.353279123870153,233.0,8,CHOP
BTCUSDT,2026-08-23 21:22:00+00:00,0.004600000000000001,TP,7.362263911799631,482.0,6,TREND
ETHUSDT,2026-08-23 21:25:00+00:00,0.0005000000000000001,BE_STOP,7.363241712475417,429.0,8,TREND
ETHUSDT,2026-08-23 21:29:00+00:00,0.0047317683051642705,TP,7.3724963939424795,485.0,8,CHOP
BTCUSDT,2026-08-23 22:10:00+00:00,-0.01262776486572086,MAX_AGE,7.347767197600083,2880.0,7,CHOP
ETHUSDT,2026-08-23 23:03:00+00:00,0.004600000000000001,TP,7.35674525064465,53.0,8,CHOP
ETHUSDT,2026-08-23 23:07:00+00:00,0.0005000000000000001,BE_STOP,7.357722318373251,3.0,8,CHOP
BTCUSDT,2026-08-24 00:49:00+00:00,0.0005000000000000001,BE_STOP,7.35869951586866,102.0,8,CHOP
NEARUSDT,2026-08-24 00:52:00+00:00,0.0005000000000000001,BE_STOP,7.359676843148112,3.0,8,CHOP
XRPUSDT,2026-08-24 01:15:00+00:00,0.004600000000000001,TP,7.368669448290833,23.0,8,CHOP
BTCUSDT,2026-08-24 01:33:00+00:00,0.0005000000000000001,BE_STOP,7.369648099701934,17.0,8,CHOP
ETHUSDT,2026-08-24 01:51:00+00:00,0.004600000000000001,TP,7.3786528884737566,18.0,8,CHOP
BTCUSDT,2026-08-24 02:05:00+00:00,0.0005000000000000001,BE_STOP,7.379632865810507,13.0,8,CHOP
NEARUSDT,2026-08-24 02:37:00+00:00,-0.0264,MAE_KILL,7.327883190339011,32.0,8,CHOP
BTCUSDT,2026-08-24 03:33:00+00:00,-0.021503773716845965,MAX_AGE,7.286026762008933,2880.0,7,CHOP
XRPUSDT,2026-08-24 03:38:00+00:00,0.0005000000000000001,BE_STOP,7.2869944374382625,5.0,8,CHOP
BTCUSDT,2026-08-24 05:04:00+00:00,0.0005000000000000001,BE_STOP,7.2879622413869845,86.0,8,CHOP
SOLUSDT,2026-08-24 05:15:00+00:00,0.004600000000000001,TP,7.296867220250679,11.0,8,CHOP
BTCUSDT,2026-08-24 06:33:00+00:00,0.0005000000000000001,BE_STOP,7.297836335428368,78.0,8,CHOP
XRPUSDT,2026-08-24 06:49:00+00:00,0.0005000000000000001,BE_STOP,7.298805579316666,16.0,8,CHOP
BTCUSDT,2026-08-24 07:21:00+00:00,0.0005000000000000001,BE_STOP,7.299774951932669,284.0,8,CHOP
BTCUSDT,2026-08-24 07:21:00+00:00,0.0005000000000000001,BE_STOP,7.300744453293472,31.0,8,CHOP
BTCUSDT,2026-08-24 10:41:00+00:00,0.0005000000000000001,BE_STOP,7.301714083416175,197.0,8,CHOP
BTCUSDT,2026-08-24 10:43:00+00:00,0.0005000000000000001,BE_STOP,7.302683842317879,202.0,7,CHOP
ETHUSDT,2026-08-24 11:07:00+00:00,0.0005000000000000001,BE_STOP,7.303653730015686,25.0,8,CHOP
BTCUSDT,2026-08-24 11:07:00+00:00,0.0005000000000000001,BE_STOP,7.304623746526703,23.0,8,TREND
BTCUSDT,2026-08-24 11:36:00+00:00,0.004600000000000001,TP,7.31354908366699,859.0,8,CHOP
BTCUSDT,2026-08-24 11:36:00+00:00,0.004600000000000001,TP,7.322485326453595,851.0,8,CHOP
BTCUSDT,2026-08-24 11:37:00+00:00,0.004600000000000001,TP,7.331432488211855,855.0,8,CHOP
BTCUSDT,2026-08-24 11:40:00+00:00,0.004600000000000001,TP,7.340390582283389,850.0,8,CHOP
NEARUSDT,2026-08-24 11:44:00+00:00,0.004600000000000001,TP,7.349359622026116,3.0,6,CHOP
SOLUSDT,2026-08-24 12:17:00+00:00,0.0005000000000000001,BE_STOP,7.350335708850916,70.0,7,CHOP
SOLUSDT,2026-08-24 12:17:00+00:00,0.0005000000000000001,BE_STOP,7.351311925312247,68.0,8,CHOP
BTCUSDT,2026-08-24 12:34:00+00:00,0.0005000000000000001,BE_STOP,7.352288271427327,51.0,7,CHOP
BTCUSDT,2026-08-24 12:34:00+00:00,0.0005000000000000001,BE_STOP,7.353264747213376,49.0,7,CHOP
BTCUSDT,2026-08-24 12:41:00+00:00,0.004600000000000001,TP,7.362249517576377,54.0,8,CHOP
BTCUSDT,2026-08-24 12:42:00+00:00,0.004600000000000001,TP,7.371245266205665,64.0,6,CHOP
BTCUSDT,2026-08-24 12:50:00+00:00,0.004600000000000001,TP,7.380252006515309,14.0,7,CHOP
BTCUSDT,2026-08-24 12:51:00+00:00,-0.0414,MAE_KILL,7.2990922977311605,1892.0,4,TREND
BTCUSDT,2026-08-24 12:51:00+00:00,0.004600000000000001,TP,7.3080108761324505,8.0,7,CHOP
ETHUSDT,2026-08-24 12:51:00+00:00,0.004600000000000001,TP,7.316940351921724,6.0,8,CHOP
SOLUSDT,2026-08-24 12:53:00+00:00,0.0005000000000000001,BE_STOP,7.317912133062213,3.0,8,CHOP
NEARUSDT,2026-08-24 13:01:00+00:00,0.0005000000000000001,BE_STOP,7.318884043267386,23.0,8,CHOP
BTCUSDT,2026-08-24 13:01:00+00:00,0.0005000000000000001,BE_STOP,7.319856082554382,9.0,6,TREND
BTCUSDT,2026-08-24 13:15:00+00:00,0.0005000000000000001,BE_STOP,7.3208282509403455,17.0,7,TREND
BTCUSDT,2026-08-24 13:16:00+00:00,0.0005000000000000001,BE_STOP,7.321800548442424,16.0,8,TREND
BTCUSDT,2026-08-24 13:16:00+00:00,0.0005000000000000001,BE_STOP,7.322772975077763,14.0,7,TREND
BTCUSDT,2026-08-24 13:16:00+00:00,0.0005000000000000001,BE_STOP,7.3237455308635155,12.0,8,TREND
BTCUSDT,2026-08-24 13:33:00+00:00,0.004600000000000001,TP,7.332694232434039,12.0,7,TREND
BTCUSDT,2026-08-24 13:40:00+00:00,0.004600000000000001,TP,7.341653868199294,23.0,5,TREND
BTCUSDT,2026-08-24 13:40:00+00:00,0.004600000000000001,TP,7.350624451519499,21.0,6,TREND
BTCUSDT,2026-08-24 13:40:00+00:00,0.004600000000000001,TP,7.359605995771199,16.0,8,TREND
BTCUSDT,2026-08-24 13:42:00+00:00,0.004600000000000001,TP,7.368598514347282,9.0,8,TREND
BTCUSDT,2026-08-24 13:45:00+00:00,0.004600000000000001,TP,7.377602020656999,4.0,6,TREND
SOLUSDT,2026-08-24 13:46:00+00:00,0.004600000000000001,TP,7.386616528125989,87.0,8,CHOP
SOLUSDT,2026-08-24 13:47:00+00:00,0.0005000000000000001,BE_STOP,7.387597563133631,90.0,7,CHOP
BTCUSDT,2026-08-24 13:48:00+00:00,0.0005000000000000001,BE_STOP,7.388578728434984,5.0,6,TREND
BTCUSDT,2026-08-24 13:54:00+00:00,0.0005000000000000001,BE_STOP,7.389560024047354,6.0,4,CHOP
BTCUSDT,2026-08-24 13:55:00+00:00,0.0005000000000000001,BE_STOP,7.3905414499880475,5.0,5,CHOP
BTCUSDT,2026-08-24 14:15:00+00:00,0.004600000000000001,TP,7.399571767822251,13.0,8,CHOP
BTCUSDT,2026-08-24 14:23:00+00:00,-0.0414,MAE_KILL,7.31819960203798,1728.0,8,CHOP
ETHUSDT,2026-08-24 14:23:00+00:00,0.004600000000000001,TP,7.32714152717672,7.0,8,CHOP
NEARUSDT,2026-08-24 14:26:00+00:00,0.004600000000000001,TP,7.336094378230238,2.0,7,CHOP
BTCUSDT,2026-08-24 14:32:00+00:00,0.004600000000000001,TP,7.345058168548638,5.0,7,CHOP
NEARUSDT,2026-08-24 14:33:00+00:00,-0.0264,MAE_KILL,7.293550948141691,33.0,7,CHOP
SOLUSDT,2026-08-24 14:33:00+00:00,0.004600000000000001,TP,7.302462755706451,4.0,8,CHOP
SOLUSDT,2026-08-24 14:43:00+00:00,0.0005000000000000001,BE_STOP,7.303432614041194,107.0,6,CHOP
SOLUSDT,2026-08-24 14:43:00+00:00,0.0005000000000000001,BE_STOP,7.304402601185246,6.0,8,CHOP
BTCUSDT,2026-08-24 14:48:00+00:00,0.0005000000000000001,BE_STOP,7.3053727171557155,16.0,8,TREND
SOLUSDT,2026-08-24 14:50:00+00:00,0.0005000000000000001,BE_STOP,7.306342961969713,7.0,7,CHOP
SOLUSDT,2026-08-24 15:22:00+00:00,0.004600000000000001,TP,7.315270399776369,34.0,8,CHOP
ETHUSDT,2026-08-24 15:30:00+00:00,0.0005000000000000001,BE_STOP,7.316241959126339,45.0,8,CHOP
BTCUSDT,2026-08-24 15:38:00+00:00,0.0005000000000000001,BE_STOP,7.317213647511535,64.0,7,TREND
ETHUSDT,2026-08-24 15:43:00+00:00,0.004600000000000001,TP,7.326154367937088,52.0,8,CHOP
ETHUSDT,2026-08-24 15:43:00+00:00,0.004600000000000001,TP,7.335106012805411,4.0,8,CHOP
BTCUSDT,2026-08-24 15:57:00+00:00,0.004600000000000001,TP,7.344068595464806,13.0,7,CHOP
BTCUSDT,2026-08-24 15:57:00+00:00,0.004600000000000001,TP,7.353042129279889,11.0,8,CHOP
BTCUSDT,2026-08-24 16:56:00+00:00,0.0005000000000000001,BE_STOP,7.354018705187684,56.0,8,CHOP
BTCUSDT,2026-08-24 17:02:00+00:00,0.004600000000000001,TP,7.363004396793085,6.0,8,CHOP
BTCUSDT,2026-08-24 17:05:00+00:00,0.0005000000000000001,BE_STOP,7.363982295814534,67.0,7,CHOP
BTCUSDT,2026-08-24 17:22:00+00:00,0.004600000000000001,TP,7.372980161682231,17.0,8,CHOP
BTCUSDT,2026-08-24 17:27:00+00:00,0.0005000000000000001,BE_STOP,7.373959385609955,24.0,8,CHOP
BTCUSDT,2026-08-24 17:37:00+00:00,0.0005000000000000001,BE_STOP,7.374938739590855,10.0,8,CHOP
NEARUSDT,2026-08-24 19:21:00+00:00,0.0005000000000000001,BE_STOP,7.375918223642207,104.0,8,CHOP
SOLUSDT,2026-08-24 22:37:00+00:00,-0.0414,MAE_KILL,7.294806172926592,524.0,6,CHOP
SOLUSDT,2026-08-24 23:43:00+00:00,-0.0414,MAE_KILL,7.21458610129369,586.0,6,CHOP
NEARUSDT,2026-08-25 00:00:00+00:00,0.004600000000000001,TP,7.223401423686207,17.0,8,CHOP
BTCUSDT,2026-08-25 00:44:00+00:00,0.004600000000000001,TP,7.232227517300773,126.0,8,CHOP
BTCUSDT,2026-08-25 00:45:00+00:00,0.004600000000000001,TP,7.241064395298475,45.0,8,CHOP
NEARUSDT,2026-08-25 00:47:00+00:00,0.004600000000000001,TP,7.249912070856479,3.0,8,CHOP
SOLUSDT,2026-08-25 01:05:00+00:00,0.0005000000000000001,BE_STOP,7.250874949803389,18.0,7,TREND
ETHUSDT,2026-08-25 01:33:00+00:00,0.0005000000000000001,BE_STOP,7.25183795663266,44.0,8,TREND
BTCUSDT,2026-08-25 02:17:00+00:00,0.004600000000000001,TP,7.26069879613592,654.0,8,CHOP
BTCUSDT,2026-08-25 02:17:00+00:00,0.004600000000000001,TP,7.269570462477448,647.0,8,CHOP
BTCUSDT,2026-08-25 02:17:00+00:00,0.004600000000000001,TP,7.278452968886287,72.0,8,TREND
ETHUSDT,2026-08-25 02:17:00+00:00,0.004600000000000001,TP,7.2873463286076445,44.0,8,CHOP
XRPUSDT,2026-08-25 02:28:00+00:00,0.004600000000000001,TP,7.296250554902912,3.0,8,CHOP
BTCUSDT,2026-08-25 02:33:00+00:00,0.0005000000000000001,BE_STOP,7.297219588179734,12.0,6,CHOP
BTCUSDT,2026-08-25 02:41:00+00:00,0.004600000000000001,TP,7.306135878364041,18.0,7,CHOP
BTCUSDT,2026-08-25 02:44:00+00:00,0.0005000000000000001,BE_STOP,7.307106224535386,25.0,5,CHOP
ETHUSDT,2026-08-25 02:44:00+00:00,0.0005000000000000001,BE_STOP,7.308076699580832,11.0,8,TREND
BTCUSDT,2026-08-25 03:52:00+00:00,0.0005000000000000001,BE_STOP,7.309047303517495,57.0,8,TREND
BTCUSDT,2026-08-25 04:00:00+00:00,0.0005000000000000001,BE_STOP,7.310018036362494,68.0,7,TREND
BTCUSDT,2026-08-25 04:03:00+00:00,0.0005000000000000001,BE_STOP,7.310988898132948,11.0,8,TREND
BTCUSDT,2026-08-25 04:09:00+00:00,0.0005000000000000001,BE_STOP,7.311959888845981,9.0,8,TREND
BTCUSDT,2026-08-25 04:33:00+00:00,0.0005000000000000001,BE_STOP,7.312931008518718,24.0,8,TREND
SOLUSDT,2026-08-25 05:00:00+00:00,0.0005000000000000001,BE_STOP,7.313902257168286,25.0,8,CHOP
BTCUSDT,2026-08-25 05:32:00+00:00,0.004600000000000001,TP,7.322838931488763,32.0,8,CHOP
NEARUSDT,2026-08-25 06:41:00+00:00,0.004600000000000001,TP,7.331786525308176,158.0,8,CHOP
NEARUSDT,2026-08-25 06:49:00+00:00,-0.0264,MAE_KILL,7.280372372299452,260.0,8,CHOP
BTCUSDT,2026-08-25 07:49:00+00:00,0.004600000000000001,TP,7.289268077291855,68.0,8,CHOP
BTCUSDT,2026-08-25 07:49:00+00:00,0.004600000000000001,TP,7.298174651723796,60.0,8,CHOP
BTCUSDT,2026-08-25 09:51:00+00:00,0.004600000000000001,TP,7.307092108876371,117.0,8,CHOP
BTCUSDT,2026-08-25 09:52:00+00:00,0.004600000000000001,TP,7.316020462046904,120.0,7,CHOP
SOLUSDT,2026-08-25 12:03:00+00:00,-0.0414,MAE_KILL,7.235567099528332,391.0,8,CHOP
BTCUSDT,2026-08-25 12:07:00+00:00,0.004600000000000001,TP,7.244408058078068,131.0,8,CHOP
BTCUSDT,2026-08-25 12:12:00+00:00,0.0005000000000000001,BE_STOP,7.2453702060232805,138.0,7,CHOP
BTCUSDT,2026-08-25 12:12:00+00:00,0.0005000000000000001,BE_STOP,7.246332481753767,9.0,8,TREND
ETHUSDT,2026-08-25 12:24:00+00:00,0.0005000000000000001,BE_STOP,7.2472948852865,17.0,8,CHOP
BTCUSDT,2026-08-25 12:28:00+00:00,0.0005000000000000001,BE_STOP,7.248257416638452,4.0,8,TREND
NEARUSDT,2026-08-25 13:02:00+00:00,0.0005000000000000001,BE_STOP,7.249220075826599,44.0,8,CHOP
BTCUSDT,2026-08-25 13:24:00+00:00,0.0005000000000000001,BE_STOP,7.25018286286792,56.0,8,TREND
BTCUSDT,2026-08-25 13:51:00+00:00,0.004600000000000001,TP,7.259041680053486,1228.0,8,CHOP
BTCUSDT,2026-08-25 13:51:00+00:00,0.004600000000000001,TP,7.267911321606301,1110.0,8,CHOP
BTCUSDT,2026-08-25 13:51:00+00:00,0.004600000000000001,TP,7.276791800752388,27.0,8,TREND
BTCUSDT,2026-08-25 13:54:00+00:00,0.0005000000000000001,BE_STOP,7.277758249663425,1439.0,5,CHOP
NEARUSDT,2026-08-25 14:06:00+00:00,0.00519306017368331,TP,7.287797237489056,6.0,8,CHOP
BTCUSDT,2026-08-25 14:25:00+00:00,0.004600000000000001,TP,7.296702014738613,19.0,8,TREND
BTCUSDT,2026-08-25 14:35:00+00:00,0.0005000000000000001,BE_STOP,7.297671107974945,10.0,8,CHOP
ETHUSDT,2026-08-25 14:39:00+00:00,0.0005000000000000001,BE_STOP,7.298640329918973,97.0,8,CHOP
SOLUSDT,2026-08-25 14:59:00+00:00,0.0005000000000000001,BE_STOP,7.29960968058779,20.0,8,CHOP
NEARUSDT,2026-08-25 15:07:00+00:00,0.0005000000000000001,BE_STOP,7.300579159998493,8.0,8,CHOP
BTCUSDT,2026-08-25 15:48:00+00:00,0.0005000000000000001,BE_STOP,7.30154876816818,73.0,8,CHOP
BTCUSDT,2026-08-25 16:08:00+00:00,0.0005000000000000001,BE_STOP,7.3025185051139525,61.0,8,CHOP
SOLUSDT,2026-08-25 17:18:00+00:00,0.0005000000000000001,BE_STOP,7.303488370852913,89.0,8,CHOP
NEARUSDT,2026-08-25 17:32:00+00:00,0.0005000000000000001,BE_STOP,7.304458365402167,14.0,8,CHOP
XRPUSDT,2026-08-25 18:27:00+00:00,0.0005000000000000001,BE_STOP,7.305428488778821,139.0,8,CHOP
ETHUSDT,2026-08-25 18:31:00+00:00,0.0005000000000000001,BE_STOP,7.306398740999986,57.0,8,CHOP
BTCUSDT,2026-08-25 20:51:00+00:00,0.0005000000000000001,BE_STOP,7.3073691220827754,416.0,6,TREND
SOLUSDT,2026-08-25 21:07:00+00:00,0.004600000000000001,TP,7.31629781372882,429.0,7,TREND
ETHUSDT,2026-08-25 21:07:00+00:00,0.004600000000000001,TP,7.325237415119969,15.0,8,TREND
BTCUSDT,2026-08-25 21:08:00+00:00,-0.0414,MAE_KILL,7.244682694920572,1106.0,8,TREND
XRPUSDT,2026-08-25 21:08:00+00:00,-0.0414,MAE_KILL,7.165013824909867,532.0,7,TREND
BTCUSDT,2026-08-25 21:11:00+00:00,0.0005000000000000001,BE_STOP,7.165965428308487,1885.0,5,CHOP
BTCUSDT,2026-08-25 21:13:00+00:00,0.0005000000000000001,BE_STOP,7.166917158091934,440.0,6,TREND
ETHUSDT,2026-08-25 21:26:00+00:00,0.0005000000000000001,BE_STOP,7.1678690142769925,10.0,7,TREND
XRPUSDT,2026-08-25 21:29:00+00:00,0.0005000000000000001,BE_STOP,7.168820996880451,11.0,8,TREND
BTCUSDT,2026-08-25 22:08:00+00:00,0.004600000000000001,TP,7.177580400036014,42.0,8,CHOP
BTCUSDT,2026-08-25 22:08:00+00:00,0.004600000000000001,TP,7.186350506087307,37.0,8,CHOP
ETHUSDT,2026-08-25 23:10:00+00:00,0.0005000000000000001,BE_STOP,7.1873049432638965,62.0,7,CHOP
BTCUSDT,2026-08-26 00:09:00+00:00,0.004600000000000001,TP,7.196086931491447,58.0,8,CHOP
BTCUSDT,2026-08-26 03:07:00+00:00,0.0005000000000000001,BE_STOP,7.1970426617870356,295.0,8,CHOP
BTCUSDT,2026-08-26 05:24:00+00:00,0.0005000000000000001,BE_STOP,7.197998519015554,137.0,8,CHOP
SOLUSDT,2026-08-26 10:16:00+00:00,0.0005000000000000001,BE_STOP,7.19895450319386,784.0,6,CHOP
ETHUSDT,2026-08-26 10:39:00+00:00,0.004600000000000001,TP,7.20775072572745,21.0,8,CHOP
BTCUSDT,2026-08-26 15:04:00+00:00,0.004600000000000001,TP,7.216557696145447,1074.0,6,TREND
BTCUSDT,2026-08-26 15:10:00+00:00,0.0005000000000000001,BE_STOP,7.217516145214466,1082.0,5,TREND
SOLUSDT,2026-08-26 22:15:00+00:00,0.004600000000000001,TP,7.226335047754399,1668.0,8,CHOP
SOLUSDT,2026-08-26 22:15:00+00:00,0.004600000000000001,TP,7.235164725890874,1664.0,8,CHOP
BTCUSDT,2026-08-26 22:30:00+00:00,0.0005000000000000001,BE_STOP,7.236125646206031,710.0,8,CHOP
SOLUSDT,2026-08-26 23:06:00+00:00,0.0005000000000000001,BE_STOP,7.237086694143418,36.0,8,TREND
BTCUSDT,2026-08-26 23:46:00+00:00,0.004600000000000001,TP,7.245929509447824,40.0,8,CHOP
BTCUSDT,2026-08-27 00:04:00+00:00,0.0005000000000000001,BE_STOP,7.246891859460797,107.0,7,CHOP
BTCUSDT,2026-08-27 01:25:00+00:00,0.0005000000000000001,BE_STOP,7.247854337285882,80.0,8,CHOP
SOLUSDT,2026-08-27 01:29:00+00:00,0.004600000000000001,TP,7.256710309304252,4.0,8,TREND
NEARUSDT,2026-08-27 04:36:00+00:00,-0.0264,MAE_KILL,7.205822628260257,290.0,8,TREND
BTCUSDT,2026-08-27 08:04:00+00:00,0.004600000000000001,TP,7.214627242784162,1599.0,8,CHOP
ETHUSDT,2026-08-27 08:04:00+00:00,0.004600000000000001,TP,7.223442615446438,395.0,8,CHOP
ETHUSDT,2026-08-27 08:05:00+00:00,0.0005000000000000001,BE_STOP,7.224401978918802,586.0,8,TREND
ETHUSDT,2026-08-27 08:09:00+00:00,-0.0414,MAE_KILL,7.14495613340688,2095.0,6,TREND
SOLUSDT,2026-08-27 08:09:00+00:00,0.004600000000000001,TP,7.153686376682386,1.0,7,CHOP
BTCUSDT,2026-08-27 08:10:00+00:00,0.004600000000000001,TP,7.1624272872238945,5.0,6,CHOP
SOLUSDT,2026-08-27 08:25:00+00:00,0.006042294059953992,TP,7.1739228709972,11.0,7,CHOP
ETHUSDT,2026-08-27 08:29:00+00:00,-0.0414,MAE_KILL,7.095032137925203,1940.0,8,CHOP
ETHUSDT,2026-08-27 08:30:00+00:00,-0.0414,MAE_KILL,7.017008956383457,1045.0,8,CHOP
ETHUSDT,2026-08-27 08:30:00+00:00,0.004600000000000001,TP,7.025582864202037,20.0,5,CHOP
BTCUSDT,2026-08-27 08:39:00+00:00,0.0005000000000000001,BE_STOP,7.026515949426189,27.0,6,CHOP
BTCUSDT,2026-08-27 08:43:00+00:00,0.004600000000000001,TP,7.035101473601894,26.0,8,TREND
SOLUSDT,2026-08-27 08:45:00+00:00,0.004600000000000001,TP,7.04369748821495,6.0,8,TREND
SOLUSDT,2026-08-27 08:48:00+00:00,0.004600000000000001,TP,7.052304006083363,17.0,6,TREND
NEARUSDT,2026-08-27 08:51:00+00:00,0.0005000000000000001,BE_STOP,7.053240640209171,6.0,8,TREND
BTCUSDT,2026-08-27 08:55:00+00:00,0.0005000000000000001,BE_STOP,7.0541773987316985,28.0,8,TREND
SOLUSDT,2026-08-27 09:01:00+00:00,0.0005000000000000001,BE_STOP,7.055114281667468,9.0,8,TREND
XRPUSDT,2026-08-27 09:25:00+00:00,0.004600000000000001,TP,7.063734749430379,52.0,7,TREND
BTCUSDT,2026-08-27 09:26:00+00:00,0.004600000000000001,TP,7.072365750327339,51.0,8,TREND
BTCUSDT,2026-08-27 09:26:00+00:00,0.004600000000000001,TP,7.0810072972285205,43.0,8,TREND
BTCUSDT,2026-08-27 09:26:00+00:00,0.004600000000000001,TP,7.089659403019821,38.0,8,TREND
BTCUSDT,2026-08-27 10:28:00+00:00,0.0005000000000000001,BE_STOP,7.090600998409284,87.0,8,TREND
BTCUSDT,2026-08-27 10:29:00+00:00,0.0005000000000000001,BE_STOP,7.091542718854385,93.0,8,TREND
BTCUSDT,2026-08-27 10:41:00+00:00,0.0005000000000000001,BE_STOP,7.092484564371733,13.0,8,TREND
BTCUSDT,2026-08-27 10:41:00+00:00,0.0005000000000000001,BE_STOP,7.093426534977938,10.0,8,CHOP
ETHUSDT,2026-08-27 11:34:00+00:00,0.0005000000000000001,BE_STOP,7.0943686306896145,51.0,8,CHOP
SOLUSDT,2026-08-27 11:52:00+00:00,0.0005000000000000001,BE_STOP,7.095310851523378,14.0,8,TREND
BTCUSDT,2026-08-27 11:54:00+00:00,0.0005000000000000001,BE_STOP,7.096253197495845,73.0,7,CHOP
XRPUSDT,2026-08-27 12:31:00+00:00,0.004600000000000001,TP,7.104923931871535,36.0,8,CHOP
SOLUSDT,2026-08-27 12:52:00+00:00,0.0005000000000000001,BE_STOP,7.105867554581236,20.0,8,TREND
SOLUSDT,2026-08-27 13:10:00+00:00,0.0005000000000000001,BE_STOP,7.106811302615829,18.0,8,TREND
BTCUSDT,2026-08-27 13:43:00+00:00,0.0005000000000000001,BE_STOP,7.107755175991957,111.0,8,CHOP
BTCUSDT,2026-08-27 13:52:00+00:00,0.0005000000000000001,BE_STOP,7.108699174726269,42.0,8,CHOP
XRPUSDT,2026-08-27 13:56:00+00:00,0.004600000000000001,TP,7.117385116530387,12.0,8,CHOP
SOLUSDT,2026-08-27 13:57:00+00:00,0.004600000000000001,TP,7.126081671469647,271.0,5,TREND
SOLUSDT,2026-08-27 13:57:00+00:00,0.004600000000000001,TP,7.134788852511973,4.0,8,CHOP
ETHUSDT,2026-08-27 14:07:00+00:00,0.0005000000000000001,BE_STOP,7.135736441656447,8.0,7,CHOP
BTCUSDT,2026-08-27 14:07:00+00:00,0.0005000000000000001,BE_STOP,7.1366841566526045,6.0,8,CHOP
BTCUSDT,2026-08-27 14:09:00+00:00,0.0005000000000000001,BE_STOP,7.137631997517159,13.0,8,CHOP
XRPUSDT,2026-08-27 14:19:00+00:00,0.004600000000000001,TP,7.146353291614125,7.0,8,CHOP
NEARUSDT,2026-08-27 14:20:00+00:00,0.004600000000000001,TP,7.155085242042316,10.0,7,CHOP
SOLUSDT,2026-08-27 14:25:00+00:00,0.0005000000000000001,BE_STOP,7.156035526801024,6.0,8,CHOP
BTCUSDT,2026-08-27 14:35:00+00:00,0.004600000000000001,TP,7.164779307710334,27.0,7,CHOP
BTCUSDT,2026-08-27 14:36:00+00:00,0.004600000000000001,TP,7.173533772426942,15.0,8,CHOP
BTCUSDT,2026-08-27 14:41:00+00:00,0.004600000000000001,TP,7.182298934005126,16.0,8,CHOP
XRPUSDT,2026-08-27 14:42:00+00:00,0.004600000000000001,TP,7.191074805515113,6.0,7,CHOP
BTCUSDT,2026-08-27 15:13:00+00:00,0.004600000000000001,TP,7.199861400043101,34.0,8,CHOP
BTCUSDT,2026-08-27 15:13:00+00:00,0.004600000000000001,TP,7.208658730691278,28.0,8,CHOP
BTCUSDT,2026-08-27 15:22:00+00:00,0.0005000000000000001,BE_STOP,7.209616130678947,352.0,7,TREND
BTCUSDT,2026-08-27 15:22:00+00:00,0.0005000000000000001,BE_STOP,7.210573657821302,350.0,8,TREND
BTCUSDT,2026-08-27 15:22:00+00:00,0.0005000000000000001,BE_STOP,7.211531312135231,39.0,7,CHOP
XRPUSDT,2026-08-27 15:36:00+00:00,0.0005000000000000001,BE_STOP,7.2124890936376245,12.0,6,CHOP
NEARUSDT,2026-08-27 15:38:00+00:00,0.0005000000000000001,BE_STOP,7.213447002345373,5.0,8,CHOP
BTCUSDT,2026-08-27 16:11:00+00:00,0.0005000000000000001,BE_STOP,7.2144050382753715,33.0,8,CHOP
SOLUSDT,2026-08-27 16:21:00+00:00,0.0005000000000000001,BE_STOP,7.215363201444517,68.0,7,TREND
SOLUSDT,2026-08-27 16:21:00+00:00,0.0005000000000000001,BE_STOP,7.216321491869708,53.0,7,TREND
SOLUSDT,2026-08-27 16:22:00+00:00,0.004600000000000001,TP,7.225138934692586,11.0,8,TREND
ETHUSDT,2026-08-27 16:46:00+00:00,0.0005000000000000001,BE_STOP,7.22609852345735,19.0,8,CHOP
BTCUSDT,2026-08-27 17:22:00+00:00,0.0005000000000000001,BE_STOP,7.227058239667496,127.0,8,CHOP
BTCUSDT,2026-08-27 17:42:00+00:00,0.0005000000000000001,BE_STOP,7.228018083339951,77.0,7,CHOP
BTCUSDT,2026-08-27 17:42:00+00:00,0.0005000000000000001,BE_STOP,7.228978054491645,56.0,8,TREND
ETHUSDT,2026-08-27 18:13:00+00:00,0.004600000000000001,TP,7.237810962051976,157.0,8,CHOP
BTCUSDT,2026-08-27 18:13:00+00:00,0.004600000000000001,TP,7.246654662321233,30.0,7,TREND
BTCUSDT,2026-08-27 18:13:00+00:00,0.004600000000000001,TP,7.255509168486756,27.0,8,CHOP
BTCUSDT,2026-08-27 18:27:00+00:00,0.0005000000000000001,BE_STOP,7.256472790798195,13.0,6,CHOP
BTCUSDT,2026-08-28 01:18:00+00:00,-0.0414,MAE_KILL,7.176674266576886,2045.0,8,CHOP
BTCUSDT,2026-08-28 01:30:00+00:00,0.004600000000000001,TP,7.185443265446359,488.0,8,TREND
ETHUSDT,2026-08-28 01:34:00+00:00,0.0005000000000000001,BE_STOP,7.186397582130051,15.0,8,TREND
BTCUSDT,2026-08-28 01:35:00+00:00,0.0005000000000000001,BE_STOP,7.187352025558928,5.0,8,TREND
BTCUSDT,2026-08-28 02:53:00+00:00,0.0005000000000000001,BE_STOP,7.188306595749823,506.0,8,CHOP
ETHUSDT,2026-08-28 04:09:00+00:00,0.004600000000000001,TP,7.197089807871504,591.0,7,CHOP
ETHUSDT,2026-08-28 04:12:00+00:00,0.0005000000000000001,BE_STOP,7.198045671361612,592.0,8,CHOP
BTCUSDT,2026-08-28 04:13:00+00:00,0.0005000000000000001,BE_STOP,7.19900166180234,80.0,8,CHOP
XRPUSDT,2026-08-28 09:35:00+00:00,-0.0414,MAE_KILL,7.119835140402707,1034.0,7,TREND
BTCUSDT,2026-08-28 10:03:00+00:00,0.004600000000000001,TP,7.128534688964886,353.0,8,CHOP
ETHUSDT,2026-08-28 10:12:00+00:00,0.0005000000000000001,BE_STOP,7.129481447478264,36.0,8,CHOP
BTCUSDT,2026-08-28 14:05:00+00:00,0.004600000000000001,TP,7.138192782621902,240.0,8,CHOP
BTCUSDT,2026-08-28 14:05:00+00:00,0.004600000000000001,TP,7.146914761928167,233.0,8,CHOP
ETHUSDT,2026-08-28 14:13:00+00:00,0.004600000000000001,TP,7.155647398402898,6.0,8,CHOP
SOLUSDT,2026-08-28 14:14:00+00:00,0.0005000000000000001,BE_STOP,7.156597757822999,9.0,7,CHOP
SOLUSDT,2026-08-28 14:17:00+00:00,0.0005000000000000001,BE_STOP,7.157548243462709,4.0,8,CHOP
BTCUSDT,2026-08-28 14:18:00+00:00,0.0005000000000000001,BE_STOP,7.158498855338793,2021.0,8,CHOP
NEARUSDT,2026-08-28 14:34:00+00:00,0.004600000000000001,TP,7.16724564612766,14.0,8,CHOP
BTCUSDT,2026-08-28 15:02:00+00:00,0.0005000000000000001,BE_STOP,7.168197545940036,23.0,8,CHOP
BTCUSDT,2026-08-28 15:58:00+00:00,0.004600000000000001,TP,7.176956187316481,100.0,7,TREND
BTCUSDT,2026-08-28 16:01:00+00:00,0.004600000000000001,TP,7.185725530657858,105.0,8,TREND
XRPUSDT,2026-08-28 16:02:00+00:00,0.004600000000000001,TP,7.19450558904063,3.0,8,CHOP
ETHUSDT,2026-08-28 16:03:00+00:00,-0.0414,MAE_KILL,7.115388510391148,1835.0,6,CHOP
BTCUSDT,2026-08-28 16:12:00+00:00,-0.0414,MAE_KILL,7.03714147236594,878.0,8,TREND
BTCUSDT,2026-08-28 16:14:00+00:00,-0.0414,MAE_KILL,6.9597549072370155,878.0,8,TREND
BTCUSDT,2026-08-28 16:16:00+00:00,0.004600000000000001,TP,6.968258857764296,9.0,8,CHOP
BTCUSDT,2026-08-28 16:17:00+00:00,0.004600000000000001,TP,6.976773199056126,14.0,6,CHOP
BTCUSDT,2026-08-28 16:17:00+00:00,0.004600000000000001,TP,6.985297943808722,12.0,7,CHOP
ETHUSDT,2026-08-28 16:23:00+00:00,0.004600000000000001,TP,6.993833104733813,11.0,8,CHOP
SOLUSDT,2026-08-28 16:23:00+00:00,0.004600000000000001,TP,7.00237869455866,8.0,8,CHOP
ETHUSDT,2026-08-28 16:24:00+00:00,0.004600000000000001,TP,7.010934726026073,6.0,6,TREND
BTCUSDT,2026-08-28 16:24:00+00:00,0.004600000000000001,TP,7.019501211894435,4.0,7,TREND
SOLUSDT,2026-08-28 17:01:00+00:00,0.0005000000000000001,BE_STOP,7.02043348939914,28.0,8,CHOP
ETHUSDT,2026-08-28 18:38:00+00:00,0.004614173754520911,TP,7.0290380128239285,127.0,7,TREND
SOLUSDT,2026-08-28 18:46:00+00:00,0.004600000000000001,TP,7.037626618645847,141.0,4,CHOP
BTCUSDT,2026-08-28 18:47:00+00:00,0.004600000000000001,TP,7.046225718670504,106.0,8,TREND
BTCUSDT,2026-08-28 18:52:00+00:00,0.0005000000000000001,BE_STOP,7.047161545523765,143.0,6,TREND
ETHUSDT,2026-08-28 19:00:00+00:00,0.0005000000000000001,BE_STOP,7.0480974966665295,153.0,5,TREND
BTCUSDT,2026-08-29 00:51:00+00:00,0.0005000000000000001,BE_STOP,7.049033572115305,349.0,8,CHOP
BTCUSDT,2026-08-29 04:15:00+00:00,0.0005000000000000001,BE_STOP,7.049969771886602,204.0,8,CHOP
SOLUSDT,2026-08-29 06:32:00+00:00,0.0005000000000000001,BE_STOP,7.05090609599693,137.0,8,CHOP
NEARUSDT,2026-08-29 07:19:00+00:00,0.0005000000000000001,BE_STOP,7.051842544462804,47.0,8,CHOP
BTCUSDT,2026-08-29 09:47:00+00:00,0.0005000000000000001,BE_STOP,7.052779117300741,147.0,8,CHOP
BTCUSDT,2026-08-29 14:47:00+00:00,0.004600000000000001,TP,7.061396731784692,295.0,8,CHOP
SOLUSDT,2026-08-29 15:02:00+00:00,0.0005000000000000001,BE_STOP,7.0623345735381315,15.0,8,TREND
SOLUSDT,2026-08-29 19:16:00+00:00,0.004600000000000001,TP,7.070963863595173,254.0,8,TREND
BTCUSDT,2026-08-30 04:19:00+00:00,-0.02347674655309041,MAX_AGE,7.026869256553007,2880.0,7,CHOP
BTCUSDT,2026-08-30 04:22:00+00:00,-0.02364170319348779,MAX_AGE,6.9827417303838075,2880.0,8,CHOP
BTCUSDT,2026-08-30 12:32:00+00:00,0.004600000000000001,TP,6.99127376793562,1035.0,8,CHOP
SOLUSDT,2026-08-30 12:59:00+00:00,0.004600000000000001,TP,6.999816230570816,26.0,8,CHOP
NEARUSDT,2026-08-30 13:06:00+00:00,0.0005000000000000001,BE_STOP,7.000745893663939,7.0,8,CHOP
SOLUSDT,2026-08-30 13:32:00+00:00,-0.0414,MAE_KILL,6.923759566164553,2560.0,8,CHOP
BTCUSDT,2026-08-30 14:06:00+00:00,0.0005000000000000001,BE_STOP,6.924679127981934,33.0,8,TREND
SOLUSDT,2026-08-30 14:24:00+00:00,0.0005000000000000001,BE_STOP,6.9255988119286185,17.0,8,TREND
BTCUSDT,2026-08-30 15:02:00+00:00,-0.011063720645724865,MAX_AGE,6.90524585662374,2880.0,8,CHOP
ETHUSDT,2026-08-30 15:09:00+00:00,0.004600000000000001,TP,6.913683203904801,123.0,8,CHOP
SOLUSDT,2026-08-30 15:15:00+00:00,0.004600000000000001,TP,6.922130860569572,13.0,8,TREND
SOLUSDT,2026-08-30 17:24:00+00:00,0.004600000000000001,TP,6.93058883921483,127.0,8,TREND
BTCUSDT,2026-08-30 18:39:00+00:00,-0.02334318899585482,MAX_AGE,6.887615483478142,2880.0,8,CHOP
BTCUSDT,2026-08-30 18:46:00+00:00,-0.02309975838884537,MAX_AGE,6.8453539473806195,2880.0,8,CHOP
BTCUSDT,2026-08-30 18:49:00+00:00,-0.024058692366617552,MAX_AGE,6.801608095803575,2880.0,8,CHOP
NEARUSDT,2026-08-30 18:52:00+00:00,-0.0264,MAE_KILL,6.753911819031752,217.0,7,CHOP
NEARUSDT,2026-08-30 18:57:00+00:00,0.004600000000000001,TP,6.762164255035631,4.0,7,CHOP
BTCUSDT,2026-08-30 20:01:00+00:00,0.0005000000000000001,BE_STOP,6.7630623549757525,66.0,8,CHOP
BTCUSDT,2026-08-30 20:43:00+00:00,0.004600000000000001,TP,6.771325971790738,105.0,8,CHOP
NEARUSDT,2026-08-30 20:46:00+00:00,0.0005000000000000001,BE_STOP,6.772225288521366,3.0,8,CHOP
BTCUSDT,2026-08-30 20:51:00+00:00,0.0005000000000000001,BE_STOP,6.773124724692497,387.0,8,TREND
BTCUSDT,2026-08-30 21:01:00+00:00,0.004600000000000001,TP,6.781400636465481,215.0,8,CHOP
XRPUSDT,2026-08-30 21:01:00+00:00,0.004600000000000001,TP,6.789686660368162,15.0,8,CHOP
NEARUSDT,2026-08-30 21:01:00+00:00,0.004600000000000001,TP,6.797982808756299,7.0,8,CHOP
ETHUSDT,2026-08-30 22:32:00+00:00,0.0005000000000000001,BE_STOP,6.798885665848086,90.0,6,CHOP
ETHUSDT,2026-08-30 22:39:00+00:00,0.0005000000000000001,BE_STOP,6.799788642850581,93.0,8,CHOP
XRPUSDT,2026-08-30 22:54:00+00:00,0.0005000000000000001,BE_STOP,6.800691739779709,15.0,8,CHOP
ETHUSDT,2026-08-30 23:17:00+00:00,0.004600000000000001,TP,6.809001334999252,23.0,8,CHOP
BTCUSDT,2026-08-30 23:19:00+00:00,0.0005000000000000001,BE_STOP,6.8099056554890565,47.0,8,CHOP
BTCUSDT,2026-08-30 23:20:00+00:00,0.0005000000000000001,BE_STOP,6.810810096083926,136.0,7,CHOP
ETHUSDT,2026-08-30 23:23:00+00:00,0.004600000000000001,TP,6.819132054670078,1141.0,8,CHOP
BTCUSDT,2026-08-30 23:23:00+00:00,0.004600000000000001,TP,6.827464181649377,5.0,8,CHOP
NEARUSDT,2026-08-30 23:23:00+00:00,0.004600000000000001,TP,6.8358064894463295,3.0,7,CHOP
BTCUSDT,2026-08-30 23:26:00+00:00,0.0005000000000000001,BE_STOP,6.8367143699957085,1147.0,8,CHOP
NEARUSDT,2026-08-30 23:28:00+00:00,0.004600000000000001,TP,6.845067980366546,4.0,5,CHOP
BTCUSDT,2026-08-30 23:30:00+00:00,0.004600000000000001,TP,6.853431797805056,4.0,5,CHOP
ETHUSDT,2026-08-30 23:36:00+00:00,-0.0414,MAE_KILL,6.778065465003569,290.0,8,CHOP
BTCUSDT,2026-08-30 23:37:00+00:00,0.0005000000000000001,BE_STOP,6.778965676823139,4.0,5,TREND
BTCUSDT,2026-08-30 23:41:00+00:00,0.004600000000000001,TP,6.787248725509507,11.0,4,CHOP
ETHUSDT,2026-08-30 23:43:00+00:00,0.0005000000000000001,BE_STOP,6.788150156980863,3.0,5,TREND
BTCUSDT,2026-08-30 23:46:00+00:00,0.004600000000000001,TP,6.796444427953923,10.0,5,TREND
BTCUSDT,2026-08-30 23:47:00+00:00,0.004600000000000001,TP,6.804748833489329,4.0,4,TREND
ETHUSDT,2026-08-31 00:23:00+00:00,0.004600000000000001,TP,6.813063385970248,21.0,8,TREND
BTCUSDT,2026-08-31 00:35:00+00:00,0.004600000000000001,TP,6.82138809779498,35.0,7,TREND
SOLUSDT,2026-08-31 00:36:00+00:00,0.004600000000000001,TP,6.829722981376973,38.0,6,TREND
NEARUSDT,2026-08-31 00:38:00+00:00,-0.0264,MAE_KILL,6.781829548970067,44.0,5,TREND
SOLUSDT,2026-08-31 05:25:00+00:00,0.004600000000000001,TP,6.790116096950214,301.0,8,TREND
BTCUSDT,2026-08-31 07:29:00+00:00,0.0005000000000000001,BE_STOP,6.79101790924434,123.0,8,CHOP
BTCUSDT,2026-08-31 07:31:00+00:00,0.0005000000000000001,BE_STOP,6.791919841310412,414.0,7,CHOP
BTCUSDT,2026-08-31 07:31:00+00:00,0.0005000000000000001,BE_STOP,6.792821893164335,409.0,8,CHOP
BTCUSDT,2026-08-31 08:03:00+00:00,0.0005000000000000001,BE_STOP,6.793724064822021,444.0,7,CHOP
XRPUSDT,2026-08-31 08:03:00+00:00,0.0005000000000000001,BE_STOP,6.794626356299379,31.0,7,CHOP
ETHUSDT,2026-08-31 08:09:00+00:00,0.0005000000000000001,BE_STOP,6.795528767612325,35.0,8,CHOP
SOLUSDT,2026-08-31 08:09:00+00:00,0.0005000000000000001,BE_STOP,6.796431298776773,6.0,7,CHOP
BTCUSDT,2026-08-31 08:44:00+00:00,0.0005000000000000001,BE_STOP,6.797333949808642,75.0,8,CHOP
BTCUSDT,2026-08-31 08:44:00+00:00,0.0005000000000000001,BE_STOP,6.7982367207238505,32.0,8,CHOP
BTCUSDT,2026-08-31 09:08:00+00:00,0.004600000000000001,TP,6.806543316216985,22.0,8,CHOP
BTCUSDT,2026-08-31 09:09:00+00:00,0.004600000000000001,TP,6.814860061331487,25.0,7,CHOP
BTCUSDT,2026-08-31 13:00:00+00:00,0.0005000000000000001,BE_STOP,6.815765159933382,293.0,8,CHOP
SOLUSDT,2026-08-31 13:38:00+00:00,0.0005000000000000001,BE_STOP,6.8166703787436855,329.0,7,CHOP
ETHUSDT,2026-08-31 14:04:00+00:00,0.0005000000000000001,BE_STOP,6.817575717778362,26.0,8,CHOP
ETHUSDT,2026-08-31 14:41:00+00:00,0.004600000000000001,TP,6.825905943108522,99.0,8,CHOP
SOLUSDT,2026-08-31 14:41:00+00:00,0.004600000000000001,TP,6.834246346932757,37.0,8,CHOP
ETHUSDT,2026-08-31 15:47:00+00:00,0.0005000000000000001,BE_STOP,6.835154020275708,64.0,7,CHOP
BTCUSDT,2026-08-31 15:53:00+00:00,0.0005000000000000001,BE_STOP,6.836061814169026,68.0,8,CHOP
SOLUSDT,2026-08-31 16:42:00+00:00,0.0005000000000000001,BE_STOP,6.836969728628721,48.0,8,CHOP
XRPUSDT,2026-08-31 16:49:00+00:00,0.0005000000000000001,BE_STOP,6.837877763670804,7.0,8,CHOP
BTCUSDT,2026-08-31 16:57:00+00:00,0.0005000000000000001,BE_STOP,6.838785919311291,466.0,8,TREND
BTCUSDT,2026-08-31 16:57:00+00:00,0.0005000000000000001,BE_STOP,6.839694195566199,70.0,8,CHOP
BTCUSDT,2026-08-31 17:46:00+00:00,0.0005000000000000001,BE_STOP,6.840602592451548,517.0,7,TREND
BTCUSDT,2026-08-31 18:01:00+00:00,0.0005000000000000001,BE_STOP,6.841511109983357,72.0,8,CHOP
BTCUSDT,2026-08-31 18:01:00+00:00,0.0005000000000000001,BE_STOP,6.842419748177652,64.0,7,CHOP
SOLUSDT,2026-08-31 18:24:00+00:00,0.0005000000000000001,BE_STOP,6.843328507050456,23.0,7,CHOP
NEARUSDT,2026-08-31 18:42:00+00:00,0.0005000000000000001,BE_STOP,6.844237386617799,18.0,8,CHOP
BTCUSDT,2026-08-31 18:53:00+00:00,0.0005000000000000001,BE_STOP,6.845146386895709,1372.0,8,CHOP
BTCUSDT,2026-08-31 18:53:00+00:00,0.0005000000000000001,BE_STOP,6.8460555079002186,66.0,8,TREND
NEARUSDT,2026-08-31 19:49:00+00:00,0.0005000000000000001,BE_STOP,6.846964749647361,56.0,7,CHOP
NEARUSDT,2026-08-31 19:49:00+00:00,0.0005000000000000001,BE_STOP,6.847874112153173,54.0,8,CHOP
NEARUSDT,2026-08-31 20:20:00+00:00,0.004600000000000001,TP,6.85624135833396,29.0,8,CHOP
SOLUSDT,2026-08-31 21:30:00+00:00,0.0005000000000000001,BE_STOP,6.857151952889363,101.0,7,CHOP
NEARUSDT,2026-08-31 22:57:00+00:00,-0.0264,MAE_KILL,6.809066174819726,294.0,8,CHOP
BTCUSDT,2026-08-31 23:19:00+00:00,0.0005000000000000001,BE_STOP,6.809970503921069,379.0,8,CHOP
ETHUSDT,2026-09-01 01:28:00+00:00,0.0005000000000000001,BE_STOP,6.810874953128621,129.0,8,CHOP
BTCUSDT,2026-09-01 01:35:00+00:00,0.0005000000000000001,BE_STOP,6.811779522458333,158.0,8,CHOP
BTCUSDT,2026-09-01 02:24:00+00:00,0.0005000000000000001,BE_STOP,6.812684211926159,56.0,8,CHOP
ETHUSDT,2026-09-01 02:27:00+00:00,0.0005000000000000001,BE_STOP,6.813589021548055,52.0,8,CHOP
NEARUSDT,2026-09-01 03:46:00+00:00,-0.0264,MAE_KILL,6.7658087285344495,82.0,8,CHOP
BTCUSDT,2026-09-01 05:12:00+00:00,0.0005000000000000001,BE_STOP,6.766707312506208,86.0,8,CHOP
BTCUSDT,2026-09-01 06:02:00+00:00,0.0005000000000000001,BE_STOP,6.7676060158211495,511.0,8,CHOP
BTCUSDT,2026-09-01 06:16:00+00:00,0.0005000000000000001,BE_STOP,6.768504838495126,64.0,8,CHOP
BTCUSDT,2026-09-01 08:06:00+00:00,0.004600000000000001,TP,6.776775105344662,110.0,8,CHOP
BTCUSDT,2026-09-01 08:26:00+00:00,0.004600000000000001,TP,6.785055477426504,19.0,8,CHOP
BTCUSDT,2026-09-01 10:31:00+00:00,0.0005000000000000001,BE_STOP,6.7859566176071,482.0,8,CHOP
NEARUSDT,2026-09-01 10:44:00+00:00,0.0005000000000000001,BE_STOP,6.786857877470376,12.0,8,CHOP
BTCUSDT,2026-09-01 12:42:00+00:00,0.0005000000000000001,BE_STOP,6.787759257032227,255.0,8,CHOP
ETHUSDT,2026-09-01 13:06:00+00:00,0.004600000000000001,TP,6.796053050374413,24.0,8,CHOP
BTCUSDT,2026-09-01 13:43:00+00:00,0.0005000000000000001,BE_STOP,6.796955651170165,36.0,8,CHOP
XRPUSDT,2026-09-01 14:01:00+00:00,0.004600000000000001,TP,6.8052606813564385,17.0,8,CHOP
BTCUSDT,2026-09-01 14:12:00+00:00,0.0005000000000000001,BE_STOP,6.806164505040681,10.0,8,CHOP
BTCUSDT,2026-09-01 18:27:00+00:00,0.004600000000000001,TP,6.8144807872952775,2557.0,4,TREND
BTCUSDT,2026-09-01 18:28:00+00:00,0.004600000000000001,TP,6.822807231007253,2560.0,3,TREND
ETHUSDT,2026-09-01 18:37:00+00:00,0.004600000000000001,TP,6.83114384859264,8.0,7,CHOP
BTCUSDT,2026-09-01 18:39:00+00:00,-0.03247300715776268,MAX_AGE,6.772220843709078,2880.0,8,CHOP
SOLUSDT,2026-09-01 18:40:00+00:00,0.0005000000000000001,BE_STOP,6.773120279289882,3.0,8,TREND
BTCUSDT,2026-09-01 18:45:00+00:00,0.004600000000000001,TP,6.781396185631139,14.0,8,CHOP
SOLUSDT,2026-09-01 18:49:00+00:00,0.0005000000000000001,BE_STOP,6.782296839812043,10.0,8,TREND
SOLUSDT,2026-09-01 18:49:00+00:00,0.0005000000000000001,BE_STOP,6.78319761361108,8.0,8,TREND
NEARUSDT,2026-09-01 19:04:00+00:00,0.004600000000000001,TP,6.79148583319521,13.0,7,TREND
BTCUSDT,2026-09-01 19:23:00+00:00,0.004600000000000001,TP,6.799784179947645,29.0,8,TREND
BTCUSDT,2026-09-01 19:29:00+00:00,0.0005000000000000001,BE_STOP,6.8006872762840445,24.0,8,CHOP
BTCUSDT,2026-09-01 23:52:00+00:00,0.0005000000000000001,BE_STOP,6.801590492562926,263.0,8,CHOP
BTCUSDT,2026-09-01 23:54:00+00:00,0.0005000000000000001,BE_STOP,6.802493828800219,270.0,8,CHOP
NEARUSDT,2026-09-02 00:07:00+00:00,0.0005000000000000001,BE_STOP,6.803397285011856,15.0,8,CHOP
BTCUSDT,2026-09-02 01:14:00+00:00,0.0005000000000000001,BE_STOP,6.804300861213772,67.0,8,CHOP
NEARUSDT,2026-09-02 01:25:00+00:00,0.0005000000000000001,BE_STOP,6.805204557421901,11.0,8,CHOP
SOLUSDT,2026-09-02 01:40:00+00:00,0.004600000000000001,TP,6.8135196667405005,10.0,8,CHOP
SOLUSDT,2026-09-02 01:50:00+00:00,0.004600000000000001,TP,6.8218449360832984,10.0,8,CHOP
XRPUSDT,2026-09-02 03:30:00+00:00,0.0005000000000000001,BE_STOP,6.822750962363871,216.0,8,CHOP
ETHUSDT,2026-09-02 09:23:00+00:00,-0.0414,MAE_KILL,6.747722022874626,1641.0,8,CHOP
BTCUSDT,2026-09-02 09:48:00+00:00,0.0005000000000000001,BE_STOP,6.748618204705789,24.0,8,CHOP
SOLUSDT,2026-09-02 09:49:00+00:00,0.0005000000000000001,BE_STOP,6.749514505561101,479.0,8,CHOP
ETHUSDT,2026-09-02 10:32:00+00:00,-0.0414,MAE_KILL,6.6752909382327585,1428.0,8,CHOP
ETHUSDT,2026-09-02 10:33:00+00:00,0.004600000000000001,TP,6.683447309347911,45.0,8,TREND
NEARUSDT,2026-09-02 10:50:00+00:00,0.004600000000000001,TP,6.69161364652902,18.0,8,CHOP
BTCUSDT,2026-09-02 10:54:00+00:00,0.0005000000000000001,BE_STOP,6.692502376466449,968.0,8,TREND
BTCUSDT,2026-09-02 10:54:00+00:00,0.0005000000000000001,BE_STOP,6.693391224438323,19.0,8,TREND
SOLUSDT,2026-09-02 11:28:00+00:00,0.0005000000000000001,BE_STOP,6.694280190460319,37.0,8,TREND
SOLUSDT,2026-09-02 11:33:00+00:00,0.0005000000000000001,BE_STOP,6.695169274548114,39.0,7,TREND
NEARUSDT,2026-09-02 11:39:00+00:00,0.004600000000000001,TP,6.703349934505452,108.0,8,CHOP
SOLUSDT,2026-09-02 12:31:00+00:00,0.0005000000000000001,BE_STOP,6.704240223168628,52.0,8,TREND
BTCUSDT,2026-09-02 12:46:00+00:00,0.0005000000000000001,BE_STOP,6.705130630073267,71.0,8,TREND
BTCUSDT,2026-09-02 12:50:00+00:00,0.0005000000000000001,BE_STOP,6.7060211552350735,110.0,8,TREND
XRPUSDT,2026-09-02 13:01:00+00:00,0.0005000000000000001,BE_STOP,6.706911798669753,11.0,8,TREND
BTCUSDT,2026-09-02 13:45:00+00:00,0.004600000000000001,TP,6.715106806523752,74.0,8,CHOP
BTCUSDT,2026-09-02 18:43:00+00:00,-0.02447668000176955,MAX_AGE,6.67144774639599,2880.0,8,CHOP
BTCUSDT,2026-09-02 20:21:00+00:00,-0.022951751403995073,MAX_AGE,6.6307748718169215,2880.0,8,CHOP
BTCUSDT,2026-09-02 23:09:00+00:00,0.0005000000000000001,BE_STOP,6.631655521604585,266.0,8,CHOP
XRPUSDT,2026-09-03 01:26:00+00:00,0.004600000000000001,TP,6.639758575695045,302.0,8,CHOP
BTCUSDT,2026-09-03 01:47:00+00:00,0.0005000000000000001,BE_STOP,6.64064041863088,157.0,8,CHOP
BTCUSDT,2026-09-03 02:34:00+00:00,0.004600000000000001,TP,6.648754451142394,769.0,8,CHOP
BTCUSDT,2026-09-03 02:34:00+00:00,0.004600000000000001,TP,6.656878397987383,67.0,8,CHOP
BTCUSDT,2026-09-03 03:05:00+00:00,0.0005000000000000001,BE_STOP,6.657762514649616,1415.0,8,CHOP
BTCUSDT,2026-09-03 05:23:00+00:00,0.004600000000000001,TP,6.665897468222203,138.0,8,CHOP
BTCUSDT,2026-09-03 05:31:00+00:00,0.0005000000000000001,BE_STOP,6.666782782729701,223.0,8,CHOP
BTCUSDT,2026-09-03 07:16:00+00:00,0.0005000000000000001,BE_STOP,6.667668214818032,281.0,7,CHOP
BTCUSDT,2026-09-03 07:31:00+00:00,0.0005000000000000001,BE_STOP,6.668553764502812,294.0,8,CHOP
NEARUSDT,2026-09-03 07:40:00+00:00,0.0005000000000000001,BE_STOP,6.669439431799661,24.0,8,CHOP
BTCUSDT,2026-09-03 08:02:00+00:00,0.0005000000000000001,BE_STOP,6.670325216724196,31.0,8,CHOP
XRPUSDT,2026-09-03 08:10:00+00:00,0.0005000000000000001,BE_STOP,6.671211119292042,29.0,8,CHOP
ETHUSDT,2026-09-03 09:45:00+00:00,0.0005000000000000001,BE_STOP,6.672097139518822,103.0,8,CHOP
NEARUSDT,2026-09-03 09:48:00+00:00,0.004600000000000001,TP,6.680249608211171,1.0,8,CHOP
NEARUSDT,2026-09-03 12:17:00+00:00,0.0005000000000000001,BE_STOP,6.681136828862261,247.0,8,CHOP
NEARUSDT,2026-09-03 12:32:00+00:00,-0.0264,MAE_KILL,6.6342853568498645,163.0,8,CHOP
SOLUSDT,2026-09-03 12:54:00+00:00,-0.0414,MAE_KILL,6.561328950066256,1526.0,8,TREND
BTCUSDT,2026-09-03 12:55:00+00:00,0.004600000000000001,TP,6.569346073877118,2803.0,8,CHOP
XRPUSDT,2026-09-03 12:56:00+00:00,0.004600000000000001,TP,6.577372993611136,24.0,8,CHOP
ETHUSDT,2026-09-03 13:35:00+00:00,0.0005000000000000001,BE_STOP,6.5782465509618495,37.0,7,CHOP
ETHUSDT,2026-09-03 13:48:00+00:00,0.0005000000000000001,BE_STOP,6.579120224331899,13.0,8,CHOP
BTCUSDT,2026-09-03 13:54:00+00:00,0.0005000000000000001,BE_STOP,6.579994013736693,58.0,6,CHOP
BTCUSDT,2026-09-03 14:16:00+00:00,0.004600000000000001,TP,6.588033943922227,76.0,8,CHOP
BTCUSDT,2026-09-03 14:23:00+00:00,0.004600000000000001,TP,6.596083697897456,35.0,8,TREND
BTCUSDT,2026-09-03 14:30:00+00:00,-0.0414,MAE_KILL,6.523547389982141,1529.0,8,CHOP
BTCUSDT,2026-09-03 14:32:00+00:00,-0.0414,MAE_KILL,6.451808754777931,1546.0,8,CHOP
NEARUSDT,2026-09-03 14:32:00+00:00,0.004600000000000001,TP,6.459692058600174,15.0,8,CHOP
NEARUSDT,2026-09-03 14:32:00+00:00,0.004600000000000001,TP,6.467584994834276,9.0,8,CHOP
BTCUSDT,2026-09-03 14:48:00+00:00,-0.0414,MAE_KILL,6.3964617710942075,557.0,8,CHOP
BTCUSDT,2026-09-03 14:48:00+00:00,0.004600000000000001,TP,6.404277447820763,15.0,5,TREND
ETHUSDT,2026-09-03 14:48:00+00:00,0.004600000000000001,TP,6.412102674327318,13.0,6,TREND
BTCUSDT,2026-09-03 14:48:00+00:00,0.004600000000000001,TP,6.419937462282512,10.0,7,TREND
BTCUSDT,2026-09-03 14:48:00+00:00,0.004600000000000001,TP,6.427781823369238,8.0,8,TREND
BTCUSDT,2026-09-03 14:49:00+00:00,-0.0414,MAE_KILL,6.357096310130374,565.0,8,CHOP
SOLUSDT,2026-09-03 14:59:00+00:00,-0.0414,MAE_KILL,6.287188116644909,160.0,8,CHOP
ETHUSDT,2026-09-03 15:00:00+00:00,0.004600000000000001,TP,6.294870274624935,8.0,4,TREND
ETHUSDT,2026-09-03 15:00:00+00:00,0.004600000000000001,TP,6.302561819241742,5.0,5,TREND
SOLUSDT,2026-09-03 15:01:00+00:00,-0.0414,MAE_KILL,6.2332533347357675,67.0,8,CHOP
BTCUSDT,2026-09-03 15:01:00+00:00,0.004600000000000001,TP,6.240869591154147,11.0,3,TREND
BTCUSDT,2026-09-03 15:01:00+00:00,0.004600000000000001,TP,6.248495153685838,4.0,6,TREND
NEARUSDT,2026-09-03 15:04:00+00:00,0.004600000000000001,TP,6.256130033701748,4.0,4,TREND
BTCUSDT,2026-09-03 15:45:00+00:00,0.0005000000000000001,BE_STOP,6.256960925971849,21.0,8,TREND
BTCUSDT,2026-09-03 15:46:00+00:00,0.0005000000000000001,BE_STOP,6.25779192859483,40.0,2,TREND
BTCUSDT,2026-09-03 15:47:00+00:00,0.0005000000000000001,BE_STOP,6.258623041585346,39.0,3,TREND
SOLUSDT,2026-09-03 15:50:00+00:00,0.0005000000000000001,BE_STOP,6.259454264958056,29.0,7,TREND
SOLUSDT,2026-09-03 15:50:00+00:00,0.0005000000000000001,BE_STOP,6.260285598727621,5.0,8,TREND
BTCUSDT,2026-09-03 15:51:00+00:00,0.004600000000000001,TP,6.267934885193566,41.0,4,TREND
BTCUSDT,2026-09-03 15:51:00+00:00,0.004600000000000001,TP,6.275593518131411,37.0,5,TREND
ETHUSDT,2026-09-03 15:52:00+00:00,0.004600000000000001,TP,6.2832615089613775,49.0,2,TREND
BTCUSDT,2026-09-03 15:52:00+00:00,0.004600000000000001,TP,6.290938869117639,33.0,6,TREND
NEARUSDT,2026-09-03 15:52:00+00:00,0.004600000000000001,TP,6.298625610048342,5.0,7,TREND
BTCUSDT,2026-09-03 16:33:00+00:00,0.0005000000000000001,BE_STOP,6.299462146262177,26.0,8,TREND
XRPUSDT,2026-09-03 18:08:00+00:00,0.0005000000000000001,BE_STOP,6.300298793578477,129.0,5,TREND
BTCUSDT,2026-09-03 18:26:00+00:00,0.0005000000000000001,BE_STOP,6.301135552011999,111.0,8,TREND
SOLUSDT,2026-09-03 19:04:00+00:00,0.004600000000000001,TP,6.308834752014613,187.0,4,TREND
BTCUSDT,2026-09-03 19:05:00+00:00,0.004600000000000001,TP,6.3165433594772304,190.0,3,TREND
SOLUSDT,2026-09-03 19:05:00+00:00,0.004600000000000001,TP,6.324261385894591,57.0,8,TREND
BTCUSDT,2026-09-03 19:06:00+00:00,0.0005000000000000001,BE_STOP,6.325101326859905,193.0,2,TREND
BTCUSDT,2026-09-03 19:06:00+00:00,0.0005000000000000001,BE_STOP,6.325941379379878,185.0,6,TREND
NEARUSDT,2026-09-03 19:19:00+00:00,0.0005000000000000001,BE_STOP,6.326781543469327,6.0,6,TREND
XRPUSDT,2026-09-03 19:48:00+00:00,0.0005000000000000001,BE_STOP,6.327621819143069,37.0,5,TREND
BTCUSDT,2026-09-03 19:52:00+00:00,0.004600000000000001,TP,6.335353382053333,46.0,4,TREND
NEARUSDT,2026-09-03 20:02:00+00:00,0.0005000000000000001,BE_STOP,6.336194796174387,10.0,8,CHOP
ETHUSDT,2026-09-03 20:39:00+00:00,0.0005000000000000001,BE_STOP,6.337036322045753,82.0,8,TREND
ETHUSDT,2026-09-03 20:39:00+00:00,0.0005000000000000001,BE_STOP,6.337877959682275,37.0,8,CHOP
BTCUSDT,2026-09-03 21:32:00+00:00,0.004600000000000001,TP,6.345622054314261,51.0,8,CHOP
BTCUSDT,2026-09-03 21:34:00+00:00,0.004600000000000001,TP,6.3533756112618756,132.0,8,TREND
BTCUSDT,2026-09-03 21:34:00+00:00,0.004600000000000001,TP,6.361138642086885,55.0,7,CHOP
NEARUSDT,2026-09-03 21:36:00+00:00,0.0005000000000000001,BE_STOP,6.361983480812787,3.0,8,CHOP
XRPUSDT,2026-09-03 22:04:00+00:00,0.0005000000000000001,BE_STOP,6.362828431743832,169.0,7,TREND
XRPUSDT,2026-09-03 22:05:00+00:00,0.0005000000000000001,BE_STOP,6.363673494894923,137.0,8,CHOP
SOLUSDT,2026-09-03 22:16:00+00:00,0.0005000000000000001,BE_STOP,6.3645186702809635,36.0,8,CHOP
SOLUSDT,2026-09-03 22:32:00+00:00,0.004600000000000001,TP,6.372295316531212,246.0,8,CHOP
BTCUSDT,2026-09-03 22:32:00+00:00,0.004600000000000001,TP,6.380081464871099,28.0,8,CHOP
ETHUSDT,2026-09-03 22:32:00+00:00,0.004600000000000001,TP,6.387877126910988,24.0,8,CHOP
BTCUSDT,2026-09-03 23:18:00+00:00,0.0005000000000000001,BE_STOP,6.388725516841905,62.0,8,CHOP
NEARUSDT,2026-09-04 00:32:00+00:00,0.0005000000000000001,BE_STOP,6.3895740194496105,114.0,8,CHOP
ETHUSDT,2026-09-04 00:36:00+00:00,0.004600000000000001,TP,6.397381280204625,78.0,8,CHOP
XRPUSDT,2026-09-04 01:06:00+00:00,0.0005000000000000001,BE_STOP,6.398230932405902,542.0,7,TREND
XRPUSDT,2026-09-04 01:34:00+00:00,0.004600000000000001,TP,6.406048770826435,28.0,8,CHOP
BTCUSDT,2026-09-04 01:51:00+00:00,0.0005000000000000001,BE_STOP,6.40689957417881,197.0,6,CHOP
BTCUSDT,2026-09-04 01:58:00+00:00,0.0005000000000000001,BE_STOP,6.407750490528506,202.0,7,CHOP
BTCUSDT,2026-09-04 04:38:00+00:00,0.0005000000000000001,BE_STOP,6.408601519890529,160.0,8,CHOP
BTCUSDT,2026-09-04 04:44:00+00:00,0.0005000000000000001,BE_STOP,6.4094526622798895,173.0,8,CHOP
BTCUSDT,2026-09-04 06:39:00+00:00,0.0005000000000000001,BE_STOP,6.410303917711598,304.0,8,CHOP
BTCUSDT,2026-09-04 07:08:00+00:00,0.0005000000000000001,BE_STOP,6.411155286200669,144.0,8,CHOP
BTCUSDT,2026-09-04 08:06:00+00:00,0.0005000000000000001,BE_STOP,6.412006767762118,87.0,8,CHOP
ETHUSDT,2026-09-04 08:46:00+00:00,0.004600000000000001,TP,6.419841438531477,248.0,8,CHOP
BTCUSDT,2026-09-04 09:24:00+00:00,0.0005000000000000001,BE_STOP,6.420694073722531,136.0,8,CHOP
SOLUSDT,2026-09-04 10:32:00+00:00,0.0005000000000000001,BE_STOP,6.421546822154197,67.0,8,CHOP
BTCUSDT,2026-09-04 12:02:00+00:00,0.0005000000000000001,BE_STOP,6.4223996838415145,195.0,8,CHOP
ETHUSDT,2026-09-04 12:30:00+00:00,0.004600000000000001,TP,6.430247053455208,1241.0,8,TREND
SOLUSDT,2026-09-04 12:30:00+00:00,0.004600000000000001,TP,6.438104011573648,264.0,8,CHOP
NEARUSDT,2026-09-04 12:30:00+00:00,0.004600000000000001,TP,6.445970569912789,118.0,8,CHOP
BTCUSDT,2026-09-04 12:30:00+00:00,0.004600000000000001,TP,6.4538467402029,28.0,8,CHOP
ETHUSDT,2026-09-04 12:39:00+00:00,0.0005000000000000001,BE_STOP,6.454703891723083,6.0,5,CHOP
SOLUSDT,2026-09-04 12:40:00+00:00,0.0005000000000000001,BE_STOP,6.455561157083703,5.0,6,CHOP
BTCUSDT,2026-09-04 12:45:00+00:00,0.004600000000000001,TP,6.463449045872514,6.0,7,CHOP
BTCUSDT,2026-09-04 12:45:00+00:00,0.004600000000000001,TP,6.471346572675438,4.0,7,CHOP
ETHUSDT,2026-09-04 12:49:00+00:00,0.0005000000000000001,BE_STOP,6.472206048392121,12.0,7,CHOP
ETHUSDT,2026-09-04 12:58:00+00:00,0.0005000000000000001,BE_STOP,6.473065638257923,7.0,7,TREND
BTCUSDT,2026-09-04 13:17:00+00:00,0.0005000000000000001,BE_STOP,6.473925342288004,28.0,6,CHOP
BTCUSDT,2026-09-04 13:21:00+00:00,0.0005000000000000001,BE_STOP,6.474785160497526,23.0,8,CHOP
BTCUSDT,2026-09-04 13:35:00+00:00,0.004600000000000001,TP,6.482696538615508,42.0,8,CHOP
BTCUSDT,2026-09-04 13:38:00+00:00,0.0005000000000000001,BE_STOP,6.483557521749543,51.0,6,CHOP
SOLUSDT,2026-09-04 13:38:00+00:00,0.0005000000000000001,BE_STOP,6.4844186192329,21.0,8,CHOP
SOLUSDT,2026-09-04 13:47:00+00:00,0.004600000000000001,TP,6.492341768233275,7.0,7,CHOP
ETHUSDT,2026-09-04 13:53:00+00:00,0.0005000000000000001,BE_STOP,6.4932040323743685,31.0,8,CHOP
SOLUSDT,2026-09-04 13:54:00+00:00,0.0005000000000000001,BE_STOP,6.494066411034918,16.0,6,CHOP
SOLUSDT,2026-09-04 13:54:00+00:00,0.0005000000000000001,BE_STOP,6.494928904230133,12.0,8,CHOP
SOLUSDT,2026-09-04 14:19:00+00:00,0.004600000000000001,TP,6.502864895484989,19.0,8,CHOP
NEARUSDT,2026-09-04 14:20:00+00:00,-0.0264,MAE_KILL,6.457263555405401,22.0,7,CHOP
BTCUSDT,2026-09-04 14:23:00+00:00,0.0005000000000000001,BE_STOP,6.458121160721353,28.0,6,CHOP
SOLUSDT,2026-09-04 14:43:00+00:00,0.004600000000000001,TP,6.466012177514608,18.0,8,TREND
ETHUSDT,2026-09-04 14:45:00+00:00,0.0005000000000000001,BE_STOP,6.466870944756934,25.0,7,TREND
BTCUSDT,2026-09-04 14:47:00+00:00,0.004600000000000001,TP,6.474772652692558,25.0,8,TREND
BTCUSDT,2026-09-04 14:56:00+00:00,0.0005000000000000001,BE_STOP,6.475632583435494,12.0,8,TREND
BTCUSDT,2026-09-05 16:55:00+00:00,0.004600000000000001,TP,6.483544996998378,1627.0,8,CHOP
ETHUSDT,2026-09-05 17:01:00+00:00,0.0005000000000000001,BE_STOP,6.484406092818292,6.0,8,CHOP
ETHUSDT,2026-09-05 17:28:00+00:00,0.0005000000000000001,BE_STOP,6.485267303002494,27.0,8,TREND
BTCUSDT,2026-09-05 21:35:00+00:00,-0.026779390191178844,MAX_AGE,6.439135809858425,2880.0,7,TREND
BTCUSDT,2026-09-05 21:37:00+00:00,-0.025362935239409332,MAX_AGE,6.395755160839138,2880.0,7,TREND
BTCUSDT,2026-09-05 21:50:00+00:00,0.0005000000000000001,BE_STOP,6.396604597071437,261.0,8,TREND
BTCUSDT,2026-09-06 00:32:00+00:00,-0.01817047451323531,MAX_AGE,6.365731178420818,2880.0,8,CHOP
BTCUSDT,2026-09-06 00:36:00+00:00,-0.018995123907763596,MAX_AGE,6.333612373851138,2880.0,8,CHOP
SOLUSDT,2026-09-06 01:21:00+00:00,0.0005000000000000001,BE_STOP,6.33445355674454,45.0,8,CHOP
SOLUSDT,2026-09-06 02:40:00+00:00,-0.0414,MAE_KILL,6.264794362787715,2148.0,8,TREND
NEARUSDT,2026-09-06 02:48:00+00:00,0.0005000000000000001,BE_STOP,6.265626405789022,8.0,8,CHOP
BTCUSDT,2026-09-06 04:05:00+00:00,0.0005000000000000001,BE_STOP,6.266458559296041,390.0,8,CHOP
BTCUSDT,2026-09-06 04:07:00+00:00,0.0005000000000000001,BE_STOP,6.267290823323447,390.0,8,CHOP
ETHUSDT,2026-09-06 04:28:00+00:00,0.0005000000000000001,BE_STOP,6.268123197885919,21.0,8,TREND
BTCUSDT,2026-09-06 06:54:00+00:00,0.0005000000000000001,BE_STOP,6.268955682998138,332.0,8,CHOP
ETHUSDT,2026-09-06 07:13:00+00:00,0.004600000000000001,TP,6.276615563223301,265.0,8,CHOP
BTCUSDT,2026-09-06 07:15:00+00:00,0.0005000000000000001,BE_STOP,6.277449176227792,21.0,8,CHOP
BTCUSDT,2026-09-06 07:17:00+00:00,0.0005000000000000001,BE_STOP,6.27828289994651,169.0,8,CHOP
BTCUSDT,2026-09-06 07:23:00+00:00,0.0005000000000000001,BE_STOP,6.279116734394159,198.0,8,CHOP
SOLUSDT,2026-09-06 07:42:00+00:00,0.0005000000000000001,BE_STOP,6.279950679585445,24.0,8,CHOP
ETHUSDT,2026-09-06 13:37:00+00:00,0.0005000000000000001,BE_STOP,6.280784735535077,381.0,8,CHOP
NEARUSDT,2026-09-06 13:39:00+00:00,0.004600000000000001,TP,6.2884590693838085,2.0,8,CHOP
BTCUSDT,2026-09-06 14:32:00+00:00,0.004600000000000001,TP,6.296142780309212,438.0,8,CHOP
BTCUSDT,2026-09-06 14:32:00+00:00,0.004600000000000001,TP,6.303835879768902,52.0,8,CHOP
BTCUSDT,2026-09-06 14:50:00+00:00,-0.011981560859515428,MAX_AGE,6.283773278439035,2880.0,7,TREND
BTCUSDT,2026-09-06 14:56:00+00:00,-0.009570530850120286,MAX_AGE,6.267798844340913,2880.0,8,TREND
NEARUSDT,2026-09-06 15:01:00+00:00,0.0064074763664283135,TP,6.278466549659646,29.0,7,CHOP
BTCUSDT,2026-09-06 19:36:00+00:00,0.0005000000000000001,BE_STOP,6.279300408498272,285.0,8,CHOP
SOLUSDT,2026-09-06 22:18:00+00:00,0.004600000000000001,TP,6.286972928684905,162.0,8,CHOP
BTCUSDT,2026-09-06 23:03:00+00:00,0.004600000000000001,TP,6.294654823732142,940.0,8,CHOP
BTCUSDT,2026-09-06 23:38:00+00:00,0.004600000000000001,TP,6.302346105094889,1548.0,8,CHOP
BTCUSDT,2026-09-06 23:38:00+00:00,0.004600000000000001,TP,6.310046784242052,1385.0,8,CHOP
BTCUSDT,2026-09-06 23:56:00+00:00,0.0005000000000000001,BE_STOP,6.310884837330583,52.0,8,CHOP
NEARUSDT,2026-09-07 00:07:00+00:00,0.0005000000000000001,BE_STOP,6.311723001723041,29.0,7,CHOP
XRPUSDT,2026-09-07 01:29:00+00:00,0.0005000000000000001,BE_STOP,6.312561277434207,190.0,8,CHOP
ETHUSDT,2026-09-07 01:44:00+00:00,0.004600000000000001,TP,6.320274438245071,107.0,8,CHOP
ETHUSDT,2026-09-07 01:44:00+00:00,0.004600000000000001,TP,6.3279970235743015,97.0,8,CHOP
SOLUSDT,2026-09-07 04:01:00+00:00,0.0005000000000000001,BE_STOP,6.3288374606789946,1219.0,8,CHOP
BTCUSDT,2026-09-07 04:21:00+00:00,0.0005000000000000001,BE_STOP,6.32967800940424,157.0,7,CHOP
ETHUSDT,2026-09-07 05:04:00+00:00,0.0005000000000000001,BE_STOP,6.3305186697648645,215.0,8,CHOP
BTCUSDT,2026-09-07 05:05:00+00:00,0.0005000000000000001,BE_STOP,6.331359441775692,198.0,8,CHOP
ETHUSDT,2026-09-07 05:25:00+00:00,0.004600000000000001,TP,6.339095571593612,64.0,8,CHOP
ETHUSDT,2026-09-07 05:51:00+00:00,0.0005000000000000001,BE_STOP,6.339937482724214,43.0,8,CHOP
BTCUSDT,2026-09-07 07:31:00+00:00,0.0005000000000000001,BE_STOP,6.340779505671138,210.0,8,CHOP
BTCUSDT,2026-09-07 07:33:00+00:00,0.004600000000000001,TP,6.34852714562963,101.0,8,CHOP
BTCUSDT,2026-09-07 07:40:00+00:00,0.004600000000000001,TP,6.356284252235696,1003.0,8,CHOP
BTCUSDT,2026-09-07 07:41:00+00:00,0.004600000000000001,TP,6.364050837056396,1027.0,8,TREND
BTCUSDT,2026-09-07 07:41:00+00:00,0.004600000000000001,TP,6.371826911672924,999.0,8,TREND
BTCUSDT,2026-09-07 07:41:00+00:00,0.004600000000000001,TP,6.379612487680624,10.0,8,CHOP
ETHUSDT,2026-09-07 07:43:00+00:00,0.0005000000000000001,BE_STOP,6.380459779964144,9.0,8,CHOP
SOLUSDT,2026-09-07 14:35:00+00:00,0.0005000000000000001,BE_STOP,6.38130718477867,404.0,8,TREND
SOLUSDT,2026-09-07 14:50:00+00:00,0.0005000000000000001,BE_STOP,6.3821547021391485,421.0,7,TREND
BTCUSDT,2026-09-07 14:52:00+00:00,0.0005000000000000001,BE_STOP,6.383002332060526,430.0,5,CHOP
BTCUSDT,2026-09-07 14:53:00+00:00,0.0005000000000000001,BE_STOP,6.383850074557753,429.0,5,CHOP
BTCUSDT,2026-09-07 14:53:00+00:00,0.0005000000000000001,BE_STOP,6.38469792964578,426.0,6,TREND
BTCUSDT,2026-09-07 15:19:00+00:00,0.0005000000000000001,BE_STOP,6.3855458973395605,44.0,8,CHOP
NEARUSDT,2026-09-07 15:28:00+00:00,0.004600000000000001,TP,6.393348236232872,9.0,8,CHOP
SOLUSDT,2026-09-07 15:33:00+00:00,0.004600000000000001,TP,6.401160108609019,5.0,8,CHOP
XRPUSDT,2026-09-07 15:40:00+00:00,0.004600000000000001,TP,6.408981526116725,7.0,8,CHOP
NEARUSDT,2026-09-07 15:43:00+00:00,-0.0264,MAE_KILL,6.364038543164832,47.0,7,CHOP
NEARUSDT,2026-09-07 15:49:00+00:00,0.0005000000000000001,BE_STOP,6.364883767033846,9.0,8,CHOP
SOLUSDT,2026-09-07 15:59:00+00:00,0.0005000000000000001,BE_STOP,6.365729103159155,10.0,8,CHOP
ETHUSDT,2026-09-07 18:31:00+00:00,0.0005000000000000001,BE_STOP,6.366574551555668,221.0,8,CHOP
NEARUSDT,2026-09-07 22:36:00+00:00,0.004600000000000001,TP,6.37435370983585,397.0,8,CHOP
NEARUSDT,2026-09-07 22:40:00+00:00,0.004600000000000001,TP,6.382142373275055,2.0,8,CHOP
BTCUSDT,2026-09-07 23:03:00+00:00,0.0005000000000000001,BE_STOP,6.382990001559006,272.0,8,CHOP
NEARUSDT,2026-09-07 23:08:00+00:00,0.004600000000000001,TP,6.3907892174671606,5.0,8,CHOP
BTCUSDT,2026-09-08 01:34:00+00:00,0.0005000000000000001,BE_STOP,6.391637994160106,636.0,8,CHOP
BTCUSDT,2026-09-08 02:30:00+00:00,0.0005000000000000001,BE_STOP,6.3924868835812045,201.0,8,CHOP
NEARUSDT,2026-09-08 02:47:00+00:00,0.004600000000000001,TP,6.40029770349208,17.0,8,CHOP
NEARUSDT,2026-09-08 02:59:00+00:00,-0.0264,MAE_KILL,6.355415615846342,85.0,8,CHOP
BTCUSDT,2026-09-08 05:00:00+00:00,0.004600000000000001,TP,6.363181139301954,133.0,8,CHOP
BTCUSDT,2026-09-08 05:19:00+00:00,0.0005000000000000001,BE_STOP,6.364026249297018,139.0,8,CHOP
ETHUSDT,2026-09-08 06:09:00+00:00,0.0005000000000000001,BE_STOP,6.364871471533252,449.0,8,CHOP
ETHUSDT,2026-09-08 06:22:00+00:00,0.004600000000000001,TP,6.372648548862531,82.0,8,CHOP
XRPUSDT,2026-09-08 06:24:00+00:00,0.0005000000000000001,BE_STOP,6.373494916247927,14.0,8,CHOP
BTCUSDT,2026-09-08 06:53:00+00:00,0.004600000000000001,TP,6.3812825303487175,910.0,8,CHOP
BTCUSDT,2026-09-08 07:54:00+00:00,0.0005000000000000001,BE_STOP,6.3821300444347795,90.0,8,TREND
BTCUSDT,2026-09-08 07:56:00+00:00,0.0005000000000000001,BE_STOP,6.3829776710813055,94.0,8,TREND
NEARUSDT,2026-09-08 08:48:00+00:00,0.0005000000000000001,BE_STOP,6.3838254103032455,52.0,8,CHOP
SOLUSDT,2026-09-08 09:41:00+00:00,0.004600000000000001,TP,6.391625646976459,53.0,8,CHOP
XRPUSDT,2026-09-08 10:20:00+00:00,0.004600000000000001,TP,6.399435414563858,301.0,8,CHOP
BTCUSDT,2026-09-08 10:27:00+00:00,0.0005000000000000001,BE_STOP,6.400285339579855,45.0,8,CHOP
ETHUSDT,2026-09-08 13:39:00+00:00,0.004600000000000001,TP,6.408105688229154,405.0,8,TREND
BTCUSDT,2026-09-08 13:39:00+00:00,0.004600000000000001,TP,6.415935592366958,345.0,8,TREND
XRPUSDT,2026-09-08 16:01:00+00:00,-0.0414,MAE_KILL,6.345380350649648,140.0,7,CHOP
SOLUSDT,2026-09-08 16:40:00+00:00,0.004600000000000001,TP,6.353133612265597,39.0,8,CHOP
BTCUSDT,2026-09-08 23:40:00+00:00,-0.02501888066177688,MAX_AGE,6.310912972289798,2880.0,8,CHOP
NEARUSDT,2026-09-09 00:03:00+00:00,0.004600000000000001,TP,6.318624119077814,23.0,8,CHOP
ETHUSDT,2026-09-09 01:17:00+00:00,0.0005000000000000001,BE_STOP,6.319463311343629,73.0,8,CHOP
ETHUSDT,2026-09-09 05:01:00+00:00,0.0005000000000000001,BE_STOP,6.320302615064667,741.0,8,CHOP
BTCUSDT,2026-09-09 05:06:00+00:00,-0.00892220273183316,MAX_AGE,6.305323750042973,2880.0,7,CHOP
BTCUSDT,2026-09-09 05:14:00+00:00,0.004600000000000001,TP,6.313028067500056,1127.0,8,CHOP
BTCUSDT,2026-09-09 05:26:00+00:00,-0.010257318249583444,MAX_AGE,6.295827590216973,2880.0,8,CHOP
SOLUSDT,2026-09-09 05:27:00+00:00,0.0005000000000000001,BE_STOP,6.296663754818798,26.0,8,CHOP
BTCUSDT,2026-09-09 05:31:00+00:00,0.0005000000000000001,BE_STOP,6.297500030473735,1150.0,8,CHOP
XRPUSDT,2026-09-09 05:46:00+00:00,0.004600000000000001,TP,6.30519478832347,20.0,8,CHOP
ETHUSDT,2026-09-09 06:15:00+00:00,0.0005000000000000001,BE_STOP,6.306032197006294,69.0,8,CHOP
NEARUSDT,2026-09-09 06:19:00+00:00,0.004600000000000001,TP,6.3137373800970105,51.0,8,CHOP
XRPUSDT,2026-09-09 06:33:00+00:00,0.0005000000000000001,BE_STOP,6.3145759233428045,78.0,8,CHOP
SOLUSDT,2026-09-09 07:14:00+00:00,0.0005000000000000001,BE_STOP,6.315414577957624,2420.0,6,CHOP
BTCUSDT,2026-09-09 07:33:00+00:00,0.0005000000000000001,BE_STOP,6.316253343956259,78.0,8,CHOP
BTCUSDT,2026-09-09 08:28:00+00:00,0.004600000000000001,TP,6.323971016010905,128.0,8,CHOP
BTCUSDT,2026-09-09 08:36:00+00:00,0.004600000000000001,TP,6.331698118096092,82.0,8,CHOP
ETHUSDT,2026-09-09 08:44:00+00:00,0.0005000000000000001,BE_STOP,6.332539046752402,71.0,8,CHOP
XRPUSDT,2026-09-09 08:59:00+00:00,0.0005000000000000001,BE_STOP,6.3333800870945485,31.0,8,TREND
SOLUSDT,2026-09-09 09:35:00+00:00,0.004600000000000001,TP,6.341118685888467,51.0,8,TREND
ETHUSDT,2026-09-09 10:52:00+00:00,0.004600000000000001,TP,6.348866740282786,259.0,8,CHOP
BTCUSDT,2026-09-09 10:53:00+00:00,0.004600000000000001,TP,6.356624261831069,77.0,8,CHOP
NEARUSDT,2026-09-09 11:02:00+00:00,0.0005000000000000001,BE_STOP,6.357468500990843,10.0,8,TREND
SOLUSDT,2026-09-09 11:09:00+00:00,0.0005000000000000001,BE_STOP,6.358312852276131,15.0,8,CHOP
BTCUSDT,2026-09-09 11:11:00+00:00,0.0005000000000000001,BE_STOP,6.3591573157018235,339.0,8,CHOP
NEARUSDT,2026-09-09 11:16:00+00:00,0.004600000000000001,TP,6.366927411046946,5.0,8,TREND
BTCUSDT,2026-09-09 15:02:00+00:00,0.0005000000000000001,BE_STOP,6.367773018593725,554.0,8,CHOP
BTCUSDT,2026-09-09 15:02:00+00:00,0.0005000000000000001,BE_STOP,6.368618738447757,233.0,8,CHOP
BTCUSDT,2026-09-09 15:08:00+00:00,0.0005000000000000001,BE_STOP,6.369464570623957,828.0,8,CHOP
XRPUSDT,2026-09-09 15:08:00+00:00,0.0005000000000000001,BE_STOP,6.370310515137243,232.0,8,TREND
BTCUSDT,2026-09-09 15:11:00+00:00,0.004600000000000001,TP,6.378094238297926,8.0,7,CHOP
NEARUSDT,2026-09-09 15:11:00+00:00,0.00718138911236263,TP,6.390260813311194,6.0,8,TREND
BTCUSDT,2026-09-09 15:16:00+00:00,0.0005000000000000001,BE_STOP,6.391109519825462,8.0,7,CHOP
SOLUSDT,2026-09-09 15:22:00+00:00,0.004600000000000001,TP,6.3989186567699985,8.0,7,CHOP
BTCUSDT,2026-09-09 15:22:00+00:00,0.004600000000000001,TP,6.406737335503739,6.0,7,CHOP
BTCUSDT,2026-09-09 15:24:00+00:00,0.004600000000000001,TP,6.414565567685558,5.0,8,CHOP
BTCUSDT,2026-09-09 15:28:00+00:00,0.0005000000000000001,BE_STOP,6.415417502175016,16.0,6,CHOP
ETHUSDT,2026-09-09 15:31:00+00:00,0.0005000000000000001,BE_STOP,6.416269549812023,268.0,8,CHOP
XRPUSDT,2026-09-09 19:50:00+00:00,0.004600000000000001,TP,6.424109429168199,258.0,8,CHOP
BTCUSDT,2026-09-09 20:01:00+00:00,0.0005000000000000001,BE_STOP,6.42496263120176,272.0,8,CHOP
ETHUSDT,2026-09-09 20:29:00+00:00,0.004600000000000001,TP,6.432813132416759,306.0,7,CHOP
BTCUSDT,2026-09-09 20:30:00+00:00,0.0005000000000000001,BE_STOP,6.433667490410907,305.0,7,CHOP
BTCUSDT,2026-09-09 20:31:00+00:00,0.0005000000000000001,BE_STOP,6.434521961874477,304.0,8,CHOP
BTCUSDT,2026-09-09 20:31:00+00:00,0.0005000000000000001,BE_STOP,6.435376546822538,40.0,8,CHOP
BTCUSDT,2026-09-09 20:31:00+00:00,0.0005000000000000001,BE_STOP,6.436231245270163,30.0,8,CHOP
BTCUSDT,2026-09-09 23:04:00+00:00,0.0005000000000000001,BE_STOP,6.437086057232425,154.0,7,CHOP
BTCUSDT,2026-09-10 00:17:00+00:00,0.0005000000000000001,BE_STOP,6.437940982724401,70.0,8,TREND
XRPUSDT,2026-09-10 01:04:00+00:00,0.0005000000000000001,BE_STOP,6.438796021761169,47.0,8,TREND
ETHUSDT,2026-09-10 01:12:00+00:00,0.0005000000000000001,BE_STOP,6.439651174357809,271.0,8,CHOP
ETHUSDT,2026-09-10 01:13:00+00:00,0.0005000000000000001,BE_STOP,6.440506440529403,279.0,5,CHOP
BTCUSDT,2026-09-10 01:42:00+00:00,0.0005000000000000001,BE_STOP,6.441361820291036,23.0,8,CHOP
NEARUSDT,2026-09-10 01:46:00+00:00,0.0005000000000000001,BE_STOP,6.4422173136577925,4.0,8,CHOP
BTCUSDT,2026-09-10 03:07:00+00:00,0.0005000000000000001,BE_STOP,6.443072920644762,391.0,6,CHOP
BTCUSDT,2026-09-10 03:07:00+00:00,0.0005000000000000001,BE_STOP,6.443928641267035,388.0,7,CHOP
NEARUSDT,2026-09-10 03:25:00+00:00,0.0005000000000000001,BE_STOP,6.444784475539703,18.0,7,CHOP
ETHUSDT,2026-09-10 06:04:00+00:00,0.0005000000000000001,BE_STOP,6.445640423477861,175.0,8,CHOP
BTCUSDT,2026-09-10 06:47:00+00:00,0.0005000000000000001,BE_STOP,6.446496485096604,41.0,8,CHOP
ETHUSDT,2026-09-10 07:46:00+00:00,0.0005000000000000001,BE_STOP,6.44735266041103,261.0,8,TREND
NEARUSDT,2026-09-10 09:40:00+00:00,0.004969230404420052,TP,6.455862855329129,114.0,8,CHOP
NEARUSDT,2026-09-10 09:42:00+00:00,0.004600000000000001,TP,6.463751112755484,2.0,8,TREND
BTCUSDT,2026-09-10 11:13:00+00:00,0.0005000000000000001,BE_STOP,6.464609579700147,90.0,8,CHOP
ETHUSDT,2026-09-10 12:30:00+00:00,0.004600000000000001,TP,6.472508524530342,644.0,8,CHOP
ETHUSDT,2026-09-10 12:30:00+00:00,0.004600000000000001,TP,6.480417120883752,77.0,8,CHOP
NEARUSDT,2026-09-10 12:33:00+00:00,0.0005000000000000001,BE_STOP,6.481277801282619,2.0,7,CHOP
BTCUSDT,2026-09-10 12:38:00+00:00,0.004600000000000001,TP,6.489197112596061,2815.0,8,CHOP
BTCUSDT,2026-09-10 12:46:00+00:00,0.004600000000000001,TP,6.497126100318014,11.0,7,CHOP
BTCUSDT,2026-09-10 12:47:00+00:00,0.004600000000000001,TP,6.50506477627184,8.0,8,CHOP
NEARUSDT,2026-09-10 12:53:00+00:00,0.0005000000000000001,BE_STOP,6.5059287301874384,16.0,8,CHOP
SOLUSDT,2026-09-10 12:57:00+00:00,0.0005000000000000001,BE_STOP,6.5067927988469165,2.0,8,TREND
BTCUSDT,2026-09-10 12:58:00+00:00,0.0005000000000000001,BE_STOP,6.507656982265513,11.0,7,TREND
BTCUSDT,2026-09-10 13:01:00+00:00,0.0005000000000000001,BE_STOP,6.50852128045847,12.0,8,TREND
BTCUSDT,2026-09-10 13:22:00+00:00,0.0005000000000000001,BE_STOP,6.509385693441031,21.0,8,TREND
SOLUSDT,2026-09-10 13:51:00+00:00,0.0005000000000000001,BE_STOP,6.510250221228441,27.0,8,TREND
ETHUSDT,2026-09-10 14:02:00+00:00,0.004600000000000001,TP,6.518204933217504,11.0,8,TREND
BTCUSDT,2026-09-10 17:38:00+00:00,0.0005000000000000001,BE_STOP,6.519070632310197,216.0,8,CHOP
XRPUSDT,2026-09-10 23:08:00+00:00,-0.0414,MAE_KILL,6.447381227450511,1324.0,8,CHOP
BTCUSDT,2026-09-10 23:14:00+00:00,-0.0414,MAE_KILL,6.376480182014891,2318.0,8,TREND
BTCUSDT,2026-09-10 23:14:00+00:00,-0.0414,MAE_KILL,6.306358826513296,2295.0,8,TREND
BTCUSDT,2026-09-10 23:17:00+00:00,0.0005000000000000001,BE_STOP,6.307196389794942,8.0,8,CHOP
BTCUSDT,2026-09-10 23:37:00+00:00,0.0005000000000000001,BE_STOP,6.3080340643154615,640.0,8,TREND
BTCUSDT,2026-09-10 23:37:00+00:00,0.0005000000000000001,BE_STOP,6.308871850089628,638.0,8,TREND
BTCUSDT,2026-09-11 01:15:00+00:00,0.0005000000000000001,BE_STOP,6.309709747132218,98.0,7,CHOP
BTCUSDT,2026-09-11 01:22:00+00:00,0.0005000000000000001,BE_STOP,6.310547755458009,103.0,8,CHOP
NEARUSDT,2026-09-11 01:25:00+00:00,0.0005000000000000001,BE_STOP,6.31138587508178,3.0,8,CHOP
ETHUSDT,2026-09-11 01:36:00+00:00,0.0005000000000000001,BE_STOP,6.312224106018314,11.0,8,CHOP
SOLUSDT,2026-09-11 04:27:00+00:00,0.004600000000000001,TP,6.319936854847854,192.0,8,CHOP
BTCUSDT,2026-09-11 06:24:00+00:00,0.0005000000000000001,BE_STOP,6.320776221461388,116.0,8,CHOP
SOLUSDT,2026-09-11 11:18:00+00:00,0.0005000000000000001,BE_STOP,6.321615699553301,579.0,8,CHOP
ETHUSDT,2026-09-11 12:09:00+00:00,0.004600000000000001,TP,6.3293399237361925,345.0,8,CHOP
BTCUSDT,2026-09-11 12:30:00+00:00,0.004600000000000001,TP,6.337073585955507,795.0,7,CHOP
BTCUSDT,2026-09-11 12:30:00+00:00,0.004600000000000001,TP,6.3448166977433464,793.0,7,CHOP
BTCUSDT,2026-09-11 12:30:00+00:00,0.004600000000000001,TP,6.352569270645901,791.0,8,CHOP
ETHUSDT,2026-09-11 12:30:00+00:00,0.004600000000000001,TP,6.360331316223471,72.0,8,CHOP
SOLUSDT,2026-09-11 12:30:00+00:00,0.004600000000000001,TP,6.368102846050481,21.0,8,CHOP
NEARUSDT,2026-09-11 12:38:00+00:00,0.012570588235294068,TP,6.389366339459872,3.0,5,CHOP
BTCUSDT,2026-09-11 12:41:00+00:00,0.0005000000000000001,BE_STOP,6.390214927176831,1143.0,8,CHOP
BTCUSDT,2026-09-11 12:41:00+00:00,0.0005000000000000001,BE_STOP,6.391063627596846,3.0,5,TREND
BTCUSDT,2026-09-11 12:50:00+00:00,0.005731735937207759,TP,6.400793973131405,10.0,6,TREND
BTCUSDT,2026-09-11 12:50:00+00:00,0.004600000000000001,TP,6.408614943267325,6.0,6,TREND
BTCUSDT,2026-09-11 12:52:00+00:00,0.0005000000000000001,BE_STOP,6.409466087439477,4.0,8,CHOP
NEARUSDT,2026-09-11 13:05:00+00:00,0.017174297753599084,TP,6.438705577181099,23.0,5,CHOP
NEARUSDT,2026-09-11 13:05:00+00:00,0.01196598981073065,TP,6.459170784222104,19.0,7,CHOP
NEARUSDT,2026-09-11 13:17:00+00:00,0.007338329339833125,TP,6.471761282380017,9.0,8,CHOP
NEARUSDT,2026-09-11 13:31:00+00:00,0.0005000000000000001,BE_STOP,6.472620813175333,14.0,8,TREND
XRPUSDT,2026-09-11 13:38:00+00:00,0.0005000000000000001,BE_STOP,6.473480458127083,5.0,8,CHOP
ETHUSDT,2026-09-11 13:43:00+00:00,0.004600000000000001,TP,6.481390242061857,37.0,7,CHOP
ETHUSDT,2026-09-11 13:48:00+00:00,-0.0414,MAE_KILL,6.410115203743683,77.0,4,CHOP
XRPUSDT,2026-09-11 13:48:00+00:00,0.004600000000000001,TP,6.417947563258257,55.0,7,CHOP
BTCUSDT,2026-09-11 13:49:00+00:00,0.004600000000000001,TP,6.425789492937112,58.0,7,CHOP
BTCUSDT,2026-09-11 13:49:00+00:00,0.004600000000000001,TP,6.433641004473794,53.0,8,CHOP
BTCUSDT,2026-09-11 13:49:00+00:00,0.004600000000000001,TP,6.441502109576136,6.0,8,CHOP
BTCUSDT,2026-09-11 13:53:00+00:00,0.004600000000000001,TP,6.449372819966274,2201.0,8,CHOP
BTCUSDT,2026-09-11 13:58:00+00:00,0.004600000000000001,TP,6.45725314738067,1870.0,8,CHOP
BTCUSDT,2026-09-11 13:58:00+00:00,0.004600000000000001,TP,6.465143103570125,8.0,4,CHOP
BTCUSDT,2026-09-11 13:59:00+00:00,0.004600000000000001,TP,6.4730427002998,6.0,4,CHOP
BTCUSDT,2026-09-11 13:59:00+00:00,0.004600000000000001,TP,6.480951949349228,3.0,5,CHOP
NEARUSDT,2026-09-11 14:03:00+00:00,0.0062032702237521465,TP,6.491630896790359,4.0,2,TREND
NEARUSDT,2026-09-11 14:28:00+00:00,-0.0264,MAE_KILL,6.446108335126617,11.0,8,CHOP
NEARUSDT,2026-09-11 14:29:00+00:00,-0.0264,MAE_KILL,6.400905000426541,17.0,6,TREND
NEARUSDT,2026-09-11 14:33:00+00:00,0.007908933607582823,TP,6.414352088793821,3.0,8,CHOP
ETHUSDT,2026-09-11 14:36:00+00:00,0.0005000000000000001,BE_STOP,6.415203994930614,26.0,5,TREND
NEARUSDT,2026-09-11 15:27:00+00:00,0.008546585516375412,TP,6.429767706216714,51.0,8,TREND
NEARUSDT,2026-09-11 15:52:00+00:00,-0.0264,MAE_KILL,6.384678960176869,79.0,8,TREND
BTCUSDT,2026-09-11 18:04:00+00:00,0.004600000000000001,TP,6.392480239781334,128.0,8,CHOP
BTCUSDT,2026-09-11 18:05:00+00:00,0.004600000000000001,TP,6.4002910515743165,267.0,8,CHOP
BTCUSDT,2026-09-11 18:07:00+00:00,0.0005000000000000001,BE_STOP,6.401141090229603,3.0,8,CHOP
ETHUSDT,2026-09-11 21:56:00+00:00,-0.0414,MAE_KILL,6.3307485418029845,448.0,8,TREND
ETHUSDT,2026-09-11 22:00:00+00:00,-0.0414,MAE_KILL,6.261130091432345,392.0,8,TREND
NEARUSDT,2026-09-11 22:02:00+00:00,0.0005000000000000001,BE_STOP,6.261961647772613,5.0,8,CHOP
BTCUSDT,2026-09-13 08:51:00+00:00,0.0005000000000000001,BE_STOP,6.262793314553957,2090.0,8,TREND
BTCUSDT,2026-09-13 09:24:00+00:00,0.004600000000000001,TP,6.270445665135178,2356.0,8,CHOP
ETHUSDT,2026-09-13 09:24:00+00:00,0.004600000000000001,TP,6.278107365932264,33.0,8,TREND
BTCUSDT,2026-09-13 09:25:00+00:00,0.004600000000000001,TP,6.285778428370012,2359.0,8,CHOP
BTCUSDT,2026-09-13 09:25:00+00:00,0.004600000000000001,TP,6.293458863887176,2122.0,8,TREND
ETHUSDT,2026-09-13 09:36:00+00:00,0.0005000000000000001,BE_STOP,6.294294713892536,11.0,5,TREND
ETHUSDT,2026-09-13 09:40:00+00:00,0.0005000000000000001,BE_STOP,6.295130674909225,4.0,8,TREND
ETHUSDT,2026-09-13 10:46:00+00:00,0.0005000000000000001,BE_STOP,6.295966746951986,66.0,8,TREND
ETHUSDT,2026-09-13 11:01:00+00:00,0.0005000000000000001,BE_STOP,6.2968029300355655,15.0,8,TREND
BTCUSDT,2026-09-13 11:03:00+00:00,0.0005000000000000001,BE_STOP,6.297639224174711,96.0,6,TREND
ETHUSDT,2026-09-13 11:03:00+00:00,0.0005000000000000001,BE_STOP,6.298475629384171,91.0,8,TREND
ETHUSDT,2026-09-13 13:34:00+00:00,0.0005000000000000001,BE_STOP,6.299312145678699,153.0,8,TREND
BTCUSDT,2026-09-13 14:03:00+00:00,-0.0338316496026799,MAX_AGE,6.242703175971533,2880.0,2,TREND
BTCUSDT,2026-09-13 14:05:00+00:00,-0.03310570972428572,MAX_AGE,6.187806691173782,2880.0,3,TREND
BTCUSDT,2026-09-13 14:07:00+00:00,-0.028566178582045652,MAX_AGE,6.140854287322044,2880.0,4,TREND
SOLUSDT,2026-09-13 14:09:00+00:00,0.004600000000000001,TP,6.148357643654365,184.0,8,TREND
BTCUSDT,2026-09-13 14:14:00+00:00,-0.02724931754714294,MAX_AGE,6.103855216357009,2880.0,7,TREND
NEARUSDT,2026-09-13 14:24:00+00:00,0.0005000000000000001,BE_STOP,6.104665884627932,16.0,8,CHOP
NEARUSDT,2026-09-13 14:31:00+00:00,0.0005000000000000001,BE_STOP,6.105476660565733,25.0,8,CHOP
ETHUSDT,2026-09-13 15:03:00+00:00,0.0005000000000000001,BE_STOP,6.106287544184714,53.0,8,CHOP
SOLUSDT,2026-09-13 16:15:00+00:00,0.0005000000000000001,BE_STOP,6.107098535499176,103.0,8,TREND
BTCUSDT,2026-09-13 16:41:00+00:00,0.004600000000000001,TP,6.114560646522239,158.0,8,CHOP
NEARUSDT,2026-09-13 17:19:00+00:00,-0.0264,MAE_KILL,6.071682289988503,38.0,8,CHOP
BTCUSDT,2026-09-13 21:51:00+00:00,0.0005000000000000001,BE_STOP,6.072488685292641,336.0,8,CHOP
BTCUSDT,2026-09-13 22:01:00+00:00,0.0005000000000000001,BE_STOP,6.073295187696156,464.0,8,CHOP
BTCUSDT,2026-09-13 22:01:00+00:00,0.0005000000000000001,BE_STOP,6.074101797213272,457.0,8,CHOP
ETHUSDT,2026-09-13 22:03:00+00:00,0.004600000000000001,TP,6.081523590346742,12.0,8,CHOP
ETHUSDT,2026-09-13 22:06:00+00:00,0.004600000000000001,TP,6.088954451983696,5.0,7,CHOP
NEARUSDT,2026-09-13 22:06:00+00:00,0.004600000000000001,TP,6.096394393204713,3.0,7,CHOP
BTCUSDT,2026-09-13 22:07:00+00:00,0.0005000000000000001,BE_STOP,6.097204070585061,423.0,8,CHOP
NEARUSDT,2026-09-13 22:27:00+00:00,0.004600000000000001,TP,6.104654091808807,10.0,8,CHOP
SOLUSDT,2026-09-13 22:29:00+00:00,0.0005000000000000001,BE_STOP,6.105464866180375,780.0,7,TREND
BTCUSDT,2026-09-13 22:34:00+00:00,0.0005000000000000001,BE_STOP,6.106275748232914,25.0,6,CHOP
BTCUSDT,2026-09-13 22:34:00+00:00,0.0005000000000000001,BE_STOP,6.107086737980726,21.0,7,CHOP
ETHUSDT,2026-09-13 22:46:00+00:00,0.0005000000000000001,BE_STOP,6.107897835438114,12.0,7,TREND
ETHUSDT,2026-09-13 22:46:00+00:00,0.0005000000000000001,BE_STOP,6.108709040619383,9.0,8,TREND
BTCUSDT,2026-09-14 00:07:00+00:00,0.0005000000000000001,BE_STOP,6.10952035353884,120.0,5,CHOP
NEARUSDT,2026-09-14 00:28:00+00:00,0.004600000000000001,TP,6.11698542372082,118.0,8,CHOP
BTCUSDT,2026-09-14 00:31:00+00:00,0.0005000000000000001,BE_STOP,6.117797835847408,808.0,7,TREND
BTCUSDT,2026-09-14 00:32:00+00:00,0.0005000000000000001,BE_STOP,6.118610355872481,124.0,8,TREND
BTCUSDT,2026-09-14 00:32:00+00:00,0.0005000000000000001,BE_STOP,6.11942298381037,104.0,8,TREND
SOLUSDT,2026-09-14 01:13:00+00:00,0.0005000000000000001,BE_STOP,6.120235719675407,39.0,7,CHOP
ETHUSDT,2026-09-14 01:13:00+00:00,0.0005000000000000001,BE_STOP,6.121048563481927,37.0,8,CHOP
ETHUSDT,2026-09-14 01:37:00+00:00,0.0005000000000000001,BE_STOP,6.121861515244264,23.0,7,CHOP
SOLUSDT,2026-09-14 02:11:00+00:00,0.004600000000000001,TP,6.129341664783203,205.0,7,CHOP
BTCUSDT,2026-09-14 02:25:00+00:00,0.004600000000000001,TP,6.136830954129859,137.0,8,TREND
BTCUSDT,2026-09-14 02:39:00+00:00,0.0005000000000000001,BE_STOP,6.137646001990954,560.0,8,TREND
BTCUSDT,2026-09-14 02:41:00+00:00,0.0005000000000000001,BE_STOP,6.1384611581005935,29.0,8,CHOP
XRPUSDT,2026-09-14 02:54:00+00:00,0.004600000000000001,TP,6.145961590328147,29.0,8,CHOP
BTCUSDT,2026-09-14 02:57:00+00:00,0.0005000000000000001,BE_STOP,6.146777850851862,14.0,8,CHOP
NEARUSDT,2026-09-14 03:08:00+00:00,0.004600000000000001,TP,6.154288445038371,14.0,8,CHOP
BTCUSDT,2026-09-14 03:34:00+00:00,0.0005000000000000001,BE_STOP,6.1551058114724775,37.0,8,CHOP
XRPUSDT,2026-09-14 03:39:00+00:00,0.0005000000000000001,BE_STOP,6.1559232864630635,5.0,8,TREND
NEARUSDT,2026-09-14 06:04:00+00:00,-0.0264,MAE_KILL,6.1127548744167415,145.0,8,TREND
XRPUSDT,2026-09-14 07:03:00+00:00,-0.0414,MAE_KILL,6.04553367315714,1049.0,8,TREND
BTCUSDT,2026-09-14 08:26:00+00:00,0.0005000000000000001,BE_STOP,6.046336595598105,140.0,8,TREND
NEARUSDT,2026-09-14 08:58:00+00:00,0.0005000000000000001,BE_STOP,6.047139624677208,32.0,8,CHOP
BTCUSDT,2026-09-14 09:52:00+00:00,0.004600000000000001,TP,6.05452847340611,402.0,8,CHOP
SOLUSDT,2026-09-14 09:52:00+00:00,0.004600000000000001,TP,6.061926350384553,169.0,8,TREND
ETHUSDT,2026-09-14 11:25:00+00:00,0.0005000000000000001,BE_STOP,6.062731449977964,147.0,8,CHOP
BTCUSDT,2026-09-14 12:05:00+00:00,-0.018949872457322332,EOD,6.032214328239817,0.0,8,CHOP
BTCUSDT,2026-09-14 12:05:00+00:00,-0.016319803609196392,EOD,6.006064993805244,0.0,8,TREND
BTCUSDT,2026-09-14 12:05:00+00:00,-0.01637807243598872,EOD,5.979936055556735,0.0,8,TREND
BTCUSDT,2026-09-14 12:05:00+00:00,-0.015268143154689752,EOD,5.955683823747575,0.0,8,CHOP
ETHUSDT,2026-09-14 12:05:00+00:00,-0.004995137167079995,EOD,5.947781624066365,0.0,7,CHOP
ETHUSDT,2026-09-14 12:05:00+00:00,-0.00909066523265738,EOD,5.933419468479447,0.0,7,CHOP
BTCUSDT,2026-09-14 12:05:00+00:00,-0.007588754455673163,EOD,5.9214591016311715,0.0,8,CHOP
BTCUSDT,2026-09-14 12:05:00+00:00,-0.00198715982953089,EOD,5.918333522628007,0.0,8,CHOP
